:10000000083301202940020059F80300154002007E
:100010001540020015400200154002001540020084
:100020000000000000000000000000000D41020080
:1000300015400200000000001543020015400200B8
:10004000B1430200B1430200B1430200B1430200D8
:10005000B1430200B1430200B1430200B1430200C8
:10006000B1430200B1430200B1430200B1430200B8
:10007000B1430200B1430200B1430200B1430200A8
:10008000B1430200B1430200B1430200B143020098
:10009000B1430200B1430200B1430200B143020088
:1000A000B1430200B1430200B1430200B143020078
:1000B000B1430200B1430200B1430200B143020068
:1000C000B1430200B1430200B1430200B143020058
:1000D000B1430200B1430200B1430200B143020048
:1000E000B1430200B1430200B1430200B143020038
:1000F000B1430200B1430200B1430200B143020028
:10010000B1430200B1430200B1430200B143020017
:10011000B1430200B1430200B1430200B143020007
:10012000B1430200B1430200B1430200B1430200F7
:10013000B1430200B1430200B1430200B1430200E7
:10014000B1430200B1430200B1430200B1430200D7
:10015000B1430200B1430200B1430200B1430200C7
:10016000B1430200B1430200B1430200B1430200B7
:10017000B1430200B1430200B1430200B1430200A7
:10018000B1430200B1430200B1430200B143020097
:10019000B1430200B1430200B1430200B143020087
:1001A000B1430200B1430200B1430200B143020077
:1001B000B1430200B1430200B1430200B143020067
:1001C000B1430200B1430200B1430200B143020057
:1001D000B1430200B1430200B1430200B143020047
:1001E000B1430200B1430200B1430200B143020037
:1001F000B1430200B1430200B1430200B143020027
:10020000B1430200B1430200B1430200B143020016
:10021000B1430200B1430200B1430200B143020006
:10022000B1430200B1430200B1430200B1430200F6
:10023000B1430200B1430200B1430200B1430200E6
:10024000B1430200B1430200B1430200B1430200D6
:10025000B1430200FD460400B1430200B143020075
:10026000B1430200B143020029470400B143020038
:10027000B1430200B1430200B1430200B1430200A6
:10028000B1430200B1430200B1430200B143020096
:10029000B1430200B1430200B1430200B143020086
:1002A000B1430200B1430200B1430200B143020076
:1002B000B1430200B1430200B1430200B143020066
:1002C000B1430200B1430200B1430200B143020056
:1002D000B1430200B1430200B1430200B143020046
:1002E000B1430200B1430200B1430200B143020036
:1002F000B1430200B1430200B1430200B143020026
:10030000B1430200B1430200B1430200B143020015
:10031000B1430200B1430200B1430200B143020005
:10032000B1430200B1430200B1430200B1430200F5
:10033000B1430200B1430200B1430200B1430200E5
:10034000B1430200B1430200B1430200B1430200D5
:10035000B1430200B1430200B1430200B1430200C5
:10036000B1430200B1430200B1430200B1430200B5
:10037000B1430200B1430200B1430200B1430200A5
:10038000B1430200B1430200B1430200B143020095
:10039000B1430200B1430200B1430200B143020085
:1003A000B1430200B1430200B1430200B143020075
:1003B000B1430200B1430200B1430200B143020065
:1003C000B1430200B1430200B1430200B143020055
:1003D000B143020013470400B1430200B1430200DD
:1003E000B1430200B1430200B1430200B143020035
:1003F000B1430200B1430200B1430200B143020025
:10040000B1430200B1430200B1430200B143020014
:10041000B1430200B1430200B1430200B143020004
:10042000B1430200B1430200B1430200B1430200F4
:10043000B1430200B1430200B1430200B1430200E4
:10044000B1430200B1430200B1430200B1430200D4
:10045000B1430200B1430200B1430200B1430200C4
:10046000B1430200B1430200B1430200B1430200B4
:0C047000B1430200B1430200B14302009E
:10048000064A074B02604FF44472DB7882800822F0
:10049000C371002382710372704700BF0DBB01005E
:1004A000000B0020064A074B02604FF4B072DB7A63
:1004B00082800822C371FF2382710372704700BFDC
:1004C000F5B30100000B0020084B094A1B7892F895
:1004D00028201B020749C27103F52E730160838037
:1004E00008238371FF230372704700BF2C0C002088
:1004F000000B002007660100074A9378D278134466
:10050000064A02604FF4BA72C371FF23828004224C
:1005100003728271704700BF000B00201D6601004E
:10052000064A9378D2781344002282600260044A1B
:100530004260C371FF230372704700BF000B0020AD
:1005400070000800094991F829308A7803EB4303C9
:10055000C978DB000A4400211033C27181608380B6
:10056000042301608371FF2303727047000B002096
:1005700008B502F013F904F031FA05490D2000F036
:1005800089FC04490E20BDE8084000F083BC00BF90
:10059000C9040000F90400002DE9F341C41D00283E
:1005A000064624F007040CBF0020204600F084FC1F
:1005B000071E04DA6FF00B0002B0BDE8F081374D82
:1005C000E988A88803316B7A03302A7A89B280B22D
:1005D00015F022FB0028EDDB3C44A978EB78002ED7
:1005E00004F10304194424F0030400FB01F10CBFDF
:1005F0000020204600F00EFE20440EB90028D9DB72
:10060000EA7A0446B2B1EB7B697C13441944FF29B2
:10061000D0D80330002EAA89C9B220F003040CBF41
:100620000020204600F068FE0028C3DB04440EB919
:10063000002CBFDB012000F035FCB0B1A97BA1B1DB
:1006400095F82A3033B340234FF481720734002EDB
:1006500024F007040CBF0020204601F0C1FE002852
:10066000A8DB04440EB9002CA4DBAB7AFBB1EB7A17
:10067000B3B10734002EA97A24F007040CBF002080
:10068000204606F06BFA002894DB04447EB9002C67
:100690000DDA8FE725232822D8E700BF000B0020C2
:1006A000012000F0FFFB10B1AB7B002BE1D1734BBD
:1006B0001B6893B1A97D81B10334002EEA7D24F03B
:1006C00003040CBF0020204698470028FFF672AFB5
:1006D000044416B9002CFFF66DAF694B1B688BB153
:1006E000297C79B10334002E24F003040CBF0020D0
:1006F000204698470028FFF65DAF044416B9002C49
:10070000FFF658AF5F4B1F68B7B1697CA1B10334E6
:10071000002E2B7D24F0030408BF0020009318BF97
:100720002046EB7CAA7CB8470028FFF643AF044480
:1007300016B9002CFFF63EAF072000F0B3FB98B1CE
:10074000A97D89B10334002E2A7E24F003040CBF56
:100750000020204600F0BEFE0028FFF62BAF044428
:1007600016B9002CFFF626AFB6FA86F795F82300E7
:100770007F09A0B103346B7FA97E24F007041944DC
:100780003B4644F00404C9B2224600F0E3FE0028D0
:10079000FFF610AF044416B9002CFFF60BAF95F826
:1007A000241000294CD004F10708002EEA8C28F010
:1007B00007080CBF0020404615F042FA041EFFF661
:1007C000F9AE4444002E3ED1002CFFF6F3AEA97FD3
:1007D000002945D095F82230002B41D02A8C0734CF
:1007E000002E02F1240224F007080CBF002040462E
:1007F00092B215F025FA0028FFF6DCAE404416B997
:100800000028FFF6D7AE03302B7FA97E20F007002B
:1008100019443B4640F0040495F82200C9B2224630
:1008200000F08AFE0028FFF6C5AE044486B9002C0D
:10083000FFF6C0AEEB6AF3B1C6B1EC620020BBE6D6
:10084000002EC4D08846E98C40460CF093FDBEE7EC
:100850002A8C4046A97F083292B20CF091FDE9E75C
:10086000002EE7D0002211461046F6E728343FF567
:10087000A1AE2046A0E6002EE0D1FAE75C180020E9
:1008800060180020641800201FB572B6194B1C6B4D
:10089000ECB9BFF34F8F1849184BCA6802F4E062F5
:1008A0001343CB60BFF34F8F00BFFDE7B2FBF6F2FF
:1008B0002B465D1C002AF9D1DBB203F110056D4413
:1008C00005F80C2C0A2233B901A8A047E1E702463B
:1008D00000230A26EDE7013BDBB203F110050DEB27
:1008E0000506B0FBF2F502FB1500303006F80C0CE3
:1008F0002846E8E7000B002000ED00E00400FA05C0
:1009000013B5124C68462389ADF80030E388ADF882
:100910000430A388ADF8023003F0E8FB18B1FB21E6
:100920009C20FFF7B1FF207D03F010FC08B1FE21F1
:10093000F6E7E07C03F004FC08B1FF21F0E794F84F
:1009400029000AF077FB02B010BD00BF000B0020A9
:1009500070B50546002855D014F076F918B94FF057
:10096000FF34204670BD12F051FEB0F5FA7FF6D884
:10097000264C012625630025284684F8345025702E
:1009800084F82A50E5620BF083FF1A22294604F10D
:100990000F001CF0E1F91B2308210322A380284645
:1009A000E3800223A1721F216372E375F723227291
:1009B0002384FB23A2734922E3840A23A1812946CD
:1009C000E27484F82930A670E670E672A674267682
:1009D00001F026FF2A463146304601F0F3FE044678
:1009E00020B140F2B6319C20FFF74EFF014601F0E6
:1009F00005FFEFF3108572B600F0D2FD002DB0D1E7
:100A000062B6AEE76FF01504ABE700BF000B002045
:100A100038B51446002840F0EE80784D95F8343013
:100A2000032B00F0E58019B312B96FF0150038BD43
:100A30000139172900F2DF80DFE811F018002900E2
:100A40002C0042006C0075009400480078007B0088
:100A50008E004E005400620067009A009D00AC00BA
:100A6000AF00B200A300B500B900D2001378AB709C
:100A70000020FFF791FD0028B7BF012302236FF08C
:100A80000B0085F83430A8BF85F83430CFE71378F1
:100A9000EB70EDE71379002BC7D05379002BC4D04E
:100AA0001288FB2AC1D863881B3B9BB2E02BBCD8C1
:100AB0001A2ABAD92368A2886B60514B9A80D7E76B
:100AC0001378EA7B9342B0D3EB72D1E71378EA7ADA
:100AD0009342AAD8EB73CBE71378EA7A9342A4D86F
:100AE0006B74C5E71378002B9FD05378013BDBB2C2
:100AF000F82B9AD8138892786B82424B9A70B7E79A
:100B0000107868750AF0E6F8B2E71378002B8CD0FD
:100B10002B76ADE7012000F0C5F9237808B1012B51
:100B200083D9AB73A4E71388AB81A1E71378AB75C6
:100B30009EE7072000F0B6F918B92378012B7FF65D
:100B400074AF072000F0AEF918B12378002B3FF402
:100B50006CAF2378EB758BE71378082B3FF665AF06
:100B60002B7485E71388FF2B3FF65FAFAB727FE7EF
:100B700013786B767CE713780E2B3FF656AFAB7687
:100B800076E72368204AC5F81E30636853602389DE
:100B900013816DE71378EB766AE713786B7767E775
:100BA00013782B7764E7137885F8283060E701F035
:100BB00003FE98B1007900F001026178207801F01D
:100BC00001FE00287FF433AF6378012B7FF650AF2E
:100BD0000CF048FA00287FF44BAF26E70246ECE71A
:100BE00013785A1E092A3FF620AF85F829303FE7CF
:100BF0004FF0FF301BE76FF02C0018E7000B0020D0
:100C0000040B0020120B00201E0B0020F8B50D462F
:100C1000064630B329B311F0070422D1124F97F8DA
:100C20003430012B02D16FF00B00F8BD032B02D141
:100C30004FF0FF30F9E700F0E9FC0028F8D0284633
:100C4000FFF7AAFC0028EEDB1BF047FC3046F96AF0
:100C500003F0E2FEFFF754FE0323204687F834300A
:100C6000E3E76FF01500E0E7000B002010B5074C3C
:100C700094F83430032B03D103F0E6FE04F0B2FD08
:100C800015F00BF9002084F8340010BD000B002093
:100C900008B503F053FE03490320BDE8084000F007
:100CA000F9B800BFA504000008B503F061FE0349D0
:100CB0000220BDE8084000F0EDB800BF810400004C
:100CC00008B503F077FE03F05DFA03490F20BDE895
:100CD000084000F0DFB800BF2105000008B5044956
:100CE000122000F0D7F8BDE8084003F06BBA00BF4F
:100CF00045050000074B4FF0FF3141F6FF72C3E995
:100D0000001205490022C1E900221F21C3E9021295
:100D1000704700BF60000020380B00203F280CD82F
:100D200001380B4BC0F3421200F01F0053F8223081
:100D300023FA00F000F001007047FF2806D0403889
:100D4000044BC0F3421200F01F00EFE70120704790
:100D500060000020380B0020074B014600684968FE
:100D60001A4603C240F48C2200201A6041F010722F
:100D700042F4FF625A607047600000200246034B55
:100D80000068516803C30020704700BF380B002083
:100D90000246034B0068516803C30020704700BF40
:100DA000680000200138064BC0F3421200F01F001B
:100DB00003EB82039B6823FA00F000F00100704708
:100DC000600000200A8870B595B2C67CC2F30E029E
:100DD0000488023602F118033444C35AA4B23344DF
:100DE0002344013BB3FBF4F303FB0422438892B298
:100DF0009342044B8BBF2B40AB4313439BB20B80FE
:100E000070BD00BF0080FFFF4A1E062A08B50346DA
:100E1000084604D84FF4D1711520FFF735FD094A73
:100E2000914202D940F2A311F6E711B903B119605A
:100E300008BD2BB11B680022C3E901211A1D1A60ED
:100E40000430F5E7FAFFFF7F10B5114B00EB4104CA
:100E50001A786389B3FBF2F303FB0223013A1A44C5
:100E6000B2F5706F0279807828BF00231A440B18FE
:100E7000B2FBF0F100FB11215B1AB3FBF0F100FBB8
:100E8000113313446FEA43436FEA5343638110BD48
:100E9000400B0020024B03EB80035960704700BFFA
:100EA000400B0020034B03EB80035868003818BF49
:100EB00001207047400B00202DE9F04F10F0070A89
:100EC00085B0054604D040F26F111720FFF7DCFC17
:100ED000534F04464FF0010B07F15406B146B0469C
:100EE00057F8043B8DF80BA03BB101A898479DF83B
:100EF0000A30082B01D9F521E7E79DF80B1041BB1B
:100F000005B131604F4506F10406E9D1002D6FD0DF
:100F10000022DFF810911427964689F8002058F82F
:100F200027A0013FBAF1000F55D09AF804609AF853
:100F300002C0FF2E60D039460023481C38D19C44A3
:100F4000BCF1FF0F3FD90AB189F800E04FF49A7164
:100F5000BBE79DF80AC04B1D60465A0004EB4303F3
:100F6000022838BF0220441E40422344BDF80840F6
:100F70006444CCF1000C0340013C04EA0C04B4F5D9
:100F8000803F02D340F205119FE775B19A1A326093
:100F90009170148082F803B09DF80C0010710198D4
:100FA0004FEA104C1081A2F806C004FB0134A9E7F7
:100FB00058F8210028B190F804B0B34504BF8078F8
:100FC0001B180139B9E7DBB2E6458AF804303CBFAB
:100FD0005FFA8CFE01227B1CA1D10AB189F800E0E6
:100FE000142640F6FF6A58F82670B7B9013EFAD2C7
:100FF000601B05B0BDE8F08F0023E5E707EB410378
:1010000009F101093846A3F80AA0FFF71DFF5FFAAE
:1010100089F1BB788B42F1D8E8E74FF00009F6E799
:10102000440B0020400B002038B54FF6FF730246FA
:101030000380184B03EB8103986DA8B18478037982
:10104000B3FBF4F104FB1133DBB2194600EB4105AD
:10105000B5F90A50002D0EDB0131B1FBF4F504FBAC
:101060001511C9B28B42F1D1002038BD6381BDE8B2
:10107000384014F09EBD00EB41046389C3F30E03B6
:101080001380C278002AF1D14FF4E5711720FFF7E1
:10109000FBFB00BF400B00201C4B03EB810370B532
:1010A0009C6D054644B3030404D54FF4EC7117203E
:1010B000FFF7EAFB0146204614F05EFDFF280146DB
:1010C00004D02046BDE8704014F073BDA078B5FB95
:1010D000F0F300FB1353DBB219460A1D04EB420682
:1010E000B6F90260002E09DB0131B1FBF0F200FB22
:1010F0001211C9B28B42F0D1002070BD8B4201D0D9
:101100000023E37004EB42025580DAE7400B002035
:10111000094B03EB8103014610B59C6D204614F08A
:101120002BFDFF28014604D02046BDE8104014F0F6
:1011300040BD002010BD00BF400B0020F8B5104B93
:10114000074603EB810301469C6D204614F014FD15
:10115000FF28054611D0E288238953EA024606D0CB
:101160000146204614F025FD01463846B04720468A
:101170002946FFF769FE0020F8BD0520FCE700BF07
:10118000400B002038B50E4B0446827903EB8203F6
:10119000986D08B9052038BD8278E1799142F9D27D
:1011A0004B1CE37100EB41035D89B3F90A30002B5E
:1011B000F3DBA58014F0FDFC20600020EBE700BF0E
:1011C000400B002008B5124B03EB81039A6D22B946
:1011D00040F246211720FFF757FB9178831A481DEC
:1011E000A3EB40031088B3FBF0F3002B01DB994223
:1011F00002DC40F24921EDE702EB4302B2F90A308A
:101200005089002B02DA40F24B21E3E708BD00BF12
:10121000400B002070B5044610F003000E4603D0CA
:101220004E211820FFF730FBFFF7EEFD054624B1F5
:10123000034831460460FFF7E7FD284670BD00BF54
:10124000EC0B00202DE9F14FDFF870B01E46074689
:101250000D46DBF8003090469DF828A09DF82C90B4
:101260001BB960211820FFF70FFB524609214046A9
:1012700014F006FB4A4684B20921304614F000FB04
:1012800081B2DBF80000214414F04AFC386018B940
:10129000286001B0BDE8F08F04445346414609225E
:1012A0002C60386814F0AFFA4B46092231462868A2
:1012B00001B0BDE8F04F14F0A6BA00BFEC0B00205F
:1012C00070B50E46044614F0EEFA0546304614F0AA
:1012D000EAFA044B2A1821461868BDE8704014F059
:1012E00044BC00BFEC0B0020024B186808B114F09E
:1012F0000BBC7047EC0B00201F2AF8B504461346C0
:101300000ED89200033222F00303B3F5803F2DD2B2
:10131000184DACB1A00710D068210920FFF7B4FA2E
:10132000FF2B4FEA420204D9FF339A42A8BF1A4664
:10133000E8E77C2AB8BF7C22E4E729706C602B8147
:1013400022F0030228230127120403FB01F06B683B
:101350000025120CEEB2B14200D8F8BD14B1261827
:101360001F705E60104401352833F3E74FF0FF3003
:10137000F3E700BFF00B0020154A002170B5536859
:101380001578C8B2854203D8BA210920FFF77CFA44
:101390001C461846013114F8286B0EB92346F0E7B5
:1013A0000021997001241289996103F126055C706E
:1013B0009208D96103F11E04596824F8022FA5424E
:1013C00043F8041F1144F8D100234361037070BD3A
:1013D000F00B00200A4B1B89B3F5FF7F4FEA930007
:1013E00006D25A089B1A9BB2984238BF18467047DB
:1013F000B3F5EE6F01D8FF22F4E740F27263F3E732
:10140000F00B00204B782DE9F04106460C4602F027
:10141000040702F0FB05E3B1A5BBFF23A3707B0823
:1014200004EB57073A7D032A02D1022D18BF01337E
:10143000E2180121117503F10C01002204EB830372
:1014400024F811205B68A27030463360B280BDE89A
:10145000F081002DE1D1012301F11E028D612046B2
:101460004B7004F1260C1A4BCD611B8949689B080F
:1014700022F8023F944540F8041F1944F8D1002394
:101480006361CAE7D1F8048014220021A0186170BA
:101490001BF062FC0E4B1B89B3F5FF7F0FD25A087D
:1014A0009B1A9BB208EB0301C4F804802384A1605B
:1014B0006284C4F80C80A3842161E284ADE7B3F5B3
:1014C000EE6F4FF0FF02EBD940F27263EAE700BF24
:1014D000F00B00202DE9F84305460C46F7200521C6
:1014E000914614F0CDF9061E21DB1DB906FB04F070
:1014F000BDE8F88315F0030703D098211920FFF702
:10150000C3F9DFF83080C8F81050A8F81460BBB2F7
:101510009C42EBD9B8F814504B46D8F8100005227D
:10152000F72107FB0500013714F06DF9EFE74FF0E5
:10153000FF30DDE7040C002007B5CDE900230B46A2
:1015400003490246081D14F082FC03B05DF804FB59
:101550001C0C002013B5064CCDE900230B460246B7
:1015600004F1080104F10C0014F071FC02B010BD8C
:101570001C0C002008B54B1E032B03D923219020FF
:10158000FFF782F90028054A0CBF05230C2303EB63
:101590008103053323F00103137008BD2C0C0020D8
:1015A000114B01224FF0FF3000215A60C3F80803AD
:1015B000C3F80015C3F804255A6040F6FE72C3F85C
:1015C00008034020C3F8001503F570330749C3F83A
:1015D0000825C1F88800BFF34F8FBFF36F8FC1F8A4
:1015E0008801C3F8082570470060045000E100E05E
:1015F00002680020014B1A60704700BF300C0020C9
:10160000014B1B68184700BF300C0020024B1868C4
:10161000003818BF01207047300C00200A460648E9
:101620009C2302F8033BC368C1F80330036953608D
:1016300043699360704700BF340C0020024B5A8C02
:1016400002435A845B6A1847340C0020014B002186
:101650005B6A1847340C002010B5154C0AF0AEFD3B
:101660000BF0D8F8208DFFF7F1FF237E63B12246FF
:10167000104904F1190052F80C3BE36063685360B1
:10168000A368936018F059FD218DE06A05F0C0FA57
:10169000E36AB3F8AA0005F0FBF9636B94F8301025
:1016A00094F831009847002384F8383010BD00BF0B
:1016B000340C00201D160000034B93F838300BB19A
:1016C000FFF7CABF704700BF340C00202DE9F0417E
:1016D000DFF8808005460E4608F12C0016F011FA5E
:1016E000044618B101242046BDE8F081D8F82C301A
:1016F00093F8A8704FB1012D07D1B8F822301A071E
:1017000003D598F83930002BECD1012EEAD8D8F85F
:101710003C30284698470028E4D098F83030002B19
:10172000E0D167B9012DDED1B8F82230002BD9D134
:1017300098F84030002BD6D198F8414007E0002DB2
:10174000D1D1B8F822309B07EED598F8394084F013
:101750000104C8E7340C002070B5204C0646636DC8
:10176000E56A63644FF4817394F85800A4F8483034
:101770002B7D95F8211100EB83002EB9FF2803D1B2
:1017800095F820318B4201D00AF0C2F92B7DFBB1D4
:10179000E06D0AF051FCE16D606C0AF0C1FF66B9C2
:1017A00095F82131033B012BB5F8E4308CBF0020C4
:1017B0002820184480B20AF08DFCB5F8E0000AF049
:1017C00067F900200AF0C4FC022384F8383070BDA9
:1017D000606C0AF031FC0BF01DF8E0E7340C0020DF
:1017E00008B5094B93F83820022A04D040F257314B
:1017F0002720FFF749F8DA7A42F00102DA72BDE8F1
:101800000840FFF729BF00BF340C002010B590F846
:101810006E1086B0D1B9C2880B4605910021CDE982
:1018200003110C4991F85840029400F1900401947E
:10183000C96A91F8A810003918BF0121009100F180
:10184000800102200AF07CFE06B010BDD0E91E2304
:10185000E3E700BF340C00202DE9F041274C064699
:101860000F4694F83830012B5FFA83F804D040F625
:101870000E112720FFF708F8E56A2B7953B10021F4
:1018800004202971FFF7DAFEE36A93F8A8300BB160
:1018900085F8058094F860308BB92B7A052B0ED132
:1018A00017490220FFF7CAFEE36A93F8A83033B164
:1018B000E36E1B789A1E5342534184F839301EB1AF
:1018C000BDE8F041FFF7C8BE002FF9D031463046E1
:1018D000FFF7FCFE0028F3D12B7DE46A13B1284604
:1018E000FFF794FF94F821210120B4F8E2101AF0D8
:1018F00023FE0020BDE8F041FFF72EBF340C00208E
:10190000A00C00207FB590F86E10D1B9C2880B46AC
:1019100005910021CDE90311FB21029100F1900115
:1019200001910949C96A91F8A810B1FA81F14909F0
:10193000009100F1800104200AF002FE07B05DF87A
:1019400004FBD0E91C23E3E7340C00201E4A10B549
:10195000546E41782378C90003F0F30301F00801C5
:101960000B438178890001F004010B43C178090120
:1019700003F0EC0301F010010B43017801F00301C7
:101980000B432370B2F8703063700223516EA2F8DB
:10199000683004790B786001012C23F0200300F0FB
:1019A000200043EA00030B700CD1D36A93F8BA20ED
:1019B00093F8BB30032A03F01F0308BF002243EA59
:1019C00082138B7010BD00BF340C0020F7B5184C8B
:1019D0000646656F0DB1E36C23B940F6C6012720BA
:1019E000FEF752FFB4F8503001F003012F466B7040
:1019F0002B7823F003030B4307F8033B3846B4F876
:101A00005020E16C13F08AFA0DF1020201A9A06FD7
:101A10006564E76414F06EF8019814F059F8012237
:101A2000B4F850103060A06F13F0FDFF03B0F0BDAC
:101A3000340C00202DE9F04FAE4C87B0D4F82C8048
:101A400098F8201158B998F8142094F8583003EBFE
:101A50008203FF2B03D198F821318B4202D0FF2063
:101A60000AF056F8002304AA02A9A34804938DF8AB
:101A7000143084F8603001AB16F038F807460028BF
:101A800045D0029ABDF8043022B940F21341272014
:101A9000FEF7FAFE6266A4F8703003B1D31CE36669
:101AA000012384F860309DF8133004A8003B18BF70
:101AB000012384F8403098F81330002B00F0208187
:101AC000B4F87030002B00F01B81FFF73FFFE06D92
:101AD0000AF0B2FA9DF81420E16D003A606E18BF6A
:101AE00001220AF033FC18B9616EE06D0AF0A2FD24
:101AF000B8F8E20009F0CCFF01200AF029FB01232D
:101B000084F8883084F8383007B0BDE8F08FE66A92
:101B10008DF80300337AADF80600062B00F2CD8075
:101B2000DFE803F004CEA4A4CBBBBB0000230DF17F
:101B3000060103A8A6F8443094F87F30A6F81031C7
:101B4000ADF8063003F0BAF938B1039D2DB1012389
:101B500084F88030052333729CE0E36A93F85530B3
:101B6000002B6BD10DF103020DF10601D4F88400B6
:101B700013F0C0FE0546002860D09DF80370FFB149
:101B80000146D4F8840013F09FFF13F0A1FFD0F8B2
:101B900000B0D0F804A081465BEA0A0348D10023D4
:101BA00089F8003089F8013089F8023089F803306B
:101BB00089F8043089F8053089F8063089F807304B
:101BC000BDF80630002B40D10123337201230027DA
:101BD00084F88030BDF806306566A4F8703003B133
:101BE000EB1CE366727A357A8DF81120022DB27AF9
:101BF0008DF8122004D0053D012D8CBF0125032551
:101C00008DF81050002F5ED000209DF810308DF818
:101C10001300032B6BD1E36E1B781B2B67D10121C3
:101C200006F1BA0009F0BCFF01238DF814303AE741
:101C30001AF085FE83457AEB0101B0D20023012220
:101C40002E4DADF806303272C6E79DF803301BB951
:101C50002B80AB700323B8E72B7803F00303012B31
:101C6000F8D0022333720023B375AFE7B6F8103112
:101C70000DF103020DF10601D4F88400ADF8063031
:101C800013F038FE054610B940F2C451FFE60123B7
:101C900084F88030BDF806309EE70DF1060103A8F8
:101CA00003F00CF908B1039D15B940F2D351EEE6EB
:101CB000012384F8803006234DE740F2DD51E6E64B
:101CC0000E4D002388E7032D02D11B78022B9BD0F9
:101CD000D4F8840013F066FE38B9032D94D003F0D5
:101CE00009F980F00100C0B28FE701208DE70023E1
:101CF0009BE700BF340C0020600C0020B00C0020DB
:101D0000FFF724FE606E0AF097F90AF083FD9DF854
:101D10001410606E003918BF01211AF01AFCE7E6B2
:101D20002DE9F04FAA4C87B00027804694F8383050
:101D3000E56A022B5FFA83FB05F1A80A0191CDE960
:101D4000027704D040F6AF112720FEF79DFD616CAD
:101D500003200B784A780144A4F84800E16403EAC0
:101D60000001A4F850208DF81010C3F3C0018DF8C5
:101D70001110C3F380018DF81210C3F30011C3F3E7
:101D800040138DF813108DF81430B8F1000F00F0E7
:101D9000238104A904F12C0015F0AAFE064630B9EF
:101DA000B4F8501051B3A06F13F01DFE0746238DF9
:101DB0009DF8121043F40073676723856B7A013333
:101DC000DAB203F0010399425CD12B7AF3B1032B11
:101DD0006A7215D8012B08BF4FF0010BB5F84430DB
:101DE000BBF1020FA5F8463016D102A9D4F8840041
:101DF00013F0A2FDE8B940F2D671A5E70746D6E791
:101E0000053B012B05D940F2B4719DE74FF0040B5F
:101E1000E4E74FF0030BE1E7BBF1030F10D103F050
:101E20005BF810B94FF4FC618EE700210820FFF742
:101E300005FCD5E91C32013342F10002C5E91C3230
:101E40000021E36A297293F8A8302BB16B791BB19A
:101E500010206971FFF7F2FB238D4FF0000B43F464
:101E6000006323852B7DDBB1B4F85030C3B10AF099
:101E7000EFFC0328FBD0022806D1FFF7EDFB07B0EB
:101E8000BDE8F08FC346EDE750B9AB7A9DF811205D
:101E900003F001039A4203D1012384F83130ECE7C7
:101EA000B4F85070E6B19DF81330591E4B424B41C7
:101EB00084F84130002F40F0B7800027B946019BDD
:101EC000002B00F0B8800AF079F9B9F1000F00F0AA
:101ED0001E819DF8101003A8FFF778FD0127C9E0C7
:101EE000AB7A9DF8112003F001039A4223D19DF8AB
:101EF00010307FB35A1E012A2CD8238D95F81490E8
:101F000043F48053238509F0D9FD032894F88930E0
:101F100007D1B9F1000F0CBF1F221B22934228BF2B
:101F20001346B4F850209A4208D994F8303043F060
:101F3000100384F830304FF000092FE0636F002B5E
:101F4000F9D094F88A301BB12020FFF77FFBF2E72D
:101F50009DF81030AA7A032B02F10102AA7210D167
:101F6000238D01201B4943F4805328712385FFF7FB
:101F700065FBD5E91E32013342F10002C5E91E328C
:101F8000D9E75A1E012A1DD8002FD4D0C146D5E961
:101F90001E32013342F10002C5E91E32626F9DF824
:101FA0001310002A45D1B4F85020B2FA82F2520937
:101FB000012914BF002202F001023746002684F8EE
:101FC00041207CE7002FB6D0002BB4D1D1E700BF71
:101FD000340C0020800C00202B7D0BB10AF052FC49
:101FE00094F88B30013384F88B30238D43F4806375
:101FF000238595F82131033B012B0DD809F05EFDB7
:1020000003280DD1B4F850604FF000091B2ECB46C9
:1020100094BF00260126C1E703F052FD0028EDD150
:102020000026B146B346B9E7238D43F48053238598
:1020300043E70122BCE794F88B100120FFF746FB31
:1020400000287FF440AFEA7C12B12846FFF75AFC23
:10205000002095F82021B5F8E0101AF06DFA002064
:10206000FFF7E8FCB9F1000F5AD09DF8101003A853
:10207000FFF7ACFC238D5A0606D44020FFF7E6FAA2
:10208000238D43F040032385BBF1000F10D0EB8874
:102090004BB9E36A93F8A8302BB1B4F80530B4F823
:1020A0000720134304D0B4F809300133A4F80930F1
:1020B000B8F1000F3CD0B4F805300133A4F8053076
:1020C000002384F88B301D4804F046FC029830B1A0
:1020D00013F0FEFC00220272514603F09DFC039BAC
:1020E00033B100221A720C225146039803F062FCAD
:1020F000002F7FF4C2AE238D1B063FF5C0AE8020BB
:10210000FFF7A4FA238D43F080032385B7E6002E62
:102110003FF4E4AE0A49A1F1200015F0EBFCDDE646
:10212000002EA7D00649A1F1200015F0E3FCA1E79D
:10213000B4F807300133A4F80730C4E7600C00207E
:10214000800C0020064B10B593F8382002F0FF04F5
:1021500022B91C7604F054FD204610BD0C24FBE788
:10216000340C0020094B0A4A10B51A60FFF7EAFF49
:1021700020B14FF4B1712720FEF786FB054C02F029
:102180007FFC606502F080FCE06510BD68180020EF
:10219000D0230000340C0020F8B5794C054694F8A3
:1021A000386006F0FF0016B909B102B123B94FF447
:1021B00020712720FEF768FB63639DF81830616289
:1021C00084F88A30E26384F8300084F88B0084F865
:1021D000310084F888006084208584F8400084F809
:1021E000410084F8800084F839006066E066A4F855
:1021F00070006064E064A4F85000E56209F0F2FC4D
:102200000AF008FB95F9280109F050FDD5F8D460D3
:10221000D5F8CC0009F050FD304609F0F1FE95F8F4
:10222000250009F053FDB5F8E030622B03D9B5F86D
:10223000E230622B01D809F031FCE36A93F8A86020
:10224000002E40F0858018F05DFD95F820214D4B63
:102250004FF47A7153F8223003F5FA73B3FBF1F3BC
:1022600052331918304609F03FFD474B186809F002
:10227000CDFED5F8C030C4F88430D5F8C430A3679B
:10228000AB7B243B072B6BD9EB7B243B072B67D91C
:10229000B5F8F230B5F8F80095F82011984228BF4B
:1022A0001846042908BF032117F0A1FA034695F840
:1022B000F400984228BF184695F8F03080B2984252
:1022C00000D3C3B295F8211105F1E80084F87F30FE
:1022D00017F0E2FF95F821112F7D0329B5F8FC6076
:1022E00008BF042117F083FA0FB9043080B2864288
:1022F00028BF0646F6B284F8896003F0E1FB28B1F6
:1023000003F0E4FB864238BF0646F6B284F8586014
:1023100015F0F3FBE36A93F8A8301BBBEB7C13B119
:102320002846FFF7EFFA0120FFF784FB0023236024
:102330006360A360EB886380B5F8AA30238095F8CA
:1023400025302371D5F824310BB101221A60F8BD74
:1023500018F0D8FC95F8212100F17101012082E7E5
:102360001B23AFE72B7D13B12846FFF74FFA01205F
:10237000FFF7F2F9E36AD3F8F00109F079FED5E747
:10238000340C00203C8D040068180020014B93F8A9
:1023900088007047340C0020054A138D92F88000A5
:1023A00003F4805110B113F4C06F00D1080B7047D3
:1023B000340C0020024B93F82900C0F3C000704792
:1023C000340C0020014B93F88B007047340C002034
:1023D000E1170000211D000059180000B916000087
:1023E000343270B5054692B20C461E4613F028FCF6
:1023F00025B1034A556014745674147070BD00BF43
:10240000D80C00200138C0B2032808B504D94FF415
:102410003F710620FEF738FA014B185C08BD00BF7B
:10242000708A04000138C0B2032808B504D94FF4FB
:102430003F710620FEF728FA014B185C08BD00BF6B
:102440008D8A04000138C0B2032808B504D94FF4BE
:102450003F710620FEF718FA014B185C08BD00BF5B
:10246000F08A04000138C0B2032808B504D94FF43B
:102470003F710620FEF708FA014B185C08BD00BF4B
:10248000E98B0400F0B5284AA7B004460D46106851
:102490006B46516802AE0F2203C300210DF1890083
:1024A0001AF05AFC0021102230461AF055FC16ABE7
:1024B000DDE9000183E80300234618AC03F1280797
:1024C0001868083353F8041C2246BB4203C2144662
:1024D000F6D1802306AA8DF88830002302F8013B4C
:1024E0000133102BFAD196E80F0012AC84E80F00EC
:1024F0000AAA214606A813F0EBFC01230EAA2146E6
:1025000006A88DF84B3013F0E3FC2A460EA90AA862
:1025100004231AF064FB042305F1100229460AA8DB
:102520001AF05DFB27B0F0BD748A040008B50BF00B
:102530008FFC28B9034B1868BDE8084013F09BBE18
:1025400008BD00BF9C0D0020F7B50446052900F228
:102550000D81DFE811F00600A900AC000B010B01B2
:10256000A50090F8623223B903B0BDE8F04011F045
:10257000B9BF90F86232052B05D10F220021204609
:1025800013F0ADFEF0E74FF40C71806810F0F2FF2D
:10259000A368283B18441AF020F994F86232032B00
:1025A00008D094F86232022B04D040F267118E20DA
:1025B000FEF76AF9032384F86232D4F8D4300D218F
:1025C000B4F864222046B3F847301344A381FEF7E1
:1025D000F9FD06460E21FEF79BFD01A90546304692
:1025E00017F06BF908B18D21E1E794F85D3240F204
:1025F000712E95F83E710199B5F83821D1F8C810BF
:10260000B5F850014A43B5F83A110EFB00F0B3FBA0
:10261000F7F607FB16335643DBB203F1010C4B43CD
:102620000EFB0363834201D99721C0E7BC45A0EBB1
:10263000030300D0F1B93244904202D8042284F856
:102640006222D5F84C21934218D2042284F86222E7
:1026500023F07F43D4F85022204663F31702C4F8D6
:1026600050220BF047FA60B9204603B0BDE8F040B5
:1026700013F001BE0EFB01F18B42DEE722F07F4337
:10268000E8E720460BF052FB0028EDD0394811F066
:102690006BFE384811F076FE374B1C6003B0F0BD7E
:1026A0000BF0E6FB032269E74FF401717FE7FF239C
:1026B00080F8673290F8623203F0FF0213B980F8B5
:1026C0006722EBE790F86232052B07D10322002145
:1026D00013F005FE002384F86732F2E7302301A9E6
:1026E00080F82032B0F86032ADF804300BF0C0F85A
:1026F000BDF804300228B4F86022A3EB020384F88A
:10270000B030E7D001282DD1042384F862320D21A6
:102710002046FEF757FD0E210546FEF7F9FC94F81A
:102720005D3290F83E21B3FBF2F102FB113301332D
:10273000DBB29A4202D0042384F86232D4F8D43057
:102740002946B4F864222046B3F847301344A381E5
:1027500013F084FD94F86232042BBBD1204613F0B1
:1027600055FCB7E720460EF0F5FED0E740F20A210F
:102770001DE700BF2D2500009C0D0020014B024AE3
:102780005A6070479C0D002049250000024B02460C
:10279000183059681AF050B99C0D0020044A054BB6
:1027A000518B1A609980D18A928BD9801A81704797
:1027B00026010020A40D0020014B1868704700BFBF
:1027C000A40D002008B5034610465A1E032A10D84F
:1027D0004A1E032A0DD8084A012951700CBF002156
:1027E0000A211071937091721946FEF7C3FE002002
:1027F00008BD6FF01500FBE726010020074A537A59
:1028000040B143F00403002953720CBF0023072397
:102810005371704703F0FB03F5E700BF260100206A
:1028200040EA4100014BD870704700BF26010020EC
:1028300014280BD028280BD00A280BD10323064AD2
:102840000020528B1340054A938070470223F6E71D
:102850000023F4E71E20704726010020A40D00206D
:10286000014B9888704700BFA40D002038B50E4D6D
:102870000446AB7A0BB90C2038BD2B68002BFAD07C
:1028800018F00AFC0028F6D17F2C09D8EB8834EA2E
:10289000030007D1054B2A89DC8214409C83EBE7B7
:1028A0001E20E9E71120E7E7A40D00202601002003
:1028B00070B506680D4604460E21B6F8AA00FEF76C
:1028C00027FC074980F8BD50B43017F02DFC0023D9
:1028D00086F84D312046BDE8704017F06CBE00BF51
:1028E0006D2A00002DE9F0410768054688460E2153
:1028F000B7F8AA00FEF70CFC0D210446B7F8AA00B1
:10290000FEF706FC002680F86262094904F1B40073
:1029100084F8BD8084F8BE60A4F8C06017F004FCA1
:1029200087F84E612846BDE8F04117F044BE00BF6D
:102930005D6601002DE9F041056806460F460E214F
:1029400095F8A880B5F8AA00FEF7E2FB0D21044631
:10295000B5F8AA00FEF7DCFBB8F1000F02D0EB7B64
:10296000452B15D0002384F84571A4F84831A4F80C
:102970004631A8B994F8453104F1B4000B4984F804
:10298000BD30002384F8BE30A4F8C03017F0CCFB73
:10299000002385F84F313046BDE8F04117F00BBEFB
:1029A00090F86232002BE5D0F2E700BF5D660100CF
:1029B00038B5036814460D460E21B3F8AA00FEF799
:1029C000A7FBB4B9B0F84831B0F84621A0F84841A7
:1029D0009B1AA0F846411BB290F8A4205AB980F87F
:1029E000A5509C30847283810349BDE8384017F0BC
:1029F0009BBB0023F0E738BD5D66010010B5408841
:102A00000C460E21FEF784FB90F872305BB980F81B
:102A1000734014B9FF2380F8C23003496A30BDE81F
:102A2000104017F081BB10BD2F68010070B506681B
:102A300004460D460E21B6F8AA00FEF769FB90F891
:102A40007C304BB980F87D5015B9FF2380F8C53034
:102A50000549743017F068FB002386F84C31204696
:102A6000BDE8704017F0A7BDDD6D010070B50C46E4
:102A70000E210546FEF7A6FB0E210646FEF748FB93
:102A8000002280F8C6203E22A68022702222627098
:102A90002F22A2706A7AE27090F8162102F03F02AB
:102AA000A27190F8F820012AE2714CD190F804212B
:102AB000227290F80821627290F80521A27290F8B3
:102AC0000621E27290F80721227390F809216273BF
:102AD00090F80C21A27390F80B21E27390F80A2170
:102AE000013AD2B2072A96BF1749FF228A5C2274A4
:102AF000D0F8F920C4F81120D0F8FD20C4F8152032
:102B0000B0F80121A4F8192090F80321E27690F89A
:102B10000D21227790F80E21627790F80F21A2778D
:102B200090F81521E27790F8122184F8202090F88F
:102B3000132184F8212090F8102184F8222090F8A5
:102B4000113184F8233070BD7C8A0400502808B508
:102B50001DD018D828280CD8092806D9A0F10A02B7
:102B60000C4BD2B2D340DB0707D43221D620FDF77D
:102B70008BFE322801D03C28F7D10A23B0FBF3F0BA
:102B80000138C0B208BD9128EFD10720FAE706202E
:102B9000F8E700BF0104104038B50B6804460E2169
:102BA000B3F8AA00FEF7B4FA90F8163190F8F820BE
:102BB000054603F03F0343EA8213227D637022F04F
:102BC000800203F0C00322750022402BE27640F021
:102BD0009380D0F8F930C4F80230D0F8FD30C4F852
:102BE0000630B0F80131638190F80331237390F817
:102BF0000431637390F80831FF2BA3731FBF90F863
:102C00000531E37390F80631237490F8073163744B
:102C100090F80931A37490F80A31E37490F80C31FC
:102C200090F80B211B0190F80D1102F00F0203F038
:102C300030031343227D22F03F0213432375637D4B
:102C400061F30303DAB2637503F00F03012B08D1BC
:102C5000134690F80E2162F30713637590F80F3155
:102C6000A37595F81201FFF771FFE07595F8130150
:102C7000FFF76CFF207695F81031642B2BD024D809
:102C8000502B2AD03C2B05D81D2B07D80F2B0CD04E
:102C9000142B0AD05D21D620FDF7F6FDA3F11E010D
:102CA000184AC9B2CA40D107F4D50A22B3FBF2F3DD
:102CB000013BDBB2637695F81131142B11D0282B30
:102CC0001CD00A2B1CD04321E5E7782B07D0962B8C
:102CD000E0D10923EEE70723ECE70623EAE7082320
:102CE000E8E70123A37695F815315A1E5342534164
:102CF000227D63F3861222751C2038BD0223F1E782
:102D00000023EFE701041040036810B50C46B3F848
:102D1000AA000E21FEF7FCF9034980F887407E30B7
:102D2000BDE8104017F009BA6D2A00002DE9F84FF0
:102D3000076880460D460E21B7F8AA0097F8A890BC
:102D4000FEF7E6F9044690F8C2A05FFA8AFAB9F1F4
:102D5000000F07D03E6816F480660BD0012630467F
:102D6000BDE8F88FFB7B002BF8D13021B87B13F046
:102D7000CCFC064601F0D0FE0B0401F4004B40F100
:102D8000F880D8F80030DA7C002A00F0EE801B7D55
:102D9000002B00F0EA80AEB90D21B7F8AA00FEF7CB
:102DA000B7F950B9BAF1000F0BD005F1010A50463E
:102DB00014F005F9D0B91E2604E090F86232002B19
:102DC000F0D00C26B9F1000F05D0FB7B002BC5D14C
:102DD000BBF1000F03D031464046FFF795FF324666
:102DE00040463021BDE8F84F17F013BC6B7803F074
:102DF000C003402B40F0A3802146504614F04FF909
:102E0000002800F0B4806B78C3F3050203F03F01A3
:102E100003F0C003402B40F0928094F817311BB9A7
:102E200094F816318B42C6D1012384F8162184F818
:102E3000F830002384F81731DAF80130C4F8F9309B
:102E4000DAF80530C4F8FD30BAF80930A4F80131D9
:102E50002B7B84F803316B7B84F80431AB7B84F8E3
:102E60000831EB7B84F805312B7C84F806316B7CD0
:102E700084F80731AB7C84F80931EB7C84F80A31A3
:102E80002B7DC3F3030384F80B312B7D03F0300358
:102E9000B3FA83F35B0984F80C316B7DC3F303034E
:102EA00084F80D316B7DC3F3031384F80E31AB7DD1
:102EB00084F80F31EB7D052B35D8013303EB830309
:102EC0005B00DBB284F812312B7E052B30D8013346
:102ED00003EB83035B00DBB284F813316A7E082ABC
:102EE00097BF274B96239B181B7A84F81031AB7E33
:102EF0001BB3012B0CBF1423282384F8113101F0DC
:102F000011FE036813F400631CBF2B7DC3F3801311
:102F100084F81531B9F1000F22D13A23FB734046F2
:102F200017F051FB1BE7062B0CBF50239123C9E779
:102F3000062B0CBF50239123CEE70A23DDE76B78E5
:102F400094F8162103F03F0393427FF434AF00233B
:102F5000012284F8F83084F8172184F81831D9E771
:102F60003B6843F480633B60D9E72F262AE720269D
:102F700028E71A26B9F1000F7FF427AF2FE700BF2B
:102F80007C8A04002DE9F041D0F8008004460F4609
:102F900098F80F6076BB01F0BFFD0B0406D41A222F
:102FA00020463921BDE8F04117F033BB2368DA7CB5
:102FB000F2B11A7DE2B10E21B3F8AA00FEF7A8F82B
:102FC000054600F1E20300F1DA0200F1CA013846D9
:102FD00016F08FFF05F18800074917F0ABF83C2386
:102FE000204688F80F3017F0EEFA3046BDE8F08141
:102FF0002F22D5E70126F8E727720100036810B5F4
:103000000C46B3F8AA000E21FEF782F8034980F8B7
:103010009A409130BDE8104017F086B8A5710100C4
:103020002DE9F74F1E46136883461546376800930F
:10303000BB4204D94FF48D71D320FDF725FCD1F8A4
:1030400000A09AF82B0102F099FA04460AF1E80070
:1030500017F020F9DAF8E830610098421FFA81F899
:1030600038BF1846414600F2BF19484610F082FAB0
:103070009AF820212D4B00F11004DAF8C8004146DF
:1030800053F822304FF47A724C4403F2E733B3FB27
:10309000F2F3DBF84C2190332732AF2B024438BFD8
:1030A000AF23B2FBF0F25043019310F063FA9BF8A8
:1030B0003E218146BBF83A014146019B5043DBF873
:1030C0004C2102F1480B40F2712202FB00BBDAF8FE
:1030D000C8009B4410F04EFADAF8C810D9444844AE
:1030E00081429CBFB0FBF1F301FB1300009B081A67
:1030F0000139814228BF01468C4228BF0C46A342B9
:1031000038BF2346BB421C4628BF3C46A1422C6028
:1031100038BF2146B94228BF39468C42316002D9B6
:103120004FF4B27188E703B0BDE8F08F3C8D040026
:1031300070B5441EE5B21F2D0ED8A1F2E2460D4D2A
:10314000AE4209D840F27126012806FB02F505D0EF
:1031500001F19602954203D2002009E0002AFBD13A
:1031600006FB03F005FB0411884234BF0020012058
:1031700070BD00BF1D043D0073B5066805460E21F5
:10318000B6F8AA00FDF7C4FF2F4B4FF4FA720446BD
:1031900090F82C11CDE90023D0F8282114F084F800
:1031A000C4F84C010FF08EFB84F83E010FF090FB49
:1031B000294601AB6A46A4F83A012046FFF730FFE2
:1031C000009B019A23F07F43D6F8C80094F83E1183
:1031D000C4F8303122F07F433D32B4F83A5101391E
:1031E000D4F84C610244C4F83431694340F271258B
:1031F000324405FB0122B4F81C11B2FBF0F201329B
:10320000A4F85011A4F83821B4F82221012A18D0CA
:103210009533034405FB0133B4F82011B3FBF0F3FD
:103220009BB28B4238BF0B46A4F8523194F82C3134
:10323000A4F8542184F856310F2384F85A3102B08F
:1032400070BD0023F0E700BFFF083D002DE9F04FFF
:10325000D0F800A08DB007460C46BAF8AA000E219F
:10326000FDF756FF0D210546BAF8AA00FDF750FFFD
:103270003B6881469AF80E0093F8A880B8F1000FD9
:1032800020D1322113F041FA064695F8C8305BB3DD
:103290006A4605F5AE7105F1F8000FF0C9F89AF825
:1032A0000F30002B40F03B8101F036FC0B0425D49D
:1032B0001A223221384617F0ACF9064630460DB0D6
:1032C000BDE8F08F33280CBF2A260026B9F1000F85
:1032D00008D099F8628208F1FF32D2F1000848EB79
:1032E0000208D2E7C846D0E76B46D5F8F900D5F812
:1032F000FD10B5F8012103C31A80D0E795F8C4305A
:103300000BB92F22D5E70EB13246D2E7637895F894
:10331000162103F03F03934243D195F8F830012B77
:103320003FD195F81761002E3BD13A686388D18868
:103330005B1A1BB2002BB8BF5B429BB2B3F5804F48
:103340002FD263792179774841EA0321A37941EAB1
:10335000034101F18073A3F5FA7323F07F438342A5
:103360001FD8207AE37943EA0023607A43EA0043D6
:10337000994216D8D2F8C8209A4212D9A37C617C0F
:10338000E07C41EA0321B4F80F20638941EA00415F
:10339000A07BFFF7CDFE20B1E28AA38A012A02D1E9
:1033A0001BB11E2285E7002BFBD0A389002BF8D090
:1033B000237F03F00F02042A01D90F2AF1D14F2BEA
:1033C00003D903F0F003F02BEBD1237E072BE8D8D1
:1033D000A07E17F08EF80128E3D1A37E082BE0D859
:1033E000607E0F28DDD817F084F88346FFF7E4F9F4
:1033F00043785B45D5D395F80C11207E0EF038FD4F
:103400008345CED368460FF0C3F808B9482250E789
:10341000A28A47F6FE739A4216D8FFF7CDF9222208
:103420008346002103A819F097FC3F4B5A46217EA2
:10343000039303AB95F80C0114F013F920B1A17EAE
:10344000386813F0B6FF08B9202232E7B9F1000F4F
:1034500007D099F8623223B1B8F1000F01D10C22E4
:1034600027E73F2328468AF80F306279237943EA19
:103470000223A27943EA0243227AC5F83031E37984
:1034800043EA0223627A43EA0243C5F83431227CDC
:10349000E37B43EA0223A5F83A31A37B85F83E316A
:1034A000627B237B43EA0223A5F83831A378E278D4
:1034B00043EA0223A27CA5F83C31637C43EA022361
:1034C000E27C43EA0243C5F84C31627D237D43EA46
:1034D0000223A5F85231E27DA37D43EA0223A5F839
:1034E0005431E27AA37A43EA0223A5F85031A37E4D
:1034F00085F85731E37E85F85831237E85F85631BB
:10350000637E85F85A31396813F01FFF05F1AA0070
:10351000064916F00FFE384617F055F8CEE601269C
:10352000CCE600BF0B073D0000040400DB72010085
:1035300003682DE9F047DA7B06460C46422A40F044
:103540009D800027DF7317F050F833680E21B3F821
:10355000AA00FDF7DDFD637890F81621054603F01B
:103560003F03934240F0958090F8F830012B40F0F3
:10357000908090F81731002B40F08B803168628882
:10358000CB88D31A1BB2002BB8BF5B429BB2B3F5FA
:10359000804F7ED2B0F83C31D21A130479D46279CC
:1035A0002379634843EA0223A27943EA024303F101
:1035B0008072A2F5FA7222F07F42824269D8D1F875
:1035C000C8209A4265D9D5F83021934261D3D5F805
:1035D000342193425DD8637B217BA07B41EA0321A8
:1035E0006289B5F8503141EA0041607AFFF7A0FDE9
:1035F00000284ED0B4F80730002B4AD0E07B0728D3
:1036000047D895F80C8195F856A141460EF030FC4C
:103610008146414650460EF02BFC814539D1B8FA1F
:1036200088F8E07B4FEA581841460EF021FC8146AD
:10363000414650460EF01CFC81452AD8207C16F0ED
:1036400058FF012825D1217C082922D8627B237BC1
:1036500043EA0223A27B43EA0243D5F84C2193427A
:1036600017D86289B5F83A319A4212D3306813F00C
:10367000A0FEB0B96FB1002220210CE09B7B3E2B55
:1036800054D116F098FF3368002283F84E210127A9
:103690005BE700221E213046FFF78AF90020BDE8D3
:1036A000F087227C4FB995F857319342F1D195F9C3
:1036B000581194F911309942EBD161793046237950
:1036C00043EA0123A17943EA0143C5E94C33E17A96
:1036D000A37A43EA0123A5F83A31637A85F83E31AB
:1036E000217AE37943EA0123A5F83831A378E17818
:1036F00043EA0123617BA5F83C31237B43EA0123A4
:10370000A17B85F85721012243EA01430021C5F836
:103710004C31637C85F85831E37B85F85631FFF7EF
:1037200047F93168284613F010FEB7E70120B6E7E5
:103730000B073D00304BF0B5B0F86C700C461146ED
:10374000DA88B0F86A6085B097421D8928BF1746AD
:10375000964228BF16461B2E2ED0B5F5A47F2DD03D
:1037600040F6480301AA9D4228BF1D4614F0E3F924
:10377000BDF80A30BB4228BF3B46E380BDF80C30A1
:10378000AB4228BF2B462381BDF80630B34228BF89
:1037900033466380BDF80830AB4228BF2B46A38078
:1037A000FF232370E3881B3B9BB2E02B08D940F238
:1037B00002513920FDF768F81B2FCED105B0F0BDBE
:1037C00063881B3B9BB2E02B02D940F20451F0E727
:1037D000238940F64812A3F5A4739BB2934202D901
:1037E00040F20651E5E7A388A3F5A4739BB2934288
:1037F000E4D94FF4A161DCE7B00D0020F7B5002358
:1038000004460E461746CDE900336846FDF7BAFC7C
:1038100008B100201AE0009DA542F6D0304605F11F
:10382000AD0314F072F9394695F8AC2015F041FF5C
:103830000028EAD005F1B40395F8B32004F1B401EF
:1038400094F8B30015F035FF0028DED003B0F0BDCA
:10385000054A516A02F11D03127F11F8030BC0F3F0
:10386000801015F026BF00BF2013002010B50321E3
:103870000020FDF74DFC044670B90321FDF70CFC58
:10388000044620B940F21E313920FCF7FDFF034BFE
:1038900093F9701017F072FD204610BDB00D002096
:1038A000014B5888704700BFB00D0020044BD87BF7
:1038B000C0F3400080F0010000F00100704700BF3D
:1038C000B00D002038B515F0F3FE002501F0B0FC76
:1038D000214C01F04DF916F008FC03F051F901F00C
:1038E000A9FE07F081FB012001F0D2F81B4B1C4A16
:1038F00029461D604FF01B13A4F86850A58184F879
:103900003650E573C4E900234FF4A4731022A3607A
:103910004FF479432361134B58681B89A06304F16A
:103920004000A38719F018FA012342F2107204F143
:103930005E0084F840306375C4E9112218F0EFFC92
:1039400004F1500018F011FD0022002384F880508B
:10395000C4E91E2338BD00BFB00D00206C18002044
:1039600003021B008D8A0400064B41F64C521B21BA
:103970001A629973C3E9062241F288325A62FFF74C
:10398000A1BF00BFB00D0020F0B53D4D85B000F1E6
:10399000A8070446AB69C0F8E8302B7C003B18BF91
:1039A000012380F82931374BC0F8C830384617F06A
:1039B000B5FA064601F0B0F88306A97B53BF1B2376
:1039C0006B88AA881A46A4F812312F4BA4F8142148
:1039D0001B6884F8F010A4F8F26023B194F9281160
:1039E000B4F8AA00984703A8039414F08CF8274B66
:1039F0001B681BB12649B4F8AA00984725493846E8
:103A000015F0C6FC0123A4F8DE30234B1B681BB164
:103A10000021B4F8AA009847204B1B681BB1002175
:103A2000B4F8AA0098471E4B1B6813B1B4F8AA005B
:103A300098471C4B1B6813B1B4F8AA009847AB8891
:103A400004F1C0006A8869780333033201919BB2A4
:103A5000297892B2009104F1C401FDF7F3FBD4F888
:103A6000C03023B940F2DB413920FCF70DFFD4F818
:103A7000C43013B940F2DC41F6E705B0F0BD00BF39
:103A8000B00D002000093D008018002074180020AF
:103A9000D80D0020BA0D00209418002088180020AE
:103AA0008C180020901800202DE9F34104460E46A2
:103AB00017F0A5FC002800F09680204617F014FEB1
:103AC00040B1B6F80130013B7F2B03D9122002B080
:103AD000BDE8F081204617F00BFE08B90C20F6E790
:103AE000204617F0EFFA0028F8D1204617F030FCF6
:103AF00080460028F2D1204605F09AFB0028E5D048
:103B000042F21073B6F80170F17820465F4317F067
:103B1000D6FD04213078FDF7FBFA05460621307802
:103B2000FDF7F6FA2DB140B141F678213920FCF7C6
:103B3000ABFE18B3054690F8E5802C4E3368EBB128
:103B40004035284617F091F8C0B1284617F07EF8A6
:103B5000A0B9B8F1000F07D0254B28461B6898473D
:103B600060B141F68C21E1E722494246336828469C
:103B7000096A984710B141F69121D7E7204617F01E
:103B8000ABFD014638B93A46204603F03FFD40B34D
:103B900041F69A21CAE702210DF10600FDF744FA29
:103BA000054608B90D2092E7BDF8061015F0B6FEDF
:103BB0002946204617F0C3FD2846FFF7E5FE3A46A2
:103BC0002946204603F022FD024610B141F6B621F7
:103BD000ACE7084BDB6E23B105F5977105F1A80042
:103BE0009847002073E7422071E700BF701800205B
:103BF00078180020B00D0020024B1B6803B1184755
:103C00000C2070476C180020034B5A8802801B78E8
:103C100083700020704700BFB00D002073B583781B
:103C200006461A2B08D8042B04D9334A22FA03F388
:103C3000DB0705D412251AE0292B01D03B2BF9D143
:103C40003088B0F5706FF5D2694615F036FE88B948
:103C5000009B93F82C2102F0FF05C2B9B27883F8DB
:103C60002D21FF2283F82C21684614F065F928469F
:103C700002B070BD09213088FDF74AFA04460028D9
:103C800037D001A9B0F8AC0115F017FE08B10C252A
:103C9000EDE70821B4F8AE01FDF73AFA20B940F695
:103CA00039013920FCF7F0FD03781BB994F8C831CD
:103CB000032BECD1019B93F84221002AE7D194F821
:103CC000F02102F0FF05002AE1D1B4F8B021A3F8F9
:103CD000442194F8B82183F84621027D83F84721D6
:103CE000B27883F8482184F8F021FF2283F842213A
:103CF000BDE70225BBE700BF200038040188A1F121
:103D00001B039BB2E02B0CD8428844F24810A2F56A
:103D1000A4739BB2834204D8034B0020D9801A813C
:103D200070471220704700BFB00D002038B50278F0
:103D3000447802F0010302F0020254EA030101D1C7
:103D4000112038BDBAB98578002DF9D0002B18BFE5
:103D5000002400E01D46204613F078FF0028EFD035
:103D6000284613F073FF0028EAD0054B00209C7210
:103D7000DD729881E5E7002BECD000242546EAE7C8
:103D8000B00D002013B5008801A915F0B8FD044658
:103D900020B9019890F83E311BB13A24204602B078
:103DA00010BD90F8603003F0FF04002BF5D190F8BF
:103DB00057309B0706D1FF2380F83E3101A814F04D
:103DC000BBF8EBE70249583016F0B7F9E6E700BF59
:103DD0008BAB010037B5837805460A2B39D801A98A
:103DE000008815F06AFD044670B912212888FDF795
:103DF0008FF920B941F2DA513920FCF745FD019BDA
:103E000093F840211AB10C24204603B030BD827AC9
:103E100002F0FF04002AF6D1019A92F8691009070E
:103E200006D4FF2283F83F21FF2283F84021EBE7ED
:103E300092F86D20D20907D0027BAD78417BAA426F
:103E400028BF2A469142EFD30349023016F06CF99D
:103E5000DAE71224D8E700BFD5C30100F7B506782A
:103E600004460F46EF2E03D91226304603B0F0BDAC
:103E700090F901204378002AF6DB82789207F3D18B
:103E800013F010001DD19D0603F0030216D5002A81
:103E9000EAD11907E8D42179E278E57942EA0122EA
:103EA000617942EA0142A17941EA0521257A41EA94
:103EB00005418A42D8D81F2A12D8D5E7032AE8D16B
:103EC000D2E713F0600FCFD103F00702052A05D027
:103ED00003F00F010D22CA40D207C5D51D07DAD560
:103EE000627A013A062ABFD8A27A032ABCD813F014
:103EF000040302D1023A012A03D8E27A012AB3D894
:103F000013B9A37C032BAFD8237DF8B1012BABD120
:103F1000237E012BA8D818B36378D90702D500F007
:103F200043FD20B36378227D03F01803082B2ED1C4
:103F3000022A1CD103213046FDF7EAF8054660B39A
:103F400017F0C0F8002834D00C268EE7022B8BD057
:103F5000A37D013B022B87D8E37D0F2BD8D983E7C4
:103F600000F0F8FD820707D4237D022B01D1112632
:103F70007BE7A37D022BFAD000F0ECFD4307CBD406
:103F8000237D032BF3D0A37D032BC5D1EFE7022ABA
:103F9000D0D0237F002BCDD0E9E703213046FDF7B9
:103FA0007BF80546002843D0224B93F9701017F098
:103FB000E5F90021304617F026FE28BB284617F009
:103FC00088FB21463870E074284617F06AFAE37ED1
:103FD0000646002B3FF449AF00287FF446AF024667
:103FE000E96C6846FDF70EFA3246E86C012111F0E3
:103FF0007CFEE96C68460422FDF704FA324631463D
:10400000E86C11F072FE30E7403016F02EFE00280A
:10401000D4D0637813F0330F7FF426AFA67D284603
:10402000296A17F078FBFEF7FDF98642C6D08BE7C8
:1040300007261AE7B00D002030B502798BB0034691
:10404000042A4FD84088B0F5804F4BD82649002429
:104050001144ADF800408DF808408A7C4D7B42F059
:1040600010028DF8244042EA4502CD7D097F42EAE4
:10407000850242EAC102694602F01F028DF8002063
:10408000BDF80020ADF809201A888DF80E00000A4E
:104090008DF80B20120A8DF80D408DF80C208DF84C
:1040A0000F008DF810405A7BD3F807008DF81120CF
:1040B0005A79059002A88DF812209A798DF813206C
:1040C000B3F80B209B7BADF818208DF81A307F23B6
:1040D0008DF81B304FF00113CDE90734FFF7BEFE1A
:1040E0000BB030BD1220FBE78D8A04000278034636
:1040F00072B1427862B142881A2A09D982881A2A92
:1041000006D90068034A106000209B88938070479E
:1041100012207047B00D002002680020014B9A6108
:10412000704700BFB00D00200378A3F10A02112AE6
:104130009BBF024A0020122093737047B00D0020ED
:10414000014B587400207047B00D0020014B98744B
:1041500000207047B00D0020024B1B6803B11847C8
:10416000112070479818002008B5052000F09CFC2D
:1041700006F04EFD014B024ADA6608BDB00D002084
:104180003537000008B5212000F08EFC222000F019
:104190008BFC06F049FD054B054A1A60054B064AA3
:1041A0001A60064B064A1A6008BD00BF7C18002042
:1041B00061C10100801800201DAE0000841800209D
:1041C0008DC0010008B53F2000F06EFC01F0D6FE66
:1041D00002F0F2FA06F070FD014B024A1A6008BDC7
:1041E0008C180020F9AF000037B5044600F094FCAD
:1041F000090403D40C24204603B030BD258801A94E
:10420000284615F07CFB04460028F4D1019BDA7C9B
:10421000002A36D01A7DA2B393F869201207E9D597
:1042200093F86B30DB09E5D00E212846FCF770FFD0
:10423000054690F8C230002BDCD0B0F85A309B070E
:1042400013D590F87C30002BD5D11123482221467C
:1042500080F87D3018F080FDFF2385F8C5300B49CC
:1042600005F1740015F060FFC5E70198492210F8C8
:10427000A81F01F031FC30B9019BFF2283F84C21CB
:10428000B9E72F24B7E74524B5E700BFDD6D01008E
:104290002DE9F04FB0F8008091B004460FA94046D8
:1042A00015F02DFB064638BB0F981C2210F8A81FEE
:1042B00001F012FC18B1E378012B00F082810E218D
:1042C0004046FCF725FF054690F8C63003F0FF0690
:1042D000002B40F078810F9BDA7C002A00F075817A
:1042E0001A7D002A00F0718193F86B30DB0907D149
:1042F000E378012B04D10C26304611B0BDE8F08FD5
:1043000095F8C230002BF6D0617904F10D07A07842
:104310000D91217BE27D0139237994F806E0C9B241
:1043200094F8079094F808A0022994F809B097BF70
:10433000DFF8A0C2FF218C449CF8211094F81AC029
:10434000CDF828C094F819C0CDF824C094F818C04E
:10435000CDF820C094F80AC0CDF81CC094F80BC06A
:10436000CDE9051C0D99CDE903AB00913946CDE9A6
:1043700001E912F0C8FD002800F02981E378012B43
:1043800000F22581A37AA3B995F8F23013F0010F5A
:1043900000F01D81FEF710FA237E81460193237BF6
:1043A0000093E37A6279217912F049FE40B911262F
:1043B000A2E7012BEED195F8F23013F0020FE7E7F8
:1043C000237E05F148000193237B0093E37A627911
:1043D000217912F034FE0028E9D0A27A002A7CD19B
:1043E00095F84B3013F0020FE1D005F1F80013F00F
:1043F00092FB20B195F81611A3789942D7D1E37EAC
:10440000D90705D5012A6FD1B9F81230DB06CED510
:104410000D214046FCF77CFE13F086FB00287FF45C
:104420006AAFA37885F81631D4F80D30C5F8F930A5
:104430007B68C5F8FD303B89A5F80131E37D85F83F
:104440000331237985F804316379FF2B85F808312E
:1044500017BFA37985F8050185F80531E07985F85E
:104460000601237A85F80731637A85F80931237BC1
:10447000013BDBB2022B96BF564AFF239B184FF03D
:10448000070298BF93F8213085F80A31E37A85F85E
:104490000B31A37A85F80C31237E85F80D31637ECC
:1044A000B5F85C1085F80E31A37E85F80F31E37EF8
:1044B00003F0010385F81531B9F8140012F07DFA04
:1044C00095F815318046002B5ED0A37A072283B978
:1044D000B5F86410B9F816000FE0012A85D195F8F7
:1044E0004B3013F0010F7FE7002A91D1B5F85A3015
:1044F0008CE7B5F85E10B9F81C0012F05EFA0922DC
:10450000B5F860100746B9F8180012F056FA81465F
:10451000FEF7A6F90222B5F8621012F04EFAB8F1D1
:10452000050F35D808F1010808EB88084FEA48085C
:104530005FFA88F8052F85F8128131D8013707EB2B
:1045400087077F00FFB2B9F1080F85F8137197BF95
:10455000204B96234B4493F8243085F8103120B338
:1045600001280CBF1423282385F81131FF2285F878
:10457000C620E378012B1AD185F8F83085F8173179
:104580000F9B83F84D21B7E60722B5F85E10A1E72F
:10459000B8F1060F0CBF4FF050084FF09108C9E773
:1045A000062F0CBF50279127CDE70A23DCE7012314
:1045B00000210FA885F8F83085F81711FEF7A4FB45
:1045C0009AE6452698E63A2696E62F2694E612269F
:1045D00092E600BF8D8A040073B504460DF0D8FF43
:1045E00000285FD018F0F7F8304A92F8803053B1C5
:1045F0002F4ED2E91E35C31A61EB05059E424FF0DE
:104600000003AB4150D2012382F880300023C2E97D
:104610001E01CDE900336846FCF7B4FDD0B100209F
:104620004FF40033CDE900036846FCF7ABFDC8B199
:104630000023CDE900336846FCF7A4FDC0B1002299
:104640004FF40033CDE900236846FCF79BFDE0B151
:10465000002005E0009B93F85031002BDBD03A207E
:1046600002B070BD009B93F85031002BDCD0F6E710
:10467000009890F86B305906DDD5234600F5967208
:10468000B0F8AA1013F031FBD5E7009890F86B3022
:104690005B06D9D5234600F59672B0F8AA1013F040
:1046A00024FBD1E71220DBE70C20D9E7B00D002076
:1046B0003F420F0003882DE9F7439FB204460B8069
:1046C000B7F5706F04D31226304603B0BDE8F0830F
:1046D00001A9384615F013F906460028F4D10E2139
:1046E0003846FCF715FDA37890F8162105469A4246
:1046F000E9D1F83013F00FFA0028E4D0032AE2D809
:10470000B4F80330002BDED0B4F80930012B09D007
:10471000B4F80520002AD6D0B4F80730002BD2D048
:104720009A42D0D8237BE27AE17B42EA0322637B80
:1047300042EA0342A37B43EA0123217C43EA01438B
:104740009A42C0D802F180725C49A2F2E24222F0A1
:104750007F428A42B7D803F18073A3F2E24323F089
:104760007F438B42AFD8637C072BACD8A37C013B43
:10477000032BA8D8207D0F28A5D895F80C9115F00B
:10478000B8FE8046607CB9FA89F149090DF070FBEA
:10479000804598D3637D053BDBB2F92B93D9A37D8C
:1047A000053BDBB2F92B8ED90D213846FCF7B0FC66
:1047B00013F0BAF900287FD1FDF7FEFF0746207DF0
:1047C00015F097FE95F84930834201D20D267BE71C
:1047D00005F148033A46617C95F80C0112F041FF5F
:1047E0000028F3D0B4F8037040F27123B4F8090044
:1047F000BAB25A4383B2012B5BD0019BB4F805C017
:10480000D3F8C8E0BCF57A7F61460EF1FF3328BFCC
:104810004FF47A711344B3FBFEF30133B4F807E0AD
:10482000B3F57A7F28BF4FF47A739BB2734528BFE4
:104830007346634538BF634694F80CC094F80BE0A8
:1048400094F80F804EEA0C2E94F80DC04EEA0C4EF0
:1048500094F80EC04CEA082C94F81080A5F81E11AC
:1048600047F6FE714CEA084CA5F81C718B42A5F87E
:10487000220128BF0B46964594BFC5F824E1C5F830
:104880002421944594BFC5F828C1C5F82821A5F86E
:104890002031637C85F82C31A37C85F82D31E37CB5
:1048A00085F82E31237D85F82F31FF2385F81831C7
:1048B0000AE700210B46BFE70C2605E71E043D0072
:1048C00008B50378032B06D8013B022B07D8DFE895
:1048D00003F00C111600FF2B18D01E2008BDD0F8D5
:1048E00001200D4B5A620020F8E74078BDE80840EF
:1048F000FDF79EBFB0F901000DF0C4FFF3E740786B
:10490000003818BF012008F0C3FBECE7B0F8010045
:10491000BDE80840FDF7AABFB00D002008B5012290
:10492000054B1A7104F06EFC05F0FAFA14F016FD4E
:10493000BDE8084000F066BF340E002010B50C2022
:10494000084C00F0B1F8282000F0AEF804F108009F
:10495000054914F0A9FC04F10C000449BDE810401D
:1049600014F0A2BC340E0020D0000020D80000209B
:1049700010B5094C094904F1080014F095FC04F144
:104980000C00074914F090FC04F110000549BDE843
:10499000104014F089BC00BF340E0020E00000205D
:1049A000E8000020F0000020014B1879704700BF9C
:1049B000340E002010B5064C064904F1080014F02E
:1049C00073FC04F10C000449BDE8104014F06CBC09
:1049D000340E0020F80000200001002010B52E2029
:1049E0000A4C00F061F8302000F05EF84B2000F037
:1049F0005BF804F10800064914F056FC04F11000BD
:104A00000449BDE8104014F04FBC00BF340E002034
:104A1000080100201001002038B5074C0D4600F0B9
:104A2000CDFEA068256014F037FCFEF79DFF01F075
:104A3000C5F80123237538BD340E0020014B187DC5
:104A4000704700BF340E002010B50C4CE06814F025
:104A500023FC206914F020FCFEF734FF202000F036
:104A600037F82F2000F034F8262000F031F8292004
:104A700000F02EF80023237510BD00BF340E002077
:104A800000487047490E0020004870474B0F002037
:104A9000014B83F819027047340E0020014B93F844
:104AA00019027047340E0020C208074900F00700C1
:104AB00001238340885C03438B5404490B78934261
:104AC00038BF13460B707047780000204E1000204E
:104AD0000F4B012110B503EBD002C40800F0070012
:104AE00001FA00F0195D21EA0001195509490B7816
:104AF000A34205D1002012F8014914B100B10B7096
:104B000010BD002BFAD0013B0120DBB2F3E700BF60
:104B1000780000204E100020014BD3E900017047BF
:104B2000780000200048704780000020064B18786D
:104B3000072881BF08381823B0FBF3F001308CBF81
:104B4000C0B20020704700BF4E10002000487047E0
:104B5000BC8A0400054B1868C0F3C022C0F30020D3
:104B6000400040EA820040F00100704778000020D9
:104B700008B50EF04BFD0023074A32F8231081429E
:104B800005D302EB83029378044A137008BD013306
:104B90000C2BF2D10023F7E7C08A04004F1000204D
:104BA000024B1878072828BF072070474F100020B5
:104BB0002DE9F04F046898460F4685B094F86730A9
:104BC000164604F1A80994F80FA043EAD303D907C5
:104BD00002D4BAF1260F5FD194F8A850002F55D116
:104BE000FFF7B8FF8DF80B00002E51D1FFF7B2FF91
:104BF0002B4B8DF80C00D3F800B0BBF1000F0CD09C
:104C0000AAF1260228464946534253410DF10B02B0
:104C1000009303ABD847054630B99DF80B3013B16C
:104C20009DF80C0028B90925BAF1260F2AD10020D9
:104C3000034694F8292132B19B0700F002002DD5DC
:104C400060B302200346FF2284F8392194F838210A
:104C500002F0FF05F2B99DF8382003A984F83B0162
:104C6000484684F8382184F83A31A4F83C818DF81C
:104C70000C708DF80D60ADF80E8014F089FB0023E8
:104C800084F83931284605B0BDE8F08F3846A9E7E9
:104C90003046ADE73A25F2E71A25F3E70925F1E7B3
:104CA0009C18002010B50468B4F8AA3084F8841168
:104CB000A4F8853194F82001FDF7C4FB84F887013E
:104CC00094F82101FDF7BEFB044984F8880104F241
:104CD0007B10BDE8104015F030BA00BF7B93010097
:104CE0002DE9FF4704688946054694F80EA0AAF10D
:104CF000250359425941052A35D1E37B272B37D16A
:104D000004F10F0799F8018099F8026008F007088C
:104D100006F0070608F1FF33721E03EA080332406B
:104D200013431FD1304614F0CBFB60B394F820310D
:104D3000984228D094F83A21164213D0BAF1250FA0
:104D400021D094F8192116421DD10138013B474A60
:104D5000C0B2DBB21044032B00790FD81A44137988
:104D6000834210D9284604B0BDE8F04714F070BB68
:104D7000BAF1250F77D104F10E07C3E74FF4DD71C7
:104D80000620FBF781FD404614F09AFB40B194F8F1
:104D90002131834204D094F83B3118EA030FE1D06B
:104DA000B9F8039003AB20463246009341464B4688
:104DB00014F093FB2C6878BB94F83831012B28D180
:104DC000E38804F5367294F82011B4F83C0114F02D
:104DD000E5FB0646D0B901462846FFF763FF2B687E
:104DE00083F838613E702B6803F10F02974201D1BE
:104DF0000022DA732B6803F10F0297422FD1284665
:104E000015F0F3FB002004B0BDE8F0872C23A3735A
:104E1000E9E784F83801E6E7E388A4F8D89209F1D5
:104E2000FF39A9EB030947F6FD731FFA89F9994584
:104E300006D92823284684F8313001F0E1FAD9E771
:104E4000E37B0D2B02D00A3B012B01D82A23F1E78B
:104E5000BDF80C30A4F8DA3229233B70CAE70022EF
:104E600083F84E20CEE70220CDE700BFF08A040091
:104E7000034B002283F85020A3F85220704700BF54
:104E800052100020044B93F85020012A1ABF0360EF
:104E900001200020704700BF52100020064B024640
:104EA00093F8501001291BBF0120A3F852200020C5
:104EB00083F85000704700BF52100020054B024697
:104EC00093F8500028B1136011B1B3F852300B8041
:104ED0000120704752100020054B002293F850002B
:104EE000A3F8522010B1012083F85020704700BF72
:104EF00052100020034B93F85000B0FA80F04009A4
:104F0000704700BF5210002050B90A4A01201346D2
:104F100003F8010B0868C2F801008A889A8070477C
:104F2000012805D1034B0A68D8719A608A889A8152
:104F3000704700BFA610002050B90B4B187888B1FD
:104F4000D3F80120B3F805300A6001208B80704748
:104F5000012806D1044BD87920B19A689B890A6050
:104F6000F3E70020704700BFA610002010B9044BE3
:104F700018787047012806BF014BD8790020704788
:104F8000A6100020F7B58A8800238DF80600ADF83A
:104F9000042008680B4A8DF807300146147802F5A2
:104FA000A872019DD8B2844201D8082007E052F8C7
:104FB000087F01335668AE4208BF8F42F2D103B07A
:104FC000F0BD00BFB8100020084B0146002230B5EC
:104FD0001C7903F20713D0B2844201D8082004E000
:104FE00013F8015F01328D42F5D130BDB8100020B9
:104FF0002DE9F8432B4C0746257904EB000E013DC3
:105000009EF80861EDB2854225712BD04FEA051854
:105010004FEA001C08F108030CF108090CF1880C98
:105020002344A144A4440FCB89E80F0008F188036E
:1050300023440FCB8CE80F00631993F808218EF8F6
:10504000082106225543574305F5887507F58877EB
:1050500060596219E119E05192888A8093F84031D1
:105060008EF840313046FFF7AFFF082818D123787B
:10507000013BDBB29E42237012D02B3306F12B0290
:1050800004EBC30304EBC20293E8030082E80300CD
:105090002078FFF799FF08281CBF241884F80861BE
:1050A000BDE8F883B8100020F0B5254D89B095F81B
:1050B000984105F29911684622460FF02FFF2146CC
:1050C000684614F014FB0446B8B300EB400102A894
:1050D000C9B2FCF795FA631E95F8A1610124DBB211
:1050E00095F8981105E0721CB2FBF1F001FB10225B
:1050F000D6B206F120020DEB020010F8202C002A97
:10510000F1D103EB430100F8204C06EB46022031BD
:105110002A44694411F8187C82F8A27111F8177CAE
:1051200011F8161C82F8A37182F8A411013BAA1988
:10513000DBB282F89941FF2BD2D109B0F0BD00BF9C
:10514000B810002070B5064688B00C46002A4ED034
:10515000294A92F8A131D01890F8991119B9FF2174
:105160002820FBF791FB03EB43010133114491F835
:10517000A251E57091F8A35191F8A41125716171C4
:10518000002180F8991192F89811B3FBF1F001FB1E
:10519000103382F8A13192F8C23123B9174902F5D0
:1051A000DD7014F0C7FF65790D220021684605F017
:1051B0003F0545F04005657117F0CEFDE37804AA80
:1051C00069468DF80F30304623798DF80D508DF8F3
:1051D0000E30042317F003FD9DF81F3023709DF857
:1051E0001E3063709DF81D30A37008B070BD0321A0
:1051F0006018FCF705FAD6E7B8100020A9500000A7
:10520000044B1A79824286BF1B1893F85001002084
:10521000704700BFB8100020044B1A79824286BF45
:105220001B1893F848010020704700BFB8100020F9
:10523000074B00224FF461711A701A7183F8C32171
:1052400083F8C421A3F8C61183F8C221704700BFB8
:10525000B81000202DE9F047824689461746984647
:10526000FFF790FE08280546064603D0FFF7ACFE80
:10527000082860D1324C2379072B5ED8082D15D130
:105280002678731C072E237003D96C212820FBF786
:10529000FBFA06F12B02D9F8000004EBC20344F834
:1052A0003200B9F8042083F806A09A80257907F126
:1052B00010026B1C29012371CB1D234412F8010D30
:1052C000BA4203F8010FF9D1873108F110032144E4
:1052D00013F8012D984501F8012FF9D1254410212B
:1052E000404614F04AFA102185F84801384614F077
:1052F00044FA85F808612679002385F85001314683
:10530000104885F8403114F0F2F90128054607D815
:1053100031460D4814F0EBF9002818BF0135EDB205
:1053200084F898510025284684F8A151FFF7BCFE67
:105330002846BDE8F0871220FBE70720F9E700BF09
:10534000B81000200012002008120020064B10B5F3
:105350001879013840B2002800DA10BDC4B22046E6
:10536000FFF746FE601EF5E7B8100020014B83F8FA
:10537000C3017047B8100020014B93F8C301704778
:10538000B8100020431E4AF2B7129BB293429DBF51
:10539000024BA3F8C601012000207047B81000207E
:1053A000014BB3F8C6017047B81000200A4B30B566
:1053B0001C7984420ED9184490F808012B3003EB75
:1053C000C004A5790D7053F8300010600120A38847
:1053D000938030BD0020FCE7B8100020024607484B
:1053E00010B590F8C34124B1017921B1083005F01E
:1053F0000FFF204610BD0C46FBE700BFB810002091
:105400002DE9F74F2F4C9A468046894623798342EF
:1054100056D9231893F8485185F00105F9B193F84E
:105420005031E3B945F002070135BAF1000F18D148
:10543000FA070AD5062104EB0810524601FB084181
:10544000883001F58871FFF77DFEBB0734D504EB8A
:105450000810524649460830FFF774FE2CE02F46EC
:10546000E3E794F8A1614FF0010B002DE0D0A31900
:1054700093F89911019399B90092DAB100F06EFB9B
:10548000019B06EB4601009A4FEA102C83F899B174
:10549000214481F8A201000C81F8A3C181F8A40184
:1054A000013694F89831013DB6FBF3F103FB116628
:1054B000F6B2DAE747F00407384603B0BDE8F08FEC
:1054C0000027F9E7B8100020074B1A79824209D962
:1054D0001A1892F848212AB9062202FB003000F57A
:1054E0008870704700207047B8100020064B1A796A
:1054F000824281BF1B1893F84001B0FA80F0400946
:1055000098BF0020704700BFB8100020F8B50E46C5
:10551000074606211546304614F02FF9044670B1AF
:105520000C4B0022187903F23F13D1B2884202D803
:1055300001242046F8BD013203F8015FF5E731464A
:10554000384614F0F0F80828F3D0024B034483F8EF
:105550004051EDE7B8100020034B80F880101B6825
:105560000BB1408818477047A0180020014B024A31
:105570001A607047A018002025BE01000B2808B54E
:1055800004D940F229112920FBF77EF9014B33F8A9
:10559000100008BDF88A0400036830B50024D3F871
:1055A000C80042F21075A3F84040A3F84640B3F893
:1055B00048404443B4FBF1F4A3F848404C1E05FBBB
:1055C0000242B2FBF1F2A3F84220094AB2FBF1F227
:1055D0000132A3F84C209A8F05FB02445A6B5043CA
:1055E000B4FBF1F4B0FBF1F09C63586330BD00BF35
:1055F000005A6202054B1B7833B9054B1A681B79B8
:105600000260037101207047002070478012002063
:1056100088000020054BFF221A70054A01681160BE
:105620000179117100221A70704700BF80120020AA
:105630008800002007B5064A106812790090684675
:105640008DF80420FFF7E6FF03B05DF804FB00BF10
:10565000241E05000346084671B13F2B0BD8074AAC
:10566000D35C03F07F02914205D08CBF0120002063
:1056700000EAD31070470120704700BF108B040070
:10568000FF230B7002234B7083238B70014B1B781D
:10569000CB707047841200202DE9F84FD0F80480B9
:1056A0000C46D8F81C60304610F0FCF9054620B9CD
:1056B0004FF4AA711020FBF7E7F80146304610F0CE
:1056C000FFF9B5F800B082461FFA8BF717B94FF40F
:1056D000AC71EFE7224B00F103091B68D3B998F8CE
:1056E000023098F803202370637802F00F02A4F8C8
:1056F00002B023F00F03134323F0C00363709AF842
:10570000003003F00303012B0FD0022B0DD04FF418
:10571000BB71CFE73A464946B8F8020098470546BC
:105720000028DCD12846BDE8F88F6278304663F364
:105730000512627010F0CEF9054610B94FF4C07131
:10574000B8E7FB2F02D940F28F11B3E73A4649463A
:10575000201D0FF0E3FB304610F013F9E2E700BF25
:10576000A418002038B5134C10220021201D17F07A
:10577000F3FA0125257404F108031022002104F135
:105780001400C4E9013317F0E7FA84F8205004F15B
:105790001803094AC4E9053300236362A36284F84D
:1057A0002C30C4F82D30C4F8313084F83530136013
:1057B000A36338BD84120020A418002010B5084C43
:1057C0002378FF2B04D040F299111020FBF75CF8EE
:1057D0000FF010FB2070BDE81040FFF7C3BF00BF03
:1057E0008D00002010B5034C20780FF01DFBFF2327
:1057F000237010BD8D000020014B18780FF024BBE2
:105800008D000020014B024A1A607047AC1800203E
:10581000995600002DE9F341DFF88881054608F12B
:105820001407D8F80830D8F81840227A012A22D173
:10583000D8F8382052B1137A1BB9BF211020FBF7DA
:1058400023F8D8F83840C4B9002093E01A7A012A26
:10585000FAD01C46544AEFF3108172B650680068C3
:10586000506001B962B6A34208BFC8F83840237A35
:105870001BB9EE21E2E73A46EDE7267AF6B20523B8
:105880002372731E0B2B7ED8DFE803F07A062336D3
:10589000773F4E3F3F3F3F6B636813B94FF403714F
:1058A000CCE72046294698470420EFF3108272B6D1
:1058B000237A052BD9B24FF0000369D12372D8F8AF
:1058C0003810A14201D1C8F83830002A45D162B65B
:1058D00043E0636813B940F21521AFE7294620463B
:1058E00098470346ADF80400C0B2C3F30723012B69
:1058F0003ED0022BD9D129E0636813B940F21D21B3
:105900009CE7204698470020CFE7284B1B68002BD8
:10591000F9D03246606829469847A6F10A02042069
:10592000534253415B00E4E763680BB9FE2185E70E
:1059300086222A7001225988AA706A710022986909
:10594000A5F80310AA7110F01CF80420D8F838301C
:10595000A34202D10023C8F8383000283FF461AFD9
:1059600008E0134B294620461B689847034668B950
:10597000267298B102B0BDE8F0814FF415715DE771
:1059800040F257215AE740F25A2157E70220DDE75B
:1059900011B940F27B2151E7184696E7002B7FF4BE
:1059A00040AF51E78412002088120020A818002080
:1059B000AC180020134610B5027A22B140F2023131
:1059C0001020FAF761FF0A4601460248BDE8104080
:1059D00014F08DBB88120020044890F82C301BB9BD
:1059E0000349243014F0A0BB704700BF841200208C
:1059F000DFA001000346064890F83C203AB190F839
:105A0000352022B9034900F82D3B14F08DBB7047B7
:105A100084120020815600000A4610B5037A23B193
:105A200040F20A311020FAF72FFF014607230248FF
:105A3000BDE8104014F05BBB981200201346027AB8
:105A40000AB1037270470A460146014814F04FBB81
:105A500088120020014914F070BB00BF57A101005B
:105A60000B8BA2F809001046A2F80B304B8BA2F862
:105A70000D308B8BA2F80F30CB8B0249A2F811307E
:105A800014F055BB01A2010008B50B4A0B460B49A7
:105A900070B1492B04D940F2DA212C20FAF7F4FE38
:105AA000012008701178994238BF1946117008BD5D
:105AB00008701B21FAE700BF8E000020C1120020F1
:105AC000014B1878704700BFC1120020014B1878B5
:105AD000704700BF8E0000202DE9F04704461746AE
:105AE00090F878908A4690F87980858F59BB468FD8
:105AF000043613216088B6B2FBF70AFB40B3BAF153
:105B0000000F22D194F8781014F054FBB0F804A0E0
:105B10004946384614F036FB0F4B0746B4F854009C
:105B20001B78063541469842354438BF18465544DF
:105B300014F028FB38440544206AA8422CBF0020FA
:105B40000120BDE8F087068FD2E794F87910DBE7F3
:105B50004FF0960ADCE700BF8E000020094AD2E928
:105B60000003434083EAB01181EA43214FEAF34343
:105B700011605360044B58434FEAF06000EB800023
:105B8000704700BFC4120020BB79379E094AD2E992
:105B90000003434083EAB01181EA43214FEAF34313
:105BA00011605360044B58434FEAF06000EB8000F3
:105BB000704700BF90000020BB79379E10B50A4C9B
:105BC00008210948FBF71CFDD4E900321343F7D044
:105BD000064CFFF7DBFF2060FFF7D8FF236860600B
:105BE0001843F6D010BD00BF90000020C412002062
:105BF00038B5A0F10B0314460D46DBB22046432B0B
:105C000096BF0C4AFE21D15C14F095FC88B985B191
:105C10002978342909D03F2909D0272908BF26210E
:105C20002046BDE8384014F086BC3221F8E73E211A
:105C3000F6E738BD508B04000A4B0B4A1A600B4B39
:105C4000C0F88C300A4BC0F890300A4BC0F8943042
:105C5000094BC1F88C30094BC1F89030084BC1F8A2
:105C600094307047C01A00204FBE010049C20100A5
:105C700091AE000075AD00001BC20100A1C2010081
:105C8000E9C20100284B294A1A60294B294A1A60A7
:105C9000294B2A4A1A602A4B2A4A1A602A4B2B4A55
:105CA0001A602B4B2B4A1A602B4B2C4A1A602C4B38
:105CB0002C4A1A602C4BC0F8E0302C4BC1F8B8309D
:105CC0002B4BC0F8BC302B4BC1F8D8302A4BC0F856
:105CD000DC302A4BC1F8C030294BC0F8C430294B06
:105CE000C1F8E030284BC1F8C830284BC1F8D43097
:105CF000274BC0F8E830274BC1F8BC30264BC0F822
:105D0000B830264BC0F8D830254BC1F8C430254BED
:105D1000C0F8C030244BC0F8C830244BC1F8E8307C
:105D2000234BC0F8D4307047C41A0020416C0100E6
:105D3000C81A0020B96C0100CC1A0020992B000071
:105D4000D01A0020996E0100D41A0020FB730100C4
:105D5000D81A0020CF790100DC1A0020AB760100B0
:105D6000E01A002017780100517A01007B6C0100D5
:105D70005F6D01004B6E0100616E0100B76E0100A6
:105D8000357101003B7A0100CB7401000F770100EF
:105D9000D3780100F76C01000F6C0100156E010053
:105DA000CD6E01002D2D00004D3200007B780100EA
:105DB0003B770100094B0A4A1A600A4B0A4A1A60EB
:105DC0000A4BC0F8B0300A4BC0F8AC30094BC1F8F0
:105DD000B030094BC1F8AC30704700BFF41A002056
:105DE000A7C40100F81A0020E5B0000019B10000B6
:105DF00041B0000073C40100C5C40100174B184A2C
:105E00009A60184A5A60184A1A60184A9A62184AE0
:105E1000DA62184ADA60184A9A61184A1A63184A0C
:105E20001A62184ADA64184A9A64184A5A62184B75
:105E3000184A9A60184A5A62184ADA62184A1A616D
:105E4000184A5A61184A9A61184A1A63184A9A6499
:105E5000184ADA64184A9A63704700BFB0180020E5
:105E6000B1A60100D7A6010003A80100A1A9010065
:105E7000FDA90100296500000FAA010001680000CA
:105E800049660000E1AA010007AB0100A566000019
:105E9000B0190020C7A60100A7AA01002DAA010081
:105EA000DDA901004DAA0100D9650000ADAB0100DC
:105EB0004BAB010037AB010091AA0100044B054A2E
:105EC0005A65054B054A1A65054A5A65704700BF71
:105ED000B01800208DAD0100B019002077AD010091
:105EE000B7AD0100054B064A9A65064A1A66064B8D
:105EF000064A9A65064ADA65704700BFB018002066
:105F00004F960100E14C0000B0190020A994010057
:105F10009196010001490248FFF78EBEB01900209A
:105F2000B018002008B50B4A0B4B0C491A600C4BFB
:105F30000C4A0D481A60FFF7A5FE0C4BC0F8D03094
:105F40000B4BC0F8E4300B4BC1F8B4300A4BC1F82E
:105F5000CC3008BD4F720100EC1A0020B0190020AF
:105F6000F01A00207D750100B018002031350000C6
:105F7000852F000075720100477601000149024833
:105F8000FFF718BFB0190020B0180020F7B504467D
:105F900001A80F46FEF776FF20B94FF4AA61512001
:105FA000FAF772FC50220021019816F0D5FE019DEF
:105FB0003F2F2E4606F8037F43D83F2F44D8DFE813
:105FC00017F046004C006C0075008D0074017401E0
:105FD0009A00B3009E0074017401A300AF00B300E7
:105FE00043004300B70074017401CC00CC00E3000F
:105FF000E300EA00430043007401EF00FC000001ED
:1060000004010B010D010F0111011B0125015401B8
:106010005601430043002D015E015C0146013C0135
:106020003E014001420148014C014A015001740106
:1060300043004E01440152016001620143005801D6
:106040005A01FF2F00F0258140F24451A7E7214675
:10605000304614F043FCC0B9BBE02668D6F83832AD
:106060006B6096F83C322B72206890F89F3033B901
:1060700014F00BFB2368DB881844A6F83E02B6F840
:106080003E3208206B721B0AAB72FEF707FF002836
:1060900040F00D8140F2575181E7236893F8A82022
:1060A00052BB93F82D3102202B71EEE723681720A5
:1060B000D3F880226A60D3F88422AA60B3F88822D9
:1060C000AA81D3F86022C5F80E20D3F86422C5F85F
:1060D0001220D3F89030C5F81630D6E722680D208C
:1060E000D2F8FE316B60D2F80232AB602368D3F88D
:1060F0009430EB60C9E7236893F8A030D3E73146CA
:10610000204600F03BFBA6E7112306202B71592304
:106110006B710023AB718023EB7130232B72B4E7DA
:10612000236893F89A30BEE7304600F015FB92E7FB
:10613000236893F8A82052B993F8A0203AB193F8B5
:106140009D202A7193F89C3003206B719DE793F892
:106150009B202A7193F89A30F6E723680920B3F858
:106160000C212A71120A6A71B3F8A220AA71120ACC
:10617000EA71B3F808212A72120A6A72B3F8A030E1
:10618000AB721B0AEB7280E7236893F83A212A71FD
:1061900093F83B31D8E72146304613F01BFA5AE713
:1061A00023681121B3F8AA00FAF7B2FF00F15B01EE
:1061B000304613F073FE232067E7304616F09DF853
:1061C00049E7304616F0A2F845E73A4B1B68002B2A
:1061D0005BD140F24951E2E6374BF7E7374BF5E741
:1061E000374BF3E7374B1B68002BF2D023202246B6
:1061F00031469847042048E7324B1B68002BE8D013
:10620000224631462420984705203EE72D4B1B6847
:10621000002BDED0224631462520F4E723681121E9
:10622000B3F8AA00FAF774FF00F17D0200F15B01F8
:10623000304613F03FFE2B2027E7234BC6E7234BC6
:10624000C4E7234BC2E7234BC0E7234BBEE7234BF6
:10625000BCE7234BBAE7234BB8E7234BB6E7234B06
:10626000B4E7234BB2E7234BB0E7234BAEE7234B16
:10627000ACE7234BAAE7234BA8E7234BA6E7234B26
:10628000A4E7234BA2E7234BA0E7214630469847DB
:10629000E1E62368304693F8CF22D3F8D01213F00A
:1062A000CAFD236893F8CF02D5E60120EDE603B0DE
:1062B000F0BD00BFB01A0020B81A0020B41A0020A8
:1062C000BC1A0020C01A0020C41A0020C81A0020DE
:1062D000CC1A0020D01A0020E41A0020EC1A00206A
:1062E000D41A0020E81A0020F01A0020D81A002042
:1062F000DC1A0020E01A0020FC1A0020001B0020FD
:10630000041B0020081B0020F41A0020F81A0020AB
:106310000C1B0020101B00203F289ABF024B53F893
:1063200020000020704700BFB01800203F289ABF0F
:10633000024B53F820000020704700BFB019002026
:1063400030F8023CF7B504460E46B0F8825073B1FF
:1063500001226846ADF801508DF80020ADF80330F9
:10636000FDF74AFC18B195216320FAF78DFA1C4B12
:106370001B6813B1A4F1280098471A4B1B680BB196
:1063800028469847184B1B680BB12846984783232B
:106390000027A6F803503370B770637AD4F89C00D6
:1063A00073710FF0F8FA08B9BA21DDE739462846CB
:1063B000FAF7C4FE02212846FAF7C0FE18B90B4BC3
:1063C0001B6803B198474FF40173002003F00402E7
:1063D0001B0A62F3070063F30F2003B0F0BD00BF98
:1063E000141B0020181B0020201B00201C1B002059
:1063F000014B024A1A607047201B002025660100ED
:10640000F7B5056804464FF6FF77D5F8C0600DF183
:1064100002010DF101023046ADF802700FF06AFA88
:1064200001A930460FF088FA48B101980FF050FBEF
:106430002168A83100220272FFF7EEFAE7E704496B
:1064400005F1280003B0BDE8F04013F070BE00BFB6
:1064500041630000F0B5044685B00D46FF2600F804
:10646000E96C10F8EA3CF3B1174F3B781BB162219D
:106470001F20FAF709FA0C21381DFBF7C1F83E700E
:10648000002304F8E93C8A232A4602F8033BD4F8A7
:106490000930C5F80330D4F80D305360D4F811300A
:1064A000936005B0F0BD01A80C21FBF7A9F8A4F595
:1064B0001773039A1A6001AB03CB44F8F20C44F84B
:1064C000EE1C04F8EA6CDBE7CC12002010B5054C9A
:1064D00023782BB90C21201DFBF792F8FF232370A2
:1064E00010BD00BFCC120020024690F80632BBB9A6
:1064F00090F8073203F0FF010BB100207047094B01
:1065000018780028F9D01970D9680433C2F89410AB
:1065100003CBC2F8FE01C2F80212FF2382F8063252
:1065200001207047CC120020026870B5D37B04466E
:106530000D463BB1132B05D0113B0F2B8CBF012017
:10654000082070BDD2F8A430002B3BD192F8563011
:1065500013B9204614F037F8D5F80B302268C2F88A
:10656000F631D5F80F30C2F8FA312368D5F8132088
:10657000C3F89020B3F8AA20A3F8F922D5F8012097
:10658000C3F8FB22D5F80520C3F8FF222368B5F82D
:1065900009200025A3F80323236883F8BE5183F85C
:1065A000065220680B4900F53C7013F0BDFD2668CB
:1065B000204611F0A0FA162286F86E0028462368BD
:1065C000DA73BEE720460C220321BDE8704014F0C8
:1065D00020B800BF55640000036810B5DA7B04469C
:1065E000202A04D040F29D211F20FAF74DF9002106
:1065F00093F85620B3F8AA0083F8551082B1C3F877
:10660000C91183F85610A3F8CD11A3F8CA0103F5F8
:10661000E0700B4913F088FD23680022DA7310BD87
:106620000121A3F8B90183F8B82103F2AF1083F870
:10663000BB1183F8BF210349A3F8BC21EAE700BFDF
:1066400089A9010071A9010038B5046894F8A8501F
:106650001DB9E37B23B101201AE02368DB07FAD4DC
:10666000D1F801200D4BD1F8051013400C4AC4F8A5
:106670006630C3F307630A4043F00803C4F86A2096
:1066800084F8693013F09FFF1DB90423E3730020E1
:1066900038BD236843F001032360F8E72FC904F7EE
:1066A0006FDB008038B503689A7B042A34D1D1F8B7
:1066B00001204C1CD1F80550C3F86620C2F30762D4
:1066C000C3F86A5042F0080283F86920002283F878
:1066D0004E209A73026892F8A8200AB983F83F21E5
:1066E00093F84021B2B993F8912102F0FF008AB9E2
:1066F000B3F8AA2083F8920103F28910A3F893213A
:10670000D1F801200549C3F895216268C3F89921A1
:1067100013F00AFD002038BD0120FCE767AA010044
:10672000036893F8402112B1094B1B68184793F88E
:1067300091215AB9B3F8AA2003F289100549A3F8A8
:1067400093211A2283F8922113F0EEBC704700BF08
:10675000241B002067AA010010B50446FEF7DCF9EF
:10676000044A054B024009200B40C4F80120C4F83C
:10677000053010BD2FC904F76FDB008037B50C461C
:106780000568FEF7C9F90A4B0A4A03400A4095F822
:10679000661000930B4001928DF800306B4603CBDE
:1067A000C4F801000920C4F8051003B030BD00BFD3
:1067B0002FC904F76FDB0080014B024A1A60704753
:1067C000241B0020A9B1000038B5DB04154604D510
:1067D000037D13B10023436338BD446B013444632C
:1067E00014F0C3F9836B9C42F6D30023034943633F
:1067F0002846BDE8384013F0A0BC00BFD5AA010070
:1068000070B504680546A37B94F8A860012B07D0F7
:106810001EB9E37B23B1012038E023689807FAD43E
:1068200094F857309A0713D44A78D80784F861202F
:106830004A88A4F862208A88A4F8642043F00202FF
:1068400084F857200FD5164904F1580013F075FC51
:1068500094F85730D90710D4CEB9E37B43B1532114
:106860004020FAF711F894F83E31002BEBD1EFE716
:106870000123E373284613F0A6FEA37B0020012B1F
:106880004FF0000304BFA37384F84E3070BD23683B
:106890009A0701D55821E3E743F002032360E9E7B3
:1068A0008BAB010000F50060104A031392F9001051
:1068B00040F3073081420BDD92F901005B425BB28D
:1068C00018447F280DDC10F1800F0CDB40B27047BC
:1068D00092F90210814202DA92F90300EEE70020F9
:1068E00070477F2070476FF07F007047DC120020F8
:1068F00070B5044650F84D0CFFF7D4FF064640B380
:1069000054F8551C6FF0004354F8512CA4F1550570
:106910009A4208BFB1F1FF3F1BD015F05CFF54F85D
:10692000552C54F8513C9042994112D302233246DF
:106930002021284615F0D7FB58B9064B9E8815F044
:106940004AFF4FF47A73E6FB030144F8550C44F810
:10695000511C70BDDC12002070B50568044604F0BF
:1069600021FB054B0146E8721B681BB12046BDE8C0
:106970007040184770BD00BF2C1B0020044B9B6863
:106980005843C3F580534B4303EB2030704700BF9F
:10699000DC12002038B503680D460F21B3F8AA00B9
:1069A000FAF7B6FB044605F089F87F2DE07321D095
:1069B000A0682946FFF7E2FF0F4BA0601B7BCBB11D
:1069C000FFF770FFB0B16FF00043D4E900129A42B4
:1069D00008BFB1F1FF3F0DD015F0FDFED4E9002353
:1069E0009042994106D304F155000449BDE838406E
:1069F00013F0A9BB38BD00BFDC120020F168000015
:106A0000F8B547880346B7F5805F23D20689B2B24E
:106A100002B30578012D1DD890F9042090F90510D6
:106A2000104614F0EBF8A8B193F90640A24211DA2F
:106A3000A1420FDD93F9070082420BDA814209DDA2
:106A4000054BD87000201A7099709F605C709E8012
:106A50001D73F8BD1220FCE7DC1200200B4B00F583
:106A600000601B7840F307305B425BB218447F281C
:106A700007DC10F1800F06DB40B220EAE070C0B204
:106A800070477F20F9E76FF07F00F6E7DC12002007
:106A9000024B1B6803B11847704700BF281B00203A
:106AA000014B024A1A6070472C1B002095690000B8
:106AB000084BBA221A70E2229A704FF400629A6070
:106AC000BF225A70DD22DA7041F288329A800022A9
:106AD0001A737047DC120020F0B51F4D00242B788C
:106AE00014709BB1013B6D68DBB21E1B012E0FDCE5
:106AF00005EBC40655F8347076688E4208BF8742AD
:106B000027D0B84271EB060612D214700020F0BDF7
:106B10001E197710C6F3470655F837C005EBC70EA8
:106B20008445DEF804708F412CBF33463446DCE7E1
:106B300005EBC30455F8335064688C4208BF8542A6
:106B400006D0A84271EB040428BF01331370DDE7BF
:106B50001C4601201470DAE7EC12002010F0070246
:106B600008B503D063214820F9F78EFE18B1034B16
:106B7000197258601A70C80008BD00BFEC120020DE
:106B8000014B00221A707047EC120020024B18795A
:106B9000003818BF01207047FC12002030B50D4AA4
:106BA000FF231371D0E9065373B1D0E902149D613C
:106BB0000C44D9682144D960816939B1CB61002383
:106BC000C0E90633137130BD1560F5E7002BF6D030
:106BD000D960F4E7FC120020FF23084A0B700D2354
:106BE0004B7082238B701368C1F803305368C1F86F
:106BF00007309368C1F80B30704700BF02130020C4
:106C000016220021014816F0A7B800BF0213002089
:106C1000F8B51C4D04466B7D9BB390F8A83023BBA0
:106C2000D0E9787614F06EF894F82021164B5230A3
:106C300053F822304FF47A7203F2E733B3FBF2F3E6
:106C4000DB19B4F8AA2046F100061B182A8046F189
:106C500000066B60AE60E38805F10C0002220B4970
:106C60006B80BDE8F840FEF7E9BE4B0609D5B0F8E9
:106C7000AA302B80D0F880326B60D0F88432AB60C1
:106C8000E9E7F8BD021300203C8D0400D96B000039
:106C9000094B53F8203003F5224370B5B133164643
:106CA0004FF47A720C46B3FBF2F5344405F03EFB28
:106CB0002C44204470BD00BF288D04002DE9F04F06
:106CC00098468BB0002304460F460392069390F833
:106CD00021B112F050FB064694F82B01FEF74EFC52
:106CE000064414F00FF8E37B00F14805B6B2472BD9
:106CF00047D00D2B45D094F80E90A9F14701D1F162
:106D0000000949EB0109039B002B40F08580637B60
:106D1000032B40F08180B9F1000F6AD0B4F8D8326B
:106D2000BB4266D1D4F820322046B4F8F421C4F82E
:106D30001032D4F8C830C4F81432B4F89232134484
:106D4000C4F8183203F0F0FE94F829A1BAF1000F4C
:106D500009D0D4F8E02241F64B539A428CBF4FF051
:106D6000000A4FF0010A94F8EC326BB9D4F8C8204D
:106D7000D4F8E0329A4221D0B4F8AA0015F0DCFA37
:106D80001CE04FF00109BEE7B4F8AA0015F0D1FAF3
:106D900020B940F241713020F9F776FDB4F8E832BD
:106DA0004FF0000AA4F8DE30B4F8EA328381B4F878
:106DB000D832A0F80EA04381013B038294F82A3117
:106DC000002B4ED1BAF1000F4ED1D4F8DC3284F84A
:106DD0002AA1C4F8D830B4F8DA32A4F8DC30D4F8F8
:106DE000E032C4F8C830D4F8E432C4F8D03002231A
:106DF0006373A17B292946D0A1F12C025142514154
:106E0000E27B292A00D039B1B4F8D832FB1A1B042E
:106E100002D4204603F02AF8B4F890A204F51873BF
:106E200094F82101A7EB0A0A0293E3880FFA8AFA81
:106E3000FB1ABAF1000F0FFA83FC26DAE246D4E916
:106E40009E23C4E9A223002384F833320123627B0A
:106E5000032A00F2B581DFE812F01A002A0170005F
:106E60004E01BAF1000F07D04FF04D13C4F8E030D7
:106E70000023A4F8E430A8E74FF09613A4F8E4A0A8
:106E8000C4F8E030A1E70121BAE74346DFE7014655
:106E900094F8ED0112F0CCFC8246D4F8D8003146CB
:106EA00050440CF067FB3146C4F81C02D4F8C8000B
:106EB0000CF060FB07A9C4F8200208A805F08EF9C1
:106EC000079B0093DDE90823D4E9A20115F08BFCB0
:106ED000064604F1A80013F09EFFD4F8943294F80B
:106EE0002101D4F8D8B0069305F028FA069B00F5E6
:106EF0002240D4F81C124FF47A72203BB1305B442C
:106F00005B1A30315B1BB0FBF2F053442A469B1BEB
:106F10001B1A94F821010693B4F8DC3003EB41010D
:106F2000FFF7B6FED4F89422069BC4F824029B1AFD
:106F3000B92B5CD840F2C6412DE7D4F8D8303146A1
:106F4000D4F8140218440CF015FB3146C4F81C02A6
:106F5000D4F8C8000CF00EFBC4F8200204F1A8001D
:106F600013F059FFD4F8D830D4F814621E44B4F8A2
:106F7000F431002B40F09780B8F1000F00F09380BF
:106F800094F8210105F0DAF9D4F81C12D4F8803213
:106F900000F52240761A94F82121B130203E1E449B
:106FA000A44B53F822204FF47A7302F2E732D4E96B
:106FB0009EABB2FBF3F2A6EB0A06B0FBF3F016446D
:106FC000761B361AD4F81032D4F8182294F821011E
:106FD00002FB0311B4F8DC302A460696303103EB8D
:106FE0004101FFF755FE0123C4F824026373D4F86E
:106FF000C83004F1E800D4F82022723B06999B1AAD
:107000005D1BD4F824329D4228BF1D46002384F81E
:107010006032C4F8F051D4E9A2325B1842F10002A8
:10702000C4E99C3213F036F904232844A4F8907282
:1070300084F86932C4F86402D4E99C23C4E9A22329
:1070400003F038F820B1D4F864321E33C4F8643247
:10705000B4F8E031DB1B18B20028D4BF00230123B1
:107060005B0084F86832B9F1000F40F0AC80B8F1F1
:10707000000F40F0AB80637B002B00F0C380D4F89E
:10708000C81004F51870D4F82032C91A12F081FB28
:1070900080B2002800F0B680149B03B11880012054
:1070A0000BB0BDE8F08FD4F81C12761A8AE7D4F83A
:1070B0002022D4F8C830D4F818129B1AD4F81062E1
:1070C0000AFB03F30693B4F8F4319C44D4F81C3261
:1070D000ACEB010C30330CF1FF3C06FB0133B4F890
:1070E000DC1002FB0C332A4601EB4301FFF7D0FD15
:1070F000C4F824027BE7D4F8C82002FB0AF2069207
:10710000B8F1000F1CD0B4F8F411C9B984F83312E7
:10711000D4F8201201FB1A2EB4F8F4A10291CDF894
:1071200018E06BB3BAF1000F2AD1D4E9A061D4E919
:107130009E23B24273EB010108D340F20D512AE6BF
:1071400094F8331200297FF452AFE1E7394B203E27
:1071500053F82B104FF47A7BD4E99E23CDE9042316
:1071600001F2E73301F52241049AB131B61AB3FBBB
:10717000FBF3B1FBFBF11E44761A761B76440696B0
:10718000029BE2442A4603FB0AFA0AF1300A4FEA5C
:107190004A0A5146FFF77CFD41F64B53C4F82402DE
:1071A000D4F8C80098423FF622AF06AB2A465146B3
:1071B000009304F5097312F057FB84F8330216E7C5
:1071C00040F22551E7E5B8F1000F1BD0B4F80812E2
:1071D00039B3B4F80A2294F80C32551CA4F80A22E8
:1071E00002FB033399420DDD00280BDD0023A4F8D8
:1071F0000A5284F86832FEF7B1FC00F00700013053
:1072000084F80C02394608A8089410F079FC04F5BB
:10721000187104F50E700DF079F920B940F275512E
:10722000B9E50A46D7E7039B83F0010384F83032BF
:10723000002035E7288D0400F0B5044685B018B964
:10724000A5213020F9F720FB052900F2DA80DFE8DC
:1072500011F00600D30038003300D800CE0090F8BB
:107260003032C288FBB1B0F82E32934208BFB0F87A
:10727000E4319A1AA0F8E621E3802046D4E99C2361
:10728000C4E99E2302F05AFE94F85030002B00F01F
:10729000AC805D4B1B68002B00F0A780204605B03A
:1072A000BDE8F0401847B0F82C329B1AA0F8E63140
:1072B000B0F82C329BB2DFE705B0BDE8F04004F037
:1072C00099BF15F088FAD4E99E23801A61EB030177
:1072D000012871F1000302DA4FF4C061B1E76FF0E9
:1072E000010383424FF000038B4102DA40F2016157
:1072F000A7E7D4F8C8300BB1B0FBF3F3E07BB4F8E8
:107300002E2247280ED0A17B463901290AD90D2803
:1073100008D0E1880B449BB2D11A0D0443D5013348
:107320009BB242E00132A4F82E22B4F8923203AEAE
:10733000E5880133354FA4F89232B4F842301D4449
:10734000B4F84030013DED1AADB23B685BB1B4F822
:107350002E1200222046013989B29847B4F82E3205
:107360001844A4F82E02B4F82E126B1A18042CD468
:107370000023204600961A46FFF7A0FC012834D1CE
:10738000B4F82E22B4F8E011BDF80C301344521AB0
:1073900012049BB204D5EA1A12F4004F18BF0B4630
:1073A000A4F82E32D1E7013293B2A4F82E3294F829
:1073B0003132002BB9D1B4F8E431B4F82E22934223
:1073C00004BF0133A4F82E32AFE7A37C3046039408
:1073D000002B14BF08233E2384F83130FFF710F848
:1073E000204614F0BEFB0023637305B0F0BD05B06A
:1073F000BDE8F0400EF053BD437B042BF3D0C62113
:107400001FE7CB211DE700BF301B0020381B0020E9
:10741000D0E9A02373B5D0E99E45944275EB0301F2
:1074200004D240F607013020F9F72EFAD0E99E4544
:10743000D0F8C8601946A41A0190A830B4FBF6F43D
:10744000009001341046E4FB06010EF067FF02B025
:1074500070BD000073B50446D0E9786513F052FCA6
:1074600094F820210C4B52300194A83453F8222078
:107470004FF47A73009402F2E732B2FBF3F29219FE
:1074800045F10003121843F10003104619460EF0AF
:1074900045FF02B070BD00BF3C8D04002DE9F843EC
:1074A0000E46044618B9D3213020F9F7EDF9052925
:1074B00000F2A780DFE801F00376413DA52E15F02C
:1074C0003EFAC4E95001204602F0B2F8D4F8340183
:1074D000A43815F082F9204614F006F9054600BBE1
:1074E0000146204613F090FF00F1AE06D4F83401B7
:1074F000B04209D2301A0321192838BF192015F0DB
:10750000E6F960B115F06BF9C4F83461204614F067
:1075100024F945B12046BDE8F84314F01FB9012510
:10752000F2E70025F2E7D4E95023C4E94A23BDE895
:10753000F883BDE8F84304F05DBE13F0A6FF042312
:107540008146884684F8393115F045F907220F46FF
:10755000A9FB023102FB0811D4E94A525B1941EB45
:107560000205D4F810213AB159EA080204D0984231
:1075700077EB050228BF012684F83861D4E952264A
:10758000121A66EB070694F8581139B9012A76F1F8
:1075900000010BDA204602F053F803E0012A76F1ED
:1075A0000006F7DB002384F85031C0E7984277EB00
:1075B00005010FD259EA08080CD01B1A65EB070128
:1075C0009A4276EB010005DB012B71F10000A4BFAC
:1075D0001A460E460C49012304F1E800914284F852
:1075E00051314FF0000384F83031B341B8BF0A463F
:1075F00004F598710DF01EF8002898D140F2B161A1
:1076000052E7EF2150E700BF0040420F2DE9F84359
:1076100004460E46154690F8503103F0FF07002B44
:1076200040F0918000F1E80839467822404615F094
:1076300093FB22464549404615F0FEF9C4F8106117
:10764000FF2384F8503166B1FEF7A0FA00F007007E
:1076500032463F49013086F80C0206F50E7015F0EF
:10766000EBF940F20243A4F83831002384F83031BA
:107670000BF0D6FF00F14906204614F035F801461C
:10768000B6B2B0B311F077FE00F12801284689B2F6
:107690000BF070FF2844AE3DC4F8340115F09BF8A0
:1076A000301841F10001C4E95001012084F81401AF
:1076B00014F022F92D1AC4F818514FF0FF356FF06D
:1076C00000414046D4E95023C4E95251002504F555
:1076D0009871C4E94823C4E94A2384F8515142F21D
:1076E00010720CF0A7FF38BB4FF4DC713020F9F7B3
:1076F000CBF82046DFF85C9013F086FEAE30C4F87D
:107700003401B9F8000048B1E08C38B1FEF73EFA18
:10771000B9F80030B0FBF3F202FB1300064415F099
:107720005AF8361841F10001C4E95061002DC4D067
:10773000AD1941F10001C4E72946204614F010F8C4
:107740003846BDE8F8830C27FAE700BF9D740000B7
:107750003972000018130020F0B5002385B0CDE980
:10776000003303238DF806306846F9F70BFD88B126
:107770000123114EB3700023CDE9023302238DF8AB
:107780000E3002A8F9F7FEFC044638B10023B370AE
:1077900005B0F0BD009813F094FBE5E7029D6B7B0C
:1077A000002BEED005F50E77384615F037F8384641
:1077B00015F040F86C73E4E718130020044B002226
:1077C000DA709A7042F210721A80FFF7C5BF00BFDC
:1077D00018130020014BD870704700BF1813002009
:1077E00008B504F071F9044B5A6882422ABF9878B0
:1077F000002080F0010008BD18130020F0B50446F9
:1078000085B090F8503003F0FF05002B68D1437B22
:10781000032B65D114F0DFFFD4E99E23801A61EBBE
:107820000301012871F100035ADB6FF00103834269
:1078300075EB010104DA40F2A9513020F9F724F880
:10784000D4F8C820E3880AB1B0FBF2F20133134444
:107850009BB2A4F82C32B4F8E431B4F82C229B1A71
:107860001BB2002B3CDD04F50E7014F0D7FF00288E
:1078700036D0FF2384F83132B4F842300DF10E07D0
:10788000E588184E1D44B4F84030013DED1AADB204
:10789000336863B1B4F82C1200222046013989B252
:1078A0009847B4F82C32184480B2A4F82C02B4F8EB
:1078B0002C32EB1A1B0413D4B4F82C12002301222F
:1078C000204689B20097FFF7F9F9012808D1B4F8EA
:1078D0002C32BDF80E2013449BB2A4F82C32D7E70B
:1078E00005B0F0BD381B00202DE9F74304460629FA
:1078F00000F2A980DFE801F004251422282DA10060
:10790000524B9B7803F0FF0253B900920123B0F869
:10791000E411FFF7D3F928B140F2CD61302031E016
:107920000423637304F0D8FA0CF0DCFD0023E28832
:10793000A4F89232A4F82E2284F8313203B0BDE8C4
:10794000F08303234373F9E714F0E5FDC4E9A001D4
:10795000F4E73F4B00F1A8081B681BB14246D0E991
:10796000A00198471321B4F8AA00F9F7D1FB002829
:1079700061D094F82131022B5BD005D8012B08D0BF
:10798000DC21B420F8F780FF033B012BF8D81E3030
:1079900000E00A30858894F82101DFF8B090C31E1A
:1079A000012B8CBF0027282713F01EFA6430D4F86F
:1079B0002022373FA842FFB234BF2B1A0023D4F84D
:1079C000C85099188D428ABFAD1A0025ED1A99F852
:1079D000033023B9D4F8E8309D4228BF1D46D4F8BF
:1079E000F06104F1E80012F055FC0644022014F0A6
:1079F00044FF0221AD1B25EAE575854228BF0546F7
:107A0000284614F064FF10B12E4414F0E8FE012360
:107A10003A463146404612F049FDD4F8F031C9F8F3
:107A20000400D4F8C800184403B0BDE8F04314F0D3
:107A3000D4BE1430AEE79625ADE7A83003B0BDE85C
:107A4000F04313F0E8B940F29B7167E71813002088
:107A5000341B0020014B1880704700BF1813002012
:107A6000034B044A1A60044B044A1A60704700BF73
:107A7000301B002011740000341B0020336401000F
:107A8000044B1A78012AD0B203D01878831E5842CA
:107A900058417047201300200C4B4FF47A7253F872
:107AA0002130023903F2E733C9B2B3FBF2F3022902
:107AB00000F1FF3210B54FEAC21296BF044CF0211C
:107AC00034F81110134400FB013010BD3C8D04004C
:107AD000948B0400D928F0B5054628BFD925BDF8F8
:107AE00014600446303501F5A57006F00207ADB20A
:107AF000FF2D28BFFF2516F0010621D10FBB002B5B
:107B000000F0C580911EC9B2022996BF7B4D40F698
:107B1000480135F811100844D92C7FD9D93C951E5D
:107B2000F721A4B2EDB2002B00F0CF80F634022D85
:107B3000B4FBF1F400F2C680714B33F815306BE002
:107B4000EFB1911EC9B2022997BF6E4D4FF4147167
:107B500005EB4101C9880144D01E012837D801F640
:107B600014409830002E3BD0023AD2B2022A97BF7E
:107B7000644BC02303EB42035B8A18444EE053B1CD
:107B8000911EC9B2022997BF5E4D40F6480105EB30
:107B900041018989DFE7032A05D1691D89B289017D
:107BA00001F5C871D7E7042A05D1691D89B2090119
:107BB00001F5BF71CFE7022A0BBF05F10B0105F1FB
:107BC0000A0189B289B20CBF8900C900C3E7022A41
:107BD00001F19C0114BF4FF4B070B4200844C0E719
:107BE000EBB1911EC9B2022996BF474D40F648013C
:107BF00035F81110D92C084410D9D93C951EF7211D
:107C0000A4B2EDB24BB3F634022DB4FBF1F459D863
:107C10003C4B03EB45031B8B03FB0400F0BDF12C35
:107C2000214628BFF121032A05D1133189B28901E8
:107C300001F5C871DEE7042A05D1133189B20901C3
:107C400001F5BF71D6E7022A0BBF1931183189B28D
:107C500089B20CBF8900C900CCE7B4FBF1F3022D57
:107C6000DBB239D8294931F8151001FB0300C3EB09
:107C70004311C3EBC103E41AA3B2002BCED00833E7
:107C8000032A9BB22BD19B0103F21A4375E7032A07
:107C900006D10535ADB2AD0105F5C87528443BE701
:107CA000042A05D10535ADB22D0105F5BF75F5E7FF
:107CB000022A0BBF0B350A35ADB2ADB20CBFAD0019
:107CC000ED00EBE740F69213A6E7B4FBF1F3022DCB
:107CD000DBB201D80E49C6E740F69211C5E7042A87
:107CE00003D11B0103F5467347E7022A0BBF9B0034
:107CF000DB0003F5BB7303F5CD733EE7A08B0400F7
:107D0000AC8B0400948B0400A08B0400AC8B0400AB
:107D1000AC8B0400294B5A6A10B5D2F80F30C0F86A
:107D2000CC30537D117D1B0443EA0123D17C0B43EE
:107D30006FF45061C0F8D430B2F8193059180629E0
:107D40008DBF40F2E241A3F550634FF47A714B438B
:107D50008EBF00214B430121C0F8C83080F82A11A2
:107D6000937DF9B103EB830303EB83039B00A0F83E
:107D7000DC30B2F81730F1B164214B43C0F8D83091
:107D8000B2F81B30A0F8D030B2F81D30A0F8D230D5
:107D900092F8243003F01F025B0980F8232080F85A
:107DA0002B3110BDC3EB431403EB840303EB8303BC
:107DB0005B009BB2DBE740F2E241DEE720130020EC
:107DC000032937B5144617D19B0103F53473417964
:107DD00090F844500139C9B203291AD8194A0A4403
:107DE000907FE201CA3203FB0422174B9A4215D955
:107DF00040F296712D200FE0042903D11B0103F5F9
:107E0000E773E4E702290BBF0B330A339B00DB0067
:107E1000DDE740F24E310620F8F736FD1E23B2FBB7
:107E2000F3F205F03F03110AD2B241EA401143F0E8
:107E30004003002063F3070062F30F2061F3174053
:107E400003B030BD948B0400C3BF03000346074A50
:107E5000506AD3F86920C0F80320B3F86D20A0F869
:107E6000072093F8681011F06EBE00BF20130020A9
:107E7000D0F8803073B50BB101221A604388DB075C
:107E800027D50023144E056ACDE9003302238DF86F
:107E90000630FF2333776846F9F774F9C8B9009CB8
:107EA000A542F8D005F1B40395F8B32004F1B4016C
:107EB00094F8B30011F0FDFB0028ECD094F8AC303E
:107EC000B4F8B1203377D4F8AD30C6F81D30034B89
:107ED0009A8002B070BD00BF201300203D13002027
:107EE00038B5084D044600F169010623686A00228E
:107EF00011F008FF94F86810686ABDE8384011F086
:107F000022BE00BF2013002007B514F0EFF98DF852
:107F100007000548012306220DF10701406A11F010
:107F2000F1FE03B05DF804FB20130020034B5869F9
:107F300010B1403012F08ABE704700BF20130020FD
:107F4000034B986910B1403012F080BE704700BFFB
:107F50002013002070B504460E461346407F658806
:107F6000324615F0040118BF04F17701FDF748FA15
:107F70004107054621D4C2070BD50123607F84F851
:107F80006830FDF7A1FA0368C4F869308388A4F863
:107F90006D30AB0701D4012070BD094B0121586A37
:107FA000D4F8773084F87610C0F80930B4F87B3014
:107FB000A0F80D3011F0D0FDEDE70020ECE700BF98
:107FC0002013002010B50446084694F8D8306BBB47
:107FD0002378082904F1DB0284F8D93016D004F1A3
:107FE000DA01FDF7E3F920B94FF477612D20F8F7B6
:107FF0004BFC94F8DA3043F0020384F8DA3004F1F1
:10800000D0000B49BDE8104012F08EB8094B586AF9
:10801000034613F8031BC1F3801184F8DA10D0F87B
:108020000310C4F8DB109B889380E8E710BD00BF05
:10803000E7B001002013002070B504460E46154637
:10804000FCF72CFD98B92378A4F8C16084F8C030FF
:10805000637C84F8BF500BB194F8483004F1B6004B
:1080600084F8C3300249BDE8704012F05DB870BDBD
:10807000FBB2010010B504460E498C3012F054F8E2
:108080000D4904F1C40012F04FF894F89520B4F8AB
:1080900096102046FFF7D0FF084B00221A70084BBD
:1080A0001B682BB12146206A0222BDE81040184708
:1080B00010BD00BF89B10100D1B001002013002024
:1080C000401B002038B5B0F8483004461A4D013343
:1080D000C3F30E03A0F848302B7B2BB104F01EF83D
:1080E00003F0EEF800232B7300232B7094F88930F3
:1080F0002BB101212046BDE8384012F044BF637C1B
:10810000BBB1B4F848209A4213D30121204612F0A3
:108110003AFF63882046DB0747BF236A4322432296
:108120004FF6FF7148BFB3F8AA10BDE83840FFF71B
:1081300083BF0021DEE700BF2013002010B5FFF74A
:108140009FFC064C28B1237B1BB103F0E7FF03F033
:10815000B7F8A06ABDE81040FFF7B4BF20130020B5
:108160002DE9F0410746FFF78BFC054620B940F6A4
:1081700082412D20F8F788FB214CA26A166A0EB1C5
:1081800096F829611FB3616A02F1690392F86820C9
:1081900011F8097BF80911F08CFAC0B13146606A18
:1081A00011F0FFFC98B1A56AFFF76AFC10B940F620
:1081B0005C41DEE723782846E26A07F00F0103F10D
:1081C00080435269013B52F8233098470546237B90
:1081D0001BB103F0A3FF03F073F87DB1A06A12F0A6
:1081E0008BFE30B103F01CFEE36ABDE8F0419B68F2
:1081F0001847A06ABDE8F041FFF764BFBDE8F08111
:10820000201300200346074A906A03B909B9FFF713
:1082100059BF1378D26A03F180431269033B52F8C5
:10822000233018472013002003292DE9F043054689
:1082300085B0174607D14388980723D400242046E9
:1082400005B0BDE8F083428890F88830D107DBB2F2
:10825000F4D5002BF2D14FF00108DFF8D49099F853
:108260000C60C6B111F069FA0828387016D002AA5D
:108270000DF10701FDF79AF838B940F6F7612D20A6
:10828000F8F702FB4FF00208E7E702A99DF80700A4
:1082900012F0D2FC06463B78082B08D1D9F82410FE
:1082A00011F8030BC0F3801012F0C6FC0646D9F893
:1082B000241005F1700395F86F2011F8030BC0F33B
:1082C000801011F0F6F9D9F82410044611F8030BC8
:1082D000C0F3801011F027FA8146FDF707F940B18D
:1082E000B9F1080F1BD04846FCF78AFF80F0010364
:1082F000D8B23A78082A14D01CB96C7FA21A54421A
:1083000054416A8853079AD4002897D176B9EC7CF7
:10831000444518BF002C0CBF012400248FE7002027
:10832000E7E780F001022240D4B2EAE7344686E76C
:10833000201300202DE9FF4108230DF1070205213C
:1083400004468DF80730FFF76FFF054620B900257A
:10835000284604B0BDE8F081FBF77AFA064600280B
:10836000F5D1344F0DF10808216A7A6A91F817C0E7
:10837000104610F8033BC3F3401303EA0C03CB751C
:10838000D2F80330C1F8AD308388A1F8B13011467E
:10839000D4F820C011F81F3BC3F380138CF8AC3025
:1083A000D2F81F000B79029060468DF80C30FFF771
:1083B000B1FC434694F912200121206A12F013FF08
:1083C000216A84F895602046B1F8AA309DF807200C
:1083D000A4F89630FF2384F8B3304FF6FF73A4F867
:1083E000B43012F02BFF144904F18C0011F09CFE04
:1083F000FCF754FB60B9236A04F1C4000F49B3F8D9
:10840000AA20A4F8CD20DB7D84F8CF3011F08CFEBB
:10841000236A00222046B3F8AA10FFF70DFE084B8E
:1084200000221B683A70002B92D02146206A9847A0
:108430008EE700BF2013002089B10100D1B00100F8
:10844000401B0020032973B5044604D005292BD016
:10845000012002B070BD08230DF107028DF807302E
:10846000FFF7E2FE0028F3D0237C23B19DF807102C
:108470002046FFF7A7FD114D0622042620466B6A11
:108480005A701E70FFF7E2FCA16D94F85C20686AD8
:1084900011F078FB686A2E7003F0CEFD0021686A47
:1084A00014F057F80020D4E7054B1B68002BF9D0D7
:1084B000984780F00100C0B2CBE700BF2013002036
:1084C0003C1B0020F8B504460F4619B300F13005F7
:1084D000284613F0BBF9A0B963881A072ED52846A1
:1084E00013F0C9F90646284613F0B0F9301AC0B2A5
:1084F00013F002FA494A536803442846536013F0C4
:1085000084F9284613F086F903F0E0FB2179252051
:1085100003F0FEFA414E002394F87620706A03704F
:1085200043706388103B0D2B68D8DFE803F0636766
:108530005F0C674467676767676767442046BDE805
:10854000F840FFF7BFBD0623437020230370204689
:10855000FFF77CFC638823F008039BB2152B05D042
:1085600094F85420216D706A11F0FDFA706A03F0DE
:1085700063FD0021706A13F0ECFF032321790020D2
:10858000337003F0C5FB054607B9B06063881B076D
:1085900004D513F0AEF90544C4F81C516388103BB0
:1085A0000D2B36D8DFE803F038352F2F352F353532
:1085B00035353535352F0C2321214370034603F81B
:1085C000091B52B1D4F877200121C0F80920B4F872
:1085D0007B209A8011F0C0FAB9E7226FC0F8092019
:1085E000B4F874209A8094F86F10F3E706230370B0
:1085F0004370ACE7022303700623F9E740F25961A8
:108600002D20F8F741F921790120BDE8F84003F069
:10861000B9BD40F6F541F3E7F8BD00BF20130020D7
:1086200038B543880446102B04D10121BDE83840F9
:10863000FFF748BF0B4D2B7B23B102F01BFE402000
:1086400003F060FD686A03F0F7FC608810F0040036
:1086500002D1217903F096FD002003F03BFD0123B8
:108660002B7038BD20130020024B0121986AFFF7C0
:1086700029BF00BF2013002003292DE9F341044640
:1086800005D0052900F08180FFF71CFD79E0082363
:108690000DF103028DF80330FFF7C6FD002872D0FC
:1086A000237C23B19DF803102046FFF78BFCB4F820
:1086B000028001233A4E1F464FEA9812706AC8F3AF
:1086C000801862F386170722437002700022394631
:1086D000C27011F03DFB2046FFF702FC706A11F0FA
:1086E00081FBB4F85C30C0F1FE05AB42B4BFDDB233
:1086F000EDB2AB4228D947F010070022706A033D63
:10870000394611F025FB736AEDB22046D97801F0A5
:108710003F0101312944C9B212F028FD0422C0F3FF
:1087200007238DF80400C0F307400DEB02018DF81C
:10873000053003238DF80600706A11F0E3FA002279
:108740003946706A11F004FBB8F1000F06D094F9B5
:10875000122094F844106079FFF7D6FB2A46A16DE9
:10876000706A11F029FBFF20F581617903F0D0F9DF
:108770000723706A337003F05FFC0021706A13F006
:10878000E8FE002009E020467EE7064B1B68002B30
:10879000F7D0984780F00100C0B202B0BDE8F08188
:1087A00020130020441B002010B5144C237B1BB168
:1087B00003F0B4FC02F084FDA06A12F09DFBA16AF4
:1087C00018B14B8803F0180323B90846BDE81040E0
:1087D000FFF778BCFFF754F920B940F686312D2019
:1087E000F8F752F823780846E26A03F18043D2682A
:1087F000013BBDE8104052F82330184720130020F9
:108800002DE9F04FB0F802A08BB0154606461AF0DD
:1088100003020AF00203029101920AF004021CD042
:108820001AF0010F05D043B140F286612D20F8F710
:108830002BF8002BF8D0022710E01FFA82F9002A4B
:1088400000F0A9800127002D00F0F7804FF000090B
:108850004FF0010BC84601210DE0019F92B2002BA1
:108860005BD0002AEFD1002D00F0E78091469046C2
:108870004FF0010B114601241AF0400A04D0002DDC
:1088800000F0E9804FF0010A44EA4104002201218E
:10889000072044EACB04DFF834B244EA0814DBF8DA
:1088A000243044EA49145A70187044EA8A14597002
:1088B00004F07B04A146002D40F0F080DD70002321
:1088C000DBF8240021460193C378019A03F03F03AB
:1088D00043EA8713E7B2C37011F03AFAE30702D50F
:1088E0003046FFF7FDFAB80710D5029BDBF82400ED
:1088F000002B00F0E28006F177010623012211F03F
:1089000001FA0121DBF8240011F026F90023002BE5
:1089100000F0DE8040F6690188E70AF02008002AAE
:108920004AD125BBB6F854208AB1B8F1000F40F007
:10893000848034794FF000094FF00108033C012C8A
:1089400094BF002401244FF0010B494694E7B8F18D
:10895000000F72D1FFF7EAFA0028EAD1FFF7F0FA28
:1089600001460028E5D1A946A846AB4683E7FFF7B4
:10897000DDFA814610B9FFF7E3FA8146B8F1000F3E
:1089800062D134794FF0010B4146033C012C8CBF7E
:108990000024012470E7047945B9A21E0127A946E5
:1089A00029465442B846BB46544165E7023C2F462F
:1089B000C84618BF0124C6E74DBBB6F85420AAB17B
:1089C000B8F1000F21D13479033C012C94BF00246D
:1089D000012431794FF000094FF0010803390129D2
:1089E00094BF002101214FF0010B45E7B8F1000FC2
:1089F0000BD1FFF79BFA0028E5D1FFF7A1FA8346D8
:108A00000028E0D1A946A84625E72C46E1E7FFF774
:108A10008DFA814610B9FFF793FA8146317903390F
:108A200001298CBF00210121B8F1000F14BF0024DF
:108A300001F001044FF00008D5E74FF00108A94606
:108A400029462C46C34617E74FF000084FF0010BAC
:108A50004146444610E7B6F8540058B196F804A0D1
:108A6000AAF1030ABAF1010F94BF4FF0000A4FF0C8
:108A7000010A09E7708800F023000028EED1039175
:108A8000FFF754FA03990028E8D1FFF759FA039940
:108A90000028E3D1019B002BE0D1F3E6DA70FFF769
:108AA0004FFA00283FF40BAFDBF8183093F8E530AD
:108AB000002B3FF404AF0A2302E706F170010623FE
:108AC000012211F01FF996F86F101BE72013002008
:108AD00039071AD5726C05A98DF81530C2F30B222F
:108AE000BDF81430DBF8240062F30B0396F846203F
:108AF000ADF814301209C3F3072362F307130322FE
:108B00008DF81530022311F0FDF8BA0640F1B3805C
:108B1000D6F84031DBF81820D6F844710393002AC8
:108B200056D09046D8F88830D8F88CA00293FFF73A
:108B300007FA80B1DBF8183093F8E5305BB108F143
:108B4000400013F074F830B9029AD8F898309B18A6
:108B50004AF1000A029398F810C09F4BDBF810000E
:108B600053F82C304FF47A7CD0F16E0E039A03F256
:108B7000E7339DF81510B3FBFCF36CEB0C0CBEEB6C
:108B8000020E029A01F0BF016CEB070713EB0E0314
:108B900047F100079B184AEB070EB3F5161FD6F8EE
:108BA00034717EF1000C0DDAB3F5703FA7EB0000D5
:108BB0007EF100074FEAE07C0DDB98427CEB0E0C67
:108BC000C0F2008121F020018DF81510002316E07D
:108BD000DBF81480A6E7984221F020017CEB0E0C14
:108BE0008DF81510F2DA9DF8151011F0200F0CBF5A
:108BF0001E214FF49671B3FBF1F3C3F30C03BDF8E0
:108C0000141063F30C01D8F89830ADF8141040F24A
:108C1000E241B3FBF1F3ADF81630D8F8173098F80D
:108C20001B1006939DF81C3061F304038DF81C3073
:108C3000FBF7B6FF9DF81C3060F347138DF81C302E
:108C40009DF8153023F080038DF81530D8F80030EA
:108C5000CDF81D3098F804308DF8213098F80530A3
:108C60008DF8223098F806308DF82330B8F87A3035
:108C70000133ADF82430012D4BD1B6F85420002A31
:108C800047D0B6F802C01CF0020F42D1DFF84C8189
:108C9000D8F82400B8F80E30C178D31A01F03F0B91
:108CA000CBF1FE010BF101078B42B4BFDFB287F0BD
:108CB000FF07BA4222D91CF0010F1FD144F0100166
:108CC000033F019A8946FFB211F042F80BF104010B
:108CD00030463944C9B212F049FAC0F307238DF87F
:108CE0001000C0F307408DF8113004228DF81200F7
:108CF000032304A9D8F8240011F004F83A46316D92
:108D0000D8F8240011F058F8B8F80E301F44A8F82D
:108D10000E7019F0200F5FFA89F406D02F48122345
:108D2000052205A9406A10F0EDFF63060CD5002D61
:108D30004DD106F13000347912F0A8FD014696F9C4
:108D400012202046FFF7E0F8FFF7FAF8002836D0A7
:108D5000224CA36993F8E5308BB30721606A10F0C9
:108D6000F0FF092340F2E242037032234370A3690B
:108D7000D3F8B8308370A369D3F8B8301B0AC37036
:108D8000A369B3F8BA300371A36993F8BB30437198
:108D9000A36993F8C9308371A369D3F8BC30B3FBDE
:108DA000F2F3C371A369D3F8C030B3FBF2F30372DB
:108DB0007D22A369D3F8C430B3FBF2F343720BB046
:108DC000BDE8F08F41F020018DF815100BE77479A4
:108DD00096F84410B3E700BF3C8D04002013002038
:108DE000F7B504460A4619B990F87610FFF708FD62
:108DF000134D6B6ADA78910620D01A79D2061DD508
:108E000004F130005F78267912F020FD421C3B46C9
:108E100031462046D2B2FEF7D3FF0422C0F3072327
:108E20008DF80400C0F307400DEB02018DF805300A
:108E300003238DF80600686A10F064FF03B0F0BDEC
:108E4000201300202DE9F74304460F4690F8440014
:108E500002F03CFF6179FF20724D02F059FE002FB5
:108E600049D16B6A04F1300094F804805E7812F006
:108E700002FDB8F1030F2FD1B60106F53476A968CB
:108E8000638801EBC011CA3106FB00111E074FF0C9
:108E9000000048BF6B68296144BFC9182961627925
:108EA00002F022FF638898072CD06FBB6179012004
:108EB00003F068F994F8761001222046FFF7A0FC31
:108EC000686A03F0B9F80021686A13F042FB0623D0
:108ED0002B7003B0BDE8F083B8F1040F03D1360165
:108EE00006F5E776CBE7B8F1020F0BBF0B360A3673
:108EF000B600F600C3E762794FF4A571002013F0C5
:108F00001BFBCFE7002FD5D0C3F34007C3F380127C
:108F10009907686A87F001074FF0070348BFD4F844
:108F200058804FEAC7074CBFB4F85C90D4F8508023
:108F300047EA821758BFB4F854900022037007F034
:108F400048070123C2703946437010F001FF3A0709
:108F500017D5626C01A9BDF80430C2F30B22686A10
:108F600062F30B0394F84620ADF804301209C3F302
:108F7000072362F3071303228DF80530022310F054
:108F8000C1FE686A10F02EFFEB89C0F1FE06A9EB66
:108F90000302B242B4BFD6B2F6B2334499452DDDD6
:108FA000002247F01001686A10F0D2FE686A10F0E3
:108FB00019FFEB89C0F1FE062046A9EB0303B3427B
:108FC000B8BFDEB26B6AA8BFF6B2D97801F03F0134
:108FD00001313144C9B212F0C9F80422C0F30723A9
:108FE0008DF80400C0F307400DEB02018DF8053049
:108FF00003238DF80600686A10F084FE63885B0620
:1090000006D594F9122094F844106079FEF77CFF9D
:10901000E9893246686A414410F0CEFEEB891E446D
:10902000EE814DE72013002010B5084CB0F85C30FD
:10903000E2899A4205D00121FFF704FF072323703C
:1090400010BDBDE81040FFF73DB800BF2013002061
:1090500038B5438804461E4D13F0020F0FD1DB07CD
:109060000DD4EA89B0F854309A4203D1BDE83840B3
:10907000FFF728B80121BDE83840FFF7E3BE002024
:10908000617903F07FF86388617913F0020F0CBFF8
:1090900022200C2002F03CFD02232B702B7B4BB1D5
:1090A00002F0E8F86379033B012B94BF4520402090
:1090B00003F028F86379033B012B94BF282000209C
:1090C00003F008F8686ABDE8384002F0B5BF00BF99
:1090D000201300202DE9F84300F13007304D012323
:1090E000044638466B7312F0B1FBE8B96388DA06C0
:1090F00015D46A7B9AB103F02303B4F854201343C8
:1091000005D020460021BDE8F843FFF79BBEFEF7DF
:109110000DFF0028F5D1FEF713FF0028F1D12046FE
:10912000BDE8F843FEF7CEBF384612F08FFB28B9F2
:1091300063881B07F3D5384612F067FB384612F0F8
:1091400069FB02F0C3FD2179252002F0E1FC012139
:109150002046FFF745FE6B6A3846D5F8088093F83D
:10916000019012F088FB0646384612F06FFB4A4623
:10917000711E091A2079C9B212F0A5FB227908EBF9
:109180000001002002F0B0FD686A02F055FF0021E6
:10919000686A13F0DEF905232B70BDE8F88300BF81
:1091A00020130020064810B5037803F0FF042BB904
:1091B0002422214613F0D0FD204610BD0C24FBE7ED
:1091C0002013002010B50023094C2370FBF758FC36
:1091D0006062FFF7E7FF20B14FF442712D20F7F7EF
:1091E00053FBE36A13B940F20B31F7E710BD00BF40
:1091F00020130020014B024ADA627047201300203E
:10920000BC960000044B054A1A60054B054A1A60DB
:10921000054B064A1A6070473C1B0020358300004E
:10922000401B002047AF0100441B0020F5920000C6
:109230002DE9F041067D0446B31E06F0FD06DBB2C3
:10924000012B8CBF4FF000084FF00108371E18BFEC
:109250000127012B1AD800F1700190F86F0010F06F
:1092600062FA054663889B0617D4082D10D186B391
:10927000FBF714FCB8BBE37E93B3D4F81530C4F805
:109280006930B4F81930A4F86D3006E00825E9E734
:109290002846FBF7C1FF0028E9D1657784F81C80D8
:1092A00084F86870FCF77CF8054613F094FA002205
:1092B0000F4B84F87620E5FB0301C4E91801114641
:1092C0002046FEF747FE60B940F2A3412D20F7F794
:1092D000DBFA04F169013046FBF72EFE0028DCD1F1
:1092E0000020BDE8F08104F169010120F4E700BF2E
:1092F00040420F002DE9F04385B0082305210446C4
:109300000DF107028DF80730FEF78EFF00287DD0A3
:10931000FAF79EFA002879D13E4D02AF206AFEF797
:10932000F9FC6B6AD3F81F0093F8232002903A717E
:10933000226AD3F80310C2F8AD10B3F80710A2F8F0
:10934000B1101B78206AC3F3801380F8AC30324B25
:109350001B6813B1012221469847D4F820800E23C0
:10936000686A082698F8AC90002243704FF0030119
:10937000C378067003F03F03C37010F0E9FC204689
:10938000FEF7AEFD4946686A10F0E6FB06230122AF
:1093900008F1AD01686A10F0B5FC6179FF2002F0B8
:1093A000B7FB686A02F048FE0021686A13F0D1F842
:1093B000D4F820802046414612F0ADF93B460146E4
:1093C00094F91220404611F00EFF216A00239DF807
:1093D0000720204684F89530B1F8AA30A4F89630DA
:1093E000FF2384F8B3304FF6FF73A4F8B43011F0C4
:1093F00025FF236A2E70B3F8AA20A4F8CD20DB7DC8
:1094000084F8CF30012005B0BDE8F0832046FEF798
:1094100059FEF7E720130020401B00202DE9FF41F3
:10942000564F04463A7802F0FF0312B90278FF2A39
:1094300004D140F6DD112D20F7F726FA7B60FB8181
:109440007B7380F889304E4B684604F130050093F9
:109450004C4B01934C4B0293FB6A5B68039302F005
:10946000D5FD02F0BFFB02F059FE01F029FF47488D
:1094700002F022FC464802F0C3FD284612F0C5F96E
:10948000284612F0C7F902F021FC2179252002F0CC
:109490003FFB94F9120002F009FC04F15001E06C6A
:1094A0000CF041FC064604F15801E06C0CF062FC43
:1094B0008046002E3AD094F82430BBB3B4F948501B
:1094C000ED43ED0F237F13B963885B0709D56FF078
:1094D0000043D4E918129A4208BFB1F1FF3F2FD1DF
:1094E000ADBB94F88B301BB946EA0806F6B2AEB1B4
:1094F000638813F0100511D1606CC0F30B2012F0DB
:1095000015F994F8463084F84500C0F3032023F0A1
:109510000F03034384F8463084F88B50786A033095
:10952000FBF75CFF387304B0BDE8F081B8F1000FC1
:1095300004D094F82550002DC0D1C3E74546C1E7BB
:1095400013F049F9D4E9182390429941C8D3012274
:1095500029462046FEF7FEFC50B1FBF721FF0546E9
:1095600013F039F90B4BE5FB0301C4E91801B8E727
:10957000002DB6D040F61C215DE700BF201300206F
:10958000A98700006181000005820000D6BE898E97
:109590005555550040420F0073B50446234DFFF763
:1095A0003DFF04212078F7F7B3FD0621686120789C
:1095B000F7F7AEFD6B69A8612BB120B140F65521DC
:1095C0002D20F7F761F9204611F0C2FD668816F0EC
:1095D000100618D000212046FEF774FF94F88A3058
:1095E0005BB16846FCF706F838B1694604F136000D
:1095F00010F006FA002384F88A30204602B0BDE855
:109600007040FEF735BC31462046FFF7E9FB686A3B
:1096100002F012FD3146686A12F09BFF2179304654
:1096200002F076FB0523A8602B70D7E720130020FB
:10963000024B9862DB6A1B68184700BF20130020AA
:1096400043881A0710B504460FD5036A3C22104917
:109650008C304272B3F8AA304381FF2380F8273060
:109660004FF6FF73038510F05FFD63882046DB072C
:1096700047BF236A3C223C224FF6FF7148BFB3F834
:10968000AA10FEF7D9FCFF2384F8893010BD00BF73
:1096900089B1010041B301004FB3010021860000F0
:1096A00047B30100D59000005190000029900000C0
:1096B00075800000458400007986000099950000BF
:1096C0003D8100004BB30100949600009C96000081
:1096D000B49600000138022808B503D9C4212F2010
:1096E000F7F7D2F813290A4B05D811290CD81029FD
:1096F00007D0D221F3E71529FBD103EB4003D8882B
:1097000001E033F8100008BD03EB40039889FAE745
:10971000B68B04002C4A38B50346948810681C4365
:10972000402B948004D10421BDE83840FEF7DCB81A
:10973000802B01D10521F7E703F00304032C04D1AA
:1097400040F6B2313120F7F79FF8DD0706D50C68F7
:1097500091602478062C1AD00B2C22D09C0711D5AE
:109760000C6821780729117329D00B2922D00529EB
:1097700008D1C17B182905D1002400250121C0E9A9
:109780001E4501759B0644BF0823537338BDC47B37
:109790001C2CE3D100240025C0E91C450124C4741D
:1097A000DCE7C47B122C01BF0024C474012480F8C0
:1097B0005640D3E7C17B1129E4D10021E1E761786C
:1097C00080F8A010DEE700BF501300200C4A0346CB
:1097D000517B89B910683BB9B0F81011B0F8F4208A
:1097E000914209D8FDF7FCBF93881B0706D5007C82
:1097F000083818BF012070470020704701207047CB
:109800005013002073B5044600680D46036813F03A
:10981000300F49D1B1F805101A2904D9B5F807302D
:10982000B3F5A47F06D22978204602B0BDE8704087
:1098300010F00BBFB5F801201A2AF4D9B5F803606F
:10984000B6F5A47FEFD3E830009610F058FD174B23
:109850009A8892070DD51B7B142B0AD122681368B6
:1098600043F010031360204610F0ADFE002002B05C
:1098700070BD23689A7B212AF0D093F82F31002BFA
:10988000ECD1236893F82E31002BE7D123681A68B6
:1098900003F1E801B3F8AA0042F020021A6003F5D0
:1098A000B472FCF7DDF8DEE70120E0E7501300209A
:1098B0002DE9F8438F4D06462C68002840F0CC80F7
:1098C000AB8819074FD594F89E302A2B16D00CD8A8
:1098D0001C2B13D0222B18D094F89E30FE2B20D1B5
:1098E00040F2FB513120F6F7CFFF3C2BF4D1824BF5
:1098F0001B68002BF0D028469847EDE7002384F83A
:1099000041317C4810F057FEE6E784F842017B4B7A
:109910001B68002BF5D004F5A17104F1A400984751
:10992000EFE7FE2384F89E30E37B1E2B06D1002751
:10993000704884F8557010F058FEE773A37B372BFE
:1099400033D0432B39D0242B06D1E37B243B072B88
:1099500094BF2B232523A373237C082B02BF022350
:10996000AB7384F89E30AB88DA074ED5D5F800800B
:10997000A96898F80F30D1F80090113B99F8007061
:109980000F2B0BD8BB1EDBB2092B00F2B18040F2CB
:10999000333222FA03F3DB0740F1AA800979384613
:1099A000FBF758FE80B939467FE0012384F8CD32B9
:1099B0000023A37384F84E30CEE7002384F850319F
:1099C0004C4810F0F8FDC7E7012F01D9162F4ED1F2
:1099D00098F80E0010F029FE40B198F80E30242BB4
:1099E00004D0252B34D12B2388F80E303846FCF7D1
:1099F00093FC0346002849D1FF2FD4D12B69002BBB
:109A000051D02B68012283F8CE22AB88580704D5A9
:109A1000227C072A04BF0122AA7399074CD5287B10
:109A200001222B680D2883F89F2042D0112858D09E
:109A3000072858D0FCF77AFC034600283AD12A7B45
:109A4000FF2A52D12A68372182F8CC02917333E081
:109A5000162F14BF022620266B7B1B0704D5E37B41
:109A6000113B0F2B98BF08263046BDE8F883112F15
:109A700015D005D8072F14D00D2FB7D1204B05E0F6
:109A8000142FB3D11F4B1B68002B8CD0AA684946FA
:109A90001848127998470028B7D00646DCE71A4BD9
:109AA000F4E71A4BF2E799F80010124810F0CDFDD8
:109AB000F1E7174B0F489847AB88DA06CCD52B68EF
:109AC000DA7BB3F8AA000A2A04BF0B22DA7312F079
:109AD00030FC0028C0D0837C002BBDD000238374D1
:109AE000BAE70C4BE6E70C4BE4E740F2EE51F9E63F
:109AF0000826B1E750130020A81B00206C1B002093
:109B0000099C00004C1B0020F3BA0100619C00007E
:109B100053B901009FB901000DBA010000290346A5
:109B200008BF1F21252870B514461AD8222846D808
:109B30001D2812D80D2801D8002070BDA0F10E06F6
:109B40000125F6B2B54040F2512635401CD1162809
:109B50001FD01D28F0D1254A32E02028ECD1244A1C
:109B60002EE0262836D0A0F12E02D2B2102AE3D859
:109B7000012040F295159040284233D10D2A33D070
:109B8000102AD9D11B4B26E00021BDE8704011F00E
:109B900064BF1668B37B252B09D12046FBF782F8FA
:109BA00086F838510023B37386F84E30C4E72B2B68
:109BB000C2D1F37B243B072BF4D92A21EDE70E4ACF
:109BC0001568002DB8D00A46204619462B46BDE838
:109BD00070401847094B1B68002BADD02046BDE8EC
:109BE00070401847064AEBE7064BF4E75C1B002081
:109BF000641B0020941B0020501B0020701B0020C1
:109C00007C1B0020B01B0020024600684978837B43
:109C1000212B17D00ED8042B16D00F2B16D0C07BBB
:109C2000272817D0333BDBB21C2B15D80B48C05C60
:109C3000FFF774BF2B2B03D02D2B09D0252BEED192
:109C40001620F5E71420F3E70E20F1E71220EFE7E6
:109C50002320EDE71720EBE7FE20E9E7C88B04009F
:109C600013B54C7802683E2C937B6DD8222C07D814
:109C7000A4F10E02D1B20F2940D9002002B010BDCC
:109C8000233C1B2CF9D801A252F824F0B39D00000C
:109C90007B9C00007B9C0000D19D00007B9C000011
:109CA0007B9C00007B9C00007B9C0000439E00008E
:109CB0007B9C00007B9C0000D99D00007B9C0000E9
:109CC000079E00007B9C00001B9E00007B9C000008
:109CD0007B9C00002F9E0000F39D00007B9C0000F9
:109CE0007B9C00007B9C00007B9C0000479E00004A
:109CF0007B9C00007B9C0000D59D00000F2ABCD8F7
:109D000001A151F822F000BF5D9D00007B9C000086
:109D10007B9C00007B9C00005D9D00007B9C000004
:109D20005D9D00007B9C00006D9D00005D9D00001E
:109D30007B9C00007B9C00007B9C00007B9C0000C7
:109D40007B9C0000C79D0000FF2C96D13F4B1B69F8
:109D5000002B92D0012382F8CE328EE702460121F9
:109D6000204602B0BDE8104011F077BE252B01D08F
:109D70002B2B82D1019010F01EFC01980368DA7B36
:109D8000262A3FF47AAF93F867201A2122F00102C5
:109D900083F86720026892F8673023F0080382F89E
:109DA0006730FAF77FFF01980022036883F83821B3
:109DB00063E72D2B7FF461AF254B1B68002B3FF42D
:109DC0005CAF984759E7362B7FF457AF214BF4E748
:109DD000214BF2E7214BF0E7382B02D04F2B7FF4D9
:109DE0004CAF1F4B1B68002B3FF447AF2E21984709
:109DF00043E7392B7FF441AF194B1B68002B3FF42D
:109E00003CAF3621F3E73A2B7FF437AF144B1B6896
:109E1000002B3FF432AF3021E9E73E2B7FF42DAF2A
:109E20000F4B1B68002B3FF428AF3221DFE7442B98
:109E30007FF423AF0A4B1B68002B3FF41EAF352184
:109E4000D5E7084BB9E7084BB7E700BF5013002030
:109E5000541B0020601B0020741B0020981B002056
:109E6000801B0020A01B0020B41B00202DE9F3471D
:109E700090F8DA8204460D4690F8DB62B8F1000FE4
:109E80003BD190F82071002E39D194F821A184F8AB
:109E9000207184F821A1FF2384F822311A4B04F1A8
:109EA000A8091B6813B1394648469847174B1B68E9
:109EB00023B13A46514601A80194984794F83831A5
:109EC000012B02D058EA060603D0237B43F001039E
:109ED0002373484610F032FA18B1237B43F0020393
:109EE000237306212046FDF7FFFC002384F8383158
:109EF0003DB1A37302B0BDE8F0874746C3E7B24661
:109F0000C5E7E573F6E700BF581B0020A41B00203F
:109F1000024B0020C3E90400704700BF501300202B
:109F200008B50022044BC3E90422FBF767FFBDE834
:109F30000840FCF7CBBA00BF5013002073B5584D52
:109F4000002604462860AE806E73AE73FF2380F84F
:109F50005030B0F8E231002B00F0918090F89E3044
:109F6000FE2B40F08C8090F82C31002B00F0878085
:109F7000037C073B012B40F2828090F82D310221B7
:109F8000A0F84860012280F8A03011F0EFFC022117
:109F9000284684F8EA61FBF7F9FFB4F8E611204699
:109FA000B4F8DE300139B4F8E82189B2B1FBF3F33B
:109FB0001344A4F8E831B4F840300B44A4F840301E
:109FC000B4F8463001330B44A4F84630B4F84430BA
:109FD00001330B44A4F8443011F0F6FC10B1636B6C
:109FE0000B446363B4F8E2310026012B9CBF0133BC
:109FF000A4F8E23109B184F8EE61E37B84F8EA6108
:10A000000A3B012B0FD8E388B4F8D8229B1A190415
:10A0100009D404F2DA2104F117000FF0F1FCE67321
:10A02000FF2384F84F30B4F8E62104F1A80120465C
:10A030000FF02DFDE37B1B49113B1B4A0F2B8CBFFF
:10A04000002301230093194B2868F8F7A5F86969E4
:10A0500011B1002012F07CFA2C68237BDA0703D5BB
:10A0600000210F48FAF71EFE237B9B0703D504F25D
:10A070005F10FBF7EFFC0023237302B070BD94F870
:10A080009E10FE2901D0064885E7094B1E68002E68
:10A0900083D012F054FC02460B460148B0477CE7DF
:10A0A0005013002015970000CD970000C5A00000B8
:10A0B000B81B0020024B1869003818BF01207047F8
:10A0C000501300202DE9F04FDFF8E4810F4687B0F0
:10A0D0008146B8F80410D8F800408D05204655BFD9
:10A0E000B4F8402000230132A4F840304CBF84F87B
:10A0F000EE31A4F8402011F067FC38B10B4604F5AE
:10A10000AB7204F1A8012046FCF75EFBB8F80430FE
:10A1100003F4C06333B1A37C002B00F0A080032BB9
:10A1200000F0A380A27CB8F80430012A03D11805FE
:10A1300044BF0222A274B9F1000F40F00381590616
:10A1400057BFB4F808224A46013292B2A4F8082256
:10A1500003F00A020A2A0FD198F80C20022A0BD128
:10A1600023F008033846A8F80430FFF7A1FB384372
:10A170000823C7B2A8F804303846FFF799FBD8F88F
:10A1800010303843C7B2002B50D01422002101A850
:10A1900012F0E2FD94F8210102F0D0F8054694F89F
:10A1A000210102F0C3F805F5FA754FF47A7394F8BB
:10A1B0002911B5FBF3F5B4F8AA300544D4F8C8006A
:10A1C000ADF80430E388ADF80A50ADF808300FF070
:10A1D00060FB94F8CE32ADF8060033B1D8F8083001
:10A1E0001A689B8804928DF8143094F8CD2201A847
:10A1F0009DF80C3062F300038DF80C30D8F8103065
:10A2000098470023049A84F8CE3284F8CD326AB19C
:10A2100094F8CC3253B9A37B372B07D09DF8143078
:10A2200023B11178FF2924D11B2B29D9D8F800603C
:10A2300096F89E30FE2B4BD1002F49D1337C073B43
:10A24000012B45D996F82C3113B396F82D31012204
:10A250000221A6F8487086F8A030304680E101213E
:10A26000A1742046FDF740FB5CE702230121A374A3
:10A27000F7E70729DAD1022BD8D15178FF29D5D1B8
:10A280000121C4F8D02284F8CF3284F8CC12CDE773
:10A2900096F80FA0AAF1100A5FFA8AFABAF1100F25
:10A2A00040F21B813368DA0704D53A460921D4E726
:10A2B000501300209D0740F1A3803A460C21304600
:10A2C00011F054FB96F8573043F0010386F85730ED
:10A2D000B4F8E83194F8EB510133A4F8E831002DDB
:10A2E00000F02283F8F766F810B10023A4F8E831F3
:10A2F000B4F8AA0012F01DF8A37C8246012B40F2AC
:10A300005B83237C082B40F02783B4F84030022B7A
:10A3100040F25283B4F842500135ADB2E38801A94E
:10A3200020462B44A4F8E0310123ADF804300DF0B1
:10A33000E5FB002800F04483BDF80430E2881344B4
:10A34000A4F8E431B8F80430D8F800505E0657BFDE
:10A35000B5F8F4310023B5F8E6219B1858BF9BB23D
:10A36000A5F8F43195F82C311BB92B7C073B012B58
:10A3700006D8B5F84830B5F8E6211344A5F84830BA
:10A3800095F84E1031B1B5F84A30B5F8E6211344CE
:10A39000A5F84A3095F95420002AC1BFB5F85230CB
:10A3A000B5F8E6011B18A5F8523095F831306BB9B5
:10A3B000B9F1000F40F0AE8398F80E30022B40F058
:10A3C000658395F8A030062B18BF162395F830202A
:10A3D00022B9AB4885F83130FCF712F8284611F065
:10A3E000C0FBA84B1B681BB1A74A204611689847C1
:10A3F000002384F8503007B0BDE8F04FFAF76CBD89
:10A40000580702D53A46132127E7190706D596F8CB
:10A4100098303A4686F8A03007211EE71A0602D582
:10A4200000221B2119E713F0300138D096F82F31A4
:10A43000002B72D196F82E31C3B1F37B06F1A80040
:10A4400006F5977106F2DA22292B26D0B37BA3F109
:10A4500029056B426B410FF026FF336823F0200380
:10A4600043F010033360002386F82E313368DA0698
:10A4700053D506F1A8000FF061FF18B106F25F1086
:10A48000FBF7E8FAB6F80A3100221521A6F8A03049
:10A49000B6F80E31A6F8A230DFE60123DBE713F0B1
:10A4A000400202D00A462421D7E613F4807101D07D
:10A4B0001E21D2E613F4007202D00A462F21CCE608
:10A4C00013F40051FAD113F4806202D00A4631210C
:10A4D000C3E6DB0421D52C21BFE6D8F80050EB7B86
:10A4E000182B49D014D8112B37D0162B3BD0B37B67
:10A4F000002B40F08880F37B103B102B40F28B80C8
:10A5000096F83E30002B00F0868001221221A4E64E
:10A51000202BECD13A46062121E0D8F80050EB7B05
:10A520003D2B64D00CD82F2B67D0352B53D0262B46
:10A53000DDD195F83831022B50D1002217210EE0E1
:10A54000452B57D04E2B5BD0402BD0D14F4B4C4896
:10A550001B6898470022332101E03A460B21284628
:10A5600011F004FAB4E62846FBF7BEFF00283FF4DA
:10A57000AFAE00220421F2E795F8C832012B07D1D3
:10A580003A460521284611F0F1F985F8C8729FE690
:10A5900095F8C832022BD9B27FF49AAE95F85630AE
:10A5A00053B106233A4685F8A030284611F0DEF96B
:10A5B000002385F8C832EAE7D8F8003040F20632C6
:10A5C000A3F89A203A4695F8663013F0040F0CBFB2
:10A5D0000D211121E9E700221121C0E795F838315A
:10A5E000012B84D195F83931002BA6D07FE70022CA
:10A5F0002D21B4E700223A21B1E700222021AEE765
:10A6000000223C21ABE7092B05D196F899300122B5
:10A6100086F8A03000E7BAF1100F7FF659AED8F8EF
:10A62000005095F80EA0BAF1000F40F0C28095F8E6
:10A630003F313BB101220E21284611F097F985F8F0
:10A640003FA1A4E795F83E3183B195F857A01AF0E1
:10A65000030B0BD14AF0010A01220C21284611F00C
:10A6600085F985F857A085F83EB190E795F8403117
:10A67000B3B195F86D30DB090AD001222B216EE7CA
:10A6800050130020681B002098000020901B002021
:10A690009D4B1B68002B00F08C809C48984788E0FD
:10A6A00095F82E312BB395F82F3113BBEB7B05F1C9
:10A6B000A80005F5977105F2DA22292B17D0AB7B9C
:10A6C000A3F12906734273410FF0EDFD002385F8D5
:10A6D0002E3101221421284611F048F9B5F80A312B
:10A6E000A5F8A030B5F80E31A5F8A230F0E50123A9
:10A6F000EAE795F83831012B6FD195F83931002B05
:10A700006BD1E87BA0F12403072B66D995F82011C3
:10A710004B1EDBB2032B0AD8DFF8F4C1634493F875
:10A720001DE095F82131013BDBB2032B04D94FF436
:10A730003F710620F6F7A8F8BEF1020F95F83A210E
:10A7400014D0BEF1030F13D0BEF1010F04D1012AC2
:10A7500014BF002201226AB9A0F14703012B28D9B6
:10A760000A38042825D901221621F8E6022AEFE743
:10A77000042AF1D163445A7F95F83B31022A24D050
:10A78000032A24D0012AE7D1012B14BF002301237F
:10A79000002BE1D0EB8805F53672B5F83C010EF0E0
:10A7A000FDFE8246B0B901465848FAF77BFA85F8B3
:10A7B00038A1B37B002B7FF48BAD96F8CC32002B05
:10A7C0003FF486AD0122FF2147E5022BDDE7042B94
:10A7D000E0D0C1E72C23AB737AE595F8423113B191
:10A7E00001222221BBE695F8413143B1494B47484C
:10A7F0001B689847FE280146DBD00122AFE695F89A
:10A800004A3113B101221D21A9E695F84B316BB1F4
:10A8100095F86B30DB0902D001222E219FE63E4BDA
:10A8200001220C2139481B68984751E595F84C31B5
:10A8300013B10122362192E695F84D3113B1012270
:10A8400030218CE695F8503113B10122382186E68B
:10A8500095F84E3133B1314B2C481B689847012293
:10A8600032217CE695F84F3113B10122352176E68D
:10A8700095F8513113B10122262170E695F8D432B2
:10A8800013B101223E216AE695F85231B3B1DFF8E7
:10A890007CA01221DAF80030B3F8AA00F6F738FCF1
:10A8A00003699B0706D51E4B50461B68984701223B
:10A8B0003B2154E61B4B50461B68EFE695F854319C
:10A8C0008BB195F8393173B9EB7BA3F12402072AD8
:10A8D00009D9AA7B3E3A042A05D93E3B042B02D96A
:10A8E000012223213BE695F85331012B05D10023AA
:10A8F00085F853310122252131E695F85331022B99
:10A900007FF457AFF3E700BFA01B002050130020D7
:10A91000C88B0400481B0020841B00208C1B0020D7
:10A92000AC1B0020B41B0020F7F730FD08B1A4F8E1
:10A93000E851F7F747FD00283FF4DAAC94F8EE3120
:10A940000133DBB2022B84F8EE3182BF0023A4F87E
:10A95000E83184F8EE31CBE494F83E3013B1A37BB8
:10A960000F2B29D1B4F84000B4F84620B4F8425077
:10A970009042B4F8DE3005F101054FEA83012CBFA7
:10A980002D1AAD1A2046A5EB830511F01DF8A8B1CC
:10A99000A36B626B01339B1A5B1A9D42A8BF1D46D5
:10A9A000BAF1000F05D0BAF80E30043B9D42B8BF93
:10A9B0001D46012D3FF7B1AC0125AFE42B46ECE776
:10A9C000DFF85CB1B4F8DE60DBF8003073B1012E63
:10A9D0000CD9F7F7E1FCDBF800300246E1882046AD
:10A9E0009847BDF804301844ADF8040094F8EC31F1
:10A9F000002B3FD1012D3DD9E37B0BB10B2B39D17E
:10AA0000A37BBBBB237CABBBA37C022B32D194F8D2
:10AA1000EE317BBBD4F8C0000AF0BDFF50B394F810
:10AA20009E30FE2B26D1B4F8E231012B22D9B4F8A6
:10AA3000E821B4F8D0309A421CD2BAF1000F05D008
:10AA4000BAF80E10B1B99AF8121099B9013D9B1AD3
:10AA5000ADB29BB2B5FBF6F59D4228BF1D46BDF8D1
:10AA6000043005FB0633003D18BF0125ADF8043066
:10AA700084F8EA512B4B1B68002B3FF45DACBDF80A
:10AA8000041020469847ADF8040055E4012B08D186
:10AA90006B7C002B7FF49AAC00212846FCF724FF46
:10AAA0009FE45FB1F80633D4390733D4BA0633D400
:10AAB000BB0733D140F61E3131203BE639B1B5F842
:10AAC0004A10B5F84C30994201D322237EE4002A83
:10AAD00005DDB5F85220B5F84C309A42F5D2B5F8FC
:10AAE0004820B5F842309A4209D2AA7CB5F84030E5
:10AAF00052B1B5F842209A42CED8082366E495F8C0
:10AB00002C31002BE1D1F0E7052BC5D93E235DE4C4
:10AB10001E235BE43D2359E4232357E42A2355E411
:10AB2000781B0020881B002073B504460190D0F8E4
:10AB3000E002D4F8C830984214D1D4F8E462D4F8D2
:10AB4000D030F61A18BF012694F8EC32002B3ED014
:10AB5000B4F8AA0011F0EDFB30B940F67E51312077
:10AB6000F5F792FE0126EFE7B4F8E822B4F8DE30FC
:10AB70009A421AD1B4F8EA3282899B1A18BF01238B
:10AB8000A57B472D15D0E27B472A10D00025B4F8CD
:10AB9000E62201A8D4F8E012FAF7FEFC8DB30023F8
:10ABA000A3730323A37402B070BD0123E8E733430A
:10ABB000ECD0154B1B6813B940F68951CFE7A5F1CE
:10ABC0004702002101A8554255419847DFE7002E72
:10ABD000DCD0B4F8AA3094F82911A4F8A7310EF00B
:10ABE00058FEB4F8E432A4F8A90104F29D10A4F8C8
:10ABF000AB31B4F8E6320549A4F8AD310FF09DFA57
:10AC0000C4E7E573CDE700BF9C1B0020E3A701006C
:10AC100008B5FBF753F9024B024A1A6008BD00BFA2
:10AC20004C1B00200598000008B5FBF773F9054B95
:10AC3000054A1A60054B064A1A60064B064A1A6016
:10AC400008BD00BF501B00203FB90100541B00206D
:10AC50002DB90100581B00206BC0010008B5FBF79F
:10AC600061F9094B094A1A60094B0A4A1A600A4BF2
:10AC70000A4A1A600A4B0B4A1A600B4B0B4A1A60BD
:10AC80000B4B0C4A1A6008BD7C1B00204F6701006B
:10AC9000801B0020C3670100841B00203D6D010064
:10ACA000881B002001B901008C1B002079310000B5
:10ACB000901B0020E3740100014B024A1A607047A8
:10ACC000A01B0020A9B10000014B5870704700BFC5
:10ACD00068130020014B1874704700BFF813002060
:10ACE000F8B584461E465BBB92F82C30002B3ED054
:10ACF00092F93030DBB302F12F0392F82F0002F10A
:10AD0000180502F14404374688B3B2F86C2084F881
:10AD100009C0628160735B78237410F0A8FF05EBB3
:10AD2000400595F901000EB900F02AF9A0732046FC
:10AD30002B780F49E3732773BDE8F8400FF000BA92
:10AD4000096802F1310392F8310002F1200502F1A5
:10AD5000330491F85411012907D092F82D1031B124
:10AD600092F9321019B10127CEE70227CCE7F8BDDE
:10AD70008DBC01002DE9F041066807460D460F2104
:10AD8000B6F8AA00F6F7C4F990F82E300446DB07AF
:10AD90003FD595F8018010F05DFF10EA080338D028
:10ADA000A97895F903C001F0030195F904503A68B8
:10ADB00092F8540100F0FF0270B9204643FA02F7FE
:10ADC00001320230FF0744BFC5778177042AF5D1ED
:10ADD00084F832C084F8313094F82D20CAB1BCF127
:10ADE000000F16D0B6F8AA2004F1330084F84030E2
:10ADF0000123A4F83D20002284F8421084F83C206E
:10AE0000054984F843C084F8415084F83F300FF07E
:10AE100097F90020BDE8F0818DBC010070B50D46AA
:10AE20000F210646F6F738F9044620B940F2AD2165
:10AE3000AC20F5F729FD7022002111F08DFF7F2352
:10AE40002946204684F8213084F8233084F82530C0
:10AE500084F82730A4F86C6010F068FF4FF0FF33DF
:10AE60000022A362024BA3600023C4E9002370BD4B
:10AE700000E0FCFF08B5FBF713FEFAF777FBFBF7E2
:10AE800017FE024B00221A7008BD00BF6414002098
:10AE90002DE9F341D0F8008005460F4698F80E30B2
:10AEA0002D2B59D10F21B8F8AA00F6F731F9044635
:10AEB00090F8310010F0DBFE7B7804EB4002064690
:10AEC00003F0030382F82030BB7884F83230FB783B
:10AED00082F8213023183A7983F828201F4B1978FB
:10AEE00049B35B789A4226D9FF2A24D0D11A0906A1
:10AEF00004F1180154BF9B1A8023024608F1A800F0
:10AF000058BFDBB28DF807300DF1070311F009F8D7
:10AF10009DF907307BB184F830300123B34084F8C9
:10AF20002F302B68022283F8532100232246294622
:10AF30001846FFF7D5FE0123224629460020FFF7D9
:10AF4000CFFE2B68002483F8544128460FF033FBD2
:10AF5000204602B0BDE8F0810120FAE76414002029
:10AF6000012808D8054B10B918700020704701223D
:10AF700059701A70F9E71220704700BF641400205E
:10AF8000074B93F900301844142804DC10F17F0FAC
:10AF900003DB40B27047142070476FF07E007047AB
:10AFA000661400207F2307B50DF107008DF80730E8
:10AFB00001F0C2F803469DF9070053B1094B5B78D5
:10AFC0005B425BB21844142806DC10F17F0F05DBEE
:10AFD00040B203B05DF804FB1420FAE76FF07E0086
:10AFE000F7E700BF66140020024B00221A705A7067
:10AFF000704700BF6614002038B50D4D2B78013B1B
:10B00000092B03D94F216120F5F73EFC1221F6F7F9
:10B0100043F818232A78002104465A43103211F0CD
:10B020009BFEFF232373236943F00203236138BD92
:10B0300068140020014B1870704700BF681400208E
:10B0400038B58B780C460568013B092B0ED84B7838
:10B05000013B092B94BF0023012395F8A81081BB65
:10B0600033B12146BDE838400FF000BB0123F4E7BF
:10B07000EB7B9BBB4B23EB730FF0A5FA1221B5F8CA
:10B08000AA00F6F745F8A378037062780273144AB1
:10B0900012789A4213D31822013B04F11B0102FBE0
:10B0A0000303E21C103352F8045B8A4243F8045B4A
:10B0B000F9D1437BA27801339A4208BF4273002042
:10B0C00038BD23B12B21BDE838400FF0BEBA2B6844
:10B0D000DA0403D443F480532B60CDE70120EFE77B
:10B0E0006814002038B50B680446451C1221B3F8DB
:10B0F000AA00F6F70DF8074B427B1B789A423CBF3B
:10B100000132D3B243702846A37011F03DF91B20E1
:10B1100038BD00BF6814002003682DE9F0419A7B18
:10B1200006460D464C2A38D11221B3F8AA00F5F78D
:10B13000EFFF95F8028047780446474513D118225F
:10B140007B1E05F11B0102FB0303EA1C103352F8BE
:10B15000040B8A4243F8040BF9D1AB78627B93422B
:10B1600038BF1346637330460FF025FA6B78627868
:10B17000934208D90A490978914204D9474502D136
:10B180000020BDE8F0812373A01C06490EF0CCFF1F
:10B190003368002283F84021F2E70120F1E700BF85
:10B1A00068140020D5C3010070B50568044612215B
:10B1B000B5F8AA00F5F7ACFF064695F840314BB15B
:10B1C00020460FF0F8F90449B01C0EF0ADFF002343
:10B1D00085F8403170BD00BFD5C30100064BD3F8E0
:10B1E000000138B1D3F8040120B1D3F80801B0FA56
:10B1F00080F04009704700BF00600450034B0022FC
:10B200001A705A7010229A70704700BF6C14002098
:10B21000F8B50646022014460D4600F0CBF8114B57
:10B22000114A01275C60191D9A6002F18072033493
:10B230002D011F70DC601D83C3E904260022243326
:10B2400003F80A2C0D2203F8092C084AC2F830151D
:10B25000074903C983E80300C2F80875C2F8383506
:10B26000F8BD00BF6C1400200300000B0060045008
:10B270008C8C040008B5022000F09CF80D4B0122D4
:10B280001A7000220C4BC3F80021C3F80421C3F844
:10B2900008210A4AC3F8802003F57433C3F88C20D0
:10B2A000A3F58023C3F88C21A3F580530822C3F8AB
:10B2B000042508BD6C1400200060045003000080C9
:10B2C000154A08B51378FBB100231449C1F8803042
:10B2D00001F57431C1F88C30A1F58021C1F88C31B1
:10B2E00008210F4BC3F80815FFF778FF88B1012339
:10B2F0005370938EFF2B03D9BC213B20F5F7C4FA82
:10B30000DBB29370002313700020BDE8084000F00A
:10B3100051B810235070F4E76C1400200060045002
:10B3200000200450094B1A7862B1094BD3F8002170
:10B3300052B1D3F8040140B1D3F80801B0FA80F05B
:10B340004009704758787047022070476C140020FD
:10B3500000600450064A08B513782BB1FFF73EFF92
:10B3600020B192F8340008BD9078FCE71020FAE78D
:10B370006C14002038B5084C0025D4F80035032B98
:10B3800004BF01236360C4F80055C4F8005501F000
:10B3900041FAC4F8805038BD00600450044B40228C
:10B3A000C3F88820BFF34F8FBFF36F8FFFF7E2BF63
:10B3B00000E100E010B50446FFF7DCFF012C06D0E9
:10B3C000022C09D03CB18C213D20F5F75DFA074BEA
:10B3D0000222C3F8002510BD044B0322C3F8002548
:10B3E00002F10042C3F88020F5E700BF006004507E
:10B3F000024BD3F8A00300F00100704700C0FF002B
:10B40000084BD3F8A423D3F8A833511C9BB203D123
:10B410004FF6FF718B4203D002608380012070479A
:10B420000020704700C0FF000B4B30B5D3F890539D
:10B43000D3F89443D3F89813D3F89C2305EA040374
:10B440000B401340013317BF05600020446081604A
:10B450001CBFC260012030BD00C0FF000B4B30B5E7
:10B46000D3F88053D3F88443D3F88813D3F88C23CC
:10B4700005EA04030B401340013317BF05600020A9
:10B48000446081601CBFC260012030BD00C0FF006D
:10B49000074B0022C3F80022C3F81822C3F8202269
:10B4A000C3F80C22C3F81422C3F81C22704700BF53
:10B4B00000A0085010B50D4C01F03F01D4F8203E1B
:10B4C00041F40C3123F4702341F4207143EA024328
:10B4D000074AC4F8203E536823F003031843506022
:10B4E000C4F8000DC4F8101D10BD00BF00A0085026
:10B4F000A8140020064B10B50024C3F87043224660
:10B5000021462046FFF7D6FF024B83F83C4010BD92
:10B5100000A00850A8140020094B0022C3F84825B9
:10B52000C3F84425C3F84025C3F84C25C3F850257B
:10B53000C3F850214FF48012C3F80823704700BFAE
:10B5400000500850EFF3108272B60D4B93F83D1087
:10B5500021B15B78012B04D0022B0ED002B962B668
:10B56000704710F0040FF9D1064B0021C3F84015C5
:10B5700003F5A04301211961F0E710F0020FF2E793
:10B58000A81400200050085008B5104B187201385C
:10B590000F4B072815D8DFE800F004080C0A140E3A
:10B5A00010120322C3F8002508BD0422FAE7062280
:10B5B000F8E70522F6E70022F4E70122F2E70F227E
:10B5C000F0E740F645513E20F5F75EF9A81400205B
:10B5D00000A00850002814BF0223042307B58DF8EB
:10B5E000043000238DF8063011F0ADF901284FF03A
:10B5F000FF3088BF00208DF8050001A809F014FD78
:10B6000020B140F65C313E20F5F73EF909F024FD0B
:10B6100058B15723ADF80230BDF802309BB25A1E24
:10B6200092B2ADF80220002BF6D1034B012283F831
:10B630003D2003B05DF804FBA814002070B5134D45
:10B64000034608466E7F26B940F6C1013E20F5F755
:10B650001BF963B9012EAC69297F05D100F024FFE5
:10B6600020442B69C01A70BD10F079FFF8E7012B58
:10B6700009D1012EAC69297F02D100F0FFFEEFE76E
:10B6800010F078FFECE70020EBE700BFA8140020E3
:10B69000124B93F82900F8B193F82820EAB193F8F7
:10B6A0002A200F4B52B10F4AC3F80821A3F5A0433B
:10B6B000D3F84001B0FA80F040097047D3F8002475
:10B6C00042F00102C3F80024D3F8200500F0F60090
:10B6D000023818BF0120704701207047A8140020CD
:10B6E00000A008500B00008013B50B4C01AB94F97F
:10B6F000092001F0EFFD9DF8050007F0B9FA20B12F
:10B7000040F2E3513E20F5F7BFF821469DF90400D1
:10B7100000F050FE02B010BDA814002008B5134B75
:10B72000DB89952B21D970B9114B28311846D96086
:10B73000104907F085FA0130012816D940F2C2619C
:10B740003E20F5F7A1F801280CD1094B2931184604
:10B75000D960084907F07AFA0130012805D940F28A
:10B76000CC61EDE74FF4DA61EAE708BDA8140020E8
:10B77000A4000020948C0400074BD3F8502110B58E
:10B7800032B10022054CC3F85021D4F8203203B165
:10B7900010BD11F02EFAF8E70050085000A0085034
:10B7A00008B50E4BDA89952A16D95B78012B09D199
:10B7B00007F052FA013001280ED940F611113E204F
:10B7C000F5F762F8022B07D107F04CFA0130012897
:10B7D00002D940F61711F2E708BD00BFA8140020F7
:10B7E0000A4B40F409000A4A9B8940F04000B3F537
:10B7F000166F36BFA3F63813A3F5166343F48073B0
:10B80000C2F80837C2F84005704700BFA8140020EE
:10B8100000A0085010B50C46FFF7B6FE2046FFF713
:10B82000DFFF0D4BD3F8002442F01002C3F80024D0
:10B830000A4A127A082A0BBF40F2022240F203128F
:10B84000C3F8442EC3F8442E14BF40F25B62044A8E
:10B85000C3F8482E10BD00BF00A00850A814002057
:10B860002110010007B50DF1070009F0E9FB20B137
:10B8700040F69F313E20F5F707F80D4A9DF8073056
:10B880005278012A04D0022A0ED003B05DF804FBDE
:10B8900013F0040FF9D1074B0022C3F8402503F53C
:10B8A000A04301221A61F0E713F0020FF2E700BF94
:10B8B000A81400200050085038B50C460546FFF784
:10B8C00063FE20462146FFF78BFF2846FFF70CFF5B
:10B8D000094B1B7A082B094B0BBF40F2022240F2A6
:10B8E0000312C3F8442EC3F8442E14BF40F25B6227
:10B8F000034AC3F8482E38BDA814002000A0085001
:10B90000211001002DE9F04106460C461746FFF7CD
:10B9100061FE10F06AFF0028FBD0524D002E56D178
:10B920004FF0010895F8283085F80180002B3BD1B5
:10B93000A97A3846FFF7C0FF95F82A30002B37D098
:10B94000494BC3F80080494B4FF47A7233F81730F3
:10B9500003F5FA73B3FBF2F3E41A012385F82830F8
:10B960002B691C44424BC3F8404595F83E302BB13F
:10B97000032B57D0022B51D1002E53D03D4B3C49C5
:10B98000C1F8C031FFF784FE0546002865D00123C9
:10B99000CB64D1F84C35A3425FDA21463046FFF73D
:10B9A000BDFEFFF75FFF59E095F82A30002BCAD1A2
:10B9B000314B4FF47A7253F8273003F5FA73B3FB27
:10B9C000F2F32C4AE41A284BC3F80021C5E7012EF4
:10B9D0001FD102236B7095F8283083B9A97A3846B5
:10B9E000FFF718FF95F82A306BB11F4B5E601E4AB7
:10B9F000D2F8003443F01003C2F80034ADE795F8F4
:10BA00002A30002BF3D1184B293C1A4AC3F80421E1
:10BA1000A3E740F634013E20F4F736FF012BADD109
:10BA2000002EABD02F6C4FF48013114D4FF0000857
:10BA3000E71B1248C5F85081C5F85075C5F80433A6
:10BA400008F0A0FC0123EB64D5F84C359F4295D853
:10BA50000720C5F85085F9F7CDFF00252846BDE839
:10BA6000F08100BFA814002000A00850608D0400E1
:10BA7000005008500B0000803C8D040079B7000096
:10BA800048220021014811F067B900BFA814002026
:10BA9000014BD881704700BFA8140020024B01223F
:10BAA00083F82A20704700BFA8140020024B0344EB
:10BAB000187D00F516607047948C0400014B187FC8
:10BAC000704700BFA8140020024B98691B69C01A78
:10BAD000704700BFA81400200A4B1A7FD3E9043036
:10BAE000C01A094B03EB8203DB6BC01A074B53F8F8
:10BAF00022304FF47A7203F2F313B3FBF2F3C01A5D
:10BB0000704700BFA8140020948C0400288D040006
:10BB1000FF2810B504D940F2CB213E20F4F7B4FE43
:10BB2000013907292AD8DFE801F02C310404292C37
:10BB30002C220024032201214FF0C743234340EA73
:10BB4000024043EA015340F0007043EA01231349E5
:10BB500043F00803C1F8203EC1F8280ED1F8203583
:10BB600003F0F703032B17D140F25631D5E700223B
:10BB70004FF080644FF000731146DFE74FF44F71D0
:10BB8000CBE70024032201212346D7E70024032228
:10BB900001214FF08073D1E710BD00BF00A0085015
:10BBA00008B50A4603460C490C48C1F870031878DA
:10BBB000032804D040F2AB313E20F4F765FE012AA1
:10BBC00059780CBF08220022FFF774FC044B0122B5
:10BBD00083F83C2008BD00BF00A00850060000808C
:10BBE000A8140020F8B5284E4FF48067C6F890706E
:10BBF000BFF34F8FBFF36F8F10F0F3FD0546234C5B
:10BC000010F09DFE0121401B214D2061C5F8A410BC
:10BC1000FFF73EFC4FF40023C5F8401EC5F8003482
:10BC20001C4B187C07F036F809F04EF91A4B1B4AEA
:10BC3000C5F838331A4BC3F8C820013AC3F8C420FA
:10BC400040F6FE72174BC5F81433174BC3F80425A2
:10BC500000239622A383A361238584F82A30E281FE
:10BC6000D5F8002D84F83C304FF480736260C6F83C
:10BC70009071C5F88834A36C376103B19847BDE86B
:10BC8000F84006F0D1BF00BF00E100E0A81400209A
:10BC900000A00850A40000200300008006000080DF
:10BCA000005008500100008000200850014B5872DD
:10BCB000704700BFA8140020020E034B0002C3F817
:10BCC000342EC3F82C0E704700A00850044B054AD0
:10BCD000034490721B7D03F516639381704700BF88
:10BCE000948C0400A814002008B5FFF70BFE58B987
:10BCF000064B0122C3F8400503F5A04302201A6158
:10BD0000BDE80840F9F776BE08BD00BF00500850F6
:10BD1000F8B53F4F05460E4697F8293023B940F253
:10BD200006713E20F4F7B0FD97F83E40FCB110F0EC
:10BD30005CFD0028FBD0374B0122DA64D3F84C4578
:10BD40009DB9354B4FF47A72323453F8263003F5EF
:10BD5000FA73B3FBF2F31C443B6932462846E41AFB
:10BD60002146FFF7C1FF2046F8BD5B34F4E7FFF73B
:10BD700031FC0123294A87F82830D2F8003443F0F7
:10BD80000103C2F8003487F82A4010F02EFD002885
:10BD9000FBD03DBB0123B97A30467B70FFF78CFDA9
:10BDA0007B78012B02D04FF4E961BAE7194AD364DA
:10BDB00002F5A0421360174B2846D3F84C452146A4
:10BDC000FFF7ACFCFFF74EFD3B69E41AF5B9124BE7
:10BDD0004FF47A7253F8263003F5FA73B3FBF2F39B
:10BDE0001C44C0E7012DE6D10223B97A30467B70AE
:10BDF000FFF710FD7B78022B02D040F2517190E7E3
:10BE0000044BDD6403F5A0435D60D4E72934AAE761
:10BE1000A8140020005008503C8D040000A00850D9
:10BE200073B5294B4FF48061284A4FF0FF30D3F8A7
:10BE30008854C3F89004C2F890114FF40022244CA7
:10BE400005F48075C3F8002400222249228584F875
:10BE50002A20C1F84025C3F80821C3F80021C3F8FF
:10BE60000421D3F82015C9B2D1B18DF80700C3F869
:10BE7000202201221A619DF8072012B1D3F8202256
:10BE80003AB19DF807305BB940F6FF013E20F4F768
:10BE9000FBFC9DF80720013AD2B28DF80720EAE7B3
:10BEA000FFF77EFC084E0023C6F82032238094F86A
:10BEB0003C300BB1FFF71EFB1DB14FF48073C6F889
:10BEC000883402B070BD00BF00A0085000E100E05F
:10BED000A814002000500850F8B52A4FFFF71CFBAB
:10BEE000FFF79EFF06F0A6FE97F83D304BB109F034
:10BEF000A1F820B140F2AE413E20F4F7C5FC87F82E
:10BF00003D00002009F0A2F8044610B140F2B14112
:10BF1000F2E71D4D1D4EC5F8C401C6F80801C6F86C
:10BF20000001C6F80401C5F8C800C5F8C400C6F889
:10BF30000401C6F8000108F0DFFF154B40F6FE7261
:10BF4000C6F83843C6F81443C5F8C041C3F80825FD
:10BF5000FC70C7E90544FFF7DFFA0E4B4FF480622F
:10BF6000C5F84841C5F84441C5F84041C5F84C41C1
:10BF7000C3F89020BFF34F8FBFF36F8FC3F89021AA
:10BF8000F8BD00BFA81400200050085000A00850C1
:10BF90000020085000E100E070B5174C06462578F7
:10BFA00065B994F82A206570E5701AB1134AC2F891
:10BFB000405170BD228584F82A20FAE718B1BDE807
:10BFC0007040FFF72DBF013DE189A27818BF012520
:10BFD0002846FFF733FB94F82A300146268043B108
:10BFE000064BC3F84061A2782846BDE87040FFF7D1
:10BFF0007BBE84F82830F6E7A814002000500850D3
:10C00000014BC3F84C0E704700A0085038B50446E9
:10C01000074809F01BF820B140F668113E20F4F7FC
:10C0200033FC044D94E80F0085E80F0038BD00BFD5
:10C0300045B50000F41400200A490B4B10B501244B
:10C04000C1F8D00E586283F82940FFF721FB40B9B0
:10C05000064BC3F8400503200C61BDE81040F9F71A
:10C06000C9BC10BD00A00850A81400200050085002
:10C07000144A136918449369834210B5124C09D3CA
:10C080000220F9F7B7FC00230122C4F840350F4B1A
:10C090001A6110BD0123D3706364D4F844250532BE
:10C0A000824206D3094AD2F80C120029F1D1136159
:10C0B000EFE70023C4F84431054BC4F84405C4F845
:10C0C000C431E6E7A81400200050085000A0085032
:10C0D0000900008038B50A4C0346657F217F012D99
:10C0E000227AE08909D100F0EDF9A36922699B1A4F
:10C0F0001844BDE83840FFF7BBBF00F0FDF9F4E796
:10C10000A8140020044BC3F8940ED3F8002442F086
:10C110004002C3F80024704700A00850054BD3F834
:10C12000002422F04002C3F800240022C3F8942E19
:10C13000704700BF00A00850044BD3F8183703F035
:10C140007F035B4203700120704700BF00A00850CE
:10C15000094B93F82A206AB10128084A084902D1FC
:10C16000C2F804117047C2F8001118B9997A187A08
:10C17000FFF7BABA704700BFA814002000A008500B
:10C1800007000080002808B518BF02220A4B08BF2C
:10C19000012299701A7093F82A205AB11B7A8B42A7
:10C1A00004D040F6C7213E20F4F76EFBBDE80840FE
:10C1B000FFF7CEBF08BD00BFA8140020054B00222A
:10C1C000C3F84025044AD2F82035DBB20BB1012375
:10C1D000136170470050085000A00850044B30B560
:10C1E000D3E90C459B6BC0E900450B6030BD00BF37
:10C1F000A81400202DE9F04110F0EDFA484C494D0B
:10C200000123C4E90C01EB64D5F84C35A363FFF7B7
:10C21000C7FA454B0022C3F80821C3F80021C3F830
:10C220000421C3F80421C3F80021D3F8001421F03D
:10C230001D01C3F8001494F83C3084F829200BB198
:10C24000FFF758F9D5F84835A361D5F8443563614F
:10C2500063786377344BD3F81872D3F82002FFF772
:10C2600017F96678022E40D1E3784BB1D5F8443106
:10C2700033B10120FFF790FEE36CBDE8F0411847B1
:10C28000002F45D0237A23B940F24D213E20F4F708
:10C29000FBFADA1E012A24D8234BD3F81C3E13F0F4
:10C2A00006031DD0022B1ED0032300250020237778
:10C2B000FFF772FE1C4B85F00101D3F80C2ED2075C
:10C2C0004CBFD3F81C0E0120236D44BF00F00100C9
:10C2D000084300F0010080F00100BDE8F04118477C
:10C2E00003230125E2E70423FBE7012E10D1237A83
:10C2F000237737B10020FFF74FFE636D31460020F2
:10C30000EBE758B13046FFF747FE636D3946F6E775
:10C3100020B10120FFF740FEA36DAEE7BDE8F0813C
:10C32000A81400200050085000A00850024B03EB56
:10C330008003D86B704700BF948C0400024B03EB62
:10C340008003186D704700BF948C0400F7B501237B
:10C350000D4647780146437004462846164600F0CD
:10C3600069F94FF47A73124AADF80630BDF8063019
:10C370009BB243B9BDF806309BB27BB940F65F5122
:10C380003E20F4F781FAD2F80431002BF2D1BDF847
:10C390000630013B9BB2ADF80630E7E7677016B98F
:10C3A000EB78A370AB707B1E5842584103B0F0BDD0
:10C3B000006004502E3008B5362854D8DFE800F06D
:10C3C0005053535353534D53535353535353535346
:10C3D00053534B5353535353585358534953475341
:10C3E00045534353413F3D3B39373533312F2D2B97
:10C3F00029272523215A1C003F231F4AC2F8103742
:10C4000008BD3323F9E72D23F7E72823F5E7232396
:10C41000F3E71F23F1E71B23EFE71823EDE71523CD
:10C42000EBE71323E9E71123E7E70F23E5E70D2304
:10C43000E3E70B23E1E70A23DFE70923DDE708232E
:10C44000DBE70723D9E70623D7E70523D5E704234E
:10C45000D3E70323D1E70123CFE74FF49873CCE769
:10C460004FF48873C9E74FF48E713F20F4F70CFA4C
:10C470000223C2E73923C0E700A008504FF47A73C3
:10C48000033A5843012A10B5064C00F2E73034F95C
:10C4900011100844B0FBF3F08CBF02230A23C01A2A
:10C4A00010BD00BF148D04004FF47A73044A00FBE2
:10C4B000033032F911201044B0FBF3F0704700BF95
:10C4C000148D040038B51D460A4B33F9114003EBB7
:10C4D000820305355B691C444FF47A7304F6B73464
:10C4E00003FB00441046B4FBF3F42544FFF71EFFA2
:10C4F000284438BD148D040070B50646084615461C
:10C50000FFF71CFF094B03EB85035C694FF47A735B
:10C5100004F6B73403FB0644241A2846B4FBF3F4AC
:10C52000FFF704FF0530204470BD00BF148D0400E8
:10C53000024B00221A705A709A707047041500203E
:10C540002DE9F0470746012015469DF834400E4678
:10C550009846DDF824A09DF83090FEF72BFF314A75
:10C56000D47014B93B1F5C425C4107F00303002107
:10C5700043EA04632C4CC4F804352C4BC4F88010F7
:10C58000C3F88410A3F58023C3F88411A3F5805366
:10C590000221C3F80815BDF8283031689380F3688C
:10C5A00009BA93FA83FCB36818BA7368C4F810C563
:10C5B0001BBAC4F81405C4F818352B0AC4F81C15A6
:10C5C0002D069DF8206043EA0863DAF804102DBABE
:10C5D000003E23F00043DAF8000009BA18BF012634
:10C5E000B9F1020F00BAC4F8201543EAC673C4F8C3
:10C5F00024051BBAC4F82835C4F82C550CD80C4BAC
:10C60000022F13F80930C4F848354FF00103537076
:10C6100000D11370BDE8F0874FF49B716C20F4F7E4
:10C6200033F900BF041500200060045000300850AA
:10C63000748D04002DE9F84F334B04460D465A78AB
:10C6400022B94FF4A8716C20F4F71EF94A7893F8D8
:10C6500003801A81B8F1000F51D14A7803F1060B1B
:10C6600042702A4A4FF0000C294E4FF00E09DFF8B5
:10C67000A4A006F1080706F1300EC3F844B006F195
:10C68000400BDD61C3F820A083F82AC083F82B900B
:10C6900092E80300C3E90BCC86E80300D2E902016B
:10C6A000C3E9154A87E80300E91C1F8959621F8501
:10C6B000D2E904018EE8030017499964D2E9060122
:10C6C000E21CDA6507EB0802A3F86020C2F3074218
:10C6D0008BE8030083F86220012183F86390C3E9AB
:10C6E00019CCAA78A2700D4AC2F83065C2F838E5B4
:10C6F00099701970C2F804C11160BDE8F88F00F19B
:10C70000010B4FF00408ACE704150020788D0400FD
:10C71000101500200100000D0100000C0060045005
:10C72000334B5A782DE9F04105460E4622B94FF4B5
:10C73000BD716C20F4F7A8F82E4A03F13C0C03F10C
:10C740004C0403F10C07DFF8B080DFF8B0E0C3F869
:10C7500048805E65C3F858E092E80300C3E9095ECB
:10C760008CE80300711C5964D2E9080184E80300D5
:10C77000F11C0024D96522499C6683F83240C3E944
:10C780001814D2E9040187E80300691CC3E90518FD
:10C79000D2E90601EA1C03F11C08DA629A881A86BB
:10C7A0000E2288E8030083F833200121C3E90D44F9
:10C7B000B278AA70134AC2F830C5C2F838759970B9
:10C7C0001B780BB9A921B4E70F4BC2F80441C2F89A
:10C7D0000841C2F880300D4AC2F88430A2F58022A8
:10C7E000C2F8843102220A4BC3F80425BDE8F08167
:10C7F00004150020788D04000100000C0100000DDC
:10C80000E803000E00600450010000800030085072
:10C81000002004500C4B1A788AB100220B490220E8
:10C82000C1F8802001F57431C1F88420A1F5802180
:10C83000C1F88421A1F58051C1F808051A700022C1
:10C840005A709A70704700BF0415002000600450B1
:10C8500008B50B4BD3F8082122B10420F9F7CAF828
:10C86000022008BDD3F8042122B90520F9F7C2F847
:10C870000320F6E7D3F80004003818BF0120F0E7E2
:10C8800000600450014B01225A6070470060045060
:10C89000014B1860704700BF74150020014BC3F8AE
:10C8A0000405704700200850014BC3F80805704785
:10C8B00000200850164840F62E731649C0F8083577
:10C8C0000023154AC1F8C031C2F80031C1F8C431A3
:10C8D000C2F80431C1F8C831C2F80831C1F8CC310E
:10C8E000C2F81031C1F8D031C1F8D431C2F8A0314A
:10C8F000C2F8BC33C1F88C30C1F8C430C2F8583328
:10C90000C2F814314FF47C73C0F8083508F0F4BA5B
:10C91000002008500050085000A00850064BD3F8E3
:10C920002C283AB940F04070C3F800080120C3F841
:10C930007C0870470020704700A00850054BD3F8D2
:10C94000002420B142F00102C3F80024704722F015
:10C950000102F9E700A00850054BD3F8002420B1EC
:10C9600042F40022C3F80024704722F40022F9E7C1
:10C9700000A00850024B0022C3F80024704700BFFB
:10C9800000A00850034BD3F82002003818BF012044
:10C99000704700BF00A00850024B0022C3F82022BD
:10C9A000704700BF00A00850024B0022C3F8BC2211
:10C9B000704700BF00A00850034BD3F8BC020038FA
:10C9C00018BF0120704700BF00A00850024B002292
:10C9D000C3F80022704700BF00A00850034BD3F8F3
:10C9E0000002003818BF0120704700BF00A00850A7
:10C9F000034B01225A600022C3F80022704700BF97
:10CA00000050085000F5A870014B43F82010704703
:10CA100000500850024B00F5A87053F820007047F2
:10CA200000500850034B80001858003818BF0120F0
:10CA3000704700BF405108508000024B00221A503E
:10CA4000704700BF40510850024B4FF48002C3F8BA
:10CA50000423704700500850024B4FF48002C3F883
:10CA60000823704700500850024B0022C3F8C82228
:10CA7000704700BF00A00850024B0022C3F80422F8
:10CA8000704700BF00A00850024B0222C3F8882460
:10CA9000704700BF00A00850024B0222C3F8902448
:10CAA000704700BF00A00850034BD3F804020038C1
:10CAB00018BF0120704700BF00A00850024B0022A1
:10CAC000C3F80822704700BF00A00850024B0422A0
:10CAD000C3F88824704700BF00A00850024B04220E
:10CAE000C3F89024704700BF00A00850034BD3F850
:10CAF0000802003818BF0120704700BF00A008508E
:10CB0000034BD3F8C802003818BF0120704700BF9C
:10CB100000A00850012804D1094B0322C3F80025C6
:10CB20007047022802D1064B0422F7E7082806D1F5
:10CB3000034B0422C3F800250322C3F810287047D2
:10CB400000A008500230024BC3F80807704700BF2E
:10CB500000A00850064B020E0002C3F8342E0A0E45
:10CB60000902C3F82C0EC3F8382EC3F8301E7047E4
:10CB700000A008500138074B074A18BF012043EABC
:10CB80000123000640F48020C2F8200EC2F8283E9F
:10CB9000704700BF1000030000A00850014BC3F80D
:10CBA000D00E704700A00850034BD3F8180700F0D0
:10CBB0007F004042704700BF00A00850014B012297
:10CBC000DA60704700A00850034B044AC3F8C42041
:10CBD000C3F88C20704700BF00500850050000804B
:10CBE000034B0022C3F8C420C3F88C20704700BF59
:10CBF00000500850064B0022C3F80022C3F80C2254
:10CC0000C3F81822C3F82022C3F81C22704700BFC3
:10CC100000A0085008B50FF0C4FC014B185C08BD1B
:10CC200074D0010008B50FF0BCFC024B034493F82C
:10CC30002B0008BD74D00100084AD2F8D43723F085
:10CC4000875323F4F013C2F8D437D2F8D43743EA29
:10CC5000404343F08053C2F8D437704700A00850D7
:10CC60001C4B0022C3F8202201221A61D3F8202293
:10CC7000002AFBD0002240F22141C3F82022C3F851
:10CC8000181501F1004101F5911101F6A241C3F817
:10CC9000D4171149C3F80428C3F80819D3F8401B66
:10CCA00021F0FF01C3F8401BD3F8401B41F0900175
:10CCB000C3F8401B0221C3F810180121C3F8A410C7
:10CCC000C3F84825C3F85425C3F85025C3F85825A0
:10CCD000704700BF00A0085005008010024A136D85
:10CCE00043F001031365704700B0085008B5134BBB
:10CCF0002629186D40F0010018654FF003001860F8
:10CD00004FEA4100586015D008D808290AD01229E6
:10CD10000DD040F2AF418920F3F7B6FDA229F8D13A
:10CD2000002101E04FF6FF71D9619A6108BD47F219
:10CD3000C711F9E743F2E551F6E700BF00B008502C
:10CD4000014B01229A63704700B00850014B586AAA
:10CD500080B2704700B00850014B586A000C704711
:10CD600000B00850024B1B6A1A0C0A8003807047FF
:10CD700000B00850064B586B7D23000100B200281C
:10CD8000B8BF0F300011584300EBD070401070470F
:10CD900000B0085008B50E4BDA6AFFF7EBFF002829
:10CDA000C2F30B12B8BF4042122A05D843F69823AB
:10CDB000984203DC002007E0162A06D847F23053D9
:10CDC0009842D4BF0120022008BD0220FCE700BF2A
:10CDD00000B0085001F662114BF6BC6348430028CE
:10CDE000CBBF00F5BE42A0F5BE425E325E3ACCBF7C
:10CDF000B2FBF3F392FBF3F3064AC3F30C01C2F860
:10CE00000418054A02FB0300642390FBF3F000B210
:10CE1000704700BF00A008504441FFFF024B4FF491
:10CE20000042C3F88C24704700A00850024B4FF416
:10CE30000042C3F89424704700A00850024B4FF4FE
:10CE40008072C3F88824704700A00850024B4FF44A
:10CE50008072C3F89024704700A00850024B012252
:10CE6000C3F88824704700BF00A00850024B01227D
:10CE7000C3F89024704700BF00A00850034B4FF444
:10CE800080220120C3F88C24704700BF00A0085006
:10CE9000024B4FF48022C3F89424704700A008503E
:10CEA000074B4FF0FF32C3F890240022C3F88424CC
:10CEB0004FF48062034BC3F890211A61704700BFA2
:10CEC00000A0085000E100E0094B4FF0FF32C3F82A
:10CED00090240022C3F884244FF48062054BC3F8E9
:10CEE0009020BFF34F8FBFF36F8FC3F8902170472F
:10CEF00000A0085000E100E0024B1879003818BF8C
:10CF0000012070477415002010B50C4CD4F848353A
:10CF100043F00703C4F848350123C4F8503500F046
:10CF2000FE03C4F8541503EB50030933012A08BF6C
:10CF30000133DBB2C4F8583510BD00BF00A0085063
:10CF4000024B034AC3F8542B704700BF00A008509F
:10CF500077777700044A054B012808BF1346044A37
:10CF6000C2F8543B704700BF2222770011117700AE
:10CF700000A00850014B01229A63704700A008509E
:10CF8000024B034AC3F80829704700BF00A00850AD
:10CF90000500901000384FEA8203094A18BF0120AB
:10CFA000012903F0780314BF40214FF4807143EA54
:10CFB000012343EA800343F002031365704700BF77
:10CFC00000B00850064BD3F8402B22F0FF02C3F804
:10CFD000402BD3F8402B42F08802C3F8402B704717
:10CFE00000A00850032912D902680729084B12BA79
:10CFF0005A650CD942680B2912BA9A6507D982681A
:10D000000F2912BADA6582BFC26812BA1A6670476F
:10D0100000B00850034BD3F8C002003818BF0120FD
:10D02000704700BF00A00850024B0022C3F8C02286
:10D03000704700BF00A00850024BD3F8000BC0F3AC
:10D040000030704700A00850024B1B6803B118471E
:10D05000704700BF74150020014B5871FFF7F4BFF3
:10D0600074150020024B1868003818BF0120704763
:10D0700074150020014B5879FFF7E6BF74150020A6
:10D08000024BD3F82005C0B2704700BF00A0085083
:10D09000014B9871704700BF74150020014B9879BF
:10D0A000704700BF7415002008B50F4BB8B10F4A88
:10D0B00040F2E731C3F818260022C3F80026C3F86F
:10D0C0001826D3F8082602F07F02092A00D108BDED
:10D0D0000139F6D140F287718920F3F7D5FB01229F
:10D0E000C3F80026F3E700BF0000125003000080E1
:10D0F000044BD3F8080600F07F00A0F10903584262
:10D1000058417047000012502DE9FF4798464F4B99
:10D1100081460C469B79174653B1FFF7E9FF20B1D2
:10D1200040F2FF118920F3F7AFFB0120FFF7BCFFAE
:10D13000474D4FF0010A04230021C5F8A4A0204662
:10D14000C5F840AE0E46C5F83C3EFFF713FD4FF460
:10D15000807310226846C5F8443EC5F8481E0FF09B
:10D16000FBFD5146484605F00FFE6946FFF722F9E0
:10D17000C5F81865C5F800643A460C994046FFF7B3
:10D18000C3FE424621463846FFF704FF314C07F004
:10D190009BFE314A4FF47C730127C2F804352F4BB4
:10D1A000C4F8C031C5F800310133C4F8C431C5F842
:10D1B00004310133C4F8C831C5F808310633C4F866
:10D1C000CC31C5F810310133C4F8D031C4F8D431B2
:10D1D000C5F8A031053BC5F8BC330633C5F8583354
:10D1E000C5F8143140F62E73C2F804352022D4F865
:10D1F000043523F00303C4F804356760D4F8083518
:10D2000043F00303C4F808354FF0FF33C4F810654A
:10D21000E760C4F80833124BC4F84065C4F84465AD
:10D22000C4F84865C4F84C65C4F85065C4F8546542
:10D23000C4F858651A610FF0CEFA054627600FF062
:10D240007EFB281A04B0BDE8F08700BF74150020EB
:10D2500000A0085000500850002008500100008035
:10D2600000E100E038B5194B0C46054611461B7E1F
:10D2700033B1174B1B681BB12046984743001BB2C4
:10D28000012C9BB207D11DB903F5F3500C3007E018
:10D2900003F5F750FAE7022C08D11DB903F6EE703A
:10D2A00080B238BD03F583500830F9E7082C07D168
:10D2B00015B903F58050E9E703F584500630EFE730
:10D2C0004FF41B71B620F3F7DFFA00BF7C15002086
:10D2D000BC1B00202DE9F04F254C85B00546984633
:10D2E0000F46164605F014FD23788146AB4211D156
:10D2F0006378BB420ED194F90230B3420AD1E3788D
:10D30000834207D1A388A8F8003094F9060005B03D
:10D31000BDE8F08F082D1CD18DF80F6028469DF9CF
:10D320000FB00FF056F982463846FEF7BFFB0022D9
:10D330000346414600925846524605F09FFCB8F815
:10D340000030A071A38025706770A67084F80390E8
:10D35000DBE728460FF03DF90DF10F033246394661
:10D3600005F0DCFC0028D9D04621A920F3F78CFA7F
:10D37000BA000020014B1860998070479815002072
:10D38000024BD86019745A82704700BFC415002040
:10D390002DE9F843089D1C4606461B884078174631
:10D3A0008846E854238801339BB223803078E854C0
:10D3B000B4F8009009F101091FFA89F9A4F8009066
:10D3C00070780FF01FF905F80900238801339BB22C
:10D3D00023807278032A00F2D180DFE802F0022E67
:10D3E000507DB279EA54238801339BB22380F279CD
:10D3F000EA54238801339BB22380327AEA54B8F18D
:10D40000000F39D122885F49013292B22280B6F9E9
:10D4100004308B42B8BF0B4642F210718B42A8BF5A
:10D420000B46C3F30E03AB541B0A22882A445370E5
:10D43000238802332380BDE8F883B279EA54238835
:10D4400001339BB22380F279EA54238801339BB2E3
:10D450002380327AEA54238801339BB22380B28836
:10D46000EA54238896F905202B445A702388023306
:10D470009BB22380727AEA5423880133DAE7327947
:10D48000EA540022238801339BB2238006EB8201F9
:10D49000013248799742E854238888792B445870A0
:10D4A0002388C8792B449870238803F103039BB227
:10D4B0002380087AC0F30300E8540B7A208803F035
:10D4C000F003295C43EA01032B54238803F1010391
:10D4D0009BB22380DADAAEE7B279EA5423880133CB
:10D4E0009BB22380F279EA54238801339BB22380D4
:10D4F000327AEA54238801339BB22380B288EA54FB
:10D50000238896F905202B445A70238802339BB256
:10D510002380727AEA54238801339BB22380B27A43
:10D52000EA540022238801339BB2238006EB820158
:10D530000132C87A9742E854238888892B4458706E
:10D5400088892388C0F30F202B449870238803F127
:10D5500003039BB22380887BC0F30300E8548B7BDA
:10D56000208803F0F003295C43EA01032B5423884D
:10D5700003F101039BB22380D8DA5CE7CA2187203C
:10D58000F3F782F9F0D8FFFF2DE9F04F002387B0C1
:10D5900004460D46174690F8978200F52D76DFF881
:10D5A000B490ADF81630B4F8A232FF2B07D899F832
:10D5B000000003FB006042780AB9827822B904F5C2
:10D5C0002D79DFF890A02BE0D4F8D4304246D97CF6
:10D5D0000DF116030097FFF7DBFEB4F8A23201331A
:10D5E000A4F8A232DFE7D4F8D4304246D97C0391C4
:10D5F0000FF008F8CBF1FF0303305B1B00B21BB246
:10D6000083421ADB0DF11603424603993046009718
:10D61000FFF7BEFEB4F8A23201339BB2A4F8A232E7
:10D62000FF2BBDF816B008D89AF8006003FB0696E9
:10D63000707810B1B378002BD5D15D44FF2D04DD97
:10D6400040F205118720F3F71FF9584607B0BDE8EF
:10D65000F08F00BF2C0C00202DE9F3470C46064646
:10D6600020B94FF4E9718720F3F70EF90D21DFF8A7
:10D67000F491F3F7A7FD0D21F3F74AFDB389B0F854
:10D68000A42200F52D7705460D219A4299F8002035
:10D690001EBFA0F8A4320023A0F8A232B0F8A23234
:10D6A00002FB037393F80180B8F1000F40F09480FF
:10D6B000F3F788FDD5F8D430A4F803005A7F6271DF
:10D6C000DA7A012A14BF95F897124146012A21748B
:10D6D0007189E180B189218103D19A7C013A012AC3
:10D6E00040D896F90E202273DB7C002B3CD1B6F992
:10D6F00010305D4A9342B8BF134642F21072934213
:10D70000A8BF1346C3F30E030020B5F8A2A263819D
:10D710006074B37C0F2B03D903F0F003202B3FD1AF
:10D72000102104F112022846FFF72EFFB5F8A212CD
:10D73000A1EB0A036374B37C0F2B31D8B1F5807F62
:10D7400005D099F8002001FB0272517871B90022CE
:10D7500013F00F03A27338D00F236373002396F8DE
:10D7600012800EE07F22BEE7404BCDE7937813B9DD
:10D7700040F22D1177E70123A3736373A27B0F2A75
:10D78000EDD01030312284F80F80C0B260700420D8
:10D790003E21A27040EA0320217002B0BDE8F0876C
:10D7A000B27C3F2A4FEA121304D8012B04D84FF45D
:10D7B000AC7158E70F2BFAD1F37C0F229A44A5F8ED
:10D7C000A2A2A273B37C134004D1327D82F0010285
:10D7D0006273D3E76273C1E7F3F7F4FCD5F8D43092
:10D7E000A4F8030009215A7F2846627104F10B0254
:10D7F000DB7A012B14BF95F8973200236372B5F8DA
:10D80000A282FFF7C1FEB5F8A232A3EB0808B3F578
:10D81000807F84F80A8005D099F8002003FB027706
:10D820007B78BBB9B27C002312F00F01E37109D100
:10D83000327D0B4682F00102A271E2790F2A03D0F9
:10D84000002202E00F22A271B27C09302272322241
:10D85000C0B29BE7BB78002B8AD001221346E2714D
:10D86000EAE700BF2C0C0020F0D8FFFF00C0FFFF4C
:10D870002DE9F84F00F51576D0F8D43004460D4662
:10D88000D87A314604F096FBD4F8D430314680463D
:10D89000D87B04F08FFBD4F8D4C094F8A032814632
:10D8A0009CF80E209CF810709A42DFF820A128BF47
:10D8B0001A462B889AF80010F818FF2826DD01FB7D
:10D8C00003440022FF2B02D90220BDE8F88F013368
:10D8D00084F8B5220C449BB2F4E7B4F85402013347
:10D8E0000644288801FB004B01308BF8B5E2288004
:10D8F000D8B28742F1D80020C3B293420AD317446A
:10D900004FF0FE0B9F2F20D90020DEE700231E469C
:10D910009E46EDE7D4F850324644C3F31703B342B2
:10D9200003D2EC218820F2F7AFFF2B8801309CF85E
:10D930000BB001FB034E01339BB28EF8B5B2B3F5C9
:10D94000807F2B80D8D10120BFE7D4F8503294F8E3
:10D950005C02C3F31703C0B94E449E42B5D89AF88F
:10D96000002084F85CB22B8802FB0343D4F8D42057
:10D97000D27B83F8B5222B8801339BB2B3F5807F2D
:10D980002B80E0D00137BFB2BCE746449E42BBD8F3
:10D99000D4F8D4C09CF80F30FF2B0DD0FE2808D14E
:10D9A00004F1DA032A889CF80D109CF80C0003F0AF
:10D9B00007FC013884F85C029AF800202B8802FBEF
:10D9C0000343D4F8D420D27AD3E700BF2C0C002034
:10D9D00038B500F2A625044628460CF0B7FB48B936
:10D9E000B4F8643228460449A4F8B032BDE838409F
:10D9F0000CF0A0BB38BD00BFD1C6010090F8C53106
:10DA000090F8C41199420BD003F1010C5FFA8CFC21
:10DA1000034480F8C5C1012093F8C63113707047E4
:10DA2000002390F8B21280F8C53129B101394FF0C6
:10DA3000010C80F8B212EBE70846704790F87B3192
:10DA400090F87A219A4207D05A1C0344D2B280F847
:10DA50007B2193F87C01704700230122034480F866
:10DA60007B2193F87C01704738B5044690F8C531A6
:10DA700090F8C4011546984208D05A1C234401204E
:10DA800084F8C52193F8C6312B7038BD94F8B202E2
:10DA90000028FAD0013804F1DA0284F8B20204F561
:10DAA000E27003F09DF894F8C531E6E710B590F800
:10DAB0007B31044690F87A219A4206D05A1C2344BE
:10DAC00084F87B2193F87C0110BD00F1DA0200F5A7
:10DAD000BD7002F097FF94F87B315A1C234484F800
:10DAE0007B2193F87C0110BD5E21A62008B5F2F7DA
:10DAF000CBFE00BF2DE9F04F0023054687B000F5AF
:10DB00000670B5F81842C5F8C830C5F8C030A5F899
:10DB1000CC30C5F8D03004F0AFFEB5F86032A5F8CF
:10DB200018420DF116012846ADF81630FFF7A0FE99
:10DB3000B5F86042BDF816800228A8EB04085FFA29
:10DB400088F800F0D980012804D1042385F86232D6
:10DB5000B5F86042D5F8D49099F81430022B00F053
:10DB6000C6806D4BDFF8B4A1009399F81030002BFC
:10DB700000F0CB8005F52D76694F334656469A4620
:10DB800097F800B02146284604FB0BFBB047013450
:10DB90000AF80B00B5F86002A4B299F81030844678
:10DBA00003449C42ECDB99F80EA0002295F8A032C9
:10DBB00085F8A0229A4528BF9A46431E54449BB23A
:10DBC000A4B2BAF1000F1AD0D5F8D41005F52D760D
:10DBD000534FC97ACDE902800191397803F1FF3BB7
:10DBE000019801FB03FE06EB0E0898F801808045C2
:10DBF0003AD092451FFA8BF3EFD8DDE9028008EBAB
:10DC00000C03A34240F3848005F52D76444F12E0C7
:10DC1000009B9847002858D0D34504D095F8A032EF
:10DC2000013385F8A0320134B5F86032A4B203EBB9
:10DC30000802944229DA97F800C0214699F80FA00B
:10DC4000284604FB0CFC06EB0C0292F801B0D3450D
:10DC5000DED1BAF1010FDBD195F8C5312B4493F831
:10DC6000C53106F80C30DEE7013216F80EE01FFA77
:10DC70008BF3D2B2A4EB020892451FFA88F801FB9D
:10DC800008F106F801E0A8D8B7E7E41AE4B295F87D
:10DC9000C52195F8C4319A4232D0D5F8D43085F8F0
:10DCA000B0401B7CA3421ED2B5F860321C44A4B223
:10DCB000FF2C06D81A4A0023127804FB025585F877
:10DCC000B532012007B0BDE8F08FB5F86032E31A35
:10DCD000DCB2042385F86232D5F8D43085F8B04040
:10DCE0001B7CA342E0D3002007B0BDE8F08F0D4BB2
:10DCF000DFF834A0009338E7002085F8B080F3E720
:10DD000095F8B232002BC8D1E3E7A44620464AE793
:10DD1000201AC4B2BBE700BF69DA0000ADDA000028
:10DD20002C0C0020FDD900003DDA0000D0F8D430E2
:10DD30002DE9F04190F8B02084B01B7C9A4271D953
:10DD40000446414807F082F9002866D106238DF881
:10DD50000E0003A8ADF80C3007F066F9002866D174
:10DD6000D4F8D4300121394A5E7CDF7C94F9D95053
:10DD700094F87182117004F037FF434600903A46E0
:10DD800031462846FFF7C0F9B0F5D57F0DDB94F892
:10DD90002032032262F3071384F82032042384F82C
:10DDA0006232002004B0BDE8F08140F2A9131B1AD2
:10DDB0005B01C4F8BC30FFF773F803A807F040F923
:10DDC000C8BB9DF80C3003F00603062B0ED094F868
:10DDD0002032032262F3071384F8203294F862326F
:10DDE000042BDED0204603F031FFDAE7204602F0B4
:10DDF000F5FA28B1012822D1012004B0BDE8F08154
:10DE000002F022FB0028FBD00128F5D00228C8D060
:10DE10004FF4CE71A620F2F737FD4FF4AB71A62078
:10DE2000F2F732FD4FF4A971A620F2F72DFD55212E
:10DE3000A620F2F729FD6421A620F2F725FD40F285
:10DE40008511A620F2F720FDE9DA0000E115002097
:10DE500008B502F0F9FA0028FBD0012802D0022808
:10DE600001D1002008BD4FF4CE71A620F2F70CFDC1
:10DE700010B5FFF713F928B1FFF73AF9C0B1002048
:10DE8000FFF712F9114CFEF7B3FDFEF713FDFEF795
:10DE9000E7FEFFF719F8FFF7EDF823781BB107F05D
:10DEA000C9F870B92070002007F0D0F828B910BD6B
:10DEB00040F2AD11A620F2F7E7FC6F21A620F2F7A1
:10DEC000E3FC6C21A620F2F7DFFC00BFE115002087
:10DED0002DE9F04390F85D3283B090F85E2204465D
:10DEE00001330D46DBB29A4280F85D3202D804233A
:10DEF00080F86232B4F860220D2194F8B0302046E8
:10DF00001344A4F86032F3F75DF90E210746F3F7E6
:10DF1000FFF8D4F8D4300646B4F860221B7C1344D2
:10DF2000FF2B00F3938040F6FF739F4266D001A958
:10DF300038460BF0C2FC002840F0B98096F83E311C
:10DF40004FF0000E94F85D22B6F83A11B6F8508101
:10DF5000B2FBF3FC03FB1C22019B5FFA8CFCD2B2E8
:10DF6000D3F8C870A2FB012193009B1841EB0E0E61
:10DF7000DB004FEACE0E9B1A6EEB010E4FEA0E1E2F
:10DF80004EEA137E1B019B18B6F83821B4F8546290
:10DF900041EB0E0ED4F8D41002FB07F7D4F8C420DE
:10DFA00091F81090C9FB0620ECFB0720D71840F22F
:10DFB00071234FF0000903FB08F840EB0E064745BC
:10DFC00076EB090342D2C87BFF280BD091F80EC034
:10DFD00094F8A02294F85C32944594BF43EA0C0371
:10DFE000134303B1C87A04F5157103F0E3FFC019B8
:10DFF00046F10006804579EB060627D394F8B03049
:10E00000A4F81A5284F8213294F86232DBB294F800
:10E010006622042BD2B21DD004F5097528460CF0F7
:10E0200095F888B304F23A2528460CF08FF850B3DF
:10E03000302384F82032042384F862321E4904F22B
:10E040000E2003B0BDE8F0430CF07AB8042384F846
:10E050006232D3E7012384F82232002ADCD0D4F8DC
:10E06000D42092F84B20162A04D0282A09D0132A4B
:10E0700018BF0F2394F8202263F3030284F82022B0
:10E08000CAE70323F6E70120162204F5067302FB14
:10E09000004407CBC4F82E022846C4F832120649C1
:10E0A000C4F8362203B0BDE8F0430CF040B84FF49A
:10E0B000F671A620F2F7E8FB59D600002DE9F047EB
:10E0C000DFF81C81154604460F46FEF763FE064640
:10E0D000D8F80000D0F8D430DA7C012A1ED11B7F9A
:10E0E000E3B1002F58D0FEF737FE6378C0F30F106E
:10E0F000022B00F400623FD0002A5CD1C0F30A007A
:10E1000006F00F0604EB8505020A002346EA07160F
:10E11000E8722A73AE736B73BDE8F087B0F9CC2058
:10E1200006F00F06217807F00F0704F0FDFB637877
:10E1300020F07F40022B0FD004EB8504C0F30723AF
:10E140002373A37BE072000C66F30303607367F331
:10E150000713A373BDE8F08704EB8505C0F307231D
:10E16000AB712B7A6871000C66F30303E87167F3F7
:10E1700007132B72BDE8F08702B340F2FF7006F080
:10E180000F0604EB8505020A002346EA07166871AC
:10E19000AA712E72EB71DDE7FEF7D8FD814685B1DD
:10E1A000B8F80430A8F8040008EB4508A0EB030910
:10E1B000A8F8089097E740F2FF70A1E7C0F30A00C3
:10E1C000DDE794F800A004F077FBC0F12A00A8F87E
:10E1D000049000FB0AFA09EB4A09A8F8089082E7C4
:10E1E000E415002070B5174E346894F89A32022B6B
:10E1F0000BD0012B94F89B5217D0D4F8B4305A7836
:10E20000022A0CBF1D719D7270BDB4F8CE1004F1CE
:10E21000DA02B4F86032194489B202F04DFE84F893
:10E220009B02346894F89B52E7E7013503F038FE0F
:10E230003468B5FBF0F303FB1055EDB284F89B5244
:10E24000DBE700BFE41500202DE9F0414B4F84B01F
:10E25000C3B23E680190D6F8D420D6F8B84092F800
:10E2600011807F2222724FF60272E2804FF4004248
:10E27000A280002B4FD09DF80530002B4BD09DF88D
:10E280000630002B47D0050EFEF7D6FE002842D000
:10E290003A68D2F8D430DB7C002B43D1B8F1010FBF
:10E2A00096F871325DD09B001A26DBB21E44D2F87C
:10E2B000C88004F0A5FC03A90368F6B23868984743
:10E2C000012828D061783A680129D2F8D43025D0C5
:10E2D00092F897121936DA7E187E05EB41019B7E83
:10E2E00002441E4401FB0266254B039803FB06050E
:10E2F00004F086FC0346414630465B689847284454
:10E3000000F50043B3F5803F05D2A080FEF74CFC3A
:10E3100000232072A37104B0BDE8F08105365B7E56
:10E320001E44E1E704F072FC03A9036838689847CB
:10E330000128F0D060783A680128039BD2F8D41005
:10E3400013D092F8972205EB42008D7ECA7E097E9B
:10E350000A4400FB02F20A4819322A4400FB023048
:10E36000CEE7DB002C26DBB2A0E74A7E6FF4FA6131
:10E370000532084400FB0230C2E700BFE41500206C
:10E3800030F8FFFF70B51D4E346894F8703223BB2F
:10E3900094F8710208B3B4F86032C000B4F8CE103B
:10E3A000C5B21944D4F8D430DB7C89B2B3B104F5DA
:10E3B000217304F1DA02284603F080F83268B4F8D9
:10E3C000CE102846B2F8604202F273232144DA32BA
:10E3D00089B2BDE8704003F071B870BD04F27323D8
:10E3E00004F1DA02284603F069F83268B4F8CE1076
:10E3F0002846B2F8604202F52173E7E7E4150020F1
:10E40000F8B5294E3568D5F8D420B5F86032147CBB
:10E410001C449C4245DD2549D27C91F800C0F2B1F4
:10E42000012A39D16FF07F0203FB0C5191F9BB1225
:10E430008A4202DA7F2918BF0A4601339BB29C4206
:10E44000F2DC5242D4B22046FEF7E4FB3368C5F852
:10E45000D000D3F8D000FEF7EFFB2046F8BD6FF0F8
:10E460007F0205F52D7E124F0CFB03E090F907109B
:10E4700091420CDD7F290AD0B0F9040020B100EBF5
:10E480008002520097FBF2F00A46C5F8C80001333B
:10E490009BB29C42E8DCD4E740F2B4418320F2F71F
:10E4A000F3F98024CFE700BFE41500202C0C0020F6
:10E4B00000CA9A3BF8B5534C94F82C3020680133CD
:10E4C00090F89722DBB29A4284F82C3003D990F866
:10E4D0009632012B7CD8FEF713FB002800F08C80CD
:10E4E000FEF7C2FA206894F82E2090F89712023AAC
:10E4F00094F82C50012A8CBF0B464B1C6A1C6E1ED4
:10E50000DBB2F6B29A4230DB56D00EF061F82368E7
:10E51000D3F8D430587CFEF71DFD94F82E302268D5
:10E52000023BD2F8B4003246012B5DD90021FFF73F
:10E53000C5FD236800221321D3F8B43003EB850313
:10E54000DA721A735A739973FEF7A2FCFEF724FA73
:10E55000FEF774FC22682C4B92F89802A3620138F3
:10E56000C0B2FEF771FD0120F8BDD0F8D47090F86C
:10E5700071027B7C97F817C0012B39D080001A23D9
:10E58000C0B2634497F81BC00344387EBF7E60442A
:10E5900001FB00010B4421690F333B4400FB0233B4
:10E5A000634401EB4311EB0701F1600154BF052007
:10E5B0000420FEF727FA2068144B3246D0F8B40046
:10E5C0000021A362FFF77AFDBDE8F840FEF756BCD4
:10E5D00094F82D1003F076FCFEF736FD94F82D30FC
:10E5E000013384F82D3076E70221FFF767FDABE7B2
:10E5F000C0002C23C0B2C4E740F60A118320F2F712
:10E6000043F900BFE4150020A1F20000B5E40000CA
:10E6100010B5FEF749FA80B10A4CFEF73DFA0DF04D
:10E62000BEFF0346062084F83130FEF705FAFEF7F8
:10E630000BFA054B0120A36210BD40F65D2183203B
:10E64000F2F722F9E41500205101010010B5FEF7A0
:10E650004DFA68B1094CFEF741FA0DF0A0FF84F8BD
:10E660003000FEF701FAFEF709FC054BA36210BD6E
:10E6700040F244718320F2F707F900BFE41500204F
:10E68000BDFF000010B5FEF70FFA58B3184CFEF7A7
:10E6900003FA0DF084FF226884F83100D2F8D430F8
:10E6A00092F87122597C012918D092001A20D2B216
:10E6B000DB7D21690A3303440620134401EB431137
:10E6C000FEF7A0F90023062084F82D30FEF7B4F9F8
:10E6D000FEF7BAF9074B0120A36210BDD2002C202F
:10E6E000D2B2E5E740F6A6018320F2F7CDF800BFED
:10E6F000E41500209DF9000010B5FEF7D5F920B310
:10E70000144CFEF7C9F90DF04AFF236884F8310074
:10E7100093F89622012A07D8D3F8D420127F62B149
:10E7200093F89732012B08D90620FEF785F9FEF7FA
:10E730008BF9094B0120A36210BDFEF72DF9FEF7FE
:10E740007DFB064B0120A36210BD40F2A671832021
:10E75000F2F79AF8E4150020EDFE00002DF000001D
:10E7600010B5FEF7C3F980B10A4CFEF7B7F920687F
:10E7700000F27220FEF712FA0020FEF7DFF8FEF733
:10E780005DFB054B0120A36210BD40F2AD3183203B
:10E79000F2F77AF8E41500206DF6000010B5FEF7E8
:10E7A000A5F958B3FEF79AF9174C0DF0F8FE034699
:10E7B000002084F83030FEF7C1F82268D2F8D43057
:10E7C00092F87122597C012914D092001A20D2B2F9
:10E7D000DB7D216903440620134401EB4311FEF75E
:10E7E00011F90620FEF728F9FEF72EF9074B012054
:10E7F000A36210BDD2002C20D2B2E9E740F6AE11E0
:10E800008320F2F741F800BFE415002055FA00001C
:10E8100010B5FEF7E3F890B10B4CFEF727FB20682C
:10E8200000F27220FEF7BAF90020FEF787F8FEF733
:10E83000B3F8FEF703FB054B0120A36210BD40F2C5
:10E84000CD518320F2F720F8E41500207502010075
:10E8500008B50620FEF7E6F898B10620FEF7ECF8BA
:10E86000FEF7FAF8FEF70CFC032807D0FEF7FCF8D9
:10E87000FEF704FB054B064A9A6208BDFEF79EF9B7
:10E88000F4E740F6E6118320F1F7FEFFE4150020DF
:10E890007500010010B5314C82B02368D3F86C12BA
:10E8A000D3F868C293F8992293F89802CDE900C191
:10E8B00022BB0138C0B2FEF7C7FBDDE900321343CB
:10E8C0002CD02368D3F8D430DB7C002B38D0012B3C
:10E8D0003ED1DDE90001FEF73DF901992368009A78
:10E8E0000029B4BF0A210521002A83F87212B4BF9F
:10E8F0000A22052283F8832202B010BD93F89622E3
:10E90000B0FBF2F102FB1100C0B2421C83F8982266
:10E91000FEF79AFBDDE900321343D2D1216801AB47
:10E920006A46B1F8CE00DA31B1F886C1604480B2EF
:10E9300002F036FA2368D3F8D430DB7C002BC6D142
:10E94000DDE90010FEF706F900992368019AC7E790
:10E9500040F282218320F1F797FF00BFE4150020E9
:10E960002DE9F0472A4D2C68D4F8D460707C01283A
:10E9700046D04FF07408274F4FF020094FF01A0A85
:10E98000FEF7C8F8D4F8B4301878FEF7DBF8296938
:10E99000F37D0120A1F5AC6101EB4311FEF732F8E4
:10E9A0001D48FEF7FBF8FFF775FF0120FDF7C6FFD6
:10E9B000FEF784F8FDF7F8FFFDF7EEFFF47D737EB8
:10E9C0000020544405341C442B69F918660101EBFE
:10E9D00044114444FEF716F829690220A1EB09010D
:10E9E0003144FEF70FF82969032001EB4411FEF7CB
:10E9F00009F8FEF76BF8094B0120AB62BDE8F08720
:10EA00004FF08608064F4FF034094FF02C0AB7E755
:10EA1000E4150020E0FDFFFFF815002061E700008D
:10EA2000CCFDFFFF70B5224C2668D6F8D450687C28
:10EA3000FEF770F8D6F8B4301878FEF783F823693B
:10EA4000E97D0120A3F5AC6303EB4111FDF7DAFF8B
:10EA5000FEF7BAF80A20FDF727FF04F11400FEF7CD
:10EA60009DF8FDF7A1FFFDF797FF0120FDF766FF79
:10EA7000FFF710FF2268D6F8C400D2F8D420EB7D4F
:10EA8000527C03EB40032169012A4FF0030014BFBD
:10EA90001C223122134401EB4311FDF7B3FF054B58
:10EAA000A362FEF7CBF9FEF7B9F9012070BD00BFF4
:10EAB000E4150020E9F300002DE9F04F8E4C83B0FF
:10EAC0002668D6F8D48098F811502846FEF722F828
:10EAD000D6F8B4301878FEF735F8012D00F0FC8038
:10EAE0004FF02009854998F81730002022695F010E
:10EAF00002EB43121144FDF785FFFEF7EFF823699F
:10EB00000220F918A1EB0901FDF77CFFFFF7C2FE17
:10EB1000206800F27220FEF741F82368284693F837
:10EB20007112FEF727F8FFF72DFC2768FEF728FA89
:10EB3000FEF748FA97F8711207F52170FEF752FABE
:10EB4000FEF772FAFEF716FAFDF796FFFDF79CFF47
:10EB50006B4BA362FEF7F4F92368012D93F89772CB
:10EB600093F871A200F0B0804FEA8A0A4FF01A0BB6
:10EB70005FFA8AFA5A4698F8173098F81B901344AF
:10EB800098F81820534491440A3307FB0999994493
:10EB9000FDF70AFF3846FFF725FB216891F894023C
:10EBA000FF2800F09D80042804D194F82E00013045
:10EBB00000F00300002310F0FD0F216984F82E00FF
:10EBC00084F82C307AD198F81B30012098F818205E
:10EBD0001344A9EB030301EB4311FDF713FF98F86E
:10EBE0001B20042098F81A30216913444031063361
:10EBF0004B4401EB43110193FDF704FF012F98F8FB
:10EC00001B2098F81800019B10D194F82E1002399F
:10EC100001290BD92368D3F8D4305B7C012B02EB9C
:10EC200000034FF0000265D005211EE011180520F9
:10EC300019442369403303EB4111FDF7E3FE2368D8
:10EC400098F81B20D3F8D43098F818005B7C012B7F
:10EC500094F82E30A3F102030CBF08210521012BEB
:10EC600002EB00038CBF00221A4698F81A001130FC
:10EC700058445044484408442169104407FB0300A9
:10EC800001EB40110320FDF7BDFED6F8B430B6F914
:10EC9000CC701E78FEF754F898F818303A46206881
:10ECA00031469C1E03F01AFE02462846E4B2214675
:10ECB000FEF71CF8012003B0BDE8F08F01EB49110D
:10ECC0000120FDF79FFE8AE74FEACA0A4FF02C0B9E
:10ECD0005FFA8AFA5A464EE74FF03409094902E7CB
:10ECE000B1F8CE00DA31B1F88631184480B202F0C2
:10ECF0003DFB5FE70821B8E7E4150020C0FAFFFFFD
:10ED000085E60000ACFAFFFF2DE9F84F3C4D2B687B
:10ED1000D3F8D44093F8717294F81180B8F1010FD0
:10ED200065D0BF00DFF8DC904FF0200A1A26FFB252
:10ED30004046FDF7EFFE2B68D3F8B4301878FDF7A6
:10ED400001FF94F817B029690120ABF1020BA1F57E
:10ED5000A46101EB4B11FDF755FEFDF7BFFF01204C
:10ED6000FDF7ECFD647E2B690020073409EB0301FD
:10ED70005C4434443E443C4401EB44112644FDF7DA
:10ED800041FE29694FEA44190220A1EB0A014944D6
:10ED9000FDF738FE2969032001EB4611FDF732FE2D
:10EDA000FFF778FD1848FDF7F9FE2B68404693F809
:10EDB0007112FDF7DFFEFFF7E5FA2C68FEF7E0F8C9
:10EDC000FEF700F904F5217094F87112FEF70AF9C4
:10EDD000FEF72AF9FEF7CEF8FDF7F8FDFDF7E4FDA2
:10EDE000FEF73CF8094B0120AB62BDE8F88FFF004D
:10EDF000DFF81C904FF0340A2C26FFB298E700BFD2
:10EE0000E4150020E0FDFFFFF815002011E80000E8
:10EE1000CCFDFFFFF0B51E4F83B0FDF7CDFD0646DC
:10EE2000FEF7F8F80546384650F8144B94F871226E
:10EE300004F2832101320DF068FF97F82E20B0FA1A
:10EE400080F30020023A66F307005B09012AD4F838
:10EE5000B42065F30F208CBF0121022163F317401A
:10EE60005378012B61F31F6007D0032B05D04BB9FA
:10EE700094F89832137203B0F0BD94F8983253723C
:10EE800003B0F0BD40F22E218320F1F7FDFC00BF5E
:10EE9000E41500202DE9F0415F4D01232C68D4F8E2
:10EEA000B4209370B4F8CE30C4F8B82001339BB2CC
:10EEB000A4F8CE3078BB94F8B0209A4226D994F8C2
:10EEC0002062FEF719F80F2E20D8F8B92968B4F897
:10EED000CE30B1F8600201F52D72D1F8D4100344A0
:10EEE0004E489BB2007800FB0323C4F8B430CF7CBB
:10EEF0005E78FDF73FFD002F55D0012F7BD1032E0B
:10EF000000F28380DFE806F047413B350023022012
:10EF1000AB62BDE8F0815278032A7BD8DFE802F0CB
:10EF200025211D02B4F85A225201D4F8C0100A4417
:10EF3000D4F8D410C4F8C020C87C002831D1097C92
:10EF4000994205D8D4F8C81011B192FBF1F1521AC8
:10EF5000D4F8BC1011442961ADE7B4F8582252012D
:10EF6000E3E7B4F856225201DFE7B4F85422520125
:10EF7000DBE72B4B1B68BDE8F0415B681847294B6A
:10EF80001B68BDE8F041DB681847264B1B68BDE8ED
:10EF9000F0419B681847234B1B68BDE8F0415B6854
:10EFA00018472A6187E72D68D4F8B430B5F91E02F6
:10EFB0001978FDF70FFFA5F8CC00032E20D8DFE865
:10EFC00006F0140E0802164B1B68BDE8F0411B68E2
:10EFD0001847154B1B68BDE8F041DB681847124B1A
:10EFE0001B68BDE8F0419B6818470F4B1B68BDE8E4
:10EFF000F0415B68184740F64B318320F1F744FC41
:10F0000040F62E318320F1F73FFC40F64431832057
:10F01000F1F73AFC002288E7E41500202C0C0020D0
:10F02000C81B0020C41B0020C01B002070B5FDF7CA
:10F03000A9FC002800F08980FDF708FF0120FFF7F8
:10F0400029FF444B93F83020AABB1B68D3F8B84083
:10F0500093F897526278A5F10903022ADBB22FD008
:10F06000F52B57D8013504F10B034FF0000CEEB22D
:10F07000C5F3460519680CF1010C5A68083321F0F4
:10F0800070615FFA8CFE22F0706241F00071AE4553
:10F0900042F0007243F8081C43F8042CEAD3F3074B
:10F0A00008D506F0FE06022204EB8606B37B62F367
:10F0B0000303B37370BD93F83120002AFAD1C4E77B
:10F0C000F52B35D80135631D4FF0000CEEB2C5F3BA
:10F0D000460519680CF1010C5A68083321F070617B
:10F0E0005FFA8CFE22F0706241F00071AE4542F092
:10F0F000007243F8081C43F8042CEAD3F207D9D570
:10F1000006F0FE06022204EB8606337A62F303035E
:10F11000337270BD00220226134604EB83030132D2
:10F12000997B66F303019973D3B29D42F5D270BD0A
:10F1300000210B4604EB830301311E7A62F30306C0
:10F140001E72CBB29D42F5D270BD40F2EC718320AD
:10F15000F1F79AFBE415002070B582B0FDF712FCC0
:10F16000002800F09680FDF771FEFFF753FE03467E
:10F1700001200193FFF78EFE04460198FFF764F823
:10F18000464B93F830202AB193F8312012B1204633
:10F1900002B070BD1B68D3F8B85093F897E26A7854
:10F1A000AEF10903022ADBB22CD0F52B56D80EF1B2
:10F1B000010E05F10B0300205FFA8EF6CEF3460E2A
:10F1C000196801305A68083321F070615FFA80FCD9
:10F1D00022F0706241F00071F44542F0007243F891
:10F1E000081C43F8042CEBD3F307D0D506F0FE0639
:10F1F0000222204605EB8606B37B62F30303B3735A
:10F2000002B070BDF52B37D80EF1010E6B1D00203A
:10F210005FFA8EF6CEF3460E196801305A6808334D
:10F2200021F070615FFA80FC22F0706241F00071A1
:10F23000F44542F0007243F8081C43F8042CEBD369
:10F24000F207A4D506F0FE060222204605EB86064C
:10F25000337A62F30303337202B070BD00220220DE
:10F26000134605EB83030132997B60F30301997325
:10F27000D3B29E45F5D28AE700210B4605EB830306
:10F280000131187A62F303001872CBB29E45F5D2B1
:10F290007DE740F6B2218320F1F7F6FAE41500206D
:10F2A00070B582B0FDF76EFB002800F09680FDF788
:10F2B000CDFDFFF7AFFD034601200193FFF7EAFD07
:10F2C00004460198FEF7C0FF464B93F830202AB160
:10F2D00093F8312012B1204602B070BD1B68D3F8FC
:10F2E000B85093F897E26A78AEF10903022ADBB2CC
:10F2F0002CD0F52B56D80EF1010E05F10B03002092
:10F300005FFA8EF6CEF3460E196801305A6808335C
:10F3100021F070615FFA80FC22F0706241F00071B0
:10F32000F44542F0007243F8081C43F8042CEBD378
:10F33000F307D0D506F0FE060222204605EB86062E
:10F34000B37B62F30303B37302B070BDF52B37D800
:10F350000EF1010E6B1D00205FFA8EF6CEF3460E05
:10F36000196801305A68083321F070615FFA80FC37
:10F3700022F0706241F00071F44542F0007243F8EF
:10F38000081C43F8042CEBD3F207A4D506F0FE06C4
:10F390000222204605EB8606337A62F303033372BA
:10F3A00002B070BD00220220134605EB8303013238
:10F3B000997B60F303019973D3B29E45F5D28AE736
:10F3C00000210B4605EB83030131187A62F3030039
:10F3D0001872CBB29E45F5D27DE740F658118320D6
:10F3E000F1F752FAE41500202DE9F04F85B0FDF752
:10F3F0001DFDFDF7E1FA002800F08E8000210320BA
:10F40000FDF700FBFDF7BEFA002840F01681914C95
:10F410002568D5F8D49099F81130012B00F0F380CD
:10F420006FF43E734FF01A086FF05F0B8A4F019331
:10F430001333404603936FF0570302932023009346
:10F4400099F8193003F15F0603F1050A0644FDF748
:10F45000F3FD2368D3F8D43093F811C0002800F0EE
:10F46000C480BCF1010F00F0CB80DDF808B007EBE1
:10F470004A1700204FEA4A1AC4F810B007EB0B01F4
:10F48000FDF7C0FA2369009A02205344991AFDF748
:10F49000B9FA2169032001EB46110026FDF7B2FA03
:10F4A00099F8193022690A204344643302EB43126D
:10F4B0002261FDF7F3F9FDF793FB0120FDF7AAFAAE
:10F4C0002168B5F8CE200346B1F85472012007FB3D
:10F4D00002F2A3EB4213C5F8C8304E743146FDF773
:10F4E00091FA206800F27220FDF758FB3046FDF7D4
:10F4F00025FA3046FDF730FAD5F8B470FDF754FB25
:10F50000F871D5F8B4309E71FDF746FA534B0120DF
:10F51000A36205B0BDE8F08FFDF734FA002800F0D3
:10F5200087804C4C012047F602712368D3F8B42041
:10F5300090705078D180012823D0032821D0002852
:10F5400040F0838093F89812B3F854521172D3F8B4
:10F55000C410B5EB410F1ED293F82022022161F3B3
:10F56000071283F8202293F86232042B44D1002042
:10F57000FFF790FC2268537C0133537405B0BDE85B
:10F58000F08F93F898125172D3F8C410B3F8545214
:10F59000B5EB410FE0D3B3F8CE10D3F8D46001310E
:10F5A000367CB142D8DA032826694BD001283CD0FA
:10F5B00006EB45152A4889B2C3F8B820256103F542
:10F5C0002D72B3F86042A3F8CE1021440078C3F83E
:10F5D000C05089B200FB012222490968C3F8B42057
:10F5E0000B6805B0BDE8F04F1847BCF1010F7FF480
:10F5F0003EAFDDF804B03AE7206802F027FBB6E73B
:10F60000039B0193F5E76FF0B8034FF02C084FF41C
:10F61000F07B154F01936FF0A5034046039340F232
:10F62000E7130293342300930AE7B3F85652BFE777
:10F6300040F279418320F1F727F940F272418320AB
:10F64000F1F722F9B3F85A52B2E740F22E218320A3
:10F65000F1F71AF9E4150020E0FDFFFF35F700008F
:10F660002C0C0020C41B0020CCFDFFFFF8B5FDF7DB
:10F6700089F9002856D02E4CFDF7E8FB2368D3F813
:10F68000B450FDF799F950BB236847F60272D3F8DE
:10F69000B430DA80FDF7AEFA2568B5F8CE30D5F88B
:10F6A000D4200133127C934222D0D5F8B4305A785A
:10F6B000012A0BD0032A09D07ABB2268012092F8D4
:10F6C00098221A72BDE8F840FFF7E4BB22680120D7
:10F6D00092F898225A72BDE8F840FFF7DBBBFDF7BD
:10F6E00063FA2368E8710022D3F8B4309A71D1E745
:10F6F000FEF786FE064627680CF05FFF802E87F82F
:10F700001C02D2D12068022290F8203262F3071343
:10F7100080F8203202F09AFAC7E740F22E218320C7
:10F72000F1F7B2F840F2BE318320F1F7ADF800BF37
:10F73000E4150020F8B5FDF725F9002844D0254D43
:10F74000FDF784FBFDF756FA2C682969B4F8CE3032
:10F75000D4F8D4200133C4F8C010127C934219D0DD
:10F76000D4F8B4305A78012A0BD0032A09D032BB1E
:10F770002A68002092F898221A72BDE8F840FFF734
:10F7800089BB2A68002092F898225A72BDE8F84096
:10F79000FFF780BBFEF734FE06462F680CF00DFF26
:10F7A000802E87F81C02DBD12868022290F82032D4
:10F7B00062F3071380F8203202F048FAD0E740F2F3
:10F7C0002E218320F1F760F840F282418320F1F787
:10F7D0005BF800BFE41500202DE9F0476D4F3B6852
:10F7E000D3F8D48098F811502846FDF793F93B6878
:10F7F000D3F8B4301878FDF7A5F93B6998F81710DD
:10F800000120A3F5AC6303EB4111FDF7FBF8FDF715
:10F8100065FAFDF753F9FDF759F95F4BBB62FFF746
:10F8200039F807F11400FDF7B9F93B68284693F859
:10F830007112FDF79FF9FEF7A5FD3C68FDF7A0FBEF
:10F84000FDF7C0FB94F8711204F52170FDF7CAFBB7
:10F85000FDF7EAFBFDF78EFBFDF7A6F83B6893F892
:10F8600097623046FEF7BEFC396891F89402FF2893
:10F8700000F08580042804D197F82E00013000F0B4
:10F880000300002387F82E00012087F82C30FDF7B5
:10F8900055F83B68012D98F8179093F8714269D09C
:10F8A000A4004FF01A0AE4B2D14498F81B30396929
:10F8B0000420A1444031994409F10B0901EB49119D
:10F8C000FDF7A0F898F8182098F81B300520396942
:10F8D000134440314B4401EB4311FDF793F898F882
:10F8E000173098F81820012D9A4498F81B30396980
:10F8F0004FF000001344A24498F81A2006FB03338B
:10F9000053440CBF4FF0340A4FF0200A382A03F159
:10F910000F0303EB020928BF3822A1EB421101EBD0
:10F920004911FDF76FF898F8183098F81B2002205D
:10F9300039691A44A1EB0A0102FB069303F10A0696
:10F9400097F82E30023B012B98BFB61801EB4611F9
:10F950003444FDF757F8012D39694FF0030014BF07
:10F960001A232C231C4401EB4411FDF74BF8012012
:10F97000BDE8F087E4004FF02C0AE4B294E7B1F858
:10F98000CE00DA31B1F88631184480B201F0EEFCD5
:10F9900077E700BFE41500209DE7000010B52A4C72
:10F9A00094F82D10206802F08DFAFDF74DFB94F8C5
:10F9B0002D300620013384F82D30FDF733F8002870
:10F9C0003DD0236894F82D0093F89722824227D0E7
:10F9D00093F89622012A23D0D3F8D41093F87122F9
:10F9E00091F811C0CB7DBCF1010F23D092004FF0F4
:10F9F0001A0ED2B291F818C00A33C97E614400FBD6
:10FA00000133216906207344134401EB4311FCF7D1
:10FA1000F9FF0620FDF710F80C4B0120A36210BD82
:10FA2000FDF71AF8FDF74AF8FDF750F8084B0120EA
:10FA3000A36210BDD2004FF02C0ED2B2DAE740F62E
:10FA4000C3018320F0F720FFE41500209DF900009A
:10FA5000B5FB00002DE9F0412A4C0025206829461D
:10FA600084F82D5002F02EFAFDF7EEFA94F82D30BE
:10FA70000620013384F82D30FCF7D4FF00283CD059
:10FA80002368D3F8D460D3F8B430777C93F800803F
:10FA9000FDF756F92068D0F8D4301A7F42B32A46D1
:10FAA000317E38460239C9B2FDF720F92368012FAB
:10FAB00093F8710218D080001A21C0B2327EF37E12
:10FAC0001344F27D0A44043321690244062013449E
:10FAD00001EB4311FCF796FF0620FCF7ADFF0A4B44
:10FAE0000120A362BDE8F081C0002C21C0B2E5E78F
:10FAF000414602F0F3FE0246D2E740F6C8118320E9
:10FB0000F0F7C2FEE415002051E8000010B5FCF744
:10FB1000F7FF00283AD0254CFDF7BAF994F82E30BB
:10FB200094F82C20032B3BD8DFE803F029022902AC
:10FB300023680221D3F8B400FEF7C0FA0021206840
:10FB400084F82D1002F0BEF9FDF77EFA94F82D30FE
:10FB500022680133D2F8D420DBB2127F84F82D3032
:10FB60002AB104EB4303D888FCF7D8FE98B1FCF720
:10FB700083FFFCF789FF0E4B0120A36210BD2368B1
:10FB80000121D3F8B400FEF799FAD7E740F281716A
:10FB90008320F0F779FE40F29B718320F0F774FE2A
:10FBA00040F292718320F0F76FFE00BFE415002051
:10FBB000F9E6000038B5FCF799FF00284FD02A4C31
:10FBC000FCF78CFF0CF0EBFC0346204684F8303049
:10FBD00050F8143BD3F8D450FCF7E0FF236895F8B5
:10FBE00018C093F8970293F87122D3F8D430E97EC5
:10FBF0005B7C614495F817C0012B2CD092001A232E
:10FC0000D2B26344134400FB0112A87E03EB42030B
:10FC100094F82E200344023A0220012A03F117032C
:10FC200088BF5B1A216901EB4311FCF7EBFE002151
:10FC3000206884F82D1002F045F9FDF705FA94F8D4
:10FC40002D30013384F82D30FCF70EFFFDF716F947
:10FC5000064BA36238BDD2002C23D2B2D1E740F6C6
:10FC6000DE018320F0F710FEE4150020B5E400006B
:10FC700010B5FCF745FF002865D03A4CFDF708F9B0
:10FC8000206800F27220FCF789FF94F82E3094F877
:10FC90002C20032B61D8DFE803F04A024A022368D4
:10FCA0000221D3F8B400FEF709FA2368D3F8D41080
:10FCB00093F897C293F871024B7C012B3ED08000E1
:10FCC0004FF01A0EC0B20B7ECA7E1A44CB7D73442D
:10FCD0000CFB022C0344887E216963440F330344E8
:10FCE0000620134401EB4311FCF78CFE0021206831
:10FCF00084F82D1002F0E6F8FDF7A6F994F82D30FF
:10FD000022680133D2F8D420DBB2127F84F82D3080
:10FD10002AB104EB4303D888FCF700FEC0B1FCF71E
:10FD2000ABFEFCF7B1FE104B0120A36210BD2368AF
:10FD30000121D3F8B400FEF7C1F9B6E7C0004FF0D7
:10FD40002C0EC0B2BFE740F62D218320F0F79CFDBA
:10FD500040F652218320F0F797FD40F63F218320A3
:10FD6000F0F792FDE415002011E600002DE9F041C6
:10FD70005C4C012000252368D3F8B420D3F8D4606C
:10FD80001778FCF7C7FE3846FCF7DCFE236884F8DA
:10FD90002C5093F89782FCF7D3FF2068D0F8D4302A
:10FDA0001A7F002A00F08F802A46317E0120023916
:10FDB000C9B2FCF79BFF2169F57D0120A1F5A46183
:10FDC00001EB4511FCF71EFEF77E216904202F444C
:10FDD0004031013701EB4711FCF714FE327EF37E10
:10FDE00005202169134440313B4408F1010701EB30
:10FDF0004311FCF707FEB37E317E0020382B1D44F3
:10FE000028BF38231A466B1DF57E0D44216908FB77
:10FE10000555A1EB42111D4401EB4511FCF7F2FD24
:10FE20004046FEF7DFF90021206884F82D1002F02B
:10FE300049F8FDF709F994F82D302168013384F869
:10FE40002D3091F89632012B06D8D1F8D4301B7F93
:10FE50006BB1B8F1010F0AD9F37E0620327E216919
:10FE600013442B4401EB4311FCF7CCFD216891F8BE
:10FE70009402FF282CD0042804D194F82E000130DD
:10FE800000F0030084F82E000238F37EC0B2327E08
:10FE900021691344012803FB07550ED9ED1A0320ED
:10FEA00001EB4511FCF7AEFDFCF708FEFCF70EFE7A
:10FEB0000D4B0120A362BDE8F08101EB4511032049
:10FEC000FCF7A0FDF0E7394602F008FD02466CE7BA
:10FED000B1F8CE00DA31B1F88631184480B201F0C1
:10FEE00045FACFE7E41500204DE6000010B5304C90
:10FEF000206894F82D1090F89632012B30D80131FB
:10FF0000C9B2062084F82D10FCF78CFD002844D0DF
:10FF10000620FCF791FD2268D2F8D4301B7F93BBFA
:10FF200092F8973294F82D00984222D0D2F8D4104B
:10FF300091F818C0CA7E624491F817C0897E03FB0D
:10FF40000223634405330B44216902FB003306207E
:10FF500001EB4311FCF756FD164B0120A36210BDC7
:10FF600001F0B0FFFDF770F894F82D100131C9B21F
:10FF7000C7E7FCF771FDFCF70FFDFCF75FFF0E4BC9
:10FF80000120A36210BD94F82D3004EB4303D88800
:10FF9000FCF7C4FC30B12268C2E740F2CF71832085
:10FFA000F0F772FC40F2D4718320F0F76DFC00BFD3
:10FFB000E4150020EDFE00002DF00000F8B52A4CFD
:10FFC00094F82C302068013390F89772DBB2BB4272
:10FFD00084F82C3003D290F89632012B33D8FCF7FA
:10FFE0008FFD00283BD0FCF73FFD94F82C50FCF728
:10FFF00045FF94F82C20013D0646BA42EDB20AD3E3
:020000021000EC
:100000001A4923682A46A1620021D3F8B400FEF7FA
:1000100055F83046F8BD23682169D3F8D400403143
:10002000C77E037EC07D3B44013002FB033338446E
:10003000034401EB4311D30754BF05200420FCF710
:10004000E1FC0B49DDE794F82D1001F03BFFFCF7D4
:10005000FBFF94F82D30013384F82D30BFE740F2D8
:100060005C718320F0F710FCE41500200DFB00000C
:10007000BDFF0000F8B5334C94F82C3020680133F4
:1000800090F89772DBB2BB4284F82C3003D290F820
:100090009632012B41D8FCF733FD00284DD0FCF7F8
:1000A000E3FC94F82C50FCF7E9FE94F82CC0013DD9
:1000B0000646BC45EDB225D22368D3F8D41093F898
:1000C00071224B7C012B34D092001A20D2B2CB7D0E
:1000D0001CF0010F0344C87E13440A7E21690344C7
:1000E000024401F1400108BF05200CFB022203F18C
:1000F0000B0318BF0420134401EB4311FCF782FCEF
:10010000114900E0114923682A46A1620021D3F871
:10011000B400FDF7D3FF3046F8BD94F82D1001F080
:10012000D1FEFCF791FF94F82D30013384F82D3087
:10013000B1E7D2002C20D2B2C9E740F606218320D5
:10014000F0F7A2FBE41500207500010071FC00002F
:1001500070B50620FCF766FC00287AD0424C206877
:1001600090F89632D0F8D420012B90F89752167F51
:100170003ED994F82D108D4241D001F0A3FEFCF73A
:1001800063FF94F82D200132D2B284F82D20002E86
:1001900056D12368D3F8D41093F871024B7C012B0D
:1001A00046D080001A26C0B20B7E954291F81BC043
:1001B0009C44CB7D897E3344034405FB0CC003443F
:1001C00003F10F030B44216904D194F82E50023D32
:1001D000012D26D902FB0C33062001EB4311FCF75D
:1001E00011FC0620FCF728FC204B0120A36270BD07
:1001F0002EB1012D03D994F82D309D421CD190F8D9
:1002000098020138C0B2FCF71FFF0CF0E1F9FCF7CF
:1002100023FCFCF7C1FBFCF711FE154B0120A36288
:1002200070BD0344062001EB4311FCF7EBFBD8E75C
:10023000C0002C26C0B2B7E70133DAB284F82D2013
:1002400004EB4202D088FCF769FB38B194F82D200A
:100250009FE740F66C218320F0F716FB40F69421CF
:100260008320F0F711FB00BFE415002051010100CD
:1002700059F100002DE9F04383B0FCF783FB00281F
:1002800000F0A380FCF7E2FD524FFEF7C3FD0346EA
:1002900001200093FEF7FEFD3E6805464FF6027111
:1002A0007F20D6F8D4404FF400429DF8003094F8F7
:1002B0001190D6F8B8409DF801C09DF802E09DF875
:1002C00003802072E180A280002B4DD0BCF1000F92
:1002D0004AD0BEF1000F47D0FCF7AEFE002843D055
:1002E0003A68D2F8D430DB7C002B45D1B9F1010F4C
:1002F00096F871325FD09B001A21DBB20B44D2F822
:10030000C890DEB202F07CFC01A903683868984707
:10031000012829D061783B680129D3F8D42027D05F
:1003200093F8971206F11907D37E107E08EB41016E
:10033000927E0344174401FB0377274B019803FB8C
:10034000070602F05DFC0346494638465B6898475D
:10035000304400F50043B3F5803F05D2A080FCF7A0
:1003600023FC00232072A371284603B0BDE8F0836C
:10037000731D527E9F18E0E702F048FC01A9036854
:10038000386898470128EFD061783B6801290198C7
:10039000D3F8D42013D093F89732117E08EB43089A
:1003A000D37E927E0B4408FB03F3193313440A4AAD
:1003B00002FB0300CDE7DB002C21DBB29EE7537E7E
:1003C000054A053302FB0300C3E740F2DD518320F9
:1003D000F0F75AFAE415002030F8FFFF164A002320
:1003E000D0F8BCC01549C2F810C04FF0070CA0F8F7
:1003F000CE30C0F8B83000F52D730978106082F85F
:100400002EC0B0F8602201FB0233D0F8D420C0F82F
:10041000B430D37C2BB1012B07D1094B1B681B686F
:100420001847084B1B685B68184740F66731832004
:1004300010B5F0F729FA00BFE41500202C0C0020BD
:10044000C41B0020C01B0020044B9B6A03B118474B
:1004500040F67431832010B5F0F716FAE415002049
:10046000014B024A1A607047C41B0020800401003F
:10047000014B024A1A607047C81B0020900401001B
:1004800025EA000061E9000009ED00006DFD0000B3
:10049000B9EA0000D9F70000F0B504468DB0006954
:1004A00061696D46A269E3690FC59DF80E202B4670
:1004B0002146002009328DF80E206A4605F02BFDFA
:1004C000AE4608AD4FF0FF3CBEE80F004FF0000E07
:1004D00020606160A260E360C4F84BE0C4F84FE0C4
:1004E00084F853E0C4F842C0C4F846C084F84AC057
:1004F000C4F830C0C4F834C0C4F838C0C4F83CC034
:10050000A4F840C084F854C00FCD20616161A2619D
:10051000E3610DB0F0BD00BF2DE9F04F5F181C4640
:10052000944687B097F842300E4605461A18802A3E
:1005300000F283805FFA82F994F854208A4238D01E
:1005400001F118030DF10808616934F813C0C646BB
:10055000A269E3692069AEE80F0097F84B309DF877
:1005600017109DF815200B445FFA8CF18DF81730A9
:100570009DF8163033448DF816309DF8143003EB97
:100580001C2394440A44DBB28DF815C0FF2A01D91C
:100590000133DBB28DF8143041464E4B04F120029A
:1005A000204601930433009304230CF0C9FA97F812
:1005B000423084F85460DE0813F0070313D00122A0
:1005C000C3F108032644AA405B1B96F82010013AA9
:1005D0009A400A4042FA03F3109A137087F8429047
:1005E00007B0BDE8F08F4FEAD50805F00705B8F170
:1005F000010F1AD1A319109A93F820301370002D0F
:10060000ECD001234444AB403444C5F10805013B20
:1006100094F82020AB401340109A2B4102F8083088
:1006200087F8429007B0BDE8F08F06F120014246FE
:100630001098214404F072FCE1E797F84BE00DF1CB
:10064000080804EB410B4FF0000A0EF1010EC14601
:100650005FFA8EFE87F84BE0E36920696169A26961
:1006600087F842A0A9E80F00BBF83030634504D0FA
:10067000D64687F84BA0ABF830C09DF817305FFA2C
:100680008CF19DF815209E449DF8163033448DF86A
:1006900017E08DF816309DF8143003EB1C239444BA
:1006A0000A44DBB28DF815C0FF2A01D90133DBB251
:1006B0008DF814304146074B04F120022046A9462C
:1006C00001930433009304230CF03AFA97F8423074
:1006D0006FE700BFC40000202DE9F04F8BB0BDF8DC
:1006E000504003920594159C002800F0E480984641
:1006F00001F1FF3B01250027049074E004EB08069C
:1007000096F8423003F10802802A77D85FFA82F91E
:1007100094F85420424538D008F118030DF1180A16
:10072000616934F813E0D446A269E3692069ACE852
:100730000F0096F84B309DF827109DF825200B44AC
:100740005FFA8EF18DF827309DF8263043448DF8FE
:1007500026309DF8243003EB1E2396440A44DBB276
:100760008DF825E0FF2A01D90133DBB28DF8243062
:100770005146524B04F1200220460193043300936A
:1007800004230CF0DDF996F842305A0784F85480BF
:1007900030D104EBD30393F8203005FB03F21FFAAA
:1007A00082FAD2B28DF818304FF4807386F84290F6
:1007B000B3FBF5F305FB03F3C3F58073934269DCE8
:1007C0004FEA1A2AFBB203999A4501EB0A0202D0BA
:1007D00011F80A30CB55029B013713706B1C049A39
:1007E000954268D01D461BF8013F012D029385D12B
:1007F000039AF0E7002292461346D3E796F84BC0DF
:100800000DF1180A4FF000090CF1010CD6465FFA01
:100810008CFC86F84BC06169A269E369206986F89F
:100820004290AEE80F0004EB48020599138E8B420C
:1008300003D0CC4686F84B9011869DF8273005985A
:100840009C449DF826309DF82520C1B243448DF884
:1008500027C0114402448DF826309DF82430FF292A
:100860008DF8252003EB1023DBB201D90133DBB275
:100870008DF824305146114B04F1200220464FF0F0
:10088000080901930433009304230CF059F996F8F6
:1008900042307AE706AB059A41460820009323468A
:1008A000FFF73AFE9DF8183005FB03F30AEB03232C
:1008B000C3F3074A86E70BB0BDE8F08FC400002001
:1008C00010B51C4692B0C37B90F801C08DF808307B
:1008D000837B8DF80930437B8DF80A30037B8DF8DC
:1008E0000B30C37A8DF80C30837A8DF80D30437A53
:1008F0008DF80E30037A8DF80F30C3798DF81030F3
:1009000083798DF8113043798DF8123003798DF8A1
:100910001330C3788DF8143083788DF81530037850
:100920008DF816C08DF81730CB798DF800308B79A3
:100930008DF801304B798DF802300B798DF803304A
:10094000CB788DF804308B788DF805304B780978AA
:100950008DF80630D37B8DF807108DF81830917B19
:10096000537B8DF819108DF81A30117BD37A8DF8DE
:100970001B108DF81C30917A537A8DF81D108DF86C
:100980001E300AAB117A50788DF81F10D1798DF88E
:10099000260002A88DF8201091798DF82110517948
:1009A0008DF8221011798DF82310D1788DF824104C
:1009B00091788DF82510117806AA8DF827106946D0
:1009C00005F0EBFA0DF1280CBCE80F002060616027
:1009D000A260E360BCE80F0020614FF0FF3061616E
:1009E000A261E36120636063A063E063A4F8400058
:1009F000C4F84200C4F8460084F84A0084F8540061
:100A000012B010BD00232DE9F04F144689B0437099
:100A100092F85520002A00F083808B4600F1020AEC
:100A200004F156080125CDE902206EE094F8433028
:100A300003F10807802F7AD894F85420FFB2012AD6
:100A400035D00DF1100E6169A269E369764620691F
:100A5000B4F832C00FC694F84C309DF81F109DF8C2
:100A60001D200B445FFA8CF18DF81F309DF81E306D
:100A700001338DF81E309DF81C3003EB1C23944489
:100A80000A44DBB28DF81DC0FF2A01D90133DBB265
:100A90008DF81C307146514B04F120022046019321
:100AA0000433009304230CF04BF894F843300122F4
:100AB00084F854205A0736D104EBD30393F820303E
:100AC00005FB03F296B2D2B28DF810304FF480736A
:100AD00084F84370B3FBF5F305FB03F3C3F58073B0
:100AE000934269DC360A6B1E0AEB0602DBB29E42B9
:100AF00004D0039B1AF806100133595582F8009070
:100B00006B1C029A95420BD01D46012D18F8019FCF
:100B10008CD152466B1C82F80090029A9542F3D118
:100B200009B0BDE8F08F002216461346CCE70DF160
:100B3000100E94F84C60A269E3697746206901368B
:100B40006169F6B20FC7628E002384F84C605A4583
:100B500084F8433004D01E4684F84C30A4F832B0F8
:100B60009DF81F305FFA8BF19DF81D201E449DF803
:100B70001E3011445A4401338DF81F60FF298DF84F
:100B80001D208DF81E309DF81C3003EB1B23DBB2BB
:100B900001D90133DBB28DF81C3071460F4B04F1E3
:100BA00020022046082701930433009304230BF00E
:100BB000C7FF94F843307AE704AB5A460121082076
:100BC00000932346FFF7A8FC9DF8103005FB03F3C4
:100BD00006EB0323C3F3074685E700BFC4000020EC
:100BE00000232DE9F04F144689B0437092F8552048
:100BF000002A7CD08B4600F1020A04F15608012538
:100C0000CDE9022068E094F8423003F10807802F14
:100C100073D894F85420FFB282B30DF1100E6169BD
:100C2000A269E36976462069B4F830C00FC694F82B
:100C30004B309DF81F109DF81D200B445FFA8CF17E
:100C40008DF81F309DF81C3003EB1C2394440A449C
:100C5000DBB28DF81DC0FF2A01D90133DBB28DF85C
:100C60001C3071464D4B04F12002204601930433A1
:100C7000009304230BF064FF94F8423000225907DC
:100C800084F8542036D104EBD30393F8203005FBCD
:100C900003F296B2D2B28DF810304FF4807384F81C
:100CA0004270B3FBF5F305FB03F3C3F58073934286
:100CB00063DC360A6B1E0AEB0602DBB29E4204D0EE
:100CC000039B1AF806100133595582F800906B1CEB
:100CD000029A95420BD01D46012D18F8019F92D122
:100CE00052466B1C82F80090029A9542F3D109B0EB
:100CF000BDE8F08F16461346CDE70DF1100E94F8BF
:100D00004B60A269E3697746206901366169F6B2F2
:100D10000FC7228E002384F84B605A4584F8423076
:100D200004D01E4684F84B30A4F830B09DF81D2046
:100D30005FFA8BF19DF81F3011445A441E449DF810
:100D40001C30FF298DF81D2003EB1B238DF81F603D
:100D5000DBB201D90133DBB28DF81C3071460F4B89
:100D600004F1200220460827019304330093042352
:100D70000BF0E6FE94F8423080E704AB5A460021BF
:100D8000082000932346FFF7C7FB9DF8103005FBB2
:100D900003F306EB0323C3F307468BE7C4000020ED
:100DA0002DE9F0411E4691F8473086B00C461746B3
:100DB000002B48D191F85430052B42D002ADB1F848
:100DC0003AE00869A269AC464969E369ACE80F00FA
:100DD00094F850305FFA8EF09DF817209DF81510AA
:100DE000134401EB0E0201448DF817309DF81630C4
:100DF000FF298DF8152003F105038DF816309DF8B5
:100E0000143003EB1E23DBB201D90133DBB22946D8
:100E1000284D8DF8143004F120022B1D2046019539
:100E2000009304230BF08CFE052384F854308023B8
:100E300084F847306B683B602B68336006B0BDE8D0
:100E4000F0811C4DF0E791F850E002AD844608694E
:100E50000EF1010EA8465FFA8EFE81F850E0496956
:100E6000A269E369A8E80F00628F0023624584F855
:100E7000473004D09E4684F85030A4F83AC09DF81C
:100E800017305FFA8CF19DF815209E449DF81630BE
:100E900005338DF817E08DF816309DF8143003EB0C
:100EA0001C2394440A44DBB28DF815C0FF2AAED946
:100EB000ABE700BFC40000200138F0B50E4687B094
:100EC0001446032800F27581DFE800F00279190565
:100ED000002007B0F0BD02AF134608200A46009775
:100EE0000421FFF719FB9DF8085005EB4505ED00BF
:100EF00015F0F00F00F0F680280A07B0F0BD92F868
:100F0000463003F10802802A174600F2FA8094F86E
:100F10005420FFB2042A35D002AD6169A269E369A9
:100F2000AC462069B4F838E0ACE80F0094F84F30D4
:100F30009DF817109DF815200B445FFA8EF18DF87F
:100F400017309DF8163004338DF816309DF81430A4
:100F500003EB1E2396440A44DBB28DF815E0FF2A0A
:100F600001D90133DBB28DF814302946934B04F1DB
:100F70002002204601930433009304230BF0E0FD8C
:100F800094F84630042284F854205A0700F0FC807C
:100F9000002384F846701D468DF8083002A82346C9
:100FA0003246042100900820FFF7B6FA9DF8083079
:100FB00003EB430305EB4320C0F3074089E792F8B6
:100FC000463003F10802802A114648D894F854208C
:100FD000CEB2042A34D002AD6169A269E3692F461A
:100FE0002069B4F838C00FC794F84F309DF8171037
:100FF0009DF815200B445FFA8CF18DF817309DF8A1
:10100000163004338DF816309DF8143003EB1C2392
:1010100094440A44DBB28DF815C0FF2A01D901338C
:10102000DBB2664A29468DF814302046019204321C
:101030000423009204F120020BF082FD94F8463064
:101040000422590784F8542040F0AF8004EBD30306
:1010500093F82000C00984F8466007B0F0BD02ADE7
:1010600094F84F70A269E369AC4620690137616961
:10107000FFB2ACE80F00228F002384F84F70B24219
:1010800084F8463003D01F4684F84F3026879DF8F9
:1010900017309DF815201F449DF8163004338DF845
:1010A00017708DF8163093198DF815309DF814309F
:1010B00003EB1623F6B2DBB23244FF2A01D9013327
:1010C000DBB23E4A29468DF814300423101D082651
:1010D000CDE9000204F1200220460BF031FD94F826
:1010E0004630ADE723460820324604210097FFF73B
:1010F00013FA9DF8083003EB430305EBC320000C03
:10110000E7E602AD94F84F70A269E369AC46206946
:1011100001376169FFB2ACE80F00228F002384F829
:101120004F70B24284F8463003D01F4684F84F30E7
:1011300026879DF81730F1B29DF815201F449DF8C1
:10114000163004338DF817708DF8163093190A4451
:101150008DF815309DF81430FF2A03EB1623DBB20F
:1011600001D90133DBB2154A29468DF814302046E7
:101170000192043204230827009204F120020BF0AC
:10118000DFFC94F84630FDE604EBD30393F82030FF
:1011900084F8467003EB43008DF80830400010F0EF
:1011A000FC0F04D0000A07B0F0BD002053E705464D
:1011B000F4E640F2E6218C20EFF766FBC400002045
:1011C0002DE9F0430D1A87B006460135EDB2012D29
:1011D00063D01C4693F84430174603F10802802A76
:1011E0005ED85FFA82F994F85420022A35D00DF1C6
:1011F000080C6169A269E369E0462069B4F834E04B
:10120000A8E80F0094F84D309DF817109DF81520B0
:101210000B445FFA8EF18DF817309DF816300233CB
:101220008DF816309DF8143003EB1E2396440A44C3
:10123000DBB28DF815E0FF2A00F292808DF81430B1
:101240006146494B04F12002204601930433009388
:1012500004230BF075FC94F84430022284F85420E7
:101260005A0768D104EBD30393F8203003FB05F849
:101270005FFA88F28DF808304FF4807384F8449058
:10128000B3FBF5F305FB03F3C3F58073934256DC20
:101290004FEA1828B0445FFA88F007B0BDE8F08341
:1012A0000DF1080C94F84DE0A269E369E04620696D
:1012B0000EF1010E61695FFA8EFEA8E80F00A28EA2
:1012C000002384F84DE0BA4284F8443003D09E46AF
:1012D00084F84D30A7869DF81730F9B29DF8152097
:1012E0009E449DF8163011443A4402338DF817E0BD
:1012F000FF298DF815208DF816309DF8143003EB7A
:101300001723DBB201D90133DBB28DF8143004F1BD
:101310002002154B614620464FF008090193043323
:10132000009304230BF00CFC022294F8443084F860
:1013300054205A0796D00022904613469AE702A9F5
:1013400023463A46082000910221FFF7E5F89DF870
:10135000083005FB03F308EB0323C3F3074899E7C1
:101360000133DBB26AE700BFC400002070B591F81A
:10137000453086B00C469A1C802A56D8154691F8FE
:101380005420032AEDB234D00DF1080ECE8E086938
:10139000A269F4464969E369ACE80F0094F84E305D
:1013A0009DF817109DF815200B44F1B28DF81730F9
:1013B0009DF8163003338DF816309DF8143003EB8A
:1013C000162316440A44DBB28DF81560FF2A01D9B2
:1013D0000133DBB2384A71468DF814302046019251
:1013E00004320423009204F120020BF0A9FB94F8CC
:1013F000453004EBD301032213F0070384F8542093
:1014000091F820000FD0C3F106039A401040184114
:10141000C3B2C0F3460084F8455040EA430000F0F0
:10142000030006B070BD8009F2E791F84E500DF14F
:10143000080E8446086901357646EDB281F84E50B3
:101440004969A269E3690FC6E28E0023624584F808
:10145000453004D01D4684F84E30A4F836C09DF8BF
:1014600017309DF815201D449DF8163003338DF874
:1014700017508DF8163002EB0C038DF815309DF8DF
:10148000143003EB1C235FFA8CFCDBB26244FF2AAE
:1014900001D90133DBB2084A71468DF814300423B8
:1014A000101D0225CDE9000204F1200220460BF0B8
:1014B00047FB94F845309CE7C400002030B51C463B
:1014C00000F0BF0383B00546202B03D0402801D095
:1014D00080283AD1134628460A4600940821FFF78F
:1014E0001BF82078EB082D09591E9A1E022D14F8BE
:1014F00001C084F800C060546178A05C6070A154A1
:1015000021D0D91EA0781A1F042D14F801C084F828
:1015100002C06054E178A05CE070A15413D05A1F5F
:101520002179063B062DA05C2071A1546279E15C13
:101530006171E25407D0A179607AE379227AA071CF
:101540006172E271237203B030BD40F223318C200E
:10155000EFF79AF92DE9F04F8FB090F86232042B33
:1015600000F0EF8290F87B3100F1DA0290F87A1106
:10157000044602928B4200F095828B4280F0DC821E
:10158000D4F8D49099F810201344DBB28B4200F2C7
:10159000688284F87B3194F8C43104F52D75B4F871
:1015A000601294F8C5C1A4F8CE200A44A3EB0C0C39
:1015B000B04994F8B20292B25FFA8CFC09780695B1
:1015C00003FB00CA284601FB02535B78002B00F0A6
:1015D000BD82B2F5807F00F29E824FF0000B013297
:1015E0005E465F46CDF80CB095B2A3464C468146A8
:1015F00036E001369A42F6B203D1039B0133DBB2E7
:1016000003931FFA85F8B8F5807F35D0B24533D9FA
:1016100001FB05F209EB02035B78022B4CD0032B94
:1016200031D0012B11D1A37C022B40F2F880032B87
:101630000BD10AAB4246082120200093029BFEF703
:101640006BFF8C4B197801FB05F24A440135537846
:10165000002B4DD040F20112904549D0DBF8D44028
:10166000E27B012AC5D1012BCBD01FFA85F80136C8
:10167000B8F5807FF6B2C9D15C46042384F86232A3
:101680000FB0BDE8F08F029A41469BF89702049391
:10169000FFF712FC049B0AA842468DF828701946F1
:1016A0000090029B0220FEF737FFA37C022B40F242
:1016B000AE80032BBDD0C4E7029C41469BF8970245
:1016C00022460493FFF7F8FB049B42460321184689
:1016D0000AAB8DF8287000932346FEF71DFF654B7B
:1016E000197801FB05F201354A445378002BB1D13A
:1016F000FF2E5C46DDF80CB0BFD0D4F8D49099F83A
:101700000E2094F8A0329A4228BF1A46B24292465E
:1017100000F25C82B61A94F8C5210023F7B2089350
:10172000A7EB0B0094F8C4B18DF82430934584F8EE
:10173000A00200F0CB81934540F21282ABEB020590
:10174000ADB2AB45C0F06E82BD4270D33A44D2B266
:10175000B4F8CE30D4F8D4E09A4484F8C52107EB2D
:101760000A03A4F8CE3094F8A0329EF80E509EF8EA
:101770000F609D4228BF1D46FF2E00F09181002D75
:101780003FF47EAFA91CC9B294F8B03012B2B4F8DD
:10179000600203449BB200293FF472AF9DF8200021
:1017A0009DF821C050EA0C0000F0DF81A3EB010C92
:1017B000069F1FFA8CFC09E0214491F8C6113954A8
:1017C000002D3FF45DAF63453FF45AAF2949013B1B
:1017D00008789BB203FB00F0391891F80180464568
:1017E00000F039819EF80B90013A013DC14591B25C
:1017F000EDB212B240F09681002ADDDA0531C9B2AD
:10180000042900F29481694491F82010D7E7002B55
:101810003FF417AF40F25D118C20EFF735F8002B45
:101820003FF413AF4FF4A1718C20EFF72DF8B4F80B
:1018300060327A1B53445A459BB205EB03081FFAEA
:1018400088F840F36C8194F82F61ABEB03034FF001
:101850000009CDF81CA00593CDE9037B3746002F86
:1018600000F0BC80012F00F0B98002254FF4807A8F
:101870001BE000BF2C0C002004EBD30393F8FA30DC
:1018800005FB03F2D2B28DF8283084F81C61BAFB54
:10189000F5F305FB03F3C3F58073934200F39180E6
:1018A000AF4240F299800135EDB294F81C3103F15A
:1018B0000802802A40D8D6B294F82E21AAB30DF19E
:1018C000280BD4F8EE10D4F8F220D4F8F630DC4629
:1018D000D4F8EA00B4F80AE1ACE80F0094F8253136
:1018E0009DF837109DF835200B445FFA8EF18DF886
:1018F00037309DF8343003EB1E2396440A44DBB2A4
:101900008DF835E0FF2A01D90133DBB28DF8343090
:101910005946C94B04F1FA0202980193043300932B
:1019200004230BF00DF994F81C315A0784F82E911A
:10193000A2D000221346A6E70DF1280B94F82561EA
:10194000D4F8F630D4F8EA00DC46D4F8EE100136CC
:10195000D4F8F220F6B284F81C91ACE80F00B4F889
:101960000A3184F82561434504D0002684F8259186
:10197000A4F80A819DF835205FFA88F19DF8373088
:10198000114442441E449DF83430FF298DF835201F
:1019900003EB18238DF83760DBB201D90133DBB2DA
:1019A0008DF834305946A44B04F1FA020298082607
:1019B00001930433009304230BF0C2F894F81C3114
:1019C000B3E70AAB4246002108200093029BFEF7D2
:1019D000A3FDAF423FF667AF94F82F71059B049AC1
:1019E00008EB0305039B9044ADB21FFA88F85B1B1C
:1019F0009A42FFF634AF3E46DDF81CA09346039FA3
:101A0000D4F8D41094F8A0028B7B834228BF0346FD
:101A1000002B77D10B7C3046029A04F231114344FB
:101A2000019204F5E3729BB20093002384F8C53160
:101A3000FEF752FE94F8B232002B00F0F880013B22
:101A4000AF4284F8B232C0F0FB8094F8C5213A442A
:101A5000521BD2B27CE6012E3FF4B5AE013A12B26F
:101A6000B1E604F1DA000190B4F8600202440A44DD
:101A7000591AD21A0023CDB204F23111D2B284F82D
:101A80007B310123009204F5BE7294F82F01FEF71A
:101A900023FED4F8D49084F87B5199F810207AE58D
:101AA000294671E6002100F5BE72DA30012301906B
:101AB00084F87B11009104F2311194F82F01FEF7A4
:101AC0000BFE94F87B3194F87A1156E5029999F857
:101AD000102084F8C5310191B4F860120A4404F270
:101AE000311192B2009204F5E37294F82F01FEF7DF
:101AF000F3FD94F8B23273B3013B94F8C52184F836
:101B0000B23218E6A344DBF8C1019BF8C531089056
:101B10008DF824307EE74FF0000B5E46EFE594F839
:101B20002F616DE740F201218C20EEF7ADFE40F20F
:101B30000E218C20EEF7A8FE40F223218C20EEF738
:101B4000A3FE40F236318C20EEF79EFE4FF4BE71BC
:101B50008C20EEF799FE40F29D118C20EEF794FE5A
:101B600040F2A1118C20EEF78FFE012E33D0013A06
:101B7000591ADDF818C092B288B20CE0A11891F899
:101B8000C6110CF80710002D3FF47AAD013A9842C7
:101B900092B23FF475AD2949013B0F789BB203FB2C
:101BA00007F70CEB070149788E42EFD09EF80B90B7
:101BB000013D0FFA82F88945EDB2B3D1B8F1000FBB
:101BC000DCDA40F20A218C20EEF75EFE40F2D11101
:101BD0008C20EEF759FE591ADDF818C088B20AE0D9
:101BE000214491F8C6110CF80710002D3FF448ADC0
:101BF00098423FF445AD1149013B0F789BB203FB7E
:101C000007F70CEB07014E78012EF1D09EF80B8000
:101C1000013A013DB04591B2EDB212B282D1002A33
:101C2000DEDACEE740F2A5118C20EEF72DFE4FF460
:101C3000DC718C20EEF728FEC40000202C0C002064
:101C400040F2BB118C20EEF71FFE00BF2DE9F04FD4
:101C500085B090F86232042B00F0EC8090F8B02050
:101C60000546B0F860421319FF2B45DC002A46D028
:101C70000026DFF8D48100F1DA07B1461AE0012B23
:101C800012D19AF81230022B40F2CC80032B0BD1E8
:101C90000DF10C0B2246CDF800B03B460821202068
:101CA000FEF73AFC95F8B0200136B3B29A4226D935
:101CB000B5F86042344498F80030A4B204FB0353F2
:101CC00093F8B532022B0DD0032BD5F8D4A0D6D182
:101CD00095F89732013B032B00F2B180DFE803F067
:101CE000978C795295F89732013B032B00F2A7802D
:101CF000DFE803F0453A2708042380F8623205B094
:101D0000BDE8F08F0DF10C0B3B4622460421082064
:101D1000CDF800B0FEF700FC9DF80C3003EB430358
:101D2000DB0013F0F00F21D022463B4603210220B6
:101D3000CDF800B08DF80C90FEF7EEFB95F8B020D2
:101D4000B2E70DF10C0B3B46224604210820CDF8EA
:101D500000B0FEF7E1FB9DF80C3003EB43035B00A2
:101D600013F0FC0FE0D101E00DF10C0B3B462246D5
:101D700004210820CDF800B0FEF7CEFBD4E70DF12A
:101D80000C0BD1E70DF10C0B3B4622460421082039
:101D9000CDF800B0FEF7C0FB9DF80C3003EB430319
:101DA000DB0013F0F00F29D03B462246032102202E
:101DB000CDF800B08DF80C90FEF7AEFB9AF812301B
:101DC000022B27D9032B7FF46DAF2246CDF800B04C
:101DD00063E70DF10C0B3B46224604210820CDF8A9
:101DE00000B0FEF799FB9DF80C3003EB43035B005A
:101DF00013F0FC0FD8D101E00DF10C0B3B4622464D
:101E000004210820CDF800B0FEF786FBCCE70DF1E9
:101E10000C0BC9E7002B3FF445AF40F25D118C205D
:101E2000EEF732FD002B3FF43FAF4FF4A1718C2051
:101E3000EEF72AFD40F23D318C20EEF725FD40F211
:101E4000E6218C20EEF720FD2C0C00204FF4D271FF
:101E50008B2008B5EEF718FD072808B502D8034B0C
:101E6000185C08BD71218B20EEF70EFDB48D0400C7
:101E700008B529B9072809D8084B0344187A08BDC2
:101E8000072807D8054B0344187C08BD89218B20FF
:101E9000EEF7FAFC9E218B20EEF7F6FCB48D0400E1
:101EA000431E032B00B583B006D8054B684401934D
:101EB000C07803B05DF804FBAC218B20EEF7E4FCA6
:101EC0000102061890F89632012B1BD0134B4900E3
:101ED00090F89BC290F895226344072A1B7E43FA30
:101EE00001F3D9B203F0030303D0184490F89C0225
:101EF0007047D0F8D420D27C4AB95B08184490F8D7
:101F00009C0270470023184490F89C02704701F02F
:101F10000103184490F89C02704700BFB48D040080
:101F200038B5847C062C41D8214B2344447C012CB9
:101F300093F8303031D0022C4FEA530301D0082CF3
:101F400030D14FF03E0E4FF01A0C047E9C44C37EFD
:101F5000457E5FFA8CFC2344847E01FB0331C37D04
:101F600089B25819234400244D1D0F3161440CF1EE
:101F7000050C03EB450500EB4C0C5A3003EB410319
:101F80002146864465F30F016EF30F0463F31F418E
:101F90006CF31F445160146038BD4FF0620E4FF077
:101FA0002C0CD2E7E8218B20EEF76EFCFFF74EFFFA
:101FB000B48D0400032808B506D80138022812D8C9
:101FC000DFE800F00A060800FF2807D1002008BD5E
:101FD000888808BDC88808BD488808BD4FF4867148
:101FE0008B20EEF751FC088808BD00BFF8B5847C53
:101FF000062C00F2BC80764B2344447C012C93F8E1
:10200000303034D0022C4FEA530302D0082C40F079
:10201000A3804FF03E0E4FF01A0C9C44047EC37E0A
:10202000857E5FFA8CFC2344447E01FB033399B226
:10203000C37D1C442B4401F10F05053165440CF1AF
:10204000050C03EB410104EB4C0C5A3403EB450344
:10205000057CA644C47A89B2032C9BB20CD8013CFF
:10206000022C00F29280DFE804F020131E004FF0F3
:10207000620E4FF02C0CD0E7FF2C73D1C47B032CE5
:102080006ED8013C022C76D8DFE804F057555D008D
:102090000C46C67B032E44D8013E022E71D8DFE8E1
:1020A00006F0361024001C46F3E7C67B6446032E78
:1020B00031D8013E022E64D8DFE806F0480317004D
:1020C00074468C4214D9954229D2521B837B467B9D
:1020D000D01A731CB0FBF3F0131A01FB00F005FBE0
:1020E0000E0003FB0400F8BD7446A3421946EAD370
:1020F000954214D2521B8C4213463AD2027BD0181E
:102100000132B0FBF2F01B1A01FB00F0E7E7614679
:102110006445D8D8ECE7FF2E24D1954208D300209F
:10212000F8BDFF2E1ED1002CF7D19542F7D2002426
:10213000531B0020D3E70024DAE79542EFD2614633
:10214000531B0024DAE719460024D1E79542E6D272
:102150006146521B0023BAE7E8218B20EEF794FB7F
:10216000FF2CE2D04FF486718B20EEF78DFBFFF74A
:102170006DFE0023ABE79542D1D2531B714600247C
:10218000BCE7A64515D271469DE7C47B032C0BD84E
:10219000013C022C14D801A656F824F0BB21010002
:1021A000C1200100E9200100FF2C08BF7446B4D013
:1021B000D8E79542B3D271469CE761467446A7E7DB
:1021C0009542ACD27446521B714600237FE700BF94
:1021D000B48D04002DE9F84390F8B24290F8C43170
:1021E000D0F8D42090F8C51104FB033392F80EC048
:1021F0005B1A157C90F8A0129BB2D47B614594BF0A
:102200006E1805EB0C06012C1E44B6B205D1117BED
:102210000B44B3FBF1F333449EB2B0F8601290F874
:102220009702C1F5807189B2A02928BFA021B142CF
:1022300028BF3146967C062ECFB200F2C2807B4B7F
:102240003344567C012E93F8303036D0022E4FEABC
:10225000530302D0082E40F0A9803E264FF01A0802
:10226000984492F818E0D37E92F817905FFA88F8B5
:10227000734492F81AE000FB0333507E9BB248444B
:10228000F14403F10F0E0533C64408F1050809EBCC
:10229000430300EB48085A3009EB4E0E0644D07A4F
:1022A0009BB203281FFA8EFE0BD80138022800F2D9
:1022B0009B80DFE800F01D111B0062264FF02C0808
:1022C000CEE7FF2878D1032C74D8013C022C7DD8AE
:1022D000DFE804F05A5761009946032C45D8013CC9
:1022E000022C7AD8DFE804F0360F2400F146F4E738
:1022F000032CC14632D8013C022C6ED8DFE804F032
:102300004F031800B1464B4515D2AF422AD9491B9D
:10231000527BA1EB0C000132B0FBF2F0091A03FB77
:1023200000F005FB060001FB0900BDE8F883B1469B
:10233000CE457346E9D3AF4214D9491B99450C46A3
:1023400041D2127B10190132B0FBF2F0211A03FBCB
:1023500000F0E6E74346C145EDD9D6E7FF2C2BD187
:10236000AF420BD80020BDE8F883FF2C24D1B9F18F
:10237000000FF5D1AF42F5D94FF00009491B0020FD
:10238000CFE74FF00009D6E7AF42EBD943464C1BED
:102390004FF00009D5E773464FF00009CBE7AF4295
:1023A000E0D94346491B4FF0000CB1E7E8218B20F0
:1023B000EEF76AFAFF2CDDD04FF486718B20EEF732
:1023C00063FAFFF743FD4FF0000CA1E7AF42C9D914
:1023D0004C1B33464FF00009B3E74E4517D2AF42CE
:1023E000C0D9491B334693E7032C0BD8013C022C80
:1023F00014D801A050F824F017240100052301008F
:102400002F230100FF2C08BFB146A9D0D4E7AF426B
:10241000A8D9334691E74346B1469CE7AF42A1D9DC
:10242000B146491B33464FF0000C71E7B48D0400F0
:10243000531E5B1A022B1BD9931E1B1A022B17D992
:10244000D0F801C00B6803EA0C031360D0F8053024
:10245000D1F804C003EA0C0353600B7A90F809C06A
:1024600003EA0C0313724B7A817A0B405372704764
:1024700090F801C00B7803EA0C03137090F802C0C7
:102480004B7803EA0C03537090F803C08B7803EA8F
:102490000C03937090F804C0CB7803EA0C03D3705C
:1024A00090F805C00B7903EA0C03137190F806C08D
:1024B0004B7903EA0C03537190F807C08B7903EA58
:1024C0000C039371CB7990F808C003EA0C03D37125
:1024D000C3E700BFF0B5054685B00F4690F8D83089
:1024E0002BB191F8C73013B101F5B37305E095F83E
:1024F000D830002B44D007F1F9031A680126D7F829
:10250000F9101140D7F8FD20009159680A40197A56
:102510005B7A019297F80121114097F802211A4045
:1025200000238DF808109E468DF80920C3F3C40CD3
:1025300003F00702D8B20EF10104EC4406FA02F2ED
:10254000013305EB0E019CF800C01CEA020F03D01A
:102550005FFA84FE81F831014F2BE7D1002285F824
:102560002FE1134685F830216EF307036EF30F2336
:10257000A5F87A31A5F8C43187F8722105B0F0BD0D
:1025800097F8C830002BB6D007F5AE73B5E700BF9B
:10259000037813F0030301D00020704790F9022064
:1025A000002AF9DBC27812F00302F5D170B5437A44
:1025B00013F0600401D0104670BD1B060FD4461EF8
:1025C00000F1090516F8010F07F093FF2044B5420A
:1025D000C4B2F7D10E2C94BF0020012070BD20465C
:1025E00070BD00BF2DE9F041C77C04461546E7B138
:1025F000072945D8254B0B441E7A93F81080F0F735
:10260000DBF8217F0346B8F1010F18BF012EA87A2D
:1026100014BF01220022012936D19B7F12B39842B8
:1026200038BF1846C0B2BDE8F081072921D8174B42
:102630000B441E7C93F80880F0F7BEF8227F034617
:10264000012A1AD1A87F012E9B7A04D0B8F1010F7C
:10265000E5D1012EE7D1B8F1010F08D0002ADED173
:102660001846E0E7012EDAD1B8F1010FF8D10020C9
:10267000D9E79E218B20EEF707F9A87A3A46E2E7E0
:1026800089218B20EEF700F90022DCE7B48D0400ED
:10269000064A4FF4807300211278013B80F8B6128D
:1026A00010449BB2002BF8D1704700BF2C0C0020C7
:1026B0002DE9F0430546B9B000F1DA09A0222C4615
:1026C0000E4610A8494602F029FC6F460FCC0FC7F2
:1026D0000FCC0FC70FCC0FC794E80F0087E80F008F
:1026E0004FF42E720021284695F8D8800AF034FB6A
:1026F00010A94846A02202F011FCEE46AC465FFA53
:1027000088F8BEE80F00ACE80F00BEE80F00ACE8A8
:102710000F00BEE80F00ACE80F0097E80F0084E858
:102720000F0085F8D880022385F86232B6F83C3174
:1027300006F1F907EB81C5F8D47096F80321D5F8B6
:10274000503285F8B222D6F84C2162F317032022CA
:10275000C5F85032002385F85E2285F8A03296F83D
:10276000593185F8D93096F85611072985F8951210
:1027700079D83F4C14F8018085F8978296F80C318F
:10278000002B65D063181A7C002385F8962285F803
:10279000993296F8F330FE2B5DD0FF2B08BF012352
:1027A00085F89832022306F14802384685F89A32B5
:1027B000FFF718FF96F80B3186F81401062B50D856
:1027C0001C44414605F51572384694F830304FF4F4
:1027D0008074DB0885F87132FFF7A2FB002200232A
:1027E000FF21C5E99A23FE23224A85F8941292F824
:1027F00000C0002285F85C322B46013C83F8B622EB
:102800006344A4B2002CF8D128463146FFF762FE9B
:1028100096F85A2112F0010318BF85F89C429007E0
:1028200005D5E91801330120DBB281F89C0251077C
:1028300005D5E91801330220DBB281F89C021207AA
:1028400003D51D44032385F89C3239B0BDE8F083DD
:1028500063181A7A98E7012385F8982285F8993247
:10286000A0E7FFF7F3FA71218B20EEF70DF800BF18
:10287000B48D04002C0C00200023036043608360AF
:10288000704700BF80EAE073094A0028A3EBE073B9
:102890009BB24FEA033303F2A933A2FB0323054A99
:1028A000C3F34E23C8BF5B421BB21380704700BF07
:1028B00073B2E74516160020014BB3F900007047CC
:1028C00016160020014B1878704700BFCC0000207E
:1028D000014B5888704700BF1616002038B50D46CA
:1028E000D0F8D41090F8970252420B7ECC7E897EAD
:1028F000234400FB033041F2C7030530084402FBC8
:1029000000F003FB00F0002802DA00F57F40FF3002
:102910000414FFF7D1FFC0F12A0000FB05F504EB1A
:10292000450000B238BD00BF00B583B001A80DF16D
:102930000601FAF717FABDF90620054BBDF80400A9
:1029400003EA022343EA101003B05DF804FB00BF62
:1029500000F0FF00D0F8D4302DE9F04F90F871026C
:1029600083B05A7C4008012A00F101005BD0554A2F
:1029700094881389D588A3421A4638BF22469542C7
:1029800040F29880C3EB450501221B1B2D1B01263D
:102990004D4C4FF0000CA6F10207B4F800E00136F0
:1029A000B7FA87F77F0901EB871101F58071AEEB6C
:1029B000010E8EEAEE77A7EBEE77022F17DCB4F864
:1029C000088002F10109B4F804A0E788C245D346A3
:1029D00038BFC3465F45C8EB4707A8EB0A08A7EB1B
:1029E0000A0704D9F44443443D445FFA89F2B042F3
:1029F00004F10C04CFDA002D5ADD4FEA450B4FF4F9
:102A00007A704FEACB0103FB00F090FBF1F03AB192
:102A10004FF4FA63520103FB0CF393FBF2F31844F7
:102A200003B0BDE8F08F274C2389A5881E46E488B3
:102A3000AB4238BF2E46B44240D9C3EB44045B1BC3
:102A4000A4EB050B4FF0010E1F4C4FF0000CAEF144
:102A500002050EF1010EB5FA85F56D0901EBC51100
:102A6000258801F500716D1A85EAE576A6EBE57615
:102A7000042E16DC571C2689B4F806900197B2463E
:102A8000A788C6EB4908BE42A8EB0708A6EB0706D5
:102A900038BFBA46D14504D9AC44C34433449DF849
:102AA0000420704504F10C04D1DABBF1000FA6DC60
:102AB0000020ACE700231D461A4668E700239B462A
:102AC0001A46BFE7D41B0020E01B00202DE9F84385
:102AD000D0F8D4200C4690F871320646517C002B79
:102AE00060D1012914BF4FF47A654FF4FA55D6F836
:102AF000D0200120FAF7B6FBD6F8D430384A074682
:102B0000597C938901294FD0A3F58073002BB8BF5E
:102B10005B42022BD4BF00230123002B3FD196F848
:102B200071325B080133B3F1010C03EB43004FEA50
:102B3000031318BF4FF0010CC0B2012903EB8C0343
:102B400032F820803AD01B019BB2A8EB030888EA38
:102B5000E873A3EBE873022BD4BF00230123F3B97E
:102B6000C31CDBB252F823901E4B09EA0303B3F1F6
:102B7000004F30D0B9F5803F11D230460021FFF729
:102B8000E9FEC1444FF4FA6203467F1B002002FBBA
:102B900009F9C3EB59133B442360BDE8F8830120D6
:102BA000BDE8F8830025A2E7A3F50073002BB8BFAA
:102BB0005B42042BD4BF00230123AEE75B019BB231
:102BC000A8EB030888EAE873A3EBE873042BD4BFEF
:102BD00000230123C3E70630C0B252F82090C9E7B2
:102BE000D41B00200000FFFF00487047D41B0020CA
:102BF000014B024A1A607047D01B0020182C0100BC
:102C0000014B1868704700BFCC1B0020014B1868AF
:102C1000704700BFD01B0020CD2A0100014B1B686C
:102C20001B68184718010020014B1B685B68184798
:102C300018010020014B1B689B68184718010020F1
:102C4000014B1B681B69184718010020014B1B68CA
:102C50005B69184718010020014B1B689B691847E6
:102C600018010020014B1B68DB6918471801002080
:102C7000014B1B689B6A18471801002030B4044CB4
:102C80009DF8085024680295E468A44630BC60476B
:102C90001801002000220D49134610B540FA02F435
:102CA000E40744BFCA545C1C02F1010248BFE3B20E
:102CB000042AF3D1054AFF24D118032B01D910713E
:102CC00010BD013301F8014BDBB2F6E7681C0020B0
:102CD0005FC7010065C7010067C701008DC701001C
:102CE0006BC7010097C7010071C70100A1C70100B0
:102CF00077C70100ADC7010083C7010087C7010086
:102D000079C701007FC701009DC70100A7C7010067
:102D1000014B187D704700BF28160020042810B50D
:102D200011D883B104280CBF10242824A1420AD250
:102D3000064C54F8200018B141568A42A8BF0A46F2
:102D400000201A7010BD6FF01500FBE72816002058
:102D50000728034611DC10F12D0F10DB094A10186B
:102D600090F82E0002EBC00292F93C209A4207D064
:102D7000002918BF0130C0B270471B2070470020E7
:102D8000704700BFF88D0400072808B507DCFFF77F
:102D9000DFFF044B03EBC00393F93C0008BD0820A0
:102DA000FCE700BFF88D0400C0B208B520B9044BA1
:102DB00001229A601A6008BD4D21B52001F0B2FED3
:102DC00000E0105010F0FF0008B513D10B4B0122AA
:102DD0005A60DA600A4AC3F800011070D3F8082478
:102DE00012F0010205D1C3F81021C3F81821C3F86D
:102DF000142108BD7C21B52001F094FE00E01050A4
:102E00003D160020014B01221A7070473D1600202C
:102E100008B540B9064BD3F8103113B9054B1878F3
:102E200008BD0120FCE7C121B52001F07BFE00BFF9
:102E300000E010503D160020024BD3F8080400F0CB
:102E40000100704700E01050024BD3F8480400F036
:102E50000100704700E01050024BD3F84004C0B2AC
:102E6000704700BF00E0105007490246D1F84C04FB
:102E7000D1F84C1410F4803005D0D0B201F0030327
:102E80001B1A58425841704700E0105038B51A4B91
:102E9000D3F80C34DA0304D440F279116D2001F038
:102EA00041FE164A0124164B106A536620F03F007B
:102EB00094645464136CDB03FCD4136A116C03F048
:102EC0003F03C1F30A01C1F5806181EAE1750B2975
:102ED000A5EBE17509DD3F2B04D0013303431362F9
:102EE000172DE6DC0023936438BD0B31F8DA002B94
:102EF000F8D0013BF2E700BF00E01050000812508C
:102F00000100008038B50B4C23781BB100232370DF
:102F1000FFF7BCFFEFF3108572B6637803F0FF0094
:102F20000BB9FFF74FFF05B962B6034B00225A6693
:102F300038BD00BF4016002000081250F8B5104EF2
:102F4000012704460D463318DF7009F031FC60B9E3
:102F500034B90C4B11227771B560C3F80423F8BD66
:102F600040F225116D2001F0DDFD002DF7D01CB9D8
:102F70000220A847B460F2E74FF4A071F2E700BF67
:102F80004016002000E01050044B0022191803EBFB
:102F900080034A719A60CA70704700BF40160020D3
:102FA000014B1882704700BF40160020014B588A21
:102FB000704700BF40160020014B188A704700BFC1
:102FC0004016002010B5EFF3108472B6064B034490
:102FD0005A780132D2B25A705B78012B01D1FFF7D7
:102FE000E3FE04B962B610BD4016002038B50346B2
:102FF000EFF3108572B612490C18627822B940F2CC
:1030000067216D2001F08EFD6278013AD2B26270C4
:1030100062787AB90A7D82B178B90A4BD3F80C3458
:10302000DB0304D44B782BB9FFF7CCFE02E0487DDC
:1030300001F00AFF05B962B638BD1846F4E700BFD3
:103040004016002000E0105010B509F0B4FB0C4C05
:1030500009F0AEFB60B1A37D3BB90A4B01229A6136
:103060000423E3750023237610BD09F0A7FBF9E7DD
:1030700003230122E375034BC3F80423F2E700BFE7
:103080004016002000E01050014B01221A627047E8
:1030900000E01050044B587E28B1044BD3F81001C7
:1030A000B0FA80F0400970474016002000E0105050
:1030B00038B50C4B5D7E5DB901245C7609F07BFB75
:1030C000094B1022C3F81051C3F80423DC6138BD4A
:1030D000FFF7E0FF0028FAD040F2A3216D2001F0B5
:1030E00021FD00BF4016002000E01050024BD87DAB
:1030F000003818BF012070474016002038B5174C23
:10310000237D23B940F216316D2001F00BFD012320
:103110002370A37DC3B9A37EB3B1227E013B9A4243
:1031200012DA09F045FB054601F028FEA37E012BCB
:1031300082BF237E0133237655B1E369C31A01337D
:10314000022B09D935B1E061BDE83840FFF77CBFFB
:10315000236AF3E72062F7E738BD00BF401600207E
:1031600037B5184CA37D63B9606A00F00300FFF720
:103170007BFE30B1EFF3108372B6E27D1AB103B972
:1031800062B603B030BD0122E27503B962B608230E
:103190000D4DC5F808334FF42073ADF80630BDF877
:1031A00006309BB25A1E92B2ADF80620002BF6D123
:1031B000C5F80C3184F82830FFF746FF0823C5F81E
:1031C0000433DEE74016002000E010502DE9F74FF1
:1031D0004E4C237D002B00F096800323ADF8043085
:1031E0004B4BD3F80051D3F80891D3F8142112B9FE
:1031F000D3F818216AB10026C3F81461C3F8186126
:10320000C3F81061637E0BB109F0D8FA667609F055
:1032100039FC3F4BD3F81031002B59D0637E1BB1E2
:1032200009F0CCFA00236376637913B102238DF899
:103230000430003D18BF012545F01005354E0DF155
:10324000040A334B4FF00008F71EC3F808531AF86E
:10325000010B03280AD03B7843B14FF0000B3368D1
:1032600087F800B013B19847C6F800B008F1010321
:10327000043601374FF00108022BE8D1B9F1000FF5
:1032800008D0234B0022C3F808210422C3F80823E6
:10329000FFF766FF94F82860EA071D4BF6B2D3F8F3
:1032A0000C7108D5E27D032A05D1A27DA2B90422C2
:1032B000E27501229A61C7B1154B0022C3F80C21B7
:1032C000E37D042B0DD040F279316D2001F02AFC12
:1032D000002DD3D00125B1E709F070FA0223E37580
:1032E000E9E70223E37509F069FA66B1002384F87F
:1032F0002830E37D022B01D1FFF7A6FE03B0BDE825
:10330000F04F09F05BBA03B0BDE8F08F4016002023
:1033100000E010504816002010B5054C606A00F01F
:103320000300FFF7A1FD0028F8D0002010BD00BF6A
:1033300040160020F8B5054650B10278022A07D899
:10334000437842B9013B1F2B02D88378212B07D940
:103350006FF0150088E0002BFAD18378002BF7D1AD
:10336000634B2022C3F8A020BFF34F8FBFF36F8FB2
:10337000604EC3F8A0217D235F4CC6F808330023BC
:10338000C6F80031C6F80831C6F80C316370A37076
:10339000AB886382FFF750FD10B10123E3706370C7
:1033A000D6F80C0440F2563310F4803023821BD040
:1033B000FFF728FD514801F01DFD4E4E602360755A
:1033C0000022C6F804332B78A978012B627662625A
:1033D000A375A176227620D0022B17D0F3B140F24C
:1033E0002E516D2001F09EFBC6F81001FFF7DCFCAA
:1033F000404AD2F81031002BFBD0FFF747FD0020E8
:10340000FFF7E0FC3E4B00225A66D3E709F0D3F900
:10341000D6F80C34D903FBD502236362FFF714FD01
:1034200040B3FFF719FD636A03F00303984221D10B
:10343000AB79D3B9FFF770FFA37E63B12B7853B993
:1034400009F0B6F9054601F099FC6FF00043002D34
:103450004BD0C4E907030123202200202375244B0D
:10346000E075C3F8A0211A62F8BD224B0422C3F80C
:103470000423E1E71F4B012200215A61C3F8081120
:1034800094F82410C3F840141A610422C3F80423EA
:10349000AA79002AD0D1D3F80423520702D440F2EB
:1034A000E1419EE7174A1769116907F0100741F0DB
:1034B00010011161D3F808310BB909F09CFB0D4ED6
:1034C000D6F8083173B1FFF727FF27B90D4A136902
:1034D00023F0100313610423C6F808330023C6F851
:1034E0000831A9E709F085FBEAE7C4E90730B2E74C
:1034F00000E100E000E0105040160020052F010020
:103500000008125000ED00E038B50C4B0C4619795C
:1035100019B183216F2001F005FB60B95D790DB110
:10352000002038BD01225A71FFF74CFD2146284684
:10353000FFF704FDF4E76FF01500F2E76C160020CA
:1035400038B50B4D04462B791BB19A216F2001F041
:10355000E9FA50B96B790BB9002038BDFFF714FDBB
:1035600020466C71FFF742FDF6E76FF01500F4E7B7
:103570006C16002010B501B3F0B14FF0FF33104AC4
:103580001C46E0FB0134944203D9DB216F2001F09B
:10359000C9FA1A0DC3F30F100A4B42EA04324FF274
:1035A0002444B2FBF4F100EB024003FB1100B0FB3A
:1035B000F4F040EA0140013010BD0846FCE700BFCE
:1035C0003F420F00000024F4014B9B68184700BFE6
:1035D0006C160020014BDB68184700BF6C160020FA
:1035E000014B1B69184700BF6C16002008B5064B3D
:1035F0001B7923B140F237116F2001F093FABDE837
:103600000840FFF77BBD00BF6C160020034B1A7902
:103610000AB9FFF7CBBC988D704700BF6C1600202D
:10362000034B1A790AB9FFF7C7BC988A704700BFE5
:103630006C160020024B1B790BB9FFF791BD704748
:103640006C160020014B9B69184700BF6C160020C8
:1036500038B51D4C237933B3FFF7C2FF50B91B4D6A
:10366000C5F81001FFF7B0FFD5F81031002BFBD0E3
:10367000FFF7B0FF154B6022C3F80423636A984735
:10368000002806DB94F82E3023B10123002084F8B3
:10369000303038BDFFF7D6FF0028F6DA40F28D1142
:1036A0006F2001F03FFA0A4BA3610A4BE3610A4B1A
:1036B00023620A4BA3600A4BE3600A4B2361FFF7C6
:1036C00039FE0028E1D0E4E76C16002000E010503D
:1036D00019330100C9C70100ED300100B7C701006F
:1036E000BDC70100C3C7010038B5084B04461D79AA
:1036F00025B140F2E1116F2001F014FA00F0EAFD6B
:103700002046FFF74DFC284638BD00BF6C16002050
:1037100008B5074800F0CCFD054800F019F801F0A5
:103720000BF901F029F800F0E5F9012008BD00BF10
:10373000A016002008B5054B1A781AB127210320DE
:1037400001F0F0F95860197008BD00BFA8160020FC
:10375000024B986000221A705A607047A816002029
:10376000F7B51E4C2378012BDAB204D0022A2ED0F2
:10377000012003B0F0BD0DF10701606800F0D8F939
:1037800065686B7DDB071CD5AB7F042B19D000F07F
:1037900023FE0646A8B100F025FE2B69D5E90027D7
:1037A0009A18B36847F100070A332CBF012500259A
:1037B0001B1845EB01059342BD4102D3606800F040
:1037C000BBFA0023636023709DF80700D1E70DF179
:1037D0000701606800F0B6F9F3E700BFA816002003
:1037E00073B505460C4600F0F7FD0646AB7F012B8E
:1037F0001AD021462B4604F1180251F8040B9142CD
:1038000043F8040BF9D101230DF107012846AB77EA
:1038100000F08EF916B1012002B070BD034B0421F7
:10382000986809F054F9F6E70020F5E7A81600209B
:10383000024B0621986809F04AB900BFA81600207B
:10384000174B1868F0B560B150F8102C50E90634E9
:1038500018380A3344F100049B18826944F10004CB
:1038600002B9F0BD52E90615994275EB0406F8D28B
:10387000077D12F8046CB7420BD00FD90A3152F809
:10388000103CA2F1180045F100055B1845F1000459
:1038900004E09688878BF61B3604EFD41268DFE7C6
:1038A000B4160020F8B5244C002323716371A37172
:1038B000E371EFF3108272B6A168E3606160A36008
:1038C00002B962B600261D4D636803B9F8BD9A7946
:1038D000A3F11800032A07D11A6801219E7153F839
:1038E0000C3C62609847EFE71B6863B1183B0746E2
:1038F0002A46997F04290ED09B7F032B04D0632195
:103900009F2001F00FF92A46136802211B681360FB
:10391000C3688677E6E7B0F81CC0998BA1EB0C0171
:103920000904996944BF07F1180218460029EBD031
:103930001F46A1F11803DCE7B4160020B8160020DA
:10394000042300F1180283770023037643768376FD
:10395000C376044B996811B99A60DA607047D968E8
:103960000A60FAE7B41600202DE9F041134C064630
:103970000F460020236833B9E8B1114BBDE8F04190
:10398000187801F061BA53E9061553F8082CD3F8FA
:103990000080521845F10005B242BD4109D22268AB
:1039A000A3F1180012682260FFF7CAFF0120434606
:1039B000E1E71C46FBE7BDE8F08100BFB41600203C
:1039C0001C010020494B1B682DE9F74F04468283F8
:1039D0008B46D0E9002003B1183B94F815C0DFF8FE
:1039E0000CE10CF0010C002B3BD0D3E90056AA42AD
:1039F00070EB060135D3BCF1000F2CD0277D197D6B
:103A00008F4228D399684D1946F1000615F10A082E
:103A100046F1000E424570EB0E0119D2216989185A
:103A200040F1000788457EEB070901D24146774601
:103A3000A942B7410FD22046FFF782FF2C4B1878DE
:103A400001F002FA00238BF8003003B0BDE8F08FDC
:103A500011460746ECE703F1180E9B690BB1183BC2
:103A6000C3E7BCF1000F34D0A168891840F1000908
:103A7000019173B30199D3E9007611F10A0549F177
:103A80000001AF4276EB010123D2257D197D8D42E5
:103A900018D39D68ED1946F1000615F10A0A46F1A2
:103AA0000008524570EB080110D22169891840F1D5
:103AB00000078A4578EB070C01D251464746A942D8
:103AC000B741B8D39B6923B1183BD3E711460746EA
:103AD000F5E7DEF80020234643F8182FCEF8003033
:103AE000FFF7AEFE8442ADD10123ACE7B41600204F
:103AF0001C01002010B50B4C2378FF2B04D04FF491
:103B00008D719F2001F00EF8074801F073F9074B03
:103B1000002220701A705A709A70DA709A60DA6017
:103B20001A8210BD1C010020A5380100B416002027
:103B3000034B1A8A10B4541C1C8210BCFFF742BFFE
:103B4000B416002038B504460D46FFF779FE231A57
:103B500004F11801584258412870044808F0DDFF6C
:103B600010B100230120A37738BD00BFB416002098
:103B700038B5114B044600F118019A68B2B19A6841
:103B800000209AB191420ED108B1A56905609D68E7
:103B9000A94204BF12689A60DA68914200D1D860E5
:103BA0000023A37707E010461268EAE7034808F00D
:103BB000B4FF0028F4D138BDB4160020B816002098
:103BC0002DE9F041264E04460D46FFF7CDFE306844
:103BD000002843D0A0F1180C50E90631A34271EB44
:103BE000050250F8102C3CBF234629460A322CBF50
:103BF000012700279B1841EB07020768604627B999
:103C000000F118037361BDE8F08157E906EC9E45A9
:103C10007CEB0201F4D290F8148017F8041C88455C
:103C200013D019D9744523462A46A7F1180075EB1D
:103C30000C0157F8101C3CBF734662465B1842F1FA
:103C400000020A3342F1000206E0B988B0F81C8095
:103C5000A1EB08010904E5D43F68D0E70346D1E7AA
:103C6000B416002010B5054C6169204608F055FFD8
:103C700018B1606900231838636110BDB4160020C4
:103C80009C46144BF0B51D68FDB115F8043C183D79
:103C9000834218D812F10A04D5E900364CF100012C
:103CA000A34276EB01070BD22F69FF1846F10006FD
:103CB000A7428E4107D3B4F10A0041F1FF31F0BDB4
:103CC0001C463146F7E7AD69DEE74FF0FF300146AD
:103CD000F5E700BFB416002008B5837F022B1CD186
:103CE000437D13F0020302D00023837708BD032233
:103CF000037643768376C3760D4B827700F1180204
:103D0000996839B99A60DA600A4B1878BDE80840BA
:103D100001F09AB8D9680A60F5E7837F012BE5D0F6
:103D2000837F042BE2D04FF4FF719F2000F0FAFE56
:103D3000B41600201C01002010B500F11801044643
:103D4000084808F0EAFE20B94FF402719F2000F005
:103D5000E9FE2046FFF7F4FD034BBDE8104018785C
:103D600001F072B8B41600201C0100202DE9F74FB5
:103D7000D0F810E0BEF1000F04D040F227219F20C0
:103D800000F0D0FE836890F814800193D0E900140D
:103D9000EFF3108972B6274BB3F810C01B686BB1F4
:103DA000019D183B0A35D3E900264EF1000A6D1833
:103DB00044EB0A0A95427AEB060707D2B9F1000FE5
:103DC00035D0C0E9001403B0BDE8F08F8A4276EB2D
:103DD00004070CD31F69BF1846F1000BAF427BEB01
:103DE0000A0B34BF0125002575B99B69D7E712F18D
:103DF0000A0A9D6846F1000715EB0A0547F100071E
:103E0000A94274EB0707ECE71D7DA84509D0ECD962
:103E100012F10A019D6846F10004691844F100049A
:103E2000E3E79D8BA5EB0C052D04DED5F0E762B62C
:103E3000C7E700BFB4160020F7B506460C46878BCF
:103E400000F118010D4808F068FE20B940F2512138
:103E50009F2000F067FE00233546B3770FCC0FC5D7
:103E600094E803003A4685E8030030460DF1070167
:103E7000FFF7A8FD012003B0F0BD00BFB41600207D
:103E8000024B0521186808F022BE00BFD0160020A2
:103E9000064B586810B520B94FF41B71B02000F0E4
:103EA00041FEC3680521BDE810401847D016002028
:103EB0002DE9F84F274C8146237BA668A3BB94F8D5
:103EC0000D8018F0010803D0E3899E4238BF1E46DA
:103ED00000F070FD10EB060B05460F4641F1000A9D
:103EE00058465146FFF76CFE08B3D0E900329B45B7
:103EF0007AEB020104D29D1B9B46924662F10007B9
:103F00000023154A284639462362C4E904BAC4E9A5
:103F1000065700F023FDB8F1000F02D0E3899E425E
:103F200016D002230D4A0DE04FF00008D0E7237BA6
:103F30002BB1637B9B0702D5636A0120984700235E
:103F4000074A237384F82830C9F80020BDE8F88FA9
:103F50000123E7E7D0160020813E010071400100F7
:103F60000BCA01002DE9F04717463D4C002B67D0E6
:103F7000E289D3E900656432864275EB01034FF0B4
:103F800000033CBF06460D462362B6EB000A65EB14
:103F9000010952451A4672EB0902C4E9046527DAA1
:103FA000237B3BB1637B9A0702D5636A0120984764
:103FB0000023237394F80D8008F00108A36803F52B
:103FC000E1739A4579F100011DDAB8F1000F11D0C3
:103FD000E089244A301A65F10001C4E9060100F0C5
:103FE000BDFC0623204A84F828303A60BDE8F087FB
:103FF0009846E3E71B4A30462946C4E9066500F0C7
:10400000ADFC0523EEE7FFF7E5FAE089A368B8F118
:10401000000F0BD0984209D9301A124A65F10001FD
:10402000C4E9060100F09AFC0123DBE7F01A0D4A0F
:1040300065F10001C4E9060100F090FC0223D1E71C
:10404000237B2BB1637B9B0702D5636A01209847D2
:1040500000252573FFF7BEFA2B46044AC3E700BFCD
:10406000D0160020813E0100714001000BCA010002
:10407000023970B50546032900F2D480DFE801F06B
:1040800006020840694B002283F82920002024E022
:10409000664C94F82830042B09D8022B28D8013B11
:1040A000012B1BD94FF4CD71B02000F03BFD053B37
:1040B000012BF7D8FFF754FB0028E7D000F06AFC8B
:1040C00000F078FC06460C46FFF77AFD2A460346C8
:1040D00021463046FFF746FF022070BDFFF740FB48
:1040E0000028D3D000F056FC2846FFF7E1FEF3E7A6
:1040F000FFF736FB0028C9D0012384F82930C5E733
:104100004A4C94F828301A1F012A2AD8042B94F814
:1041100029600CD100F07EFB48B900200021FFF798
:104120004FFD08B1FFF708FEFFF754FADCE7002E59
:10413000C6D1FFF797FD0028C2D06060C4E90B66C6
:1041400000F038FB6068022331468377C3689847E4
:10415000D4E9040108F057FC354B84F828602B6043
:10416000BAE700F027FCA369C01A236A9842ACBFE3
:104170002062236294F82830022B19D1FFF724FA29
:1041800094F82830022BD4E904012CD1637BDB079F
:104190001BD5237BCBB9E389264AC01A61F1000104
:1041A000C4E9060100F0DAFB032384F828306DE748
:1041B000637BDA0701D5207B10B140F2B31173E7BE
:1041C000636A984701232373DAE73238236A194A6E
:1041D00041F1FF31C01841EBE371C4E9060100F081
:1041E000BDFB0423E1E7012B0AD1A368114AC01AE1
:1041F00061F10001C4E9060100F0B0FB0223D4E73D
:10420000236A32380B4A41F1FF31181841EBE37150
:10421000C4E9060100F0A2FB94F82830062BE0D197
:104220000523C2E740F2F1113EE700BFD01600209F
:1042300039420100813E010002392DE9F041064674
:1042400004292ED8DFE801F003090B2D0E00174AD0
:10425000537B003B18BF0123137300201FE0FFF7BF
:104260007FFAFAE7DFF8448000F0B4FA00F0A2FB2E
:104270000C460546FFF7A4FC0746D8F80400FFF7F4
:104280002BFD002300222846C8F8043000232146D5
:10429000C8E904233B463246FFF764FE0220BDE82E
:1042A000F08140F21721B02000F03CFCD016002035
:1042B000064A002310B5064C0260206084F82830BE
:1042C0006373FFF7ADF93230A06010BD0BCA010077
:1042D000D016002008B5074B1A681168064A9142AB
:1042E00004D040F25121B02000F01CFC3230986024
:1042F00008BD00BFD01600200BCA010010B5EFF3B7
:10430000108472B6034B0421186808F0E0FB04B96E
:1043100062B610BDD016002008B5094B5A6822B904
:1043200040F27221B02000F0FDFBD3E90421BDE88A
:1043300008408018034A41F1000100F00FBB00BFA4
:10434000D0160020913E010008B5064B5B6823B9EA
:104350004FF41E71B02000F0E5FBBDE8084000F00E
:1043600019BB00BFD016002008B5054B5A6822B90A
:1043700040F27E21B02000F0D5FBD86208BD00BF1E
:10438000D016002008B5054B5A6822B94FF42171A8
:10439000B02000F0C7FB186308BD00BFD016002096
:1043A000054B1B6B10B523B940F28A21B02000F0F9
:1043B000B9FBBDE810401847D0160020054BDB6A5A
:1043C00010B523B94FF42471B02000F0ABFBBDE869
:1043D00010401847D0160020014B5868704700BFA6
:1043E000D016002008B5054B5A6822B940F29B212F
:1043F000B02000F097FBD3E9040108BDD0160020DF
:10440000034B587B10F0010018BFD889704700BFDC
:10441000D01600200028ADBF00F1604000F00F0072
:10442000044B00F56140B4BF185C90F800034009EC
:10443000704700BF14ED00E02DE9F04105460E463F
:10444000E1B9114F3B681BB18621452000F06AFBA2
:1044500038600E48FFF788FF0D48FFF793FF08F01C
:104460006EFA6B7D04465B0708D508F0BAF90A348A
:10447000241A7C6000F0B0FA0028FBD02B6A314689
:10448000686ABDE8F041184708170020B5440100EC
:1044900095440100064B1B6810B51BB972214520DD
:1044A00000F040FB1A6A0421586ABDE8104010472A
:1044B00008170020064B1B6810B51BB96C2145205E
:1044C00000F030FB1A6A0321586ABDE8104010471B
:1044D00008170020024B00221A601A81704700BFA3
:1044E0000817002008B5074B1A681AB9B9214520EA
:1044F00000F018FB0449D16000221A60BDE80840B2
:10450000FFF796B9081700203944010030B587B08D
:104510000C46182200210546684608F01DFC637A07
:104520004FF000026168C3F38003029183F001033E
:1045300063F38202237A8DF81430224B8DF8152014
:10454000039323785BBB9DF81500D4E90432400740
:10455000CDE9003207D50A3B01F10A0142F1FF32F1
:104560000291CDE90032637A69469DF81520C3F3C4
:10457000400322F003025B0043F0010313438DF874
:104580001530114B5868C0F30800B8B11038FFF768
:1045900041FF98B92846FFF723F907B030BD2369DA
:1045A000049308F018F99DF815305B0744BF029B8F
:1045B0000A33CDE9000148BF0293D4E7284608F04A
:1045C00016F9EAE73944010000ED00E0174B10B599
:1045D0000446586886B0C0F3080010B9002006B041
:1045E00010BD1038FFF716FF0028F7D1D1E90423DA
:1045F000CDE90400CDE900234B6802930B7A8DF8D6
:1046000014300B4B03934B7A6946C3F340035B00B2
:1046100043F00102C0F30723204623F003031343B2
:104620008DF8153008F081F9D9E700BF00ED00E002
:104630003944010070B50B7886B023B140F21F21D8
:10464000452000F06FFA4C7A4FF000060593C4F352
:1046500080034D6883F00103029563F382060B7AB1
:104660008DF814300F4B8DF8156076070393D1E960
:104670000431CDE9003107D50A3B05F10A0541F1C6
:10468000FF310295CDE900319DF81530C4F34004A7
:104690006946049264F341038DF8153008F0A7F8D9
:1046A00006B070BD394401007FB508F094F80023CE
:1046B00005930B4B039340F21E2302934FF0FF33FD
:1046C000CDE90001694607480493FFF789F818B956
:1046D0009B21432000F026FA07B05DF804FB00BFE1
:1046E0000D4701004017002010B5074C94F820300A
:1046F0004BB9FEF775FF30B9012384F82030BDE8CF
:104700001040FFF7D1BF10BD4017002008B50529A4
:104710002DD8DFE801F0032E282C2C0D08F057F8D7
:10472000144808F00EF91E38BDE8084008F055B8E6
:10473000FEF756FF38B10F4B002283F82020BDE86A
:104740000840FFF775B808F044F808B908F03FF8DA
:1047500000214FF4007008F0BAF80028E0D1B92128
:10476000432000F0DFF9BDE80840FFF79DBFC521F9
:10477000F6E708BD401700204FF000430B4A002128
:10478000C2F88030A2F58022C2F88031012302F500
:104790007832C2F80435A2F58022C2F8043520220E
:1047A000034B184683F8201008F0D6BA00400C508E
:1047B0004017002008B51EF011FC054AD2F8583702
:1047C00043F00103C2F85837BDE80840FFF78CBF3B
:1047D00000200E5008B51EF011FC0B4AD2F85837D5
:1047E00023F00103C2F858370122084B5A604FF0FA
:1047F000FF32C3F808232022054BC3F89021BDE8FF
:10480000084000F0C7B800BF00200E50005008500C
:1048100000E100E008B5FEF7E3FEB0B90D4BD3F8B8
:1048200000314BB90C4A536A0133312B53620BD917
:104830006C21432000F076F907F0CBFF08B170211E
:10484000F7E707F0C2FF012008BD034B00225A62C0
:10485000F9E700BF00E010504017002040F202517D
:10486000014808B500F054F9451E050018482022FB
:1048700008B5C0F89020BFF34F8FBFF36F8F154B73
:10488000C0F89021D3F8041521F00301C3F80415F2
:10489000D3F8081541F00301C3F8081592FAA2F104
:1048A000B1FA81F1092904DD40F29F310A4800F094
:1048B0002FF9C3F8101501215960D9604FF000415C
:1048C000C3F880104FF0FF31C3F80813026108BD30
:1048D00000E100E000500850451E0500134A4FF467
:1048E000E0632021C2F838330023C2F8AC35C2F8A7
:1048F000BC35C2F8CC35C2F82031C2F82431C2F838
:1049000028310B4AC2F89C11C2F89C10BFF34F8F9C
:10491000BFF36F8FC2F89010BFF34F8FBFF36F8F4D
:10492000C2F89011034A1360704700BF00200E5078
:1049300000E100E06817002008B5FFF7CFFF054B46
:104940004FF4A062C3F834232022034BC3F89C2108
:10495000DA6108BD00200E5000E100E00B4B10B5FD
:104960001C681CB14C21042000F0DCF8B1F5801F5C
:104970001A6001D3FFF772FF054B0122C3F8A005AF
:10498000C3F8A415C3F8AC2510BD00BF68170020FC
:1049900000200E50054A136833B100230449C1F8C2
:1049A000AC35C1F820311360704700BF6817002094
:1049B00000200E5030B54FF0FF30064C6FF04041F4
:1049C000D4E90023904271EB0305F9D31046C3F3F9
:1049D000130130BD40270E5008B5FFF7EBFF044B25
:1049E000D3E90223904299412CBF0120002008BD49
:1049F0006817002010B5FFF739FF0F4C0023C4F8EB
:104A0000BC35C4F82431FFF7D5FF0A3041F100016D
:104A1000B1F5801F01D1FFF721FF4FF00043C4F82B
:104A2000B005C4F8B415C4F8A4310123C4F8BC35EA
:104A3000024BC3E9020110BD00200E506817002090
:104A4000144BD3F8342312F4A06F10B503D1FB211B
:104A5000042000F067F8D3F8202162B100220E494B
:104A6000C3F8AC25C3F820210B6813B940F2031139
:104A7000EEE70A609847074BD3F828214AB1002295
:104A8000C3F8CC25C3F82821034BBDE810401B69AF
:104A9000184710BD00200E5068170020014B1879F0
:104AA000704700BF80170020044B1A79824283BFF1
:104AB0001B68602202FB0030002070478017002036
:104AC000BFF34F8F0549064BCA6802F4E0621343F7
:104AD000CB60BFF34F8F00BFFDE700BF00ED00E0EC
:104AE0000400FA05084B01225A604FF0FF32C3F868
:104AF00008238022054BC3F88820BFF34F8FBFF3F4
:104B00006F8FC3F8882170470070045000E100E007
:104B100008B572B6024B5B6803B19847FFF7D0FF48
:104B2000881700201FB572B6144B5C6894B9FFF764
:104B3000C7FFB2FBF6F22B465D1C002AF9D1DBB2AF
:104B400003F110056D4405F80C2C0A2233B901A8B5
:104B5000A047ECE7024600230A26EDE7013BDBB263
:104B600003F110050DEB0506B0FBF2F502FB150095
:104B7000303006F80C0C2846E8E700BF8817002004
:104B8000F8B5234F05460C4616463B78002B3CD122
:104B900007F00DFE7E601F4B01263C814FF48062C2
:104BA000C3F8A4601C4BC3F89020BFF34F8FBFF332
:104BB0006F8FC3F89021FFF795FF184B002D14BF9E
:104BC00028461846FEF744FD0546E0B9FFF782FC8B
:104BD000FEF730FD07F06AFFFEF79AFD18B9B8211D
:104BE0001120FFF79FFF002C0BDB04F01F0364096B
:104BF000A4009E4004F1604404F56144C4F880615F
:104C0000266001233B702846F8BD4FF0FF35FAE7D8
:104C10008817002000A0085000E100E0108F040079
:104C2000074BB3F90830002B09DB5A09012103F0C7
:104C30001F03994002F14003024A42F823107047D3
:104C40008817002000E100E0014B1878704700BF92
:104C50008817002050B1074B03F1140253F8041BCE
:104C6000934240F8041BF9D1002070476FF0150003
:104C7000704700BF731E05002DE9F84F07468946AF
:104C800093469846374CDFF8E0A0384D2E78013631
:104C9000F6B2D5E84F3F0133DBB2C5E8403F00280C
:104CA000F7D101216160C4F80001C4F80401EFF3F9
:104CB000108072B62E4BC5F80490AB60C5E905B301
:104CC0003B68C4F810357B68C4F81435BB68C4F879
:104CD0001835FB68C4F81C35264BC4F83035103342
:104CE000C4F83835216000B962B6D4F800312BB968
:104CF000D4F8043113B92B789E421CD0B8F1000FC0
:104D000009D00A9B3BB1D4F840350A9AC8F8003064
:104D1000D4F83C351360D4F80431002BB5D1297890
:104D2000B142B2D1C4F80031C4F804310323C4F84D
:104D30000833BDE8F88FDAF81030DB06D5D5032349
:104D40008021C4F804330C4BC3F88811D4F8003127
:104D5000002BCAD1D4F80431002BC6D107F049FF8B
:104D6000C3E700BF0070045000ED00E0941700207E
:104D70001000000B9817002000E100E01A4B4FF4E0
:104D8000000270B5C3F89820BFF34F8FBFF36F8F49
:104D9000164C0021164DC4F80011C3F898212E6955
:104DA0002B6906F0100643F010032B610123C4F8B1
:104DB00004332360D4F800319BB11EB92B6923F072
:104DC00010032B610123D4F808054FF4000263603F
:104DD000C4F808330023C4F80031034BC3F898210A
:104DE00070BD07F006FFE5E700E100E000700D5040
:104DF00000ED00E038B50B49042301EBC30215793F
:104E000005F0FF042DB1013BF7D240216920FFF7E7
:104E100089FE41F8330001215471D8B294711171A7
:104E200038BD00BFB8170020042808B503D94721B2
:104E30006920FFF777FE034B002203EBC0031A71D2
:104E400008BD00BFB8170020042808B503D95021B9
:104E50006920FFF767FE094B03EBC0000379012BC4
:104E600001D05121F4E7437982790133DBB29A42D0
:104E700018BF4371BDE80840FFF7D2BEB817002045
:104E800038B505240F4D95F8281005EBC1031A79A4
:104E9000012A09D158799A79904205D05A79D2B22B
:104EA0009A7155F83130984795F82830013C013314
:104EB000DBB2052B28BF002314F0FF0485F828304F
:104EC000E1D138BDB8170020094B0A4AC3F80023C6
:104ED0000132C3F80C230132C3F818230132C3F89E
:104EE00020230132C3F81C230132C3F8102170477C
:104EF00000A0085004000080074B0022C3F80023E4
:104F0000C3F80C23C3F81823C3F82023C3F81C23C9
:104F1000C3F81021704700BF00A00850844641EA42
:104F2000000313F0030359D1403A33D3F0B4F0C96E
:104F3000F0C0F0C9F0C0F0C9F0C0F0C9F0C0403A0C
:104F4000F5D2F0BC26E0403A24D300BF0B680360E2
:104F50004B6843608B688360CB68C3600B690361F7
:104F60004B6943618B698361CB69C3610B6A0362DF
:104F70004B6A43628B6A8362CB6AC3620B6B0363C7
:104F80004B6B43638B6B8363CB6BC36340304031AC
:104F9000403ADBD230320BD30B6803604B6843607E
:104FA0008B688360CB68C36010301031103AF3D245
:104FB0000C3205D351F8043B40F8043B043AF9D2D3
:104FC000043208D0D2071CBF11F8013B00F8013BA6
:104FD00001D30B8803806046704700BF082A13D3B3
:104FE0008B07B0D010F00303ADD0C3F10403D21A85
:104FF000DB071CBF11F8013B00F8013BA3D331F8DC
:10500000023B20F8023B9EE7043AD9D3013A11F85B
:10501000013B00F8013BF9D20B7803704B784370E9
:105020008B78837060467047014B1B681B6818477C
:1050300020010020014B1B685B68184720010020FD
:10504000014B1B689B68184720010020014B1B681F
:105050001B69184720010020034B1868034BC01A36
:1050600018BF0120704700BF2001002070500100D0
:105070009BCD0100A7CD0100ABCD0100B3CD010058
:10508000B7CD010080EA010C1CF0030F37D110F0FE
:10509000030C20F0030021F0030150F8042B08BF9B
:1050A00051F8043B0ED08CF0030C6FF07F434FEAB5
:1050B000CC0C23FA0CFC51F8043B42EA0C0243EA04
:1050C0000C0300BFA2F1013C9A4201BF2CEA020C82
:1050D0001CF0803F50F8042B51F8043BF2D04FEA0B
:1050E00002604FEA1222012828BFB0EB036F08BF0D
:1050F0001B0AF4D003F0FF03000EC01A704710F033
:10510000030F0AD010F8012B11F8013B012A28BF28
:105110009A42F4D0A2EB030070474DF8045D50F8BA
:10512000042B01F0030521F0030151F8043B022D8B
:1051300026D04DD822F07F45B5EB132FA2F1013CCC
:105140002CEA020C0DD11CF0803C08BF51F8043B46
:105150000AD185EA0205B5EB036F0CD150F8042B98
:10516000E8E74FEA13235BE03CF07F4C54D10B7827
:105170004FEA126554E04FEA126503F0FF034FE077
:105180004FEA0245A2F1013C4FEA15452CEA020C18
:10519000B5EB134F18D11CF0803C08BF51F8043B0D
:1051A00007D185EA0205B5EB034F09D150F8042B6E
:1051B000E6E75FEA0C4C2FD10B884FEA12452FE04F
:1051C0004FEA03434FEA12454FEA134328E000BF7A
:1051D00002F0FF05B5EB136FA2F1013C2CEA020CC3
:1051E0000DD11CF0803C08BF51F8043B0AD185EA80
:1051F0000205B5EB032F0AD150F8042BE8E74FEA7C
:1052000013630DE012F0FF0F06D051F8043B4FEA94
:10521000122523F07F4303E04FF0000020BC7047CD
:1052200005F0FF0203F0FF00012828BF904204BFF1
:105230002D0A1B0AF4D0A2EB000020BC704700BF6F
:10524000844641EA000313F0030349D1403A23D3D3
:105250000B6803604B6843608B688360CB68C360F6
:105260000B6903614B6943618B698361CB69C361DE
:105270000B6A03624B6A43628B6A8362CB6AC362C6
:105280000B6B03634B6B43638B6B8363CB6BC363AE
:1052900040304031403ADBD230320BD30B680360F0
:1052A0004B6843608B688360CB68C36010301031FB
:1052B000103AF3D20C3205D351F8043B40F8043BCA
:1052C000043AF9D2043208D0D2071CBF11F8013BCE
:1052D00000F8013B01D30B8803806046704700BF94
:1052E000082A13D38B07B1D010F00303AED0C3F15B
:1052F0000403D21ADB071CBF11F8013B00F8013B85
:10530000A4D331F8023B20F8023B9FE7043AD9D3FB
:10531000013A11F8013B00F8013BF9D20B78037018
:105320004B7843708B7883706046704753B94AB9A5
:10533000002908BF00281CBF4FF0FF314FF0FF309D
:1053400000F00CB8ADF1080C6DE904CE07F035FDA6
:10535000DDF804E0DDE9022304B07047704700BFC8
:1053600008B5EDF729FA0121C0780840EDF758FAA1
:10537000FBF776F8BDE80840FDF73ABC08B5EBF757
:10538000B9FCEFF761FBEBF7BBFA002008BDFFF7B4
:1053900061BCEEF7E9BE03F036BC03F037BC03F0A6
:1053A0002FBC012208B511461046EDF70BFA20B1CB
:1053B00040F20A719C20EBF767FABDE80840FBF762
:1053C00057B808B5EBF7D4F803F022FCBDE8084065
:1053D000FFF7C6BF10B586B0044601A8FFF73AFC38
:1053E00002230020237005236070A3709DF8043011
:1053F000E0706371BDF805302071E380DDF807309F
:10540000A36006B010BD02F05EBE70B50446F5F7AD
:10541000EFFF012805461AD1601CF5F7F1FFB0B186
:10542000A3790020E61D63F03F03A371EFF79EFD13
:1054300038B110220021304607F08EFC0020257084
:1054400070BD3046F5F7F0FF0028F2D0F6E70025F2
:10545000F4E710B504461022002107F07DFC04F1AA
:10546000100310220021184607F076FCF5F7F6FF2E
:105470000020EFF77BFD20B12046F5F7D5FF002097
:1054800010BDF5F7B5FF0028F6D0F8E710B50446D3
:10549000FFF774FCB0F5007F09DA10F5007F08DD36
:1054A000031EB8BF03339B100020237010BD7F2361
:1054B000FAE76FF07E03F7E78178008803F003BB1B
:1054C00037B505460C4600880DF1060102F0E3FEF3
:1054D0002B882380BDF80630638003B030BD38B51B
:1054E00005460C46EBF71AFC30B13E2D04D12046A0
:1054F000BDE83840EBF756BC38BD37B5044620460A
:10550000F0F788F9022805460FD004280DD123783A
:105510008A2B0DD0942B21D0204600F038F8A178AA
:105520002078FFF7DCFF0028E9D0284603B030BD23
:1055300005213E20FFF7D3FF0028EDD1E37801A934
:105540002279684643EA0223ADF8003003F09AF965
:105550000028D4D053210820EBF796F91A213E20D9
:10556000FFF7BDFF0028D7D163796946A27901A86A
:1055700043EA0223ADF8043011238DF80630EEF72C
:10558000EBFD0028BBD06521E5E704F074BD10B544
:1055900003780446813B1B2B43D8DFE813F043001C
:1055A00049005500590063007B0081001C00750014
:1055B0004F008F0095006F00850089009B00A900B7
:1055C000C300CE00DC00E200010107010D01130160
:1055D0004200FB00F5002920EBF7E4FB30B13E234D
:1055E0002370222363702923A3701AE00A20EBF7AB
:1055F000D9FB3E23237018B11F2363700A23F3E7FE
:105600000123A37013236370E37903F00103E371B3
:10561000D4F81A30C4F80E30E38B638294F820304B
:10562000237510BD3E230370042343701423DBE76E
:105630003E2303700A2343700323D5E73E23037000
:105640000D2343700523CFE705232370042307E0D0
:105650005A20EBF763FB08230028F6D05A22227069
:105660006370DEE75B20EBF759FB18B15B23237017
:105670000623F5E7302323700323F1E73E2303706D
:105680000B2343700723AFE73E23037006234370C9
:105690000C23A9E71323037083789B000133DFE712
:1056A000572303700223DBE73E2303700D239BE7A0
:1056B0003E23037001234370112395E73E230370BB
:1056C0000623437012238FE73E23037009234370A0
:1056D000132389E73E2303702420EBF763FB18B103
:1056E0002423A3701423BBE70E23A3701023B7E772
:1056F0003E2303702520EBF755FB227B20B12523A9
:105700000B32A37062708CE70F2304F10B0104F1DC
:105710000800A37002F1080302326370BDE8104074
:1057200007F003BB3E2303702620EBF73BFB182357
:105730000028D6D02622A27092E73E2303702A20AA
:10574000EBF730FB18B12B2363702A234CE71D23A2
:105750006370192348E73E230370072343701A231D
:1057600042E73E2303703820EBF71CFB18B13823C7
:10577000A370262374E72C23A37020236370E38A8D
:1057800003F00F03E3824CE7FF2303700D23437004
:10579000802329E7FF23037029234370812323E714
:1057A0003E2303700C23437023231DE73E23037025
:1057B0000E234370372317E73E2303700A234370F9
:1057C000352311E73E230370FE2343702B230BE7A1
:1057D00008B510B96FF0150008BDFFF7D6FE002818
:1057E000F8D00020F8E710B50C4648B141B1FFF7FA
:1057F00084FE002820700CBF6FF02200002010BD36
:105800006FF01500FBE7F8B5941C0E4605461746E9
:105810000C446343B3F5004FA8BF4FF0FF3310F0C3
:1058200003019CB203D0B0211420EBF72DF8B4F59E
:10583000004F01D9B121F7E71422043007F08CFAA8
:10584000EF746C802E80F8BD38B50388C4888B4215
:105850000589C4F30E0203D2D1211420EBF714F80A
:1058600084EA0503C3F30E030BB9AC4206D102F17F
:1058700018030122C1528274184438BD1846FCE74F
:10588000023101444A43B2F5004FA8BF4FF0FF3246
:1058900090B21B3020F00300B0F5004F34BF00B2CF
:1058A0004FF0FF30704740881B3020F00300B0F508
:1058B000004F34BF00B24FF0FF3080B2704738B5B0
:1058C00003888B4203D2F7211420EAF7DDFF857CA1
:1058D00065B1C388C3F30E031833C25A8A4207D393
:1058E000C152811DEBF76EFA00238374284638BD40
:1058F0000025FBE703461830F0B59E88DD88B4B27A
:10590000C6F30E06A54214D05F89DD7C845B3D445E
:10591000E41B0235A4B2354428440D88A54284BF57
:105920000C8025465989B1FA81F149091170DD8150
:10593000F0BD00252846FAE7F8B582880026C3891D
:1059400004460D4692B20E60CBB14189C2F30E02FD
:105950000B4418329BB28718825A4381934204D970
:105960004FF4A2711420EAF78FFF04D1011DEBF769
:1059700029FA46812F6000230120E381F8BD1846F3
:10598000FCE78388014602899BB29A4202D0083123
:10599000EBF718BA70478388C0889BB2C31A584285
:1059A00058417047828873B595B2C488C2F30E021D
:1059B000AC4202F1180212D04189C689835A31449F
:1059C00099420EDB0DF10601ADF80650EBF7FAF93E
:1059D000BDF80600001B18BF012002B070BD0020FA
:1059E000FBE70120F9E770B5C48803460689183043
:1059F000C4F30E0584EA0602C2F30E020AB9B442E9
:105A00000FD19C891A880CB1465B921B914207DC2E
:105A1000DA7C2C440232224410440A461A8270BDB9
:105A200000221046FAE7F8B5038A002B38D08B42E3
:105A300036D3C48800F118038589C4F30E041E19F7
:105A400095B91D55757085891E5B0D443144ADB205
:105A500085811953D2B1811DEBF7B4F900238381FD
:105A6000002303820120F8BD1E5BAE4204D04FF438
:105A7000F6711420EAF708FFC57C2644878A0235B0
:105A800035445E195F53857DB570DCE7C27C2544E3
:105A900002322A4499189B5A83828B788375DFE7F8
:105AA0000020E0E78388C2889BB29A4206D04289F0
:105AB00022B9C3F30E03183318447047002070470F
:105AC000C37C0233C8187047C37C0233C81A7047BE
:105AD0000230704738B58388C2889BB29A4207D09B
:105AE00045892DB9011DEBF76DF9C581012038BD40
:105AF0000020FCE703881380C388C3F30E03183328
:105B0000034480890B6070470368002223B9C0E911
:105B10000132031D0360704759681B680A44F5E7AA
:105B20000729034670B504D84FF4EC711520EAF745
:105B3000ABFE0068C0B1446806461A688C4210D0BB
:105B4000106860B901F10805AC420DD3546850509B
:105B50001868651A541800686560505002E01346D2
:105B6000E9E7146830461C6070BD0023C1E90032CB
:105B700003680B600160704730B590B18478B1FB69
:105B8000F4F304FB131300EB430252898A4201D160
:105B9000D8B230BDC27822B900F10803D0B2844235
:105BA00001D8FF20F5E733F8025F01328D42F5D1CD
:105BB000EFE78278038805324B4303EB4203184436
:105BC0007047002307B5CDE900338DF8060068461D
:105BD000EBF7D8FAB0FA80F0400903B05DF804FBA7
:105BE00037B500240546CDE900448DF80600684627
:105BF000ADF80440EBF7C6FABDF8044008B103B0B5
:105C000030BD29462046EBF799FA0028EFD040F244
:105C100035211720EAF738FE70B51E460D460921DA
:105C2000FFF72EFE0446324609212846FFF728FEDC
:105C300040EA04031B0454BF00194FF0FF3070BD4D
:105C4000D31D23F0070370B5083390B110F007049B
:105C500003D058212220EAF717FE04604FF6FF75A3
:105C6000C28000F108040A468180013A92B2AA4239
:105C700003D103FB01F0083070BD066826600460A4
:105C80001C44F2E7012303707047F8B50C46054643
:105C900011461E4684F001046400E4B2FF238370C1
:105CA00003191B7D012B05D00134E4B203191B7DC0
:105CB000012B0AD105EB44073B8B3A8C9819904293
:105CC00005DD00232C443B8323750020F8BD05EB44
:105CD0008404324660681844FFF720F93B8B1E4469
:105CE0003E830023AB700120F0E781F00101490001
:105CF00010B5C9B2FF23837043181C7D012C07D156
:105D00000C3120F8112002221A750023837010BD77
:105D10000131C9B243181C7D012CF1D04FF49971A7
:105D20000920EAF7B1FD024630B5837803F0FF00A1
:105D3000F3B9137D022B19D0537D022B15D10346E5
:105D4000012089B10024D5180C332C7522F813409A
:105D5000131803241C7502EB80035B680B6000F1D1
:105D60000C0332F813308B80012030BD0123E8E7AB
:105D70000020FAE7034630B5827802F0FF00E2B96E
:105D80009A7D022A17D0DC7D022C13D1032281B127
:105D90001D1900200C34287523F8140098180324CA
:105DA000047503EB82000C32406833F8123008604F
:105DB0008B80012030BD0324E9E70020FAE7037D52
:105DC000012B01D1008B7047437D012B0CBF408B11
:105DD00000207047837D012B01D1808B7047C37DEC
:105DE000012B0CBFC08B00207047038B23B9408B65
:105DF000003818BF0120704701207047838B23B9FA
:105E0000C08B003818BF0120704701207047027D09
:105E1000022A01D1008B7047437D022B01D1408BB8
:105E20007047032AF6D0032BF9D000207047827DFB
:105E3000022A01D1808B7047C37D022B01D1C08B18
:105E40007047032AF6D0032BF9D0002070472DE9C4
:105E5000F0410646069898460D46430711469DF8C0
:105E60001C7002D010F0030003D025214C20EAF76B
:105E70000BFD4FF48B72FFF7E3FE002F06AB0446D9
:105E800000FB08F114BF00201846EAF7BDFF17B960
:105E9000069B33602C60BDE8F081EBF781BBEBF72C
:105EA000DBBB08B501210020EBF732F920B940F641
:105EB0004A313220EAF7E8FC90F89400003818BF25
:105EC000012008BD90F86C00003818BF0120704711
:105ED0002DE9F0411446002507460E4604F10F084F
:105EE00010220021204606F037FF631E711913F8B7
:105EF000010F11F8012B434582EA00021A70F6D116
:105F00001035042322462146384606F068FE502DFF
:105F1000EBD1BDE8F0812DE9F0411D46D37B88B07F
:105F200014468846013307462146D373404604236E
:105F30006A4606F054FEE37B04AE21460133404638
:105F40003246E373042306F04AFE57B17B1E6A46CD
:105F50001F37117813F8010F4140BB4202F8011BB3
:105F6000F7D16B462C461A46083403CAB24244F8AD
:105F7000080C44F8041C1346F5D105F11003324611
:105F8000083303CA43F8041C08A943F8080C164652
:105F90008A42F4D108B0BDE8F081F0B59BB0044668
:105FA0000E4615460021102268461F4606F0D4FE14
:105FB000102200210DEB020006F0CEFE10AA04F123
:105FC000100C2068083454F8041C1346644503C3BD
:105FD0001A46F6D114AA3068716816AB03C22A4675
:105FE00010351068083252F8041C1C46AA4203C43B
:105FF0002346F6D108A910A8ECF744FA3B4604AAB8
:10600000694608A8FFF787FF1BB0F0BD10B50D214A
:106010000446EBF7D7F80E21EBF77AF8B4F86422D0
:10602000B0F85431013294F8201292B2A4F86422EC
:106030001BB193428CBF0023012394F86622D2B295
:106040001BB901F00F031A4307D0062384F862320C
:106050002046BDE81040F7F7BBBC052384F8623248
:10606000B0F85211B0F83C31B4F8642201FB0233AD
:10607000E381EDE72DE9F04F934690F85D7291F8DA
:106080003E2189468BB00025044640F2712A8DF8E6
:10609000183006238DF810508DF81930B7FBF2F147
:1060A00002FB1177B9F83A210D21FFB25743D0F81E
:1060B000C4200092EBF786F80E210190EBF728F848
:1060C000D4F8D4100AFB07F68046C97C012935D1E3
:1060D00003A9019803F0F1FB18B14A218E20EAF7D9
:1060E000D3FB039A019203F046F9019A054692F810
:1060F0002B01EFF743FA94F85D2298F83E11B2FBBA
:10610000F1FC01FB1C2212F0FF0261D094F811C0D7
:10611000B8F83A11624505BF4A43D8F830110CFB74
:1061200001110AFB021218BF0AFB01F229180BEB3E
:10613000020089B2FDF71EFA00F11005C4F8C45040
:106140002046D8F84CA16D00FCF744F8D4F8D430C0
:10615000824594BF55442D18DB7C05F2DB15012BDD
:10616000059504F118056DD1002F6BD0637C93B3B6
:10617000284606F0E1FB40F27122B9F83A31009E60
:10618000534340F2A91216EB02082CBF0122002251
:1061900013EB080342F100021B1842EB0101D4F893
:1061A000C4006FF4D472121A34BF6FF001004FF0C4
:1061B000FF30D218059B41EB0001A3602846CDE9D2
:1061C000082104A9FEF7A2F9002844D1FF2185E7A0
:1061D000D8F83021AAE7D4F8BC3040F2A916A6EBD3
:1061E000531606F0ACFBD4F8C830D4F8D4E0F71757
:1061F000002BB8BF1F334FEA63184FEAE37C9EF8C9
:1062000011309EF817E0012BB9F83A3140F27129AC
:1062100014BF1022202209FB03F313EB08034CF1F7
:10622000000C083B4CF1FF3CB3EB0E036CF1000C8F
:106230009B1947EB0C071B1841EB07019B1A61F1F7
:106240000001ACE7D9F83031D4E9002133449B1880
:1062500041F10001A3E70BB0BDE8F08F13B5044690
:10626000084601A903F04BFB18B9A1892046F7F7AE
:106270002FFE02B010BD2DE9F8430D210546EAF7C7
:10628000A1FF0E218046EAF743FF95F85D420646DE
:1062900090F83E71F7F7ECFD96F83F3103F0FF09F7
:1062A00053B941462846FFF7D9FF95F86232042BCF
:1062B00006D12846FFF7AAFEBDE8F843FEF712B95B
:1062C000B4FBF7F307FB13440134E4B2A742F3D065
:1062D00001234A4631462846FFF7CCFEECE738B5A5
:1062E000D0F8D4300446B0F86452B3F847302B44A9
:1062F0008381042380F8623201F00F0141EA021227
:106300000D2180F82022EAF75DFF01462046FFF7C5
:10631000A5FF2046BDE83840FFF778BE2DE9F14FD4
:10632000DDE90A5B0746894668880D219246984652
:10633000EAF7EEFE04460E216888EAF7E9FE064613
:10634000E4B390F83F31CBBB94F86732B3BB94F819
:106350006232022B11D190F8723173B1BBF8063062
:10636000B0F87051ED1A47F6FD73013DADB29D4294
:1063700003D901462046FCF7ADF894F86232032BAE
:1063800014D1BBF80630E589AB4241D194F82F21F6
:106390000E2A16D894F86232052B0FD00F22022154
:1063A000204601B0BDE8F04FFFF799BF94F8623284
:1063B000022BE6D094F86232052BE2D001B0BDE8A2
:1063C000F08FB6F83821A4F818321344B7EB0A025C
:1063D000E38169EB080352EA030114BF01210021A4
:1063E0005745217479EB0808C4E9007904D240F2DA
:1063F0004B218E20EAF748FA13B14FF41371F8E7F6
:1064000002233146204601B0BDE8F04FFFF732BE0F
:10641000ED1A47F6FD73013DADB29D42CED994F819
:106420006232052BCAD0E38903220021A4F8183276
:10643000B6E72DE9F047914686B007468846508872
:106440000D21EAF765FE04460E21B9F80200EAF7CD
:106450005FFE0646002C4DD0237C002B4AD0002541
:10646000D4F8D4302574DB7C012B0ED102F083FFED
:10647000054699F88300EFF781F82918D6F830011E
:1064800089B2FDF777F800F110056FF4D472D6F8F1
:106490003031D6F84C612046BA1868F1000A9B18D2
:1064A0004AF1000AB3EB05096AF1000AFBF792FE14
:1064B00086424FF00003694628BF06468DF800303B
:1064C00040F2026304F1180006EB4506ADF808300F
:1064D00006F2DB16CDE9049A0196FEF777F848B18B
:1064E000D4F8D430A660C4E90078DB7C012B08BF67
:1064F000C4F8C45006B0BDE8F08770B50D2105465C
:10650000EAF760FE0E21EAF703FE0446FF2380F857
:106510003F3105F11806304606F080F9304606F0A6
:1065200089F9002385F8623284F83F3170BDD0F8D4
:10653000D42090F86232022B20D1D0F8D43093F8D6
:106540004B30162B16D0282B16D0132B14BF0F232D
:10655000012390F8201263F3030180F82012002336
:1065600080F86232B2F84730B0F864120B44A2F8F7
:10657000473070470123ECE70323EAE7FF2380F865
:106580006632704738B50D210546EAF7C1FD04466D
:10659000F8B90D212846EAF77FFD0446C8B100216D
:1065A0004FF42E7206F0D8FB0E212846EAF7B0FD14
:1065B00040B100F1E20200F1DA0104F1DA03CA307D
:1065C000FAF77EF940F6FF739D4202D02046ECF7C1
:1065D000DDF8204638BD10B50E21EAF75DFD044612
:1065E00018B95E215320EAF74FF94FF4BA7200212F
:1065F00006F0B2FB0123142284F8F33084F8F4206F
:1066000084F8173110BD40F6FF73984203D101F1B1
:10661000400004F05BBB0846FFF76FBF002381F822
:10662000C230704710B50446EEF776FA4B0414D525
:106630000D212046EAF76CFD40B10D212046EAF716
:106640007DFD18B180215320EAF71EF90E21204666
:10665000EAF774FD08B18321F5E710BD2DE9F0419B
:106660000C460E210746EAF7ADFD80460E21EAF7FB
:106670004FFD0D2105464046EAF74AFD3E230646FA
:106680002370162363703023A3707B7AA4F80480F0
:10669000E37095F81631A37197F80A80B8F1010FED
:1066A00084F8078028D12946FCF702F8414696F97C
:1066B000D900FCF769FB96F8953260722372D6F820
:1066C0005032C3F30722A372C3F30743E27223736A
:1066D00095F83E316373B5F83A31E381B5F8383156
:1066E0002382B5F852316382B5F85431A382B5F8EC
:1066F0005031E382BDE8F081002380F86232B7F9BF
:106700000C10BDE8F04101F04CB937B504460D4618
:1067100001A80021EEF7D2FB014628B1019B0DF143
:106720000301DB788DF803302A462046EFF760FA44
:1067300003B030BD38B504460568ECF75FFC0023B4
:1067400085F891322046BDE8384003F034BF10B5DB
:106750000C4611460368A4F12E020B2A2FD8DFE85D
:1067600002F0062E162E222E2E28102E2E1C9B7B7B
:10677000382B01D04F2B22D1012200F0DFFA00206C
:1067800010BD9B7B392B1AD1ECF750F9F7E79B7BB7
:106790003A2B14D1ECF78CF8F1E79B7B3B2B0ED115
:1067A000FFF7C8FFEBE79B7B3E2B08D1ECF79AF88D
:1067B000E5E79B7B442B02D1ECF7BCF8DFE7022036
:1067C000DEE72E390B291AD8DFE801F006190D197A
:1067D000131919160A19191001221A2100F0AEBA5C
:1067E0001A21ECF723B91A21ECF762B81A21FFF746
:1067F000A1BF1A21ECF776B81A21ECF79BB87047C5
:1068000037B50C4601A9154603F057F868B9019A47
:10681000D37B443B012B08D9937B443B012B04D908
:106820002A46214601A8ECF7C3F803B030BD70B585
:106830000C460E210546EAF7C5FC0E210646EAF78E
:1068400067FC9522A68022706A7AE270002A53D1F2
:1068500090F84820A271B0F85420A4F8072090F8CE
:106860004920627290F84A20A27290F84B20E2729E
:1068700090F84C20227390F84D20627390F84E20CF
:10688000A27390F84F20E27390F850202274B0F871
:106890005620A4F81120B0F85820A4F8132090F83E
:1068A00051206275B0F85A20E282B0F85C20228351
:1068B000B0F85E206283B0F86020A283B0F8622056
:1068C000E28390F8522084F8202090F8532084F836
:1068D0002120B0F86420628490F8662084F8242097
:1068E00090F8672084F8252090F8682084F8262006
:1068F00090F8693084F8273070BDF8B504460D462D
:10690000EBF75AFF0279034622704279627082796E
:10691000A270C279E270027A2271C289A4F80520BD
:10692000028AA4F80720427A62721E78417887783A
:10693000C27801F00F01408A267341EA07119E894F
:1069400002F00302A4F80D609E7AE6739E8A268206
:10695000DE8A66821E8BA6825E8BE682DE7AA1725A
:10696000C0F30011760042EA8102C0F340012676AE
:1069700042EAC102C0F38001C0F3C00042EA011242
:1069800042EA4012E27265B19A8BA4F819209A7F0C
:10699000E276DA7F227793F82020627793F821302D
:1069A000A377F8BD08B51221B0F8AA00EAF7B0FB4A
:1069B00010B1407CC0F3C00008BD0140002310B5F9
:1069C000D8B2824201D8104605E041FA03F40133FF
:1069D00014F0010FF4D010BD0138032810B59DF854
:1069E000084010D8481E03280DD8501E03280AD886
:1069F000914208D83BB10A2C05D840F21740E0403C
:106A000000F0010010BD0020FCE7F7B5C77A0D4685
:106A1000C37B0446817A067B0A09009301F00F01CB
:106A200007F003033046FFF7D7FF3DB17D0705D5DB
:106A300020B1E07E00903046FFF7CEFF03B0F0BDFE
:106A400030B5002A7BD04B7E8C7ECA7A43EA042381
:106A5000C2F38002A0F86430CB7E80F866300B7FF2
:106A600080F867304B7F80F868308B7F80F8693022
:106A70000B7B80F848308C7B4B7B43EA0423A0F8E7
:106A800054308B7AC3F3030380F849308B7AC3F315
:106A9000031380F84A30CB7AC3F3010380F84B30FC
:106AA0000B7880F84C304B7880F84D308B7880F83C
:106AB0004E30CB7880F84F300B7980F850308C799D
:106AC0004B7943EA0423A0F856300C7ACB7943EA99
:106AD0000423A0F858304B7A80F85130CC7AC4F3B4
:106AE0000013C4F3C005C4F340149B0043EA4503FC
:106AF00043EAC40343EA0213A0F85A300B7C4A7CF1
:106B000043EA0223A0F85C30CA7C8B7C43EA022370
:106B1000A0F85E304A7D0B7D43EA0223A0F8603086
:106B20008B7DCA7D43EA0223A0F86230CB7B80F8DC
:106B300052300B7EC3F3460380F8533030BD13460A
:106B4000426680F8682091E72DE9F843056804461D
:106B50008846164695F8A890B9F1000F06D02B6824
:106B600013F4085F05D00120BDE8F883EB7B002B10
:106B7000F9D131464046FFF748FF0746EDF7CCFF15
:106B80000B040CD4B9F1000F02D0EB7B002BEAD13F
:106B90001A2220462E21BDE8F84303F03ABD2368AF
:106BA000DA7C0AB11A7D0AB92F22F2E70FB91E2248
:106BB000EFE70E21B3F8AA00EAF7AAFA074690F821
:106BC000C93073B12368FF2283F84B21B9F1000F5C
:106BD0000ED15EB14F23EB73204603F0F4FC00208E
:106BE000C2E732464146FFF72BFFEFE73823F2E7D3
:106BF0002B6836B143F400532B60FF2387F8C33072
:106C0000EAE743F400732B6087F8C360F8E7202AB3
:106C100070B401F1010604D10122314670BCFFF7C6
:106C200093BF1A2A01D10022F7E7046894F8A8401C
:106C300014B970BC03F01ABD097870BC03F005BD2F
:106C4000F8B50F68461C0D463846FFF7ABFE044604
:106C500050B12B68202207F1A80093F8A810EEF796
:106C60003BFF80F00104E4B230462146FFF745FEC9
:106C7000002C0CBF1A202020F8BD70B50568044612
:106C80002022284610F8A81FEEF726FF06462068A7
:106C9000FFF788FEAB7B30B12EB943B14FF4FB71E7
:106CA000D520E9F7F1FD2BB140F2FB11F8E74F23B6
:106CB000AB7370BD3823FBE738B50B68451C93F800
:106CC000A8206AB9DC7BA4F14F035C425C412846F2
:106CD0002146FFF712FE002C0CBF1A20202038BDE1
:106CE0000E21B3F8AA00EAF713FA90F8C340003C6B
:106CF00018BF0124EBE738B50468054694F8A830BE
:106D000033B9E37B43B140F29711D520E9F7BCFDDD
:106D1000236813F4085FF6D0002104F1A800EBF714
:106D20006DFE2B6893F8A8301BB1236823F4085339
:106D300023602846BDE8384003F057BC70B50668AC
:106D40001546044606F1A800EBF758FE15B10023DE
:106D500086F84B312046BDE8704003F02CBC202A59
:106D6000F8B505460C4607680DD01A2A28D097F8C2
:106D7000A8301BB9BDE8F84003F078BC0978BDE83D
:106D8000F84003F062BC0126BB7B382B01D04F2BAF
:106D900022D1013431462046FFF737FEC8B10E211B
:106DA000B7F8AA00EAF7B4F990F8C93003F0FF0782
:106DB00043B100223A212846FFF7C0FF0020F8BD6A
:106DC0000026E1E732462146FFF73AFE0122394626
:106DD000F1E701221E21EEE70120F0E770B50C4635
:106DE0000E210546EAF7EEF90E210646EAF790F97C
:106DF0003E23A680014623704C2363702D23A3708D
:106E00006B7AE3702BB9A01D4822BDE87040FEF7F5
:106E100085B870BD036810B5DB7B04469BB9EDF700
:106E20007BFE0B0406D41A2220463621BDE8104012
:106E300003F0EFBB2368DA7C1AB11B7D0BB1112282
:106E4000F2E72F22F0E7012010BD08B503689A7B16
:106E50001AB18621D820E9F717FD39229A7308BDA7
:106E600038B50446084623689B7B392B12D103F0C2
:106E70002DF8236805460E21B3F8AA00EAF748F971
:106E800048222946FEF74AF820460021EBF7CEFDBE
:106E9000002038BD0120FCE70B680E2110B5044628
:106EA000B3F8AA00EAF734F990F81631022003F09B
:106EB0003F03637010BD08B503689A7B1AB1DC21EB
:106EC000D620E9F7E1FC3A229A7308BD70B505684F
:106ED000044695F8A8602EB9EB7B33B1E421D620A7
:106EE000E9F7D2FC2B685B05F8D500212046EBF7CB
:106EF0000BFF1EB12B6823F480632B602046BDE896
:106F0000704003F072BB03282DE9F84315469946FB
:106F10009DF820409DF824809DF834709DF84060D5
:106F200002D90020BDE8F8830846FBF731FB0028B2
:106F3000F7D0002DF5D009F1FF33022BF1D8002C4A
:106F4000EFD0221FD2B2FA2AEBD9FF2C10D0B9F120
:106F5000010FE6D0B9F1020F2FD104F0FD04012C8E
:106F6000DFD1B8F1000FDCD09DF828309845D8D893
:106F70009DF82C30032BD4D89DF83030013B022BE8
:106F8000CFD87B1E012B01D9082FCAD19DF83830EC
:106F9000062BC6D89DF83C303343012BC1D8012EB7
:106FA000C0D19DF84430012BBBD89DF84800023871
:106FB00006288CBF00200120B4E7022CD0E703781C
:106FC0007F2B10B504468CB002D900200CB010BD48
:106FD0003F2B03F03F0004D803288CBF0020012082
:106FE000F4E7637D611C0A93237D1A0903F00F0304
:106FF00009920893E37CC3F3011203F00F03079295
:107000000693A37C0593637C0493237C0393E37B27
:107010000293A37B0193637B0093237BE27AFFF7C8
:1070200072FF0028D1D0A37D072BCED8E37D072B9C
:10703000CBD8237E092BC8D8607E0228CDE7032950
:1070400030B504469DF80C50184601D0032A03D1F0
:10705000237913F001031ED010B9A3793BB930BDD9
:107060000138012894BFE079207A0028F7D0022D5A
:107070000BD1637A13F00200F1D09DF81030012B90
:107080000BD1A07CC0F38000E9E7082DF5D1637A2D
:1070900013F00400F0E71846E1E70120DFE72DE9EF
:1070A000F34104468846EBF787FB0546E67C98F8F3
:1070B000F23006F03007B7FA87F25209134113F0A5
:1070C000010335D0237D03F00F030193A37C0093CC
:1070D00006F00F03627B217BFFF7B1FF28B3A27D8F
:1070E000062A04D8AB8A134113F0010320D0E27DB5
:1070F000062A04D8EB8A134113F0010318D0227E2C
:10710000082A04D82B8B134113F0010310D0627EA0
:10711000012A04D86B8B134113F0010308D07306C6
:1071200003D517B9A87CC0F3001002B0BDE8F08108
:107130001846FAE770B5066804460D46B37B3A2B4D
:107140002ED10E21B6F8AA00E9F7E2FF6A7890F88E
:10715000161102F03F0290F8F830914214D001224B
:107160007BB980F8173180F8F8201E212046EBF714
:10717000CBFD002586F84D51204603F01CFA284629
:1071800070BD80F81721F0E733B9012280F817218C
:1071900080F818310021E9E7002380F81731F9E77A
:1071A0000120EDE770B50C460E210646EAF70AF815
:1071B0003E2305462370042363702E23A370767A42
:1071C000A080E670BEB90E21E9F7A2FF0D210446AA
:1071D000A0F840612846E9F79BFF48B100F1DA03C7
:1071E00004F1E20204F1DA0104F1CA00F9F768FBE4
:1071F000FF2384F8C43070BD7FB505460E4601A854
:107200000C211446EAF7FCF901AB03CB039B696040
:1072100028603360EEF7BAFC0546EEF7B7FC606015
:10722000256004B070BD10B5A0F1880400F16202C1
:1072300000F156014A30FFF7DFFF0E212046E9F743
:10724000C1FF0221E9F764FF3D23C37310BD0B6842
:107250000E2110B50446B3F8AA00E9F759FF00F172
:10726000EA0300F1DE0200F1D201204602F052FEF4
:10727000152010BD38B505680446EB7B3B3B022B5F
:1072800003D9B221D420E9F7FFFA03F0AEF90021C7
:107290002046E973BDE83840EBF7B0BE3E3804281D
:1072A0008CBF002001207047F8B500F1F9070E46A9
:1072B0000446154600F148023846FBF793F984F876
:1072C00014013046FAF7C8FDA02201463846FAF705
:1072D0008DFEA84228BF2846F8BD73B50E21AA38F6
:1072E000E9F770FF01A9064602F0E7FA044650B933
:1072F0003046019DFFF746F938B943F20723A5F858
:107300009A303523EB7302B070BD012380F86232EE
:1073100080F8D8404023F5E738B50B780C46154681
:107320001BB192F90020803209D190F8790004F065
:1073300083FD01238340237000232B7038BD013B64
:10734000012202FA03F30B70F8E738B5044691F80E
:1073500020010D4604F070FD012394F8572183406D
:10736000934223D0B5F8AA000F21E9F7D1FE0546D4
:1073700020B94FF4C171D320E9F786FA94F8570188
:1073800004F075FC05EB400595F9193094F9582186
:1073900013446FF07E029342B8BF134694F9F42071
:1073A0009342A8BF134684F8593138BD95F9283166
:1073B000ECE738B5044690F820010D4604F03CFD9A
:1073C000012303FA00F0A84215D0B4F8AA000F2157
:1073D000E9F79EFE044608B9002038BD284604F0AF
:1073E00046FC04EB400494F921307D2BF4DCBDE82D
:1073F000384004F077BC1846EFE7F7B50E6804464E
:107400000E21B6F8AA0006F1A807E9F781FE96F862
:107410009F3005461BB9F3880633A0F83C3195F838
:107420002D310DF1070238460DF106018DF80630B9
:1074300095F82E318DF80730FFF76EFFB5F83C2137
:107440001D2095F81631628095F8302103F03F0336
:10745000227195F83121627195F83221A27195F867
:107460003421E27195F83521227295F83621627245
:10747000B5F850216281B5F83821A28195F83E21F6
:10748000A273B5F83A21A4F80F2095F84C21627444
:1074900095F84D21A27495F84E21E274B5F8522169
:1074A000A282B5F85421E28295F85621227695F809
:1074B0002F21637062769DF80620A2769DF8072042
:1074C000E276FF22227703B0F0BD08B503689A7B0D
:1074D00022B14FF4F871D320E9F7D6F93E229A731E
:1074E00008BD0368F7B50E210746B3F8AA00E9F70F
:1074F0000FFE0446D0F84C2190F85611FFF7D4FE49
:1075000094F83E310546C4F84C01012B1CD9B4F85F
:107510003A611EB9E321D320E9F7B6F940F27123AD
:107520005E4301F028FF00F5FA71304689B2FCF79E
:1075300021F800F2F7102B189E4205D2351A40F2BE
:10754000E2439D4238BF1D46D4F830316A46394681
:1075500020460093D4F83431C4F84C51019301AB68
:10756000EBF75EFD009B23F07F43C4F83031019BB5
:1075700023F07F43C4F8343103B0F0BDF7B50F6892
:1075800005460E21B7F8AA0007F1A806E9F7C0FDE5
:1075900097F89F30044663B9FA88B0F83C11C2F5F9
:1075A0007F43FA330B441BB2002BDCBF0632A0F83A
:1075B0003C2194F82D310DF1070230460DF1060102
:1075C0008DF8063094F82E318DF80730FFF7A4FEC1
:1075D000B4F83C21162094F816316A8094F83021D2
:1075E00003F03F032A7194F831216A7194F8322133
:1075F000AA7194F83421EA7194F835212A7294F82A
:1076000036216A72B4F838216A8194F83E212A73CF
:10761000B4F83A21A5F80D2094F84C21EA7394F8B7
:107620004D212A7494F84E216A7494F85621AA7454
:107630009DF80620EA749DF807202A756B700023D8
:107640006B7503B0F0BD08B50368D87BFFF726FE65
:1076500020B940F2CE21D320E9F716F94222DA739D
:1076600008BDF8B517461D46064608460C46FAF70B
:10767000F3FBAB78BA78934228BF1346984201D9FE
:107680000020F8BD31462046FAF7F2FB7B788342B2
:10769000F6D3B6FA86F120464909FAF7E9FB6B788A
:1076A000834234BF00200120EBE773B50E68054626
:1076B0000E21B6F8AA00E9F72BFD0D210446B6F815
:1076C000AA00E9F725FD18B93521D220E9F7DCF841
:1076D000B37B01A9D0F8D420442B18BF8389284656
:1076E00018BFA4F846314FF00003527F62F3050340
:1076F0008DF80430B4F84631ADF8053094F84431D3
:107700008DF8073002F008FC052002B070BD10B5FE
:1077100004680D21B4F8AA00E9F7FAFC18B94D2164
:10772000D220E9F7B1F8A37B0BB14F21F8E744234E
:10773000A373BDE81040FEF7FABEF7B5076805462B
:107740000E46FC7B002C64D197F8A83023B9352174
:10775000B87BFEF7DAFF0446EDF7DEF90B0452D5ED
:107760002B68DA7C002A50D01B7D002B4DD0C4B989
:10777000304601A902F0DEFB2E680E21B6F8AA0001
:10778000E9F7C6FC0D210446B6F8AA00E9F7C0FCEB
:107790009DF8043094F8162103F03F03934209D07A
:1077A0000C2422463521284602F033FF0646304697
:1077B00003B0F0BD0028F3D090F86232012BEFD077
:1077C00090F8663203F0FF060BBBBDF80520B4F855
:1077D000541193B231B1B4F840C1A3EB0C039BB286
:1077E0009942DDD99DF80730A4F8482184F8443146
:1077F00090F862320BB1FEF79AFE45232846FB73E0
:1078000002F0E1FED3E71A24CBE72F24C9E73A249C
:10781000C7E70126CBE773B50E6805460E21B6F81B
:10782000AA00E9F775FC0D210446B6F8AA00E9F7AD
:107830006FFC18B9D2210846E9F726F8F37B01A9B5
:10784000D0F8D420452B08BF8389284608BFA4F868
:1078500046314FF00003527F62F305038DF8043088
:10786000B4F84631ADF8053094F844318DF807305E
:1078700002F06BFB052002B070BD70B505680446D0
:10788000EB7B443B012B03D9E721D220E8F7FCFF37
:107890000E21B5F8AA00E9F73BFC0D210646B5F824
:1078A000AA00E9F735FC002386F8453160B90022CB
:1078B00096F845112046EBF77BF800232046EB7342
:1078C000BDE8704002F091BE90F86232002BEED01D
:1078D000F3E7F7B5066805460F46B37B443B012B3B
:1078E0003ED80E21B6F8AA00E9F712FC0D21044695
:1078F000B6F8AA00E9F70CFC01A90646384602F0E2
:1079000032FB9DF8043094F8162103F03F039342B4
:107910004FF000030BBF84F845311E22019B84F811
:1079200045210DBFC3F30F23A4F84831A4F8463115
:10793000A4F848317EB9002294F845112846EBF7A7
:1079400037F82B68002483F84F41284602F033FEB5
:10795000204603B0F0BD96F86232002BEBD0F0E782
:107960000120F6E770B512680446B0F8545192F859
:107970004F0108B13A2070BD91F8666206F0FF0031
:10798000002EF7D1012D0AD003D9B1F86412A94213
:1079900005D2FF2182F84F1184F84431EBE70C2027
:1079A000E9E70029F8B511DDD0F8D4708CB20026D3
:1079B00000F1DA0501362846F8F76EFDB3B2A342AE
:1079C000F8D3B7F847301C44A7F84740F8BD7FB557
:1079D0000D6806460E21B5F8AA00E9F799FB0446A2
:1079E0000D21B5F8AA00E9F793FBD4F86A11034614
:1079F00001AAD4F8660103C2B4F86E111180AA7B03
:107A0000432A0FD0EA880632A4F870214322AA73D1
:107A100043B193F862222AB193F8D83013B101230D
:107A200084F87231B4F87031304601A9ADF80E30E7
:107A300002F0A4FA0D2004B070BD08B503680E2151
:107A4000B3F8AA00E9F764FBFF2380F8C73008BD4C
:107A50002DE9FF41D0F800800F4606460E21B8F808
:107A6000AA00E9F755FB0D210446B8F8AA00E9F78A
:107A70004FFB01A90546384602F08FFA98F80F70BF
:107A800097BB3368DA7C2AB31B7D1BB301AB03CBF6
:107A90001B88C4F85C01C4F86011A4F86431B5B166
:107AA00095F862329BB195F8D83083B9BDF80E20B5
:107AB000B8F80610531E5B1A47F6FD719BB28B4255
:107AC0000CD92823324629462046FFF74BFFFF23D7
:107AD00084F8C830384604B0BDE8F0810123A4F82A
:107AE000702184F87231F2E70127F3E70020704734
:107AF0000020704770470120704770470020704792
:107B00007047002070477047704700F0FD00003854
:107B100018BF012070470378012B03BFC07FB0FA64
:107B200080F040090020704720B190F862020038D0
:107B300018BF012070472DE9F0411646B0F86A7071
:107B4000B0F86C5071B304F049F80446022101F01A
:107B50004EFE80460221204601F049FE474528BFDF
:107B60004746BFB21B2F38BF1B27FB2F28BFFB2761
:107B7000854228BF05467780ADB21B2D38BF1B2537
:107B8000FB2D28BFFB25B4F5A47F38BF4FF4A474A8
:107B9000F580B4F5296F28BF4FF42964B48034818F
:107BA000BDE8F08103F0BAF9CFE713B50121002059
:107BB000E9F7AEFAC0B901210846E9F7A9FAF8B920
:107BC00003F06AFAA0B906236C46019000908DF884
:107BD00006302046E9F7D6FAC0B10023009363606F
:107BE00007238DF806301FE0A830FEF76BF910B1BF
:107BF000012002B010BDFEF754F90028DBD0F7E7F2
:107C0000A830FEF75FF90028DAD0F1E7009840309D
:107C100003F01CF80028DCD0EAE7009B586F5030D6
:107C200003F014F80028E4D12046E9F7ABFA002865
:107C3000F3D00020DDE71FB5002240F6881303A92A
:107C40000092FBF71BF805B05DF804FB10B5044685
:107C500038B1ECF77FFF24EA0000B0FA80F0400969
:107C600010BD0120FCE770B505460C4603F02AFA6A
:107C7000F0B9284603F06CFBD0B904212046E9F79F
:107C800047FA064678B906212046E9F741FA054643
:107C900080B903212046E9F751FA88B141F6CE01B7
:107CA0003920E8F7F1FD403002F0D0FF0028EAD09B
:107CB0000C2010E0403002F0C9FF0028E9D0F7E7BF
:107CC0003EB104212046E9F739FA10B141F6D50159
:107CD000E6E70DB9002070BD06212046E9F72EFA2F
:107CE0000028F7D041F6DC01DAE770B505461C46FE
:107CF00008461646EB7C83B12B7D73B10E21E9F764
:107D000007FA2368C0F866316368C0F86A312389CE
:107D1000A0F86E31FF2386F8243070BD38B50D46CB
:107D20000446E9F757FBA84212D3204603F0EFFCC4
:107D300008B11F2D0ED8204603F061FB60B1294623
:107D4000204603F087FB00280CBF4520002038BDEB
:107D50000720FCE71220FAE74220F8E738B504468E
:107D600003F04DFBD8B1204603F0ACF908B9002070
:107D700038BD204603F0A2F80546204603F0A1F8DE
:107D800078B9002DF3D00221B5F8AA00E9F7D6F9A9
:107D90000028ECD041F6D8213920E8F775FD4220C3
:107DA000E6E70C20E4E7F0B587B00546008802A9B5
:107DB00001F083FD044600287CD1029B93F87021DA
:107DC000029ED11E4A424A418DF8062096F8A8200C
:107DD000002A72D1DA7B222A72D19DF8062082F025
:107DE000010293F866308DF807209B0603D49DF8B6
:107DF0000730002B68D0EB881B3B9BB2E02B65D88B
:107E0000298944F24810A1F5A4739BB283425DD83E
:107E10006B881B3B9BB2E02B58D8AA88A2F5A473B1
:107E20009BB2834252D8B1F5296F51D8B2F5296F70
:107E30004ED8FF2786F82F719DF80630002B41D1D0
:107E4000029B03AA06F1A80093F8A810B1FA81F1E9
:107E50004909FFF770FE6A88BDF8123040F6480005
:107E6000BDF814109342B5F806C028BF13468142EE
:107E7000AA88A6F8343128BF0146BDF80E30634504
:107E800028BF6346A6F83031BDF81030834228BFC2
:107E900003462889834228BF03468A42A6F8323126
:107EA000134628BF0B46A6F8363186F82E710023FC
:107EB00086F82F31204607B0F0BD1A6892068CD4A0
:107EC00022468EE73A24F2E71A24F3E71224F1E778
:107ED0001124EFE710B5044603F0DEF858B901218C
:107EE0000020E9F715F9D0B901210846E9F710F9A2
:107EF000D8B9012009E0ECF7D1FD68B1EBF7B6FC89
:107F0000044603F0EDFB08B1002010BD204603F04D
:107F1000E3FB0028E3D0F7E7002CE0D1F4E7A8303A
:107F2000FDF7D0FF0028DFD0EEE7A830FDF7CAFF4D
:107F300080F00100C0B2E8E7006890F8A8303BB1DB
:107F400090F8EA3123B1002380F8EA31EFF756BC0C
:107F5000704710B503780446012B01D9122010BDDB
:107F6000FFF723FE60B92078FFF7CFFD01280DD081
:107F700004F11703E21D611CBDE81040EDF76AB97A
:107F8000EDF7FAF90028EED00C20E8E7A37903F02A
:107F9000C003C02BE2D1EBE710B503780446012BF8
:107FA0000AD8FFF702FE48B9214611F8010BFFF786
:107FB000ACFD01F0A9FB38B9122010BDEDF7DCF9DA
:107FC0000028F1D00C20F8E70020F6E708B500887B
:107FD000EDF7D8F900280CBF3020002008BD38B5D7
:107FE0000546FFF7E2FD044638B92878003818BF87
:107FF0000120EDF7BBF9204638BD0C20FCE708B5A1
:10800000FFF7D3FD18B9EDF7A1F9002008BDEDF792
:10801000B3F90028F7D00C20F8E7082303700020FC
:10802000704711224FF442530270C2705922A0F8D7
:1080300001308280C38000207047082108B5E9F72D
:10804000DFFA002008BD73B5064600880C4608809C
:1080500001A980B201F031FC054640B9B3784BB9B3
:10806000019B93F92801A070F2F78AFFA0702846BF
:1080700002B070BD7F20FFF7DEFDF4E710B50446C7
:108080006FF07F00FFF7D7FDF2F77AFF20707F20B7
:10809000FFF7D1FDF2F774FF6070002010BD0A46B3
:1080A00000F1100108B5072304F099FD002008BD78
:1080B00010B5014604460020ECF73EFF08B92060E9
:1080C000A080002010BD10B50446ECF7B7FC28B91D
:1080D00000202146ECF718FF002010BD0020FFF71C
:1080E000F9FE0028F4D10C20F7E710B50446012072
:1080F000FFF7F0FE28B101202146ECF705FF002034
:1081000010BD0C20FCE7FFF74EBE1FB502880A80A9
:1081100044F2902183888B4215D8B3F5296FADF8CE
:108120000420428801A828BF4FF42963ADF8062037
:10813000ADF80830ADF80A20ADF80C30FFF733FE8B
:1081400005B05DF804FB1220FAE737B508800D464C
:1081500001A901F0B2FB044640B901982A4610F883
:10816000A81FB1FA81F14909FFF7E5FC204603B0E9
:1081700030BD03466FF06F0100200A2210B56FF08A
:108180000404587099701C70DA701C7158719971E0
:10819000DA7110BD10B50446FFF707FD58B9207815
:1081A000611CFFF7B2FCE279EDF7B0F980F0010055
:1081B0004000C0B210BDEDF7DFF80028EFD00C2072
:1081C000F8E773B500880D46088001A980B201F078
:1081D00074FB044680B9019E86F8224196F820017E
:1081E000EAF720F9A87096F82101EAF71BF9E87080
:1081F00096F82231002BEFD1204602B070BD1FB59A
:10820000044603A9008801F058FB38B9A388022B63
:1082100014D8E078FFF71AFD10B9112004B010BD92
:10822000A078FFF713FD0028F7D0012303A80093DF
:10823000A388E278A178ECF7BBFCEFE71220EDE72A
:1082400037B58378C17803F00104027903F00203A3
:1082500051EA04051DD052EA03051AD0002C18BFBC
:108260000021002B037818BF00228DF802108DF832
:108270000320427843EA0223ADF800304379827943
:10828000684643EA0223ADF80430FFF7B8FF03B0B5
:1082900030BD1120FBE713B50C4601A901F00DFB21
:1082A00028B9019B93F8A820DB8812B9238002B07B
:1082B00010BD0133FAE713B5044601F048FA00286F
:1082C0004DD02046FF24EDF7A5F90023CDE900337A
:1082D0006846E8F757FF48B300244FF44033CDE930
:1082E0000043FF246846E8F74DFF18B300204FF421
:1082F0008023FF24CDE900036846E8F743FFE8B197
:1083000000214FF4C023FF24CDE900136846E8F7AD
:1083100039FFB8B100224FF42023CDE9002368468D
:10832000E8F730FF90B1002002B010BD009B83F849
:108330003D42CDE7009B83F88A40D3E7009B83F85A
:108340003440D9E7009B83F83440DFE7009B93F883
:108350003820032AE3D1FF2283F82220DFE712200E
:10836000E2E707B5008801A901F0C9FA30B9019B1D
:1083700093F83F2112B9FF2283F83F2103B05DF843
:1083800004FB10B50446ECF7C7FB206000206160D9
:1083900010BD10B50446ECF7BFFBC4F80510C4F8D7
:1083A0000100ECF7BFFB0368EC220021C4F80930A0
:1083B00004F10D0004F0D0FCECF7B8FB20700020B5
:1083C00010BDF0B5044689B000200E4604F1180730
:1083D000ECF75EFB23466A461868083353F8041C22
:1083E0001546BB4203C52A46F6D119889B782980D9
:1083F000AB7000238DF81B308DF81C30637E042B8E
:1084000010D8A37E042B0DD8237D022B0AD06378CD
:1084100003F01803082B05D031466846EBF71EFD24
:1084200009B0F0BD1220FBE7F0B5044689B000208A
:108430000E4604F11807ECF72BFB23466A46186832
:10844000083353F8041C1546BB4203C52A46F6D12F
:108450001B782B7000238DF81930ADF81A308DF889
:108460001C30237D022B0AD0637803F01803082BFD
:1084700005D031466846EBF7F1FC09B0F0BD12209B
:10848000FBE710B5032104460078E8F741FE20B170
:108490002178BDE81040FFF7E6BB422010BD2DE972
:1084A000F7430646477803210078E8F731FE044693
:1084B000002852D003F02BF9042F054696F80390BC
:1084C00004D1B9F1000F4ED0122013E0E06CFDF79B
:1084D00076FCF37800EB09081FFA88F86BB92046A0
:1084E00003F0D4F880450ED9204603F010F9002897
:1084F000EAD1072003B0BDE8F083204603F0D8F8A6
:108500000028ECD1E0E741462046FFF707FC0028B1
:10851000F0D1FB1E012B22D9B9F1000FD4D0002DD0
:10852000D2D1012F04D10222E16C6846E8F76AFF3C
:108530004B4672680121E06CFDF7A7FB0028D8D0FC
:10854000023F012F07D8E06CFDF739FC01210246FC
:10855000E06CFDF7CAFB0020CCE74220CAE785F0BB
:108560000102D2B2E0E70028AED1204602F0AAFD17
:108570000028A9D0E06CFDF738FC0028A4D02046E4
:1085800003F0F1F8E7E737B50446EBF76FF9054676
:1085900023781F2B18D8C16C04226846E8F732FFF5
:1085A00022460021E86C12F8013BFDF76EFB68B132
:1085B000EC6C2046FDF70EFC002102462046FDF73C
:1085C00094FB002003B030BD1220FBE70720F9E741
:1085D0002DE9F7430746467890F803900321007889
:1085E000E8F796FD044600284FD0ECF757FA30B173
:1085F000204603F075F8002808BF4FF00009E06C32
:10860000FDF7E8FBFB7800EB09081FFA88F84BB987
:1086100041462046FFF782FB054650B1284603B08D
:10862000BDE8F083204603F05BF80028F0D1122566
:10863000F4E7042EFBD0032E0CD1204603F067F89C
:1086400008BB012E14BF05220622E16C6846E8F73C
:10865000D9FE08E0B9F1000FE9D0204602F032FD62
:10866000A8B9012EE9D04B467A680021E06CFDF7ED
:108670000CFB70B1023E012ED0D842460021E06CC6
:10868000FDF733FBCAE70422DFE74225C6E70C25E6
:10869000C4E70725C2E713B504460020ECF7F8F954
:1086A000E378FB2B13D82278043468468DF8033026
:1086B0008DF8002014F8022C8DF8022014F8032CF9
:1086C00001948DF80120FFF783FF02B010BD122046
:1086D000FBE710B504460020ECF7DAF9E8F77AFE7C
:1086E0002080002010BD73B504460020ECF7D0F9BF
:1086F00063787BBB23783BBB01936C4600930323D9
:108700008DF806302046E8F73DFDD0B90098FFF718
:1087100025FB0028F6D018E09E00032104EB83031C
:108720009878E8F7F5FCB8B12378012B0BD1B11C90
:108730002144EBF7B9F9013538B96278EBB29A42C6
:10874000EAD8002001E013B1122002B070BDFFF79B
:1087500005FBF0E70025F0E74220F6E738B50321F6
:1087600005460078E8F7D4FC0446A0B102F0AAFC64
:1087700028B92046691C02F08BFE002038BD204637
:1087800002F0AEFF08B10C20F8E7204602F0A4FF8B
:108790000028EED0F7E74220F0E737B50446EBF7C4
:1087A00065F8054623781F2B18D8C16C002268464F
:1087B000E8F728FE22460121E86C12F8013BFDF79C
:1087C00064FA68B1EC6C2046FDF7F9FA0121024623
:1087D0002046FDF78AFA002003B030BD1220FBE7E7
:1087E0000720F9E713B504460020ECF751F9E378C8
:1087F000FB2B13D82278043468468DF803308DF8AB
:10880000002014F8022C8DF8022014F8032C019497
:108810008DF80120FFF743FE02B010BD1220FBE7E8
:1088200073B505460026EBF721F804468DF8046081
:1088300002F05AFF2B78C0018DF80760012BADF8CC
:10884000050005D101A92046EBF72EF902B070BD55
:108850002BB9204602B0BDE87040FFF77FBA122066
:10886000F4E710B5044634F8020B0880022180B208
:10887000E8F74EFC20B12146BDE8104003F07CB97A
:10888000022010BD008808B50880022180B2E8F7F8
:108890003FFC20B10021BDE8084003F06DB9022083
:1088A00008BD37B5044600880D460880092180B20E
:1088B000E8F72EFC10B10C2003B030BD0B2120884E
:1088C000E8F726FC0028F6D10C212088E8F720FCE8
:1088D0000028F0D101A9208800F0EFFF0028EBD19B
:1088E000019B9B8F6B80E7E737B5044600880880C3
:1088F000092180B2E8F70CFC10B10C2003B030BDA8
:108900000B212088E8F704FC0028F6D10C212088F0
:10891000E8F7FEFB0028F0D163880BB91220EDE7E1
:1089200001A9208800F0C9FF0028E7D1658842F23C
:108930001072019BA9B2D3F8C8405143B3F8DE20AE
:108940006243B3F8D04004FB02229142E6D3D3F84D
:10895000C820D3F8C8409442F9D100229D875A63B9
:10896000621E0A44B2FBF4F29A63C7E738B5038883
:1089700005460C460B8080780138C0B203F0B2F98E
:10898000B8B10F212888E8F7C3FBA0B1AB785D1E12
:10899000A370EDB200EB450090F91900F2F7F0FA80
:1089A000E070284603F0B9F9F2F7EAFA20710020E6
:1089B00038BD1120FCE70220FAE710B504468078A4
:1089C0000138C0B203F08EF980B10F212088E8F79A
:1089D0009FFB68B1A178012300220139C9B203FAD3
:1089E00001F1BDE81040C9B203F07DBB112010BDFC
:1089F0000220FCE7038810B504460B8098B2A378E8
:108A0000012B22D8E378012B1FD80F21E8F780FB38
:108A1000E8B1A278003A18BF012280F82C20E27851
:108A2000111E18BF0121012A80F82D1004D190F8E1
:108A30002E2012F0010201D0002010BD02232021BF
:108A400003F051FB3A28F8D1F6E71120F5E70220B0
:108A5000F3E710B5044680780138C0B203F042F95C
:108A600088B10F212088E8F753FB70B1A17801236A
:108A700094F903200139C9B203FA01F1BDE81040AD
:108A8000C9B203F030BB112010BD0220FCE710B5C5
:108A90000446EDF7B5FF28B9A17A6078BDE810402B
:108AA000F2F75EBA10BD008810B508800C4680B29F
:108AB0000F21E8F72DFB20B102F0ACF8A0700020E8
:108AC00010BD0220FCE710B50C460221E8F720FBA0
:108AD00090B1022C12D804F00102C4F3400480F8D3
:108AE000EC2180F8EB4112B190F8EA310BB900208B
:108AF00010BDEEF783FEFAE70220F9E71220F7E750
:108B000010B504460078FF280AD00321E8F700FBDF
:108B100058B16378A27843EA0223C384002010BDD1
:108B2000B4F80100EEF796FFF8E74220F7E710B53A
:108B300004460078003818BF0120F2F7C5F8207805
:108B4000003818BF0120EEF745FE002010BD38B5F3
:108B500083780446012B07D80388292B39D005D800
:108B6000202B0BD0262B2FD011202CE02F2B10D018
:108B7000492BF9D1EBF7D6FF417807E0EBF7CCFFB3
:108B80000546EBF7C9FF010F41EA557101F00101FC
:108B900003E0EBF7C1FFC1F38031A378012B01D1D2
:108BA0000029E1D00020FDF70CF805460220FDF772
:108BB00008F8B5B9A8B9A3782088012BC0B20DD1A7
:108BC000EBF772FF002038BDEBF7A6FFC1F34011B1
:108BD000E3E7EBF7A1FFC1F30021DEE7EBF778FF56
:108BE000F0E70C20EFE707B50378ADF804304378E1
:108BF00001A88DF80630FFF7AAFF03B05DF804FB6B
:108C00000620EBF751BF0820EBF74EBF02F0E4BFA0
:108C100008B549210120ECF737FFEDF7E9FBF2F742
:108C20001DF8BDE80840EEF71BBF2DE9F04F89B0F5
:108C30000446EBF771FF0B0449D5E9F7BDFD8379D5
:108C400090F805C00193C379878A0293037AC68A94
:108C50000393C389058B0493038A418B0593437A5D
:108C6000827A0693438AB0F80CB090F801A090F88D
:108C7000029090F8038090F804E00793C37A00789C
:108C8000A4F801B0207084F803A084F8049084F85C
:108C9000058084F806E0019884F807C020720298E5
:108CA000678260720398A682A0720498E582A4F895
:108CB0000B0005982183A4F80D000698A276E073B6
:108CC0000798E3762082002009B0BDE8F08F0C20E1
:108CD000FAE72DE9F04F8DB00446EBF71DFF0B04CA
:108CE00061D5E9F769FD8379B0F80CB00093C379D9
:108CF00090F801A00193037A90F802900293C3893F
:108D000090F803800393038A90F804E00493437A75
:108D100090F805C00593438AC77A0693838A868BA9
:108D20000793C38A0893038B0993438B0A93837A2F
:108D30000B93857FC17F90F8202090F82130007838
:108D4000A4F801B02070009884F803A02072019864
:108D500084F804906072029884F80580A0720398E9
:108D600084F806E0A4F80B00049884F807C0A4F87F
:108D70000D000598E0730698208207986082089895
:108D8000A0820998E0820A98E77620830B98A68350
:108D9000A0760020A577E17784F8202084F82130A0
:108DA0000DB0BDE8F08F0C20FAE7F7B50446EBF7FD
:108DB000B3FE0B0403D40C25284603B0F0BD27886E
:108DC00001A9384600F09BFD05460028F4D1019C1E
:108DD000E37C5BB3237D4BB394F86960EBF7A2FEB1
:108DE0000368C6F3C00603F400634EB9FF2284F89B
:108DF0003F210BB184F84021FF2384F84B31DBE79E
:108E000094F86B20D209D6D0002BF5D094F86D30B1
:108E1000DB09F1D012213846E8F77AF90028EBD0C7
:108E2000037BFF2BE8D184F84031E5E72F25C3E72A
:108E3000F7B505460C46E9F7BFFC01A92B880646A5
:108E40009FB22380384600F05AFD0446A8BB38463E
:108E50000E21E8F75DF9AF780246032F30D821469E
:108E600047FA01F3D80705D5F3780B41DB070AD49D
:108E7000112422E002F1F800FEF74DFE18B192F83D
:108E80000C318B421CD04B1C0121022BE8D1EB781A
:108E9000FD2B05D8591E032912D871789942E7D3C2
:108EA00095F9040000F17F01C9B2932908D882F82E
:108EB000F27082F8F33082F8F400204603B0F0BD7F
:108EC0001224FAE7038873B59CB20B8040F6FF7357
:108ED00006469C423BD001A9204600F010FD054605
:108EE00028B9019B93F86920120703D40C25284662
:108EF00002B070BD93F86B30DB09F7D00E2120462D
:108F0000E8F706F9044690F8C230002BEED0B0F82E
:108F10005A309B0708D54822294603F01DFFFF233E
:108F200084F8C5301125E2E790F8C530002BDDD17B
:108F3000F830FEF7F0FD0028D8D14822B11C2046B9
:108F4000FBF7ECFFFF2384F8C5300025CFE7204670
:108F50000E21E8F7A1F804460028EED10725C6E760
:108F60008B7880F848300A79CB7843EA0223A0F85E
:108F700054304B7980F849308B7980F84A30CB797E
:108F800080F84B300B7A80F84C304B7A80F84D30BB
:108F90008B7A80F84E30CB7A80F84F300B7B80F89C
:108FA00050308A7B4B7B43EA0223A0F856300A7C80
:108FB000CB7B43EA0223A0F858304B7C80F8513039
:108FC000CA7C8B7C43EA0223A0F85A300B7D4A7D91
:108FD00043EA0223A0F85C30CA7D8B7D43EA02237A
:108FE000A0F85E304A7E0B7E43EA0223A0F8603090
:108FF000CA7E8B7E43EA0223A0F862300B7F80F8A2
:1090000052304B7F80F853308B7FCA7F43EA022374
:10901000A0F8643091F8203080F8663070477FB552
:10902000038804460B809EB2EBF776FD0B0427D530
:1090300003A9304600F063FC054610BB237F009374
:10904000E379A2796179A078FDF7C6FC28B30E21F7
:109050003046E8F75DF8024620B943F2196139203D
:10906000E7F712FCF830FEF756FD48B9FF2682F804
:10907000C96092F8C23003EA06052BB182F8C90034
:109080000C25284604B070BD21461046FFF768FF46
:1090900080F8C26080F8C950F3E71E25F1E770B58B
:1090A0008AB00D46034600F1180601AA1868083375
:1090B00053F8041C1446B34203C42246F6D1186880
:1090C00000222946206001A89B88A380BDF81630A5
:1090D000ADF8222023F010038DF82420ADF81630CF
:1090E000FFF79DFF0AB070BD37B50588044601A99A
:1090F000284600F004FC18BB0D212846E8F708F8C4
:10910000FEF712FDF0B90E212846E8F701F8A37822
:109110000246032B18D890F81611994214D1F83052
:10912000FEF7F9FC80B192F8C63003F0FF006BB98E
:1091300082F8F8000199FF2381F84D3182F8C6309A
:1091400003B030BD0C20FBE71220F9E73A20F7E727
:109150002DE9F043078885B00646B7F5706F04D354
:109160001225284605B0BDE8F0838378032BF7D895
:10917000C378012BF4D86946384600F0C0FB054699
:109180000028EED10E213846E7F7C2FFB37890F8F9
:10919000162104469A42E3D100F1F8094846FEF749
:1091A000BAFC0028DCD0DDF8008098F86B30DB09D1
:1091B00001D10C25D5E7B4F85A309B073AD594F87D
:1091C000C230002BF5D094F8C430002BF1D0F378E6
:1091D000012B44D100981D2210F8A81FECF77CFC4D
:1091E000002836D13846FDF7CDF9064698B3FEF78C
:1091F0009BFC0028DDD194F81831002BD9D094F8CD
:10920000C730E3B101AA04F5B3714846F9F710F984
:1092100001A8F9F7BDF900B398F80E30332BC8D088
:10922000009AFF2382F84E31012286F8622286F8E6
:10923000D83096E794F8C530002BC0D1B9E701AB20
:10924000D4F8F900D4F8FD10B4F8012103C31A8052
:10925000DEE7452585E7072583E7482581E70D21DA
:109260003846E7F755FF01460028A2D090F8623251
:10927000012B9ED0FEF758FC00289AD013236A4693
:109280002046FEF76FFB05466BE70378032B01D8FA
:10929000EBF716BB1E20704710B5044604B910BD8D
:1092A000236898476468F9E703680BB90160704761
:1092B0001A465B6813B18A42FAD170478A4218BFD6
:1092C000516070470D2008B5FCF78AFC0E20BDE800
:1092D0000840FCF785BC08B5EFF78CFFEEF76EFA97
:1092E000BDE80840EFF76EBF08B5E9F747FA002080
:1092F000BDE80840F3F7B0BE08B5EEF72DFAEFF77A
:1093000051FF20B140F263119320E7F7BDFA03202B
:10931000BDE80840FCF764BC08B50220FCF760FC1F
:109320000020FCF75DFCE7F7DFFFEBF7A1FDE8F7B6
:1093300009FF20B140F243119320E7F7A5FA08BDD9
:10934000FFF7EABF08B5FFF7D7FFF0F7E1FD20B15F
:109350004FF4BC719320E7F797FA08BD08B500F009
:10936000A5F9E8F7FFFE0220FCF73AFC0020BDE873
:109370000840FCF735BCFAF749B90B46892203F8D7
:10938000032BD0F80920C1F80320427B1A717047E3
:1093900038B50D460446EBF7DDFB2B78002B08BFF4
:1093A000034684F874306B78002B08BF034684F8BA
:1093B00075306B88A4F8763038BD37B58B780546A4
:1093C000046803F0070384F819314B7803F00703AE
:1093D00084F818312623E37394F8393113BB94F8D9
:1093E0003831012B1ED094F8213194F81821D91E60
:1093F000012998BF04239A42B4F81E3118D194F879
:10940000202194F81901D11E0129B4F81C1198BF2C
:10941000042290420CD10222A4F83A11A4F83C3163
:1094200084F83821284603B0BDE8304001F0CBB8BD
:10943000022094F81D2194F81C1100902846EBF7A7
:10944000B7FB0028EED04FF46671AE20E7F71CFAA8
:1094500038B5036804460D4693F83831012B02D124
:109460001E21EBF71FFC2368002083F8380165B14B
:10947000182283F8992009229A7393F84E3093B9F1
:1094800040F25B41AE20E7F7FFF9DA7B243A072A86
:1094900003D82046DD7301F0A8F820461821BDE866
:1094A000384001F0D2B838BD08B503689A7B22B1C4
:1094B0004FF4E671AE20E7F7E7F924229A7308BD6E
:1094C000034610F0010007D19A0704D413F00400FA
:1094D00018BF03207047022070472DE9F34B164652
:1094E000054610461F4646EA0104FFF7E9FF83469A
:1094F0000846FFF7E5FF89464BEA0404DDF82880BB
:1095000001900443E4B2003C18BF0124EBF722FBB6
:10951000064018BF5E46EBF71DFB95F8202110EAC8
:109520000901019B18BF1946B24214BF33460023FC
:1095300088F8003095F821218A4208BF00210B43AA
:1095400088F801100AD1EB88013FFF1A47F6FD7336
:10955000BFB29F428CBF002404F00104C6B995F845
:109560002001E8F76FFF03280ED195F83831012B61
:109570000AD1B5F83C2195F82031012A0AD1042BF3
:109580000AD0042388F80030204602B0BDE8F08BF2
:10959000032EE9E7032BF7D00323F3E7032906D1D2
:1095A00001280AD104210120518013807047042929
:1095B00003D1012801D00321F5E7002070470128DD
:1095C00007D0022805D0033801288CBF00200120D5
:1095D000800070472DE9F0410C6805460F4694F86D
:1095E0004222D31E012B2DD894F82031D91E0129F7
:1095F00028D8D31A18BF012394F84302FFF7DFFFDE
:1096000006460BBB1046FFF7DAFF804694F89F3002
:109610006BB948EA060313F0FF0306D0204601F0B9
:1096200034F83B68DB8803449BB2A4F84032B4F8BA
:1096300040320520AE70EB701B0A85F801802B715B
:10964000BDE8F0810023D7E74FF00008DEE770B5F2
:10965000056802460B46EC7BA4F12406072E15D9BB
:1096600094B9AD7B292D11D04D786E0706D08D7839
:109670006D0703D0FFF7A1FE204670BD1978104694
:10968000BDE8704000F0E1BF0124F5E72024F3E7D6
:1096900008B50368DA7B262A05D022B140F2D351FF
:1096A000AE20E7F7F1F82722DA7308BDEBF7E0BB4D
:1096B000704730B542401C7808785D7860404C783F
:1096C0006C409D7820448C786C40DD782044CC78C8
:1096D0006C401D795B7920440C7949796C404B4092
:1096E000204418441044B0FA80F0400930BD0246CE
:1096F00000200139C9B2FF2900D17047535C83F0C3
:1097000001030344D8B2F4E708B5EBF73BFC0828A3
:1097100007D0EBF759FC082803D0EBF769FC0120D0
:1097200008BD0020FCE708B5EBF72CFC082803D0A7
:10973000BDE80840EBF748BC08BD08B502F0D8FE0C
:1097400018B1BDE80840F1F705BE082008BD70B5A6
:1097500003791F2B0FD8461E051D002416F8010F94
:1097600000F0C7FE0444AE42E4B2F7D1012C94BF2E
:109770000020012070BD0020FCE701440023884246
:1097800003D1B3FA83F04009704710F8012B13435B
:10979000F5E7F8B505460C46D0E9047603F052F932
:1097A00018B952212920E7F76FF8E4B1D5E904236D
:1097B000D21B63EB0603012A73F100014FF0000195
:1097C00013DB6FF001009042994101DA5C21E9E777
:1097D000631E1344B3FBF4F35C43E41946F1000643
:1097E000C5E904461C462046F8BD0C46FBE70229A5
:1097F00005D13C281AD980100F3880B27047CB1E93
:10980000012B0ED804290BBF96234FF41673102298
:10981000402203F5BC73984208D9C01A90FBF2F0BD
:10982000EBE7702802D9C0100E38E6E70020704739
:10983000022908B5034614D005D8012909D0E7212B
:109840002920E7F721F803390129F8D840F6A66066
:1098500008BD40F6C41040F2E242002B08BF10469B
:10986000F6E740F6C410F3E7801A723810B5884264
:10987000029C94BF091A491A2268012902EB51027D
:1098800094BF0020012022601A68A2EB51021A60E6
:1098900010BD69B1A0F57A7241F270739A4207D88F
:1098A0004FF47A73B0FBF3F000F5506080B270476C
:1098B00040F2E243B0FBF3F0F8E738B50C46002184
:1098C0000546E7F725FC206048B902212846E7F75E
:1098D0001FFC2060B0FA80F04009400038BD002035
:1098E000FCE70368587BC0B293F830302BB900F026
:1098F000FB00003818BF012070470020704710B5EA
:109900000C46FFF7DAFF38B92046FFF7EAFF80F090
:1099100001004000C0B210BD0220FCE738B54FF492
:1099200044720D460021044603F016FA6FF0360229
:109930000123A4F8AA5084F867200422E37584F870
:1099400068206FF03B0284F86E3084F869206F2243
:1099500084F8A83084F86A20032284F86B2000225F
:1099600084F86C206FF07F0284F86D202B2284F83D
:109970006620FE2284F89E207F22E27238BD40F6E7
:10998000B83307B5B0F8D220D0F8C810019083875B
:1099900001A8EBF701FE03B05DF804FBC2B292FA36
:1099A000A2F2030A93FAA3F31B0E100E40EA03205F
:1099B0007047013105300022C9B270B510F8013F7F
:1099C0008B4216D310F8054C0023012505FA03F647
:1099D00026421CBF01F1FF31C9B269B10133082B26
:1099E000F4D10132D2B2052AE8D19B214620E6F714
:1099F0004BFFC91AC9B2F4E703EBC200C0B270BD95
:109A00000B6870B5C0F8013004460B790546461D59
:109A100003F01F0343710023C37215F8010F00F018
:109A200068FD6871B542E37A1844E072F5D170BD03
:109A300081EA114170B58CB20546C17A032682EAEB
:109A40000400FFF7ABFF013E00EB001016F0FF062D
:109A500004EB000290B2F4D144402522B4FBF2F3AF
:109A600002FB1343C3F3C402D8B203F007032A4432
:109A70005678012202FA03F31E4207D161432846B9
:109A8000C1F30741BDE87040FFF793BF70BDF8B563
:109A900090F8225004466B1E242B03D9E121462066
:109AA000E6F7F2FEDAB1C07D002843D194F8243005
:109AB00094F8231002FB01322523B2FBF3F103FBE0
:109AC0001123DBB204EBD30203F0070684F8243041
:109AD000117E0122B240114202D084F82530F8BD37
:109AE000B3FBF5F205FB123304F11C01013303F063
:109AF000FF0311F8012F9A4219D311F8055C0022D7
:109B0000012606FA02F72F4208D0013B13F0FF03AB
:109B100004D102EBC00284F82520E0E70132082AD4
:109B2000EFD10130C0B20528E3D1D721B7E79B1AA6
:109B3000DBB2F6E7E28804F11700496AFFF778FF25
:109B400084F82500CBE70378890123F0400301F076
:109B500040010B4303707047037803F07F0343EA2F
:109B6000C113037070471F2A38B50546144603D940
:109B7000A8212A20E6F788FE06340930FBF7CEF943
:109B80006C7038BD1F2A38B50546144603D9CA2162
:109B90002A20E6F779FE06340930FBF7BFF96C702E
:109BA00038BD0378024603F00F03032B3ED0052B8C
:109BB00042D1C37F90F82000034392F82100034371
:109BC00092F82200034392F8230000F01F0018438C
:109BD00033D05378222B2FD1B2F81930B1B1B3F56D
:109BE000506F13D940F607518B4225D8B2F81B307D
:109BF000B3F5FA7F20D2B2F81D0040F676430A385A
:109C000080B298428CBF002001207047991F40F617
:109C10007A4089B281420FD8917D481E07280BD81F
:109C2000994209D2B2F817109942DEE74078A0F1C4
:109C30000C0358425841704700207047C37813F016
:109C40003F035DD007295BD8DFE801F0040B1E2934
:109C5000343F4A55037913F0010F0CBF0020052053
:109C60007047027912F002004BD0052002F0010289
:109C7000072902EB420200EB4200C0B241D1021FB1
:109C80009A42C8BF00207047027912F0040038D011
:109C9000052012F0020F1CBF0630C0B2E6E70279C1
:109CA00012F008002DD0052012F0040F1CBF013067
:109CB000C0B2EEE7027912F0100022D0052012F0B7
:109CC000080F1CBF0230C0B2EEE7027912F020008C
:109CD00017D0084612F0100F1CBF0330C0B2EEE7D9
:109CE000027912F040000CD0052012F0200F1CBFAA
:109CF0001230C0B2EEE702795006F5D50620F4E73F
:109D00000020704770B50C46064611461D4624B922
:109D10004FF41F712A20E6F7B7FDFFF78FFF10B948
:109D200040F27D21F6E7031F2B443F2B02DD40F27A
:109D30007E21EFE72A4621463044BDE87040FBF71C
:109D4000EDB810B50446FFF779FF00B1204410BD0F
:109D500030B5C1F38003C1F38014C1F3400523443F
:109D6000C1F3001404EB44042344C1F3401404EB96
:109D7000C40403EB4403C1F300042C44C1F3C00545
:109D8000134404EB44042C4403EB440313F0FF039B
:109D90001CBF01330171C17818BFDBB221F03F0154
:109DA00003F03F042143C170591C41701AB10433C0
:109DB0009B1A013AC25430BD70B5C47806461546A8
:109DC00004F03F041319FE2B04DD40F2B9212A20D0
:109DD000E6F75AFD0135201D2C443044FBF79EF870
:109DE000747070BDC378024613F03F0022D013791F
:109DF00013F0200FC3F3C001C3F3400014BF0922C6
:109E0000002213F0100F114403F001020244C3F3C7
:109E1000800002EB42020A44C3F3801114BF032303
:109E200000230844184400EB420010F0FF001CBF60
:109E30000130C0B270471B2A08B504D940F29931ED
:109E40002A20E6F721FDBDE80840FBF767B88388C4
:109E5000A1B1B3F5506F11D940F6075293421BD808
:109E6000C388B3F5FA7F17D2008940F676430A38E3
:109E700080B298428CBF0020012070479A420BD8D4
:109E8000B3F5486F08D84278511E072904D89A4282
:109E900002D242889A42E2E700207047013001F185
:109EA000200351F8042B994240F8042BF9D10B8878
:109EB0000380704738B515460446FFF7EFFF2B685F
:109EC000C4F823306B68C4F8273038BD01307047C0
:109ED00010B50C68C0F801404C68C0F80540126825
:109EE000C0F809201A68C0F80D205A68C0F811207F
:109EF00010BD10B5D0F801400C60D0F805404C60A2
:109F0000D0F809101160D0F80D201A60D0F8112097
:109F10005A6010BDFFF7DCBF0B78C3F30503437035
:109F2000B1F801308370B1F801301B0AC370CB78EF
:109F30000371704742780B7862F305030B70438816
:109F4000A1F801300379CB7070470B78C3F3050398
:109F50004370B1F801308370B1F801301B0AC3704F
:109F6000CB780371704742780B7862F305030B706E
:109F70004388A1F801300379CB7070470B68C0F8B3
:109F800001304B68C0F805300B89A0F809304B89C7
:109F9000C3724B891B0A03737047D0F801300B6002
:109FA000D0F805304B60B0F809300B81B0F80B30B9
:109FB0004B8170472DE9F04F85B08846154603A9BF
:109FC0009DF838400193FFF778FC814618B9039E4D
:109FD0002DB901237375012005B0BDE8F08FD6F8C7
:109FE000C0A029465046FBF72FFC074608B90020C1
:109FF000F2E7E9F755FC8542F9D839465046FBF7B8
:10A000005FFD727D8346A0F80190002A18BF4FF0D3
:10A01000020880F800803846FBF75AFD0746DCB19D
:10A02000B6F8E640C4B102F0D6FB40F271225443C8
:10A03000241841F1000179602A4601990BF10300CF
:10A040003C60FAF76BFF29465046FBF738FC28B90D
:10A0500083212B20E6F718FC2146ECE7039B93F8BD
:10A06000A83033B103A8FDF767FF039B0022A3F8D4
:10A07000E2210023AEE7437837B5C3F3011204466B
:10A08000032A03D8DFE802F0050E1D05002003B007
:10A0900030BD057803F00F00002300930221231D3B
:10A0A000628807E0057803F00F0000230121009388
:10A0B000231D628845EA0020FFF77CFF60B1012084
:10A0C000E5E7EAF72FFD03685B05DFD5607801233C
:10A0D000257800F00F00E0E7EBF77EFCEFE71A23AE
:10A0E0000B7001234B708B707047EBF73BBB10B5C7
:10A0F00021B940F2A9211020E6F7C6FB4A600B7295
:10A10000EFF3108472B6031D0B6042681AB1127A25
:10A11000012A08BF036003681960016004B962B6D0
:10A12000BDE81040EBF768BB0222EBF743BC03220B
:10A13000EBF740BC0422EBF73DBC0222EBF77EBC00
:10A140000322EBF77BBC0422EBF778BC007A0038E3
:10A1500018BF012070478D230B7030F8B53CA1F873
:10A16000033030F86B3CA1F8053030F8673CA1F8BB
:10A17000073030F8693CA1F8093030F8653CA1F8A7
:10A180000B30704708B5CB1E012B04D8800100F5B9
:10A19000747080B208BD012902D10E30C000F8E70A
:10A1A000022902D10F308000F3E74FF40C71062032
:10A1B000E6F76AFB022908B50DD005D8012908D0B9
:10A1C000DC21B420E6F760FB03390129F8D81E3002
:10A1D00000E00A3008BD1430FCE7022908B50DD0B4
:10A1E00005D8012908D0DC21B420E6F74DFB03395E
:10A1F0000129F8D81E3000E00A3008BD1430FCE711
:10A2000030B587B004460D46E9F750FB80B334F80B
:10A21000BE4C69462046FDF798FF18B1FB212C2063
:10A22000E6F732FBBDF8063003A8ADF80C40ADF8F8
:10A230000E30BDF80830ADF81030BDF80230ADF882
:10A240001230BDF80430ADF81430FDF75CFF10B1EA
:10A250004FF48271E3E7ADF80C009DF80C3000205C
:10A2600063F307009DF80D3063F30F2007B030BD96
:10A270002B469A2203F8032BD4F80920C5F80320B3
:10A28000D4F80D205A60B4F811201A810423ADF8D7
:10A290000C30E2E740687047033901298CBFC08A5F
:10A2A0004FF42960704770B590F878608D88033E50
:10A2B0000C89012E04D943B11678033E012E04D82F
:10A2C000B5F5296F38BF4FF4296590F87960033EE2
:10A2D000012E04D943B15378033B012B04D8B4F5C4
:10A2E000296F38BF4FF42964CB884A88A0F86430BE
:10A2F000A0F86020A0F86250A0F8664070BD83838B
:10A30000BDF8003001834283C38370471B220029BC
:10A310004FF01B110CBF4FF4A4734FF429638284D8
:10A320000284028502F1A472C160C3844384C383A2
:10A33000838343820382C0E9052170470346B3F853
:10A340005810B3F86420F0B5914293F87940B3F80F
:10A350005C5028BF1146033CB3F86620E4B2B0F865
:10A360004E70AA42B0F85200A3F84E1028BF2A46F9
:10A37000012CB3F8544087BFB3F8566015464FF42C
:10A3800029664FF429658C42A3F8525038BF0C4619
:10A39000B24238BF32468F42A3F85440A3F8562049
:10A3A00026D1401B18BF0120B3F86020B3F85A1023
:10A3B000B3F84C509142B3F8504028BF114693F87F
:10A3C0007820033A012A15D9B3F85E20B3F8626009
:10A3D000B24228BF32468D42A3F84C10A3F8502059
:10A3E0000BD1944218BF40F0010000F00100F0BD15
:10A3F0000120D9E74FF42962EDE70120F5E738B5F0
:10A40000CB1E0446012B10D9C58B438C9D4228BF1F
:10A410001D46207AFFF7B6FE6389AB4228BF2B4664
:10A42000984238BF184680B238BD4FF42965F0E72E
:10A430002DE9F843994607460D468089194614468A
:10A44000FFF7A0FE06469DF8208049463846FFF7F4
:10A45000D6FF86424146A8F1030828BF0646B88ABF
:10A46000FFF790FEB8F1010F0346B6B28CBFFA8A2F
:10A470004FF42962904204F1060028BF1346284495
:10A480009BB233441844BDE8F8830346828F13B56A
:10A49000403049B9598F93F87940009493F8783057
:10A4A000FFF7C6FF02B010BD198FF4E770B50C4678
:10A4B000154619464BB9068FFFF7E7FF284430448D
:10A4C000A04294BF201A002070BD468FF4E738B533
:10A4D0000D4611460446FFF7D8FF2844606438BD96
:10A4E00001F19C0383423DBF9C38401A4008002084
:10A4F000704700F05503400800F05500034403F096
:10A5000033009B0803F03303034403F00F0000EB18
:10A510001310704732280CD006D8162818BF01280F
:10A5200094BF012000207047A0F13E0358425841DB
:10A5300070470120704708B50246FFF7EBFF40B1B6
:10A540000846FFF7E7FF20B18A420CBF23202A20EC
:10A5500008BD8A420AD1A2F13003DBB20B2B0FD81F
:10A5600040F6210020FA03F3DB071ED4322901D183
:10A57000262A03D0322A03D1262918D12A20E7E738
:10A580003E2907D1262AF9D03E2A12D03B2A10D1E3
:10A590001F2902E03E2A04D126290CBF2A200020D0
:10A5A000D6E73B29F2D11F2AF7E72320D0E73E293F
:10A5B000F7D10020CCE7036800229A7383F84E207D
:10A5C000A3F84A207047026892F8A8302BB9A2F885
:10A5D0005230012382F8543070470023A2F85230E1
:10A5E00092F8543001335BB2F4E7026808B592F890
:10A5F000A83013B982F8543008BD92F85430013BAA
:10A600005BB2002B82F85430F6DA52214A20E6F78A
:10A610003BF908B5036883F89B1083F89A2035222C
:10A62000DA73FFF7D0FF002008BDA0F10A03042B66
:10A6300009D9A0F14703012B05D9243807288CBF7D
:10A64000002001207047012070470268136810B590
:10A6500013F0080408D143F0080382F8981013603F
:10A66000FFF7B1FF204610BD0120FCE7036810B5DD
:10A67000DC7B44B90A7883F898200322DA73FFF769
:10A68000A2FF204610BD0124FBE7D0F8C82041F608
:10A690004B539A4296BF4AF6C8730623B3FBF2F3B4
:10A6A000B0F8D020B0F8DE001344584380B27047B1
:10A6B000036800201A7C073A012A81BF4A785A743D
:10A6C00007221A7470470268137C073B012B84BF72
:10A6D000082313747047026870B5D57BE5B9CB8841
:10A6E000D688A2F8D832013B9B1B47F6FD769BB279
:10A6F000B34206D9282382F83130EBF781FE284691
:10A7000070BDD1F80130C2F8DA324B7982F8DE320E
:10A710000A220368DA73F2E70125F0E72DE9F74F23
:10A720000646894690460193FFF7AFFFD6F8FC71C5
:10A73000044657B90023C8F80030F38823449CB27C
:10A74000019B1C8003B0BDE8F08FECF71FFA0028D6
:10A75000F0D1D6F8C8C0D6E978320CFB04FE1EEB67
:10A76000030ED7E9021342F100020B44D7E90015AA
:10A770005B1845F10005734575EB020114D2BEEB81
:10A7800003016FF0010B62EB050A8B4570EB0A0ABF
:10A7900003D23D215620E6F777F83869471E394441
:10A7A000B1FBF0F1E0FB0135B3EB0E0365EB020505
:10A7B0006FF001029A424FF00002AA4101D24821F3
:10A7C000E8E7B3FBF9F209FB1233B3FBFCF291B2F9
:10A7D0000CFB1133C8F80030F3881C441444A4B2B5
:10A7E000AEE70B46822203F8032BD0F80920C1F80C
:10A7F0000320D0F80D205A60427C1A720023CB70DF
:10A8000070470368F7B5DD7B06460C46002D63D123
:10A8100093F8297106230DF107018DF80730FDF734
:10A8200073F99DF8072039462046FFF710FB38B929
:10A8300021783046FFF709FF0546284603B0F0BDF2
:10A8400032686389D188A2F8D832013B5B1A47F697
:10A85000FD719BB28B4206D92823304682F83130F5
:10A86000EBF7CEFDE9E7A3886FF45061591806298C
:10A8700095BFA3F5506340F2E2414FF47A71284648
:10A880008CBF4B434B43C2F8E0326378C0B103EB5B
:10A89000830303EB83039B00A2F8DA326388C0B121
:10A8A00064214B43C2F8DC32E388A2F8E432238906
:10A8B000A2F8E632002382F8EC320D23D373BCE712
:10A8C000C3EB431103EB810303EB83035B009BB2F8
:10A8D000E2E740F2E241E4E70125AEE7F8B50D68B2
:10A8E00004460F46D5F84C0295F82911FEF7D1FF22
:10A8F0006FF45062B5F8463282182071000A92B2A5
:10A900006071062A8BBF40F2E242642200260126D3
:10A910008CBFB3FBF2F3B3FBF2F36370B5F85032C4
:10A92000A3711B0AE371B5F8523223721B0A6372DA
:10A93000386890F89F303BB905F5117305F5127230
:10A94000D5F84C12FFF7EAFEB5F84432A3721B0AA1
:10A95000E372D5F8483246B164220C20B3FBF2F31F
:10A96000A370C3F30723E370F8BD40F2E242F4E7BB
:10A970000B46842203F8022BD0F80920C1F80220EC
:10A98000D0F80D205A6070470B46852203F8022B41
:10A99000D0F80920C1F80220B0F80D209A80704745
:10A9A00038B503680546DC7B34B1113C0F2C8CBFF5
:10A9B00001240824204638BD1A7D002AFAD0D3F895
:10A9C000A4302BB9FFF7FFFD2B681122DA73F1E7F2
:10A9D0000C220A21BDE83840FFF71BBE08B503680A
:10A9E000DA7B162A04D040F253211F20E5F74CFFF2
:10A9F000012283F855201822DA7308BD0368DA7B38
:10AA0000122A05BF132200200220DA737047036860
:10AA100010B5DB7B04461C2B06D1FFF7E6FD23684F
:10AA200020220020DA7310BD0220FCE708B503687D
:10AA3000DA7B112A04D040F27E211F20E5F724FFA3
:10AA4000012283F855201222DA7308BD08B5036885
:10AA5000DA7B182A04D040F28A211F20E5F714FF80
:10AA60001C22DA7308BD3E230B700C234B700423A9
:10AA70008B70D0F80930C1F80330D0F80D30C1F830
:10AA80000730B0F81130A1F80B30C37C4B7370471E
:10AA900008B503689A7B1AB1CF211C20E5F7F4FEB4
:10AAA00004229A7308BD08B5036893F8A82032B948
:10AAB000DA73A3F85220BDE80840FFF796BD1A6884
:10AAC000D10703D4DD211C20E5F7DEFE22F00102D0
:10AAD0001A60F0E787230B7030F8AC3C4B8070476E
:10AAE000036893F8A8109A7B59B9052A08BF002279
:10AAF0004FF0000002BF83F83E2083F84E209A7387
:10AB000070470F2AF2E738B5046894F8A85045B9A1
:10AB1000E37B4BB9FFF757FD45B90223E3730020F0
:10AB200038BD23685B07F5D50120F9E7236843F0BA
:10AB300004032360F3E7036893F8A8201AB11A68A6
:10AB400022F004021A60FFF750BD08B503689A7B33
:10AB50001AB172214B20E5F797FE93F8A820002A3E
:10AB600014BF0F2205229A7308BD10B5D0E90D421B
:10AB7000A24206D30B8D121BC98E05334B43934261
:10AB800002D3012380F83E3010BD0C230B70082344
:10AB90004B7000238B70B0F85230A1F80330437A29
:10ABA0004B714389CB8083890B81704710B5046852
:10ABB00094F857309A070CD4A37B1BB1772140201F
:10ABC000E5F762FE0122A4F84A30A27384F84E2011
:10ABD00010BD94F8A8303BB9E37B0BB9FFF705FD36
:10ABE000002384F83E31F3E723689B07F8D5FFF78D
:10ABF000FCFC236823F002032360F1E710F1800FCF
:10AC000006D0142904DC8842ACBF00200120704724
:10AC100000207047806800F5006040F307307047FF
:10AC200010B50B7901284C790A6843EA04211046D3
:10AC300008BF41F4803110BD07B5FFF7F1FF0DF1FA
:10AC40000702EBF749FF03B05DF804FB90F83830DA
:10AC50000BB90020704790F83830012BF9D090F8EC
:10AC60003800073818BF0120704790F83830012BA2
:10AC7000DAB201D0FFF7EABF1046704770B504465C
:10AC8000FFF7F3FF08B394F83830022B1BD094F889
:10AC90003850EB1E5D425D4101290AD1072384F83B
:10ACA000383004F10806304601F0B8FD304601F0B6
:10ACB000C1FD012384F838303DB104F14800BDE8FE
:10ACC0007040EBF76BBF0125E6E770BD10B5044699
:10ACD000FFF7CBFF30B101212046FFF7CFFF002364
:10ACE00084F83830002010BD002307B501A8019377
:10ACF000F7F794FF019810F0030018BF012003B08C
:10AD00005DF804FB10B5FFF7EFFF002814BF142413
:10AD10000024FAF7A1F9404200F01400204410BDCD
:10AD200073B50C46B1F8051005461A2921D9B4F8B7
:10AD30000730B3F5A47F1CD3B4F801201A2A18D920
:10AD4000B4F80340B4F5A47F13D30068009400F175
:10AD5000A806E830FFF7D3FA2C683046FFF7EEFA82
:10AD600010B9012002B070BD04F25F10EAF772FE64
:10AD7000F7E70020F6E708B503689A7B1AB12621A9
:10AD8000A320E5F781FD21229A7308BD38B5056837
:10AD90000446AB7B213B022B0BD8FFF7C1FF18B158
:10ADA00006212068ECF7A0FD002085F84E00A8736E
:10ADB00038BD0120FCE702681368D90610B50446C7
:10ADC00003D4B821A320E5F75FFD990601D5B92189
:10ADD000F8E723F010031360FFF707FC2068062153
:10ADE000BDE81040ECF780BD38B50546F1F7A6FA8E
:10ADF00000F544434FF47A72033D4933B3FBF2F458
:10AE0000FFF780FF012D00F1A4038CBF0020282054
:10AE10002344184438BD10B5044690F87900FFF774
:10AE2000E3FF012201462046BDE81040FFF74FBB7B
:10AE3000002313B51A464373A0F8903219460093C5
:10AE40000446EBF73BFF20B14FF4F3713020E5F7F8
:10AE50001BFD0123C4F81802C4F810026373A4F8A0
:10AE60002E02A4F82C0284F83102E388A4F892029E
:10AE7000013BE38002B010BDF8B50D460023D0F8C9
:10AE80001011044680F81431D0E9506781F8ED21A3
:10AE900080F85031D0F81001FEF771FDD4F81001A0
:10AEA000C0E99E67C0F89452C0E9A267FFF7C0FFEF
:10AEB000F1F712F8BDE8F840F9F714BBD0F810012B
:10AEC000704738B5044690F850319BB1FF2380F8A5
:10AED0005831012100F044FC94F8503153B104F191
:10AEE000E805284601F09AFC284601F0A3FC00235F
:10AEF00084F85031002038BD08B590F8582142B987
:10AF000090F8142142B1D0E94631994202D9EEF7C6
:10AF100097FB0022104608BD0122FBE710B504464E
:10AF2000FFF7F0FE00F25911226A236C9A4228BF03
:10AF30001A461046FFF7D4FAB0F5296F28BF4FF430
:10AF4000296080B210BD012A70B506460D46144630
:10AF50000BD0022A0ED08AB9F0F7B6FD2246014680
:10AF60002846BDE87040FFF787BFF0F7ADFDC6F893
:10AF7000940270BD0122D0F89412F1E740F2C27140
:10AF80003020E5F781FC70B5044621B101297FD05E
:10AF900040F2D27179E000F078FA94F85131054628
:10AFA0000E46DBB150EA010318D0D4E94832D4E9A7
:10AFB0005001C01A334661EB02012A4601F05CFEE3
:10AFC00005FB01F300FB0633A5FB00021344D4E9A3
:10AFD0004821121843EB0103C4E94823E38CEBBB7F
:10AFE0000020D4E94832ED184FF0000346EB02068A
:10AFF0002D1840F2024284F8303146F1000684F800
:10B000005131A4F83821C4E94856C4E9505694F89F
:10B01000583103F0FF01DBB96FF00043D4E952026D
:10B020009A4208BFB0F1FF3F25D02046D4E95056E0
:10B0300000F0EAF9AE30D4E952325B1B62EB060253
:10B040001B1A62F10002002A15DA2046EEF7F8FA20
:10B05000F0F742FFBDE87040F9F744BA204600F02F
:10B0600043FB0028BCD1EAF779FDE38CB0FBF3F297
:10B0700002FB1300B5E704F5987104F1E800F9F755
:10B0800045FA0028E4D140F2FF613020E5F7FCFBEF
:10B09000002380F81431DBE7002307B5CDE9003346
:10B0A00003238DF806306846E6F76CF818B10020E7
:10B0B00003B05DF804FB009B93F85031002BF2D0F5
:10B0C0000120F5E790F85001003818BF01207047C3
:10B0D0000B46812203F8032BB0F80920A1F80320C6
:10B0E000C27A9A7070470B468C2203F8032BD0F873
:10B0F0000920C1F80320D0F80D205A6070478B88D2
:10B10000F7B513F0180506460C461FD1086820B99C
:10B1100040F2EA312D20E5F7B7FB00F0ACFB217CD3
:10B12000ECF7BAFC677CA38801463A4630460093A8
:10B130002B46ECF7CFFCA430D4E90223824273F112
:10B1400000032CBF0120002003B0F0BD0120FBE76D
:10B1500010B50446EAF702FD82B204F1690104F178
:10B160003600FEF765FC84F8440010BD37B5044690
:10B170000D46FFF7EDFF01222B466179204603B013
:10B18000BDE83040ECF71CBE38B588220B460C46B3
:10B1900003F8032B00F10902293052F8041B824204
:10B1A00043F8041BF9D1127802211A700123A588F3
:10B1B000A3712846E5F7ACFFA0B1E3784BB10221BB
:10B1C0002846E5F7BBFF68B140F233212D20E5F7B3
:10B1D0005BFBE9F7A1FC4B0404D52846BDE83840E9
:10B1E000FBF7F9B938BD70B504460D46173019465E
:10B1F0001646FEF705FC84F8205184F82151FF2300
:10B2000084F82231E91E04F1E80001298CBF0021F5
:10B210000121FFF77BF8314604F1A800EAF79CF919
:10B2200094F82A31002B14BF4D239623A4F8E23062
:10B23000A4F8E0300023A4F8E43070BD70B50D46EA
:10B24000044691F829111646D5F8C800FEF721FBEF
:10B25000B5F8D030A4F8AC0004F1A002A4F8AE30E8
:10B26000B5F8D230A4F8B03095F82B3184F8B2306C
:10B27000237F73B394F86830012B2AD194F86E3091
:10B2800003F0C003402B24D1D4F86930C4F8A030B7
:10B29000B4F86D309380082E236A04F1A60193F868
:10B2A000AC2003F1AD0084F8992004F19A02D3F8A0
:10B2B000AD3019D0C4F8A630838830468B8004F1B5
:10B2C0009901EAF773F840B940F6E2312D20E5F72D
:10B2D000DBFA0023C4F8A030DCE794F8993043F09F
:10B2E000020384F8993070BDC4F89A308388938043
:10B2F0000023C4F8A6308B80F5E70B468B2210B5EF
:10B3000003F8032BD0F80920C1F80320427B1A71FF
:10B31000CB78A3B130F8B43C1B0710D4B1F805408A
:10B3200002212046E5F7F4FE48B102212046E5F768
:10B3300005FF20B140F276212D20E5F7A5FA10BDDA
:10B340000121EDF7BFB8FFF7FBBFEDF78DB97047EF
:10B3500008B590F894300BB1012008BD90F8CC30BE
:10B36000002BF9D190F8BE3003F0FF00002BF4D091
:10B37000E9F794FB80F00100C0B2EEE730B54FF47E
:10B38000B07285B00D460021044601F0E5FCFF23B4
:10B3900023701323638042F21073E384E5F7ECFF1C
:10B3A00000220146E0646846E6F72CF800220121FD
:10B3B000E06CFAF79AFC0422E16C6846E6F722F8A2
:10B3C0000022E06C1146FAF790FC04F13000A574FD
:10B3D00000F001FA02A8EAF70DF920B94FF449711B
:10B3E0002D20E5F751FA02A904F13600FEF708FB1B
:10B3F00005B030BDFF23C86C0B70FAF743BC007872
:10B40000FF3818BF01207047F7B5044630300E46AC
:10B4100000F031FA61880746CA0605D52822EEF702
:10B4200059F96D3003B0F0BD8B07E06C0FD5FAF71A
:10B43000FEFC217905463846ECF72EFB6388014671
:10B440002846009333466279ECF744FBE9E7FAF7C4
:10B45000DEFCEEE7034608465A8812F0180F30B5B6
:10B4600087B010D103F13001ADF80420D3E90245D3
:10B470009B8800916946ADF81030CDE90245FFF791
:10B480003EFE07B030BD0120FBE7D0E90201704766
:10B490000B68C0F815308B88A0F819300123C376EB
:10B4A00070472DE9F04F07469DB00C46054610AE9B
:10B4B0000DF120080FCF0FC60FCF0FC697E80F0072
:10B4C00086E80F0040466E7900F085F9A37A277D63
:10B4D000039323787A1E0493022A637803F07F0A89
:10B4E000D14600F28380D90603D4A67D731E022BB9
:10B4F0007CD8637E03F0FD03012B02D1032F08BF2C
:10B500000427A37E03F0FD03012B02D1032E08BF05
:10B510000426617A404600F065F9237D227F40468B
:10B52000022B02F101020CBF617D0121D2B204BFE6
:10B530000131C9B200F058F91AF0080F6CD1404639
:10B5400000F099F963788346DA0654D4E5F742FFB0
:10B55000824639465846ECF79FFA012301463246A7
:10B560005046CDF80090ECF7B5FA40F271222179FF
:10B5700000F28620E378B0FBF2F043EA0123617920
:10B58000504343EA01435343984239D84FF0000BEC
:10B5900094F818A00793A37CE86C05930AF1FF3395
:10B5A000D3F1000A4AEB030AFAF731FC0690E86C83
:10B5B000FAF73DFC0699079B814238BF014688B2E5
:10B5C00068B308A90C9306930A910AA9ADF82C90C8
:10B5D000CDF834B08DF838708DF83960FFF78FFDF5
:10B5E000069BE0B945201DB0BDE8F08F40F2123156
:10B5F0000620E5F749F928224946EEF76BF8B4E74B
:10B60000E179A37943EA0123217A43EA01435343D1
:10B61000834228BF0346B9E700239B46B8E7CDE93C
:10B62000123B059B049A8DF853308DF8447010AF8F
:10B63000039B8DF845602E468DF850A08DF8543050
:10B640008DF84020ADF842900FCF0FC60FCF0FC638
:10B6500097E80F0086E80F0098E8030028630020B1
:10B66000A986E37A03F0FD03003B18BF012385F8A8
:10B670006F30E3682B67238AA5F8743095F846305D
:10B68000E27D62F3071385F84630ACE7438813F098
:10B69000100005D013F0040F14BF00201F207047C6
:10B6A0009A0704D4DB0701D4E5F794BEEE20704777
:10B6B00008B5FFF7EBFF003818BF012008BD4FF4B5
:10B6C0000043A0F8483043881D2B08BF0021417477
:10B6D000704790F912007047408800F001007047F1
:10B6E0008078C0F3400070478078C0F3C000704796
:10B6F00010B54488C06CE30654BFC4F34004002472
:10B70000FAF77CFB84F001042043C0B210BD8078BE
:10B71000C0F3001070474079C31E012B05D8B1F863
:10B720001E31012B14BF03200420704710B50446BE
:10B73000EAF714FAC0F30B00A042F9D010BD90F85C
:10B740006830016281F8B330D0F86930C1F8B430A4
:10B75000B0F86D30A1F8B83070477047ECF7B2BC64
:10B7600080F888107047FF2380F88B30704782780C
:10B77000034612F0010002D0D978C90710D590070E
:10B7800002D5D97889070AD512F0040008D0D878F4
:10B79000C0F3800080F001008000C0B2704702203A
:10B7A0007047C0F34002C0F3800300F0010013446F
:10B7B00018447047022808B507D0042807D001288C
:10B7C00007D039212E20E5F75FF8262008BD272075
:10B7D000FCE72520FAE70023C0F80230012343707C
:10B7E000037070478170704710B542701446017045
:10B7F0008078FFF7D6FF484304FB00F2FE2A03DD02
:10B800005C212E20E5F740F810BD0023C370437182
:10B810000371704710B50446FFF7A9FF637962789A
:10B820000133DBB29A4263710CD1E3780022A17834
:10B8300003436271DBB29942E37001BF2379E27086
:10B8400001332371BDE81040FFF7B4BF38B504469B
:10B850008078FFF7A6FF0146E078FFF7A2FF237884
:10B86000227965789B1A6B4359436379C91A00FBA7
:10B870001510C0B238BD014608B58078FFF791FFBA
:10B880004A780B7853435843C0B208BD08B5427993
:10B8900003462AB1FFF76BFFBDE80840FFF78ABFF8
:10B8A000C07881070BD410F00100F5D19B785A07BE
:10B8B00007D413F0020F14BF02200120ECE702208E
:10B8C000EAE70420E8E7032806D1920102F5347282
:10B8D000803201FB02F07047042803D1120102F507
:10B8E000E772F5E702280BBF0B320A329200D20052
:10B8F000EEE740F2EE20704740F25A33584370476B
:10B9000038B505460C46B0F8AA000D21E5F700FC55
:10B9100050B190F862323BB1C389EA889B1A9BB25E
:10B9200013B19C4228BF1C46204638BD10B50446C2
:10B93000FEF741FE2046BDE8104000F01BBA10B5EE
:10B94000044600F030FA10B92046FEF734FE00201D
:10B9500010BD08B50368DA7B182A04D040F27E5186
:10B960003120E4F791FF1E22DA7308BD08B590F884
:10B970009E30FE2B04D040F67A113120E4F784FF8C
:10B98000002380F89E1080F89F3012B9A0F8522052
:10B9900008BDA0F84A30012380F84E30F8E708B51A
:10B9A0000368DA7B352A05D10022DA73BDE8084046
:10B9B000FEF71BBE182A02D11E22DA7308BD40F220
:10B9C00093513120E4F760FF037D63B9C37BA3F19A
:10B9D0001002032A07D990F8560028B1202B8CBFFB
:10B9E00000200120704701207047037D63B9837BED
:10B9F000A3F11002032A07D990F8560028B1202B92
:10BA00008CBF00200120704701207047036810B5EB
:10BA10009A7B93F8A010092A08D193F899208A42BA
:10BA200004D100229A7383F84E2010BD1A6812F0D8
:10BA3000080406D022F00802BDE810401A60FEF7A4
:10BA4000D4BDFF2904D1372283F8CC429A73ECE7A6
:10BA50004FF4AF613120E4F717FF38B50E381368A3
:10BA600014460D469A7B09283ED8DFE800F0053DD4
:10BA70003D3D0F3D183D3D27042A05D12046FEF7E8
:10BA80009AFD2046EAF74CFE002038BD0F2AFBD174
:10BA9000002220461146BDE83840FFF721B8212A90
:10BAA000F2D12046FEF787FD002DEDD0226892F8F6
:10BAB000663023F0200382F86630E5E7DA7B272A38
:10BAC000E2D100252046DD73FEF78FFD236893F851
:10BAD0003831012B03D129462046E9F7E3F82368E2
:10BAE000002283F83821CFE740F262213120E4F7C9
:10BAF000CBFE024600680B4690F8661041F0040148
:10BB000080F8661099785878EEF708B838B50C4682
:10BB10000546D1E93001E5F7D3FB637B3BB104F582
:10BB20000E74204600F07AFE204600F083FE0F21BE
:10BB30002846E5F703FB10212846E5F7FFFA122116
:10BB40002846E5F7FBFA11212846E5F7F7FA132115
:10BB50002846E5F7F3FA28461421BDE83840E5F712
:10BB6000EDBA0022C281827490F8503013B10221E4
:10BB7000EBF7BABE0321FBE738B504460846E37B82
:10BB8000162B09D0A3F118025342534194F8C8224E
:10BB900022B10C25284638BD0123F7E7002BF8D049
:10BBA00094F8F83203F0FF05002BF2D190B194F82D
:10BBB000063223B940F67A313120E4F765FE0523D9
:10BBC00004F1800204F5FB7101F009F8012384F807
:10BBD000C832DFE70223FAE7EAF784B910B5044672
:10BBE000FFF790F800F58A71226A236C9A4228BF09
:10BBF0001A461046FEF774FCB0F5296F28BF4FF4C3
:10BC0000296080B210BD70B50D4604210646E5F7E7
:10BC10007FFA044648B906213046E5F779FA20B1A3
:10BC200015B190F8E53003B90446204670BD90F890
:10BC30003C00A0F1FF035842584170471FB5012353
:10BC40000A4603A9009340F68813F7F717F805B0E2
:10BC50005DF804FB08B5E8F75FFF0346C2054CBF7B
:10BC6000032001201B0548BF40F00C0008BD08B5AB
:10BC7000002320FA03F2D20706D40133042BF8D1B3
:10BC80004B21AC20E4F700FED8B208BD73B50C46DA
:10BC9000064618B9A921AC20E4F7F6FD457B2846F5
:10BCA000FFF7E5FF3E232370092363702123A37070
:10BCB000D6F80930C4F80330D6F80D30C4F8073090
:10BCC000431CE37101238340002025EA030504237C
:10BCD0007573003D63F3070018BF012565F30F205E
:10BCE00002B070BD10B50446E8F716FF032C11D85A
:10BCF000C1054CBF0323012302054FF0010000FAE8
:10BD000004F048BF43F00C03C0B21840003818BF1D
:10BD1000012010BD00200346F7E701467F20FFF712
:10BD20008DBF01466FF07F00FFF788BF2DE9F84314
:10BD300004460E460025FFF78DFF07465FFA85F99A
:10BD400002344846FFF7E9FF80464846FFF7E9FF1F
:10BD5000811B27FA05F201354B424B41B04508BF24
:10BD600043F00203D20744BFE675A375042DE5D165
:10BD7000BDE8F88303680F2110B593F86A200446E4
:10BD8000B3F8AA0022F0060283F86A20E5F7C0F9AA
:10BD90000123024621461A20EEF7A2FF2368002263
:10BDA00083F8542110BD232938B50446154613D114
:10BDB00003689A7B2D2A0FD10F21B3F8AA00E5F76B
:10BDC000A7F90123024621462846EEF789FF23689A
:10BDD000002083F8540138BD0220FCE7F8B506685E
:10BDE00096F86A40A70717D592F82E40A40715D5F4
:10BDF00096F8537107F0FF0497B982F82F1082F874
:10BE000030309DF8183086F85331014623462046DD
:10BE1000EEF766FF2046F8BD1A24FBE70C24F9E78D
:10BE20003A24F7E710B50C460F21E5F771F92146E2
:10BE3000BDE81040FFF77ABF0138C0B2032808B54B
:10BE400004D940F2F221AC20E4F71EFD08BD2DE933
:10BE5000F041D2F8008006460D460F21B8F8AA003E
:10BE60001746E5F755F9242E04461FD0252E40D05D
:10BE7000232E51D190F83160B30607D50126C07B3F
:10BE8000FFF7DAFF8640F6B284F831603046FFF7FC
:10BE9000EEFE6E7004EB400094F83230AB7090F917
:10BEA0001900EFF76DF8E870BDE8F08190F82F0009
:10BEB000FFF7DDFE98F80E3006462D2B16D0A06851
:10BEC000EAF7CCFD804604EB46031A7E6A7094F8CC
:10BED0003020AA7093F91900EFF752F885F8048022
:10BEE000E8703B68002283F85321DDE74FF0FF083C
:10BEF000E9E790F82F603046FFF7B9FE6E7004EB6B
:10BF00004000037EAB7094F83030EB7090F919006C
:10BF1000EFF736F82871E4E74FF4A371AC20E4F7AB
:10BF2000B3FC2DE9F84F074693F900000E4615467D
:10BF300098464FEA420900283DD001EB09037F28CB
:10BF400093F901A006D050447F282FDC10F1800F18
:10BF50002EDB40B22946FFF771FE04462846FFF764
:10BF6000DCFE231A2846D3F1000B4BEB030BFFF743
:10BF7000D8FE8442A4EB0A044FEA4B0BE3B208BF9D
:10BF80004BF0010B60B206F815B04E4488F8000083
:10BF900072789C1864B2747097F87800FFF74CFFC1
:10BFA000A84208BF87F88040BDE8F88F7F20D1E71E
:10BFB0006FF07F00CEE70346E7E72DE9F7434578CA
:10BFC0000E468378D1F80080C4788DF80730FFF7EB
:10BFD00041FE284245D06F1E2F4042D17E2C4FFAA1
:10BFE00084F940D03268937B3E3B042B03D83A203F
:10BFF00003B0BDE8F083D37B3E3B042BF7D90F2180
:10C00000B8F8AA00E5F784F890F82E30044643F01B
:10C01000020380F82E302846FFF729FE024604EB83
:10C02000400393F9211049451CBF83F8219083F800
:10C030002070336893F853110129D8D8032183F86D
:10C0400053110DF1070308F1A80004F1180184F859
:10C050002F50FFF766FF9DF80730002084F830303E
:10C06000C6E72020C4E71E20C2E770B505460E468D
:10C0700040880F21E5F74CF804463046FFF7DCFE18
:10C0800004EB4004637E85F8803070BD2DE9F341F8
:10C09000056804460E460F21B5F8AA009046E5F75C
:10C0A00037F82368074693F85331D3B995F92851E7
:10C0B000751B6BB29D4204D040F20931AC20E4F70D
:10C0C000E3FB3146FFF732FEFFF7C4FD2B46014686
:10C0D0003A462046CDF80080FFF780FE02B0BDE86A
:10C0E000F0813A20FAE72DE9F34104460D46B0F815
:10C0F0006C0001A990461F46FDF7DFFB20B140F21E
:10C100001631AC20E4F7C0FBA806019E12D42846E5
:10C11000FFF7ADFDD6F86630D9054CBF03210121EC
:10C120001A054FF0010348BF41F00C0103FA00F07B
:10C13000014211D096F86A309B070DD596F854311C
:10C1400003F0FF0053B984F8315084F8328086F848
:10C15000547102B0BDE8F0811A20FAE73A20F8E7FE
:10C160002DE9F04F002689B04FF400730DF110094E
:10C17000B2460290ADF8103019F8013B4FF00108BB
:10C18000CDE906AA8DF81E3006A8E4F7FBFF0446A9
:10C1900030B1731C0126022BEED109B0BDE8F08F3F
:10C1A00005A9BDF81C00FDF788FB20B14FF46171B3
:10C1B000AC20E4F769FB059D0F21B5F8AA00E4F770
:10C1C000A7FF834695F82001FFF736FE08FA00F531
:10C1D0000BEB4003E9B293F919700391FFF73AFDB5
:10C1E00020EA050203990BF11905D2B222FA04F0F4
:10C1F000C30707D515F91400B84202BF08FA04F0C6
:10C200000843C1B20134042CF0D1029B5A4605A860
:10C21000CDF80080FFF7E2FDB6E708B503689A7B2A
:10C2200022B14FF46471AC20E4F72EFB2D22B3F859
:10C23000AA000F219A73E4F76BFF90F82E3043F0B9
:10C24000010380F82E3008BDF8B50646084634686C
:10C2500094F8A8702FB123685B0605D50125284600
:10C26000F8BDE37B002BF9D13146FFF7A6FE05466A
:10C2700050B117B1E37B002BF0D12A463046232181
:10C28000BDE8F840FEF7C5B92FB92D23E37330465A
:10C29000FEF799F9E3E7236843F040032360F6E7EC
:10C2A00070B50468054694F8A8308BB9E373A4F818
:10C2B0005230FEF79AF90F21B4F8AA00E4F728FFEC
:10C2C0000023024629461846BDE87040EEF708BD37
:10C2D00023685A0604D440F2E231AC20E4F7D4FAE1
:10C2E00023F040032360E4E7FEF765B908B500F0EA
:10C2F0001CF9BDE80840EEF743BE1D2310B5044607
:10C300000370E8F74DFC6070022010BD1E2310B5CD
:10C3100004460370E8F744FC6070022010BD01235E
:10C320004380038000238380C3804FF448630381EC
:10C3300070471021E4F7ECBE73B501A90546FDF77F
:10C34000BCFA044618B121215420E4F79DFA28468E
:10C35000019EFFF7EEFF30B10123A6F8DE308481A5
:10C3600044810482C48102B070BD3C2303804FF439
:10C37000FA4343800123C3808380002303814381E8
:10C380004FF4486383817047F8B50446E8F7CAFB69
:10C390000746637803EB43035D00E8F7D7FB0646E7
:10C3A000EDB2E8F7C3FB2070062D4FF0000109BF86
:10C3B0003B6800233268134004BFC4F802300123F5
:10C3C000C3F1060204EB830092000230BDE8F8409E
:10C3D00000F0C2BCF7B50D46074620B94FF48E7188
:10C3E0006120E4F751FA12210238E4F7EBFE01A9CB
:10C3F0000446FDF762FA10B140F22311F0E79923E9
:10C40000AC80019A2B70BB7AFF2B08BFB87292F8F0
:10C4100069301B0703D41A23EB7003B0F0BD00266C
:10C4200007F10E0105F11000EE70BB7AAB71FB7ADB
:10C43000EB71D2F86630AB60D2F86A30EB60EB7A21
:10C4400023F00803EB72FC7A04EB4404E400E4B24A
:10C4500022460834F8F762FD3146E4B2C4F1F8022E
:10C46000083402F0F802281903B0BDE8F04000F0EB
:10C4700073BC08B5036893F8A8205AB9D97B4B2937
:10C4800003D0A7216120E4F7FFF9DA73BDE8084083
:10C49000FEF7ABB81A68D10401D4AC21F2E722F45C
:10C4A00080521A60F2E70B68122110B50446B3F807
:10C4B000AA00E4F72DFE0378601CA370FFF764FF69
:10C4C0001B2010BD08B503689A7B1AB1C4216120F6
:10C4D000E4F7DAF94C229A7308BD08B5EFF7D0FA01
:10C4E000EEF75CFFEEF78AFEBDE80840F0F720B8F3
:10C4F00010B5C824EEF716FF022808D1013C14F04D
:10C50000FF04F7D10620E9F775FA204610BD431E57
:10C5100058425841FAE710B5EFF7DEFA044600F04A
:10C520000EFA201841F1000110BD07B501ABF0F77C
:10C53000D1FE03B05DF804FB38B504461546EFF7AD
:10C540007DF801462A462046BDE83840EFF7CCBBCF
:10C55000704719B943780BB1C3788370704710B531
:10C5600004460846EFF7EAFE4FF47A73B0FBF3F0A7
:10C57000201A10BD38B5044608461546EFF7DEFE12
:10C580004FF47A7300F2E730033DB0FBF3F0012D76
:10C59000A4EB00048CBF02200A20201A38BD012021
:10C5A0007047831C212B04DD4C2B04DC2038C0B2E7
:10C5B0007047002070472A2070477F2808B503463F
:10C5C00004D0F0F72FFBC0F11003DBB258B208BD66
:10C5D0007047013808B507280BD8DFE800F00F11C5
:10C5E00006040A0F0F08032008BD0220FCE7042000
:10C5F000FAE740F289410620E4F746F90020F3E724
:10C600000120F1E708B503280FD8DFE800F0021297
:10C61000070B002914BF0320052008BD900005303A
:10C62000C0B2FAE790000B30FAE75C218720E4F70C
:10C630002BF90620F1E72DE9F04104460F46164696
:10C64000F6F726F894F86232062B08D094F8623296
:10C65000052B04D040F275218820E4F715F9FE225D
:10C66000002304F1DA08A4F85C221D46D4F8D42093
:10C67000A4F8603284F8B03084F8A0326374927AFF
:10C6800084F8B222AF4212D194F82F3184F87B3172
:10C6900084F8C531002384F8663294F86222052AB2
:10C6A0000AD14EB9022384F86232BDE8F0814046D7
:10C6B0000135F3F7F1FEE5E784F86232D4F8D420CF
:10C6C000B4F86412B2F847300B44A2F84730ECE7F4
:10C6D0000023F7B50646A0F2A624CDE900330D23CA
:10C6E0008DF806306846E4F74DFD054608B103B005
:10C6F000F0BD009BA342F5D116F8403C002B14BFBF
:10C70000012700270DD00D212046E4F75BFD0646EA
:10C710000E21E4F7FDFC2A4690F845113046FAF761
:10C720006FF8B4F864123A46B4F8B0322046C91A29
:10C7300089B20131FFF77FFFD9E700F038B8801ADE
:10C7400000F3070038B50D46144659B240B2F6F76B
:10C750001BFB0023287020446B7040B238BD0023BF
:10C76000036070477047002070474FF0FF307047FC
:10C770004FF0FF30704770474FF0FF307047002098
:10C780007047002070470023037070479DF8003009
:10C790000022FFF7D4BF4FF0FF30704700207047F2
:10C7A0004FF0FF3070474FF0FF30704770477047D1
:10C7B0000020F6F72DBB0020F6F704BC0020F6F7AA
:10C7C00015BC0020F6F724BB7047F6F75DBCF6F702
:10C7D0006FBCF6F75FBCF8F7EDB8F7F79DBDF7F75C
:10C7E000B3BDF8F707B900F04FB9F8F7F5B810B5D1
:10C7F000837F8BB9034601F1180251F8044B914233
:10C8000043F8044BF9D1012484772146F6F792FFCF
:10C81000F7F774FD204610BD0020FCE710B5044674
:10C820000221F6F787FFF7F769FDA07FB0FA80F0E5
:10C83000400910BD38B50446A37F03B938BDA37FB6
:10C84000032B02D0A37F042B0ED1EFF3108572B619
:10C850002046F7F78DF905B962B6A37F002BEDD01E
:10C86000FF210320F8F75EF9A37F012B02D14FF4DB
:10C870008271F6E700F0BDF9DEE7F8B50746F7F795
:10C88000ABFD044620B940F229110320F8F74AF91C
:10C89000F7F7A8FDA46800252418384641F10006E2
:10C8A00022463346F7F7ECF9A04271EB060309D3B1
:10C8B000001B6FF0010361EB0601834275EB010180
:10C8C00002D3F8BD2846FCE74FF0FF30F9E72DE929
:10C8D000F04104460F46F7F77FFD064620B94FF4B6
:10C8E000A3710320F8F71EF98568002362195B41E4
:10C8F00013B10020BDE8F081F7F774FD2A1838461F
:10C9000041F1000314EB020843F10005F7F7B8F911
:10C910004045A941EDD3F8F74DF800F074F8B3683D
:10C92000012037752344B360E4E7837F012B01D1F5
:10C93000F7F782BA00207047D0E900017047F7F797
:10C9400051BD8068704708B5F7F746FD20B940F241
:10C950009B110320F8F7E6F8007D08BDF8B50369E0
:10C96000044623B14FF4D1710320F8F7DBF8F8F750
:10C9700021F805460E46F6F733FE70B36435D4E968
:10C98000003246F10001AB4272EB010001D22B46AE
:10C990000A46C4E90032EFF3108572B6F7F71CFDC2
:10C9A000064698B1F7F71EFDB3680B332CBF012282
:10C9B00000221B18D4E9006042EB0101B34271EB85
:10C9C00000023CBF33460146C4E9003105B962B6F6
:10C9D0002046BDE8F840F7F7C9B9F6F721FE07464B
:10C9E000F7F70EFDB84238BF3846963546F10002DB
:10C9F0004319D4E9000142F10002834272EB0105C0
:10CA0000C7D20346C4E7F6F7AFBF032910B5044603
:10CA100006D801290ED840F25D11B020F8F782F84F
:10CA20000429F8D1F6F79CFE20B12046F7F740FA2A
:10CA3000022010BD0020FCE7C0E9081220220021DE
:10CA400000F08AB910B5037886B0044623B14FF4DC
:10CA5000AB714520F8F766F80593CDE90333D0E9CB
:10CA60000423CDE9002343680293037A68468DF8D6
:10CA70001430FFF773FF0120DDE90023C4E904232C
:10CA800006B010BDF7F730BE10B5029C241841F176
:10CA90000001A01A61EB0301B0F1004F71F1000138
:10CAA00003DBAA210420F8F73DF810BD70B500247F
:10CAB000F7F7F4FF05462646E0B2854200D870BD80
:10CAC000F7F7F2FF0134068580F82A60F4E7F8B53D
:10CAD000037904461BB11B219D20F8F723F8467902
:10CAE000017126B901234371217909B96171F8BD3A
:10CAF000276820462671B84702280546F4D103214D
:10CB00002046B84708B12F21E6E72368294620468A
:10CB100098470028E8D03021DEE70346006800B9D6
:10CB200070478842F9D102681A60704701F110031A
:10CB3000013813F8012D8B4200F8012FF9D170470D
:10CB40002DE9F04713F0010F8EB004460D4617464D
:10CB50009A46DDE9168924D006A8FFF7E7FFA30768
:10CB600035D002AA04F110052068083454F8041CDA
:10CB70001346AC4203C31A46F6D106AD02AC1AF016
:10CB8000020F4346CDF8009023D0294620460AAA3A
:10CB9000F8F772F80AA93846FFF7C8FF0EB0BDE8EB
:10CBA000F08713F0040F0DD106AB0E4601F1100C07
:10CBB0001D463068083656F8041C1A46664503C2FE
:10CBC0001346F6D1214602A8FFF7B0FFD6E706AD1F
:10CBD000D5E73A4629462046F8F74EF8DEE713B582
:10CBE0000024CDE90044FFF7ABFF02B010BDF8F719
:10CBF00047B920BF704720BF70479142F8B503D3B3
:10CC000073219620F7F78EFFB2FA82F33BB1C3F19E
:10CC1000200499409A4020FA04F4984021434FEAB6
:10CC2000124C93B2040C87B2B1FBFCF50CFB151E41
:10CC300005FB03F64FEA0E4E0EEB1040864205D977
:10CC4000361A964294BF01260226AD1B04EB014121
:10CC5000280405FB1211B1FBFCF40CFB1411634317
:10CC600007EB0147BB4205D9DB1B934294BF01236D
:10CC70000223E41A2043F8BD2DE9F0411D46074682
:10CC80000C46164652EA050303D1A6219620F7F773
:10CC900049FF85B9914204D2FFF7AFFF2946BDE8AD
:10CCA000F08108462946FFF7A8FF05463246384678
:10CCB00006FB1541F0E7B5FA85F80123400803FAB1
:10CCC00008F3C8F11F0840EAC470A3FB0212610810
:10CCD00003FB0522FFF791FF30FA08F04FF0000147
:10CCE00002D0013861EB010100FB05F3A0FB062C2B
:10CCF00006FB0133BF1A634464EB0304B742AC4143
:10CD0000CDD3013041F10001C9E762B1013910B55D
:10CD1000841810F8012B11F8013FA04201D09A426B
:10CD2000F7D0D01A10BD10467047431A934200EB5B
:10CD3000020310B508D3013902469A420BD011F80C
:10CD4000014F02F8014BF8E70A4412F8014D8A42FC
:10CD500003F8014DF9D110BDF0B5C9B20446A307DF
:10CD600026460ED14FF0013522F003034D43E7185C
:10CD7000BC420CD1334402F003021A44934209D15D
:10CD8000F0BD002AFCD0013A04F8011BE7E744F8A3
:10CD9000045BEDE703F8011BF0E700280CBF6FF020
:10CDA0001500002070470020704707230370002003
:10CDB000704700207047002070472DE9F0478C46EF
:10CDC0008E46089E154604461946002B40F0D0803A
:10CDD000724547D9B2FA82F74FB1C7F120030EFA74
:10CDE00007FCBD40BC4020FA03F343EA0C0C4FEAB9
:10CDF000154EA8B2230CBCFBFEF80EFB18CC08FBAA
:10CE000000F943EA0C43994528D9EB1808F1FF32A1
:10CE100004D2994502D9A8F102022B44A3EB0903DD
:10CE2000A4B2B3FBFEFC0EFB1C330CFB00F044EA87
:10CE30000344A04214D92C190CF1FF3304D2A042B0
:10CE400002D9ACF102032C44241A43EA02401EB179
:10CE5000FC40002334607360BDE8F0874246DDE7A4
:10CE60006346F1E7002A79D0B2FA82F3002B3FD073
:10CE70001946C1F1200302FA01F500FA01F42EFA75
:10CE800003F20EFA01FE20FA03F3AFB243EA0E03F7
:10CE90004FEA154EB2FBFEFC0EFB1C201A0C0CFBDD
:10CEA00007F842EA004290455AD9AA180CF1FF301F
:10CEB00004D2904502D9ACF102002A44A2EB080248
:10CEC0009BB2B2FBFEFC0EFB1C220CFB07F743EAF5
:10CED00002439F4246D9EB180CF1FF3204D29F4225
:10CEE00002D9ACF102022B44DB1B42EA004202E011
:10CEF000AEEB020301224FEA154EAFB2200CB3FB9A
:10CF0000FEFC0EFB1C330CFB07F840EA034398457C
:10CF10002AD9EB180CF1FF3004D2984502D9ACF1B4
:10CF200002002B44A3EB0803A4B2B3FBFEFC0EFBF0
:10CF30001C330CFB07F744EA0344A74216D92C190B
:10CF40000CF1FF3304D2A74202D9ACF102032C4406
:10CF5000E41B43EA00400F46114678E71F2188E7AB
:10CF60006046ABE76246BFE76046DBE76346EFE754
:10CF7000734506D916B9002108466DE7C6E9000ECB
:10CF8000F9E7B3FA83F787B9734501D3824207D82B
:10CF9000841A6EEB030301209C461EB900215BE757
:10CFA0003846FAE7C6E9004CF8E7C7F1200CBB4069
:10CFB00000FA07F422FA0CF520FA0CF1BA401D43EE
:10CFC0002EFA0CF30EFA07FE4FEA154941EA0E015C
:10CFD0001FFA85FEB3FBF9F809FB18300B0C08FBB0
:10CFE0000EFA43EA00439A4540D9EB1808F1FF30A6
:10CFF00004D29A4502D9A8F102002B44A3EB0A03FC
:10D0000089B2B3FBF9F809FB183308FB0EFE41EABD
:10D0100003418E452CD9691808F1FF3304D28E459F
:10D0200002D9A8F10203294443EA0040A1EB0E0112
:10D03000A0FB02984145CE46434602D306D14C455B
:10D0400004D20138B9EB020E68EB0503002EA5D01F
:10D05000B4EB0E0261EB030101FA0CFC22FA07F3B8
:10D06000F9404CEA0303C6E9003197E74046C5E7BB
:10D070004346D9E70000000020200202404022225F
:10D080006060616124246262636335356464656550
:10D090003737666667673939686869696969791C0D
:10D0A0001C1C1C202022222424262628282A2A2C44
:10D0B0002C2E2E303032323434363638383A3A3C30
:10D0C0003C3E3E40404242424246000000000000DA
:10D0D00010B54FF0FF304FF0FF3109F0DFFAD8B153
:10D0E000044608210C3008F01DF802460E4B93F858
:10D0F000903013F0010F0BD10C484FF0005122F08B
:10D1000022FE0022214640F6014009F079FE10BDC2
:10D1100003A1D1E90001F2E76FF06800F7E700BF73
:10D120009088000200800020780100201088000212
:10D1300030B583B0164D002400946FF009034FF40E
:10D14000A0621449284619F059F91349284619F0E4
:10D1500087FD1249124818F0F5FE224604211C20D2
:10D1600007F01AF80F4B0122D3E8EF1FC3E8E02FB6
:10D170000028F9D104A3D3E900230B4815F0E6FEFB
:10D18000204603B030BD00BF389C1C0000000000EA
:10D1900070600020C81C012070E60400112F0300FD
:10D1A00008E4002000E40020A802002000000000A5
:10D1B00008B5094BD3E8AF3F03B908BDF6F716FA37
:10D1C00003A3D3E90023054815F0C0FEF5E700BF2F
:10D1D000389C1C000000000000E40020A802002091
:10D1E00038B5174B98420ED00133984211D0023B0C
:10D1F000984214D10CA5D5E90045C2E90045114B70
:10D200000B60002038BD0AA5D5E90045C2E90045FC
:10D21000F5E709A5D5E90045C2E90045EFE71EF0AD
:10D2200055FEEFE7AFF3008001C0FF7F0000000074
:10D2300002C0FF7F0000000003C0FF7F000000006D
:10D2400002C0FF7F03004E8010B584B00446032067
:10D2500021F00AFA68B1E37E6BB1084BE278A18A4B
:10D26000E08A029001910092054A0321054800F0EE
:10D27000F5FC04B010BD044BF0E700BFA8ED0400BE
:10D280003C8F040038FC0400388F040010B584B0D3
:10D290000446032021F0E8F908B904B010BDE37892
:10D2A000627BE17C029101920093237B024A03217D
:10D2B000024800F0D3FCF0E7708F040038FC040053
:10D2C00010B543681C68012303FA01F10C4204D035
:10D2D0009AB18368DB68984710BD0A4C40F27963C5
:10D2E00022460949094821F0A5FD094821F0A2FD7F
:10D2F00040F27961204621F094FD83681B699847CC
:10D30000EAE700BFC08F0400F48F040034900400EB
:10D310005490040038B5436805691C6801238B40AC
:10D320001C4208D02C68234202D0B2FA82F2520981
:10D33000FFF7C6FF38BD084C40F2A26322460749FA
:10D34000074821F077FD074821F074FD40F2A26103
:10D35000204621F066FD00BFC08F0400F48F04005A
:10D360003490040054900400104B1B5C03B97047C8
:10D3700030B583B004460E4B03EBC0000A4601797A
:10D3800053F83400FFF7C6FF054608B903B030BDB7
:10D39000022021F069F90028F8D00095631C054AA5
:10D3A0000221054800F05AFCF0E700BFC0640020ED
:10D3B00028FC04006890040038FC040010B5084BF9
:10D3C0000024D3E8EF2FC3E8E14F0029F9D121462B
:10D3D0002046FFF7C9FF21460120FFF7C5FF10BD1A
:10D3E000BC64002001B1704708B5064B0121D3E8A9
:10D3F000EF2FC3E8E01F0028F9D10020FFF7B4FFAA
:10D4000008BD00BFBC640020F8B5876845680469A2
:10D4100012F0FC6F33D1134602F03002302A3ED0B6
:10D42000504A1A40504EB24249D003F00602042A34
:10D4300055D013F4402205D013F4003F5CD0B2F570
:10D44000402F69D013F4801F05D022B113F0010FD3
:10D4500001D083F4402323F480122D684FF0010C97
:10D460000CFA01FC15EA0C0F66D013F0010F73D013
:10D4700023684CEA030323603B689847F8BD3B4CA4
:10D480004FF47D7322463A493A4821F0D3FC3A489A
:10D4900021F0D0FC4FF47D71204621F0C2FC334CCA
:10D4A00040F2F73322463549324821F0C3FC344874
:10D4B00021F0C0FC40F2F731204621F0B2FC2B4CA9
:10D4C00040F2FB3322462F492A4821F0B3FC2E4874
:10D4D00021F0B0FC40F2FB31204621F0A2FC234CAD
:10D4E00040F2FE3322462949224821F0A3FC40F2B3
:10D4F000FE31204621F095FC1C4C40F201432246AF
:10D5000023491C4821F096FC224821F093FC40F26C
:10D510000141204621F085FC144C40F2054322468F
:10D520001D49144821F086FC1C4821F083FC40F280
:10D530000541204621F075FC0C4C40F21143224677
:10D5400017490C4821F076FC164821F073FC40F294
:10D550001141204621F065FC236823EA0C03236077
:10D560008AE700BF0200030002000100C08F040030
:10D570008490040034900400F49004001891040096
:10D580005491040094910400E49104003492040046
:10D5900068920400B8920400F492040044930400DA
:10D5A000F48F04005490040010B584B0032021F0DF
:10D5B0005BF830B90F4A00230F4819F0E7F804B0C0
:10D5C00010BD0E4BD3E8AF3F0D4AD2E8AF2F0D4947
:10D5D000D1E8AF1F0C48D0E8AF0F0C4CD4E8AF4FE8
:10D5E0000394029001910092094A0321094800F036
:10D5F00035FBDFE7B4C4040048010020B864002014
:10D60000B4640020AC640020A8640020B064002052
:10D610007093040038FC040000B17047044BD3E859
:10D62000EF1F0131C3E8E21F002AF6D0F7E700BF81
:10D63000A8640020154BD3E8EF1F0131C3E8E21FB7
:10D64000002AF8D18278124BD3E8EFCF9444C3E894
:10D65000E1CF0029F8D1437C0F2B05D0037C012BAF
:10D660000BD16FF08B0070470A4BD3E8EF1F0131ED
:10D67000C3E8E21F002AF1D0F7E7074BD3E8EF1F1A
:10D680000131C3E8E21F002AEBD0F7E7B4640020C1
:10D69000B0640020AC640020B86400202DE9F041A3
:10D6A00084B004460F4616461D460A2820D8274B4C
:10D6B00053F82080431E092B1ED8DFE803F0141D09
:10D6C0001D1D1D050F14140F214BD3E8AF1F00398A
:10D6D00018BF01210120FFF747FE0BE000210120C8
:10D6E000FFF742FE06E000210120FFF73DFE01E0CA
:10D6F000DFF860800A2C03D0082C01D00A9BA3B16C
:10D70000022020F0B1FF20B9042C1AD004B0BDE8EB
:10D71000F0810A9B039302950196009743460E4AB7
:10D7200002210E4800F09AFAEEE7032020F09CFF59
:10D730000028E9D043460A4A0321084800F08EFA3F
:10D74000E2E7084821F0A3F8E0E700BFE4FB0400AB
:10D75000BC640020B4930400B893040038FC0400B7
:10D76000FC930400C464002010B582B001A820F02E
:10D77000A1FF044620B114F1020F08D102B010BD80
:10D7800001A800F0F9F904460028F7D0F3E70220D9
:10D7900020F06AFF0028F1D02346034A0221034803
:10D7A00000F05CFAEAE700BF0894040038FC0400CB
:10D7B00030B583B0002409E04FF4B011144800EBF9
:10D7C000C40020F0DCF905460BE00134012C1CD824
:10D7D0000F4B53F8340027F0D0FC0028ECD16FF049
:10D7E0001205002D0CBF012200220A4B1A55ECD065
:10D7F000022020F039FF0028E7D00095631C064A7C
:10D800000221064800F02AFADFE703B030BD00BF6E
:10D8100028FC0400C06400203894040038FC040094
:10D8200010B58EB004460123029302A903A80AF0A2
:10D8300003FE029B0BB100231DE0012020F014FF2A
:10D8400010B96FF03C040BE02C4A01212C4800F089
:10D8500005FAF6E7012020F007FF20B96FF0150464
:10D8600020460EB010BD1423264A0121244800F0A2
:10D87000F5F9F3E70134227852B1202AFAD0142BBB
:10D88000E8D003F13801694401F8242C0133F1E7B1
:10D89000062018E0013800F138026A4412F82B1C07
:10D8A0004FEA111C184C14F80CE003F1380CEC444E
:10D8B0000CF824EC01F00F01615C03F139026A44B9
:10D8C000023302F8241C0028E4D138336B440022D0
:10D8D00003F8242C05A809F0F5F904460028BFD068
:10D8E000012020F0C1FE0028BAD0009405AB074A01
:10D8F0000121034800F0B2F9B2E700BF50940400E0
:10D9000038FC040070940400A0FB0400A8940400F8
:10D9100010B58AB0FFF728FFFFF74AFF474820F00D
:10D92000C1FE044610F1020F3ED0002C4CD1032062
:10D9300020F09AFE002855D1002009F0E7FE0446A9
:10D94000002857D120F0C1FE00285FD0FFF768FF04
:10D9500000283DD13A4800F05BFF0446C8B903AB4C
:10D96000002203920492059206920792089209926D
:10D97000344A03CACDF80D00CDF8111001228DF8FC
:10D9800024208DF82520184620F051FF0446002859
:10D990003ED0012020F068FED0B123462A4A012162
:10D9A0002A4800F05BF913E0022020F05DFE28B960
:10D9B0002749224820F071FA0446B6E7254A022199
:10D9C000224800F04BF9F3E7012020F04DFE10B99A
:10D9D00000200AB010BD23461F4A01211B4800F059
:10D9E0003DF9F5E71D4B1B681D4A0321174800F060
:10D9F00035F9A1E7012020F037FE0028E8D02346C2
:10DA0000184A0121114800F029F9E1E716489DE77D
:10DA1000032020F029FE28B9144A0023144818F0E6
:10DA2000B5FED5E709F06EF90346044A92780092F4
:10DA3000104A0321054800F011F9EDE7C464002005
:10DA4000B4FB0400C8640020A495040038FC040062
:10DA500010FC0400D89404002095040098FC0400F5
:10DA60006095040088950400CC940400B4C40400BC
:10DA700048010020C0950400C37C90F810C0BCF1A0
:10DA8000070F13D8A3B10F2B14D8002203E003F023
:10DA9000010002445B08002BF9D1074B03EB4C0358
:10DAA000585C90428CBF00200120704700207047D6
:10DAB000002070470020704750FC040008B338B5C0
:10DAC000044624252A4600211FF076F901232370FD
:10DAD00065700D4B03CB6060A1600C4B1B88A3816C
:10DAE0000B4D0FCDC4F80E00C4F81210C4F8162068
:10DAF000C4F81A302868C4F81E00AB88638400207C
:10DB000038BD6FF0150070477CFC040078FC040001
:10DB100060FC0400064B53F820302BB1054B1B5C16
:10DB20008B4203D2002070470020704701207047CD
:10DB30006C030020680300202DE9F8430546894660
:10DB400090461F46002400E00134012C0EDC0848FA
:10DB500050F82460002EF7D0064B1B5DAB42F3D388
:10DB60003B46424649462846B047EDE7BDE8F883C4
:10DB70006C0300206803002050B10278042A0AD800
:10DB80004378042B0AD807490A704B70002070476D
:10DB90006FF0150070476FF0150070476FF01500BB
:10DBA000704700BF6803002010B5144B0022D3E873
:10DBB000EF4FC3E8E12F0029F9D104B910BD0220CD
:10DBC00020F052FD0028F9D023460D4A40F2011101
:10DBD0000C481FF00DFA044620F028FD0146002CE9
:10DBE00003DDFF2C07DC234600E00023054A02206A
:10DBF000FFF7A2FFE2E74FF48073F7E7F06500203C
:10DC00005C960400E864002038B502460B461048D4
:10DC100017F0E4FCD0B104460E4D4FF0FF324FF048
:10DC2000FF33284617F032FA638904F10C02616869
:10DC3000207AFFF781FF2146074816F0FFFEFFF725
:10DC4000B3FF284617F03AFB012038BD0020FCE75F
:10DC50005C0900209C080020E40700200CB470B58B
:10DC600084B006460C4627F077FC40B9631EDBB251
:10DC7000032B12D904B0BDE8704002B07047304C9D
:10DC80005D2322462F49304821F0D4F82F4821F057
:10DC9000D1F85D21204621F0C4F80022002303A919
:10DCA0002B4816F039FE002834D1039D20F0BEFC2D
:10DCB00068602C720096274B53F82430264A40F2B5
:10DCC000011105F10C001FF093F9B0F5807FA8BF9A
:10DCD0004FF4807020EAE07409AB029304F108006D
:10DCE0002844089AC4F58071013104301FF0FCFE0D
:10DCF0000028ACBF2318231CFF2B1EDCA4B2002875
:10DD000019DD80B20444A4B26C812946134827F07F
:10DD100018FBAFE7124BD3E8EF1F0131C3E8E21F56
:10DD2000002AF8D10F4BD3E8EF1F0131C3E8E21FFF
:10DD3000002A9FD0F7E70020E4E74FF48074E3E780
:10DD40008C960400D896040034900400E8960400F1
:10DD5000E407002084FC0400049704005C09002010
:10DD6000F0650020EC65002000B583B08C460748C4
:10DD7000A0FB0C10810900924FF47A7202FB11C2D1
:10DD8000034821F040F803B05DF804FBD34D621066
:10DD900030970400094B93F859304BB10A2B09D046
:10DDA0000B2B09D00C2B01D00120704700207047AD
:10DDB000002070470020704700207047E01D0020C1
:10DDC000054B002283F8CB2083F8CC2083F8CD20AC
:10DDD00083F8CE20704700BFE01D0020064B93F86B
:10DDE0005830012B03D0044B93F8A6007047024B28
:10DDF00093F86A00704700BFE01D002010B50C4B7F
:10DE00001B7823B106F0E4FA0A4B185810BD0A4CEF
:10DE100040F2463322460949094821F00BF80948E7
:10DE200021F008F840F24631204620F0FAFF00BF0A
:10DE30009DE8002008000000409704006C97040053
:10DE4000349004008097040010B582B00446684600
:10DE500001F0EEFA009A019B0B4991F85A1061B15A
:10DE60000949086E496E994208BF904205D0904218
:10DE7000994102D2044B02465B6E204627F08BFC90
:10DE8000204602B010BD00BFE01D002000B583B0E9
:10DE90008DF8040000238DF8053001A9034B986824
:10DEA00025F082F903B05DF804FB00BFE01D0020FF
:10DEB00070B586B005460023019300F001FE174BB4
:10DEC000D3E8AF3F23B380F00104E4B254B9002299
:10DED00000232946124827F0BAF9E0B984B901981D
:10DEE00006B070BD02AE01220021304627F040FA94
:10DEF0002E6501AB6B654FF0FF324FF0FF33E8E763
:10DF00004FF0FF324FF0FF3302A817F0EBFCE6E7CB
:10DF10006FF01500E4E76FF00A00E1E7F865002014
:10DF2000DC08002008B5FFF769FF034B834214BFEC
:10DF30000020012008BD00BF281D002040B1054A77
:10DF4000D2E8AF2F904201D00020704701207047E7
:10DF5000002070470066002038B50C46104BD3E80F
:10DF6000AF5FFFF7EBFF60B1EDB254B14DB1637A33
:10DF700043B1691E18BF0121204600F0DDFD012DCF
:10DF800009D038BD074BD3E8EF1F0131C3E8E21FCA
:10DF9000002AEED0F7E7044BD3E8AF3FF1E700BF2C
:10DFA00004660020246600200866002010B50446A0
:10DFB0000022002301460B4827F049F900B910BDA3
:10DFC000022020F051FB28B9A0680028F7D00CF0FF
:10DFD00083F8F4E72378044A02210448FFF73EFE61
:10DFE000F2E700BFDC080020A49704009CFC0400BA
:10DFF0002DE9F041A8B006460D46144658220021EE
:10E0000008A81EF0D9FE0F238DF820308DF821507E
:10E01000304620F080FB0A9040B34DB944B1032054
:10E0200020F022FB28BB032020F01EFB00283DD15E
:10E0300000220023CDE9002323462A4631461EA8AC
:10E040001FF07DFF00284ED06DB964B122788DF8A5
:10E050003020E3798DF83230637B03F001038DF8D3
:10E060003430032A43D908A8FFF7A0FF28B0BDE841
:10E07000F0816378A278E1782079677994F806C016
:10E0800094F807E094F80880CDF81C80CDF818E0EB
:10E09000CDF814C004970390029101920093237865
:10E0A0001D4A03211D48FFF7D9FDBCE7A37AE27A98
:10E0B000217B607BA77B94F80FC094F810E094F864
:10E0C0001180CDF81C80CDF818E0CDF814C004976D
:10E0D0000390029101920093637A114A03210F4841
:10E0E000FFF7BCFDA4E71EA820F04BFCACE7E179EC
:10E0F0000C4B1A441173217801228A4003F1080164
:10E10000D1E8EF4F1443C1E8E04F0028F8D10022D6
:10E110001A619A82A7E700BFC89704009CFC04001C
:10E1200040980400046600200D4B83F8590083F8E2
:10E130005A10A1B100B583B00A4A00230B280AD0B7
:10E14000684627F0F2FA064BDDE90001C3E9180141
:10E1500003B05DF804FB4FF224420023F0E7704760
:10E16000E01D0020B4C4040070B582B00546234B06
:10E1700093F8D260224B0020D3E8EF2FC3E8E10FE1
:10E180000029F9D11F4BD3E8EF2FC3E8E10F002995
:10E19000F9D10146FFF7C8FF022E1DD0174CD4F865
:10E1A000D4300093002332461946072020F09AFB12
:10E1B000002384F8D130C4F8D430D4F8DC304BB12B
:10E1C000D4F8E0301D60D4F8DC0017F005FB002324
:10E1D000C4F8DC3002B070BD0B4BD3E8AF2F4FF664
:10E1E000FE739A4204DD4FF6FF7020F015FCD5E770
:10E1F000054BD3E8AF0F80B2F7E700BFE01D00206A
:10E20000F4650020206600202466002070B50446D6
:10E21000244B9B685BB10E461546FFF7BBFDD0B1A2
:10E22000012E08D00021204620F05CFA70BD0021AC
:10E2300020F058FAFAE71B4B012283F8D2206FF046
:10E240008B02C3F8D4200020FFF78EFF0021204668
:10E2500020F048FAEAE7134B93F859300A2B04D020
:10E260000021204620F03EFAE0E7FFF7B7FDFFF778
:10E270000DFE014688B90B4B012183F8D11083F8BC
:10E28000D260C3F8D450226DC3F8DC20626DC3F8AD
:10E29000E0200B20FFF748FFC8E7204620F022FAD5
:10E2A000C4E700BFE01D0020F0B583B006460F466E
:10E2B0001446FFF76FFD0546184A0020D2E8EF3FED
:10E2C000C2E8E10F0029F9D10146FFF72DFF0CB993
:10E2D0006FF0040400943B46002231460A2020F0EF
:10E2E00001FB0DB903B0F0BD0D4C002194F85800AE
:10E2F00020F0EDF9FFF764FD94F82D30002BF1D0FC
:10E30000A0680028EED0092EECD00A2EEAD0012217
:10E3100084F8392013210CF0EFF9E3E7F4650020CD
:10E32000E01D002030B583B00446427C437853B9E9
:10E33000012A2FD0474B93F859300B2B62D00A2B70
:10E3400063D003B030BD434B93F859300B2B0BD047
:10E35000404B93F85930002BF3D06FF004026178F2
:10E360000820FFF7A1FFECE73A4BD3F8DC3063B1AC
:10E37000384DD5F8E0306FF004021A60D5F8DC00B3
:10E3800017F02AFA0023C5F8DC30324B002283F85C
:10E39000D120DDE72F4B93F85930092B10D02D4AAF
:10E3A000B2F8581040F60202914209D00A2BC8D0A8
:10E3B000022020F059F9F8B9207CFFF767FDC0E78B
:10E3C000254B0122D3E8EF1FC3E8E02F0028F9D145
:10E3D000224B0024D3E8EF2FC3E8E14F0029F9D105
:10E3E00021460A20FFF7A0FE00942346224621463C
:10E3F000062020F077FAA4E7194A02211948FFF70E
:10E400002DFCD9E720F00EFA9BE7124B93F8583019
:10E41000012B1CD003230F4C84F8D2300023C4F806
:10E42000D43001210B20FFF77FFE20F0FBF994F898
:10E430005830022B85D100210920FFF775FE0021FD
:10E4400000910B460A46052020F04CFA79E702239A
:10E45000E1E700BFE01D0020F465002024660020F5
:10E46000B49804009CFC040010B582B02C4B002230
:10E4700083F85A2093F85940631E0A2B44D8DFE8EA
:10E4800003F0363838060639394308430A000524B4
:10E4900030E008242EE0224BD3F8DC3063B1204C6E
:10E4A000D4F8E0306FF03D021A60D4F8DC0017F0C9
:10E4B00093F90023C4F8DC30194B002483F8D140D1
:10E4C000C3F8D440174BD3E8EF2FC3E8E14F00293E
:10E4D000F9D121462046FFF727FE6FF07303009322
:10E4E0002346224608210A2020F0FCF90CE00224F1
:10E4F00000E00324022020F0B7F838B96FF073026F
:10E5000000212046FFF7D0FE02B010BD044B93F867
:10E510005930054A02210548FFF7A0FBEEE700BF8E
:10E52000E01D0020F4650020E49804009CFC040039
:10E5300008B5054B93F85830012B01D0022B00D0C1
:10E5400008BD01F00DF8FBE7E01D0020324B9B6891
:10E55000002B5BD070B505460C462F4B93F8593015
:10E56000002B56D12C4B93F85800884208D1012932
:10E570000BD1EB7C4BB10021204620F0A8F804E041
:10E58000002120F0A4F8FFF71BFC234B83F8584030
:10E59000224BD3E8EF2FC3E8E14F0029F9D1012C3A
:10E5A00015D01F4C05F1100CBCE80F000FC4BCE8DF
:10E5B0000F000FC4DCF800302360174B002483F8F1
:10E5C000D140C3F8D440FFF7B3FF204670BD124ED0
:10E5D00006F1680405F1100CBCE80F000FC4BCE89C
:10E5E0000F000FC4BCE80F000FC49CE8070084E8CC
:10E5F000070096F86B30B3FA83F35B09094AD2E857
:10E60000EF1FC2E8E03F0028D7D0F8E76FF07F00A7
:10E6100070476FF00F00D9E7E01D0020046600206E
:10E62000841E00200866002010B504460378112BD4
:10E6300060D8DFE803F009101734394147505356CA
:10E64000595F5F5F5F5F5F5C00F00EFD0146204633
:10E6500020F048F857E000F03FFD0146204620F04A
:10E6600041F850E02D4B93F859307BB12B4A0121F2
:10E6700082F8D2106FF08B01C2F8D4100A2B02D0AE
:10E68000FFF788FB30B90020FFF76EFD204600F051
:10E6900067FD38E000210846FFF746FDF6E76FF01A
:10E6A000850120F01FF82EE00221FFF74FFF014601
:10E6B000204620F017F826E06FF08B020121FFF7CB
:10E6C000A5FD20E002690AB96FF08B020421204603
:10E6D000FFF79CFD17E000F0A3FD14E000F042FE00
:10E6E00011E000F0F9FD0EE000F074FE0BE0FFF722
:10E6F00019FE08E0094A92F85820012A03D0022A9C
:10E7000006D00F2B07D0A06808B10BF0E5FC10BDB8
:10E7100000F080FFF7E700F07DFFF4E7E01D002048
:10E7200000B599B005E002A8FFF77EFF0CE000F00D
:10E73000A9FE6846FFF788FBDDE9002302A90A4825
:10E7400016F086FB0028EED0084B93F85A30002BC9
:10E75000EDD0064BD3E918011FF0CDFF0028E6D01D
:10E76000FFF782FEE3E700BFDC080020E01D002089
:10E7700030B583B0234B93F859300A3BDBB2022B00
:10E780002FD9204BD3F8DC3063B11E4CD4F8E030E5
:10E790006FF07F021A60D4F8DC0017F01DF8002338
:10E7A000C4F8DC30174D002485F8D140C5F8D440BA
:10E7B000154BD3E8EF2FC3E8E14F0029F9D12146EB
:10E7C0002046FFF7B1FC012108461FF080FF012120
:10E7D00002201FF07CFFFFF7F3FA85F8CF4003B06B
:10E7E00030BD0A4B0021D3E8EF2FC3E8E01F00281B
:10E7F000F9D16FF07F0300930B460522072020F02C
:10E8000071F8BEE7E01D002020660020F4650020BE
:10E8100030B589B0002837D004461E4B0122D3E81A
:10E82000EF1F002903D1C3E8E02F0028F7D12ED134
:10E83000194B1C6000F062FE0546E0B9204600F06E
:10E8400017F9164C00220023CDE906230023049378
:10E8500007220392029301930093114B4FF4C0627D
:10E860001049204618F0D6FA0F49204618F0F8F95A
:10E87000284609B030BD074B0022D3E8EF1FC3E89C
:10E88000E02F0028F4D0F8E76FF01505F0E76FF0FF
:10E890007705EDE7F8650020E01D0020281D002029
:10E8A00021E70100A0EB00200099040010B582B020
:10E8B0000378062B10D8DFE803F00411192129375B
:10E8C0004000224B1B681C6834B183680093C379F5
:10E8D000827941790079A04702B010BD1B4B1B68BB
:10E8E000DB68002BF8D004309847F5E7174B1B681E
:10E8F0001B69002BF0D004309847EDE7134B1B68E1
:10E900005B69002BE8D004309847E5E70F4B1B68A4
:10E910005B6A002BE0D0047924B9421D20212046F7
:10E920009847D9E70022F9E7084B1B689B6A002B40
:10E93000D2D0816880889847CEE7044B1B68DB6A99
:10E94000002BC9D080889847C6E700BF30660020FA
:10E9500010B594B0FFF7AAFF144B0022D3E8EF4F95
:10E96000C3E8E12F0029F9D10CB914B010BD502231
:10E97000002168461EF020FA05238DF800300C4B6C
:10E98000D3E8AF3FADF804306FF068030293022084
:10E990001FF06AFE18B96846FFF788FFE5E72346CF
:10E9A000044A02210448FFF759F9F4E72C660020D5
:10E9B0002866002008990400A8FC040010B594B053
:10E9C0004FF0FF324FF0FF336946034816F040FA2C
:10E9D0006846FFF7BDFFF3E7B008002010B50C4B09
:10E9E0001B7823B105F0F4FC0A4B185810BD0A4CF3
:10E9F00040F2463322460949094820F01BFA0948EB
:10EA000020F018FA40F24631204620F00AFA00BF02
:10EA10009DE8002008000000409704006C97040067
:10EA2000349004008097040010B50446FFF77AFA8A
:10EA300048B14FF0FF324FF0FF332146094826F02E
:10EA400006FC18B910BD00220023F6E702201FF0D3
:10EA50000BFE0028F6D02378034A02210348FFF773
:10EA6000FDF8EFE7B00800203C990400A8FC040082
:10EA700010B588B00D4B18600D4C00220023CDE975
:10EA80000623002304930822039202930193009328
:10EA9000084B4FF480620849204618F0BBF907493B
:10EAA000204618F0DDF808B010BD00BF3066002029
:10EAB000C81E0020BDE90100A0F1002068990400F3
:10EAC00008B5FFF78BFF034B834214BF00200120E2
:10EAD00008BD00BFC81E002008B5074B1B689B6916
:10EAE00033B19847B0FA80F35B09044A137008BD4C
:10EAF0006FF08500F6E700BF3066002092E8002046
:10EB000008B5044B1B7823B1034B1B68DB6903B1C9
:10EB1000984708BD92E800203066002008B5044BF5
:10EB20001B681B6A03B19847024B00221A7008BD8C
:10EB30003066002092E800202DE9F04FAFB090F849
:10EB40000090477B00231F93B9F1030F02D92FB028
:10EB5000BDE8F08F064688466B4BD3E8AF3F23FAFB
:10EB600009F313F0010FF2D0042FF0D8674800EB3F
:10EB700009031D7B314610301FF03BFD00242A9411
:10EB80002B942C942D948DF8A8808DF8A950ADF875
:10EB9000AA004FF01E0A25460FE00028C0F291801F
:10EBA000FF2D00F09180824439469DF880001FF0CF
:10EBB0009BFC204484B20135EDB2306990B120AAAB
:10EBC0001FA91FF052FC10F13D0F77D00028E4D1AF
:10EBD0000023019300932B463A462AA920A81FF050
:10EBE0008CFCDAE701230F931FFA8AFA9DF8A9300B
:10EBF000029396F908200392BDF8AA100491708838
:10EC00000590B6F804C0CDF818C0B6F806E0CDF807
:10EC10001CE096F809B0CDF820B0B17A0991F07AED
:10EC20000A9096F80CB0CDF82CB0F27B0C921FF045
:10EC3000F9FC0D900E910DF1880B1E220021584613
:10EC40001EF0BAF8ADF888A08DF88A508DF88B9038
:10EC50008DF88C80029B8DF88D308DF88E70039A24
:10EC60008DF88F20049BADF89030059BADF8923065
:10EC7000DDF818C0ADF894C0DDF81CE0ADF896E002
:10EC8000089B8DF89830099B8DF899300A9B8DF878
:10EC90009A300B9B8DF89B300C9A8DF89C200D9B25
:10ECA000CDF89E300E9BCDF8A23021465846FFF796
:10ECB00013FF20BB00241F94A9461EE001230F93DD
:10ECC00092E700230F938FE700230F938CE70DF15A
:10ECD000800842461FA930691FF0C7FB3823019303
:10ECE00011AD009523463A462AA940461FF005FC7F
:10ECF0002846FFF705FF0134E4B2A145E7D80F9895
:10ED0000FFF70CFF23E700BF0C660020046600201D
:10ED1000044B1871044BD3E8EF2FC3E8E10F00292F
:10ED2000F9D17047E01D0020FC650020F0B597B0D8
:10ED300007F0E8FF044601258DF838508DF839506A
:10ED400006278DF8487012AB0F9309268DF84060A6
:10ED50001EF08AF88DF8410011948DF820508DF83E
:10ED600021508DF84C7013AB099303238DF8283094
:10ED700002238DF829302C4B1B88ADF8503014AB92
:10ED80000B938DF8306020461EF06EF88DF8310040
:10ED90000D94264B1B6883B1254B93F82C300BB395
:10EDA00000230093032208A92048006821F0F9FD00
:10EDB00004460CB3204617B0F0BD03A80021039110
:10EDC00041608160C160016140F203430493A0236C
:10EDD0000593F0230693154A0AF040F804460028EC
:10EDE000DAD0E7E70023009302220EA90F4800685B
:10EDF00021F0D7FD0446DCE70320FFF789FF00235D
:10EE0000ADF854308DF8563015A9084B18680AF043
:10EE100057F8044618B901201FF018FECAE7002071
:10EE2000FFF776FFC6E700BFB08904003466002014
:10EE3000E01D002010B5134B1B7D43B1114B1B6A25
:10EE40004BB111481FF0FFFD0446204610BDFFF7EF
:10EE50006DFF0446F9E70D4B0022D3E8EF1FC3E82E
:10EE6000E02F0028F9D10220FFF752FF1FF0E6FD46
:10EE7000044618B900201FF0E9FDE6E70020FFF77F
:10EE800047FFE2E7E01D0020101E0020386600204A
:10EE900008B5064B186830B121F057FD10F1780F16
:10EEA00002D1002000E0002008BD00BF3466002031
:10EEB0000A4B9B6C6BB110B5084CE36C1860A06CEE
:10EEC00016F08AFC0023A364044B002283F8382048
:10EED00010BD024B002283F838207047E01D00204F
:10EEE00030B58DB00446FFF729F868B1154B1B68A3
:10EEF00053B15B6843B103A920460BF033FF18B947
:10EF00009DF80C30012B01D00DB030BD089B0E4A8E
:10EF1000A2FB0323C3F38F23BDF82610BDF82820DE
:10EF2000ADF80430ADF80630ADF80810ADF80A20A1
:10EF3000044B1B685D68204623F0DFFA014601A8F8
:10EF4000A847E1E7E01D00205917B7D130B583B0DD
:10EF50000446ADF80010ADF80210ADF80420ADF88D
:10EF60000630FEF7EBFF50B1064B1B683BB15D6806
:10EF70002DB1204623F0C1FA01466846A84703B0E8
:10EF800030BD00BFE01D002030B597B004460D46EF
:10EF90005822002168461DF00FFF08238DF800302D
:10EFA0008DF801500E4B0022D3E8EF1FA14203D190
:10EFB000C3E8E02F0028F7D10FD10A4BD3E8EF1FA9
:10EFC000C3E8E02F0028F9D19A609A8120460BF01F
:10EFD00059F802906846FEF7E9FF17B030BD00BF50
:10EFE000006600200C66002030B597B005460C4640
:10EFF0005822002168461DF0DFFE07238DF80030FF
:10F000008DF801409CB9144BD3E8EF2F002A03D1AF
:10F01000C3E8E15F0029F7D10FD1CCB128460BF04E
:10F0200031F802906846FEF7C1FF17B030BD0B4BB8
:10F03000D3E8AF3F042BF8D1EFE702201FF014FB19
:10F040000028F2D0064A02210648FEF707FEECE748
:10F050002846FFF745FFE1E700660020FC65002039
:10F0600078990400B4FC040010B50B4B1B797BB9F4
:10F070000120FFF74DFE1FF0E1FC044620B90020FF
:10F080001FF0E4FC204610BD0020FFF741FEF9E729
:10F090006FF00F04F6E700BFE01D00200D4B93F862
:10F0A00037301BB10B4B93F82D3003B9704710B5B7
:10F0B00082B0084C012384F83A3047F6122200232C
:10F0C000684626F032FBDDE90023C4E9102302B0D4
:10F0D00010BD00BFE01D002038B504461F4B1B7952
:10F0E000012B30D01D4B1B79ABBB1C4D05F1140C13
:10F0F00004F1100EBEE80F00ACE80F009EE8070018
:10F100008CE8070004F12C0393E803002863A98628
:10F11000090C85F83610E2690AB105F130020F4B8F
:10F120001A62012283F83720002283F8382083F8FE
:10F13000392083F83A20FFF77DFE18B1074B0022F3
:10F1400083F8372038BD1FF07CFC0028FAD100205E
:10F15000FFF7DEFDC6E76FF00F00F3E7E01D0020CC
:10F1600030B583B004462D4B002283F8372083F856
:10F170003A201B79032B3ED011D8013BDBB2012B87
:10F1800047D81FF05EFC054600282ED0236D23B122
:10F19000636D1D60206D16F01FFB03B030BD1A1F9C
:10F1A000D2B2012A37D8052B30D01C4BD868132196
:10F1B0000BF0A2FA054610B110F1800FE6D16FF006
:10F1C0008B00FFF775FE154D012385F83830236D50
:10F1D000AB64636DEB64D4E90423684626F0A5FABA
:10F1E000DDE90023C5E91423D7E7FFF791FD0920E6
:10F1F0001FF02CFCCAE7FFF74BFE05460028C5D1DF
:10F20000FFF786FD09201FF021FCBFE7034B98683C
:10F21000CDE70025BAE70025B8E700BFE01D0020D4
:10F2200010B50446437813B32A4B1B79042B3DD108
:10F23000284BD86820B10AF04FFF264B0022DA6035
:10F240000020FFF765FD234B93F8383033B10920D8
:10F250001FF0FCFB0020FFF72BFE27E06FF06E0293
:10F26000617801201FF0FDFBFFF718FF1EE0194B2E
:10F27000D86820B10AF030FF164B0022DA60A0688F
:10F280000AF000FF134CA060002323740520FFF751
:10F290003FFD94F8383053B903201FF0D7FB02210B
:10F2A0000C4B986821F072FD024628B910BD13215D
:10F2B000A0680BF021FAF9E7002102201FF0D1FB32
:10F2C000044B012283F83920052198680BF014FAC9
:10F2D000ECE700BFE01D002082681F4B9B689A424C
:10F2E00000D0704710B582B004461B4B93F83830FD
:10F2F00033BB436893B9037C012B0FD9164B1B7C9E
:10F30000F3B9154C0123237404201FF09FFB94F8DC
:10F310005930012B14D1FFF70BF911E001201FF038
:10F32000A3F978B90C4C012384F839306FF00C0242
:10F3300000210220FEF7B8FF0521A0680BF0DCF9E0
:10F3400002B010BD237C00936368044A0121044885
:10F35000FEF784FCE6E700BFE01D0020949904005E
:10F36000B4FC040082681A4B9B689A4200D0704734
:10F3700030B583B00446FFF7FBF9154DA8680AF0D5
:10F38000ABFE0020A8602874FFF7C2FC95F8383067
:10F390005BB90F4B93F8393073B10D4B002283F8F2
:10F3A0003920FFF77BFE03B030BD09201FF04EFB74
:10F3B0000020FFF77DFDF6E76FF07F030093637891
:10F3C0000022114608201FF08DFAFFF767FEEAE7DA
:10F3D000E01D002038B5134B1B79022B0DD10446DC
:10F3E0001FF02FFB054648B90020FFF791FC04F100
:10F3F00010001FF028FB024660B938BD02201FF044
:10F4000033F90028F0D02B46074A02210748FEF7BF
:10F4100025FCE9E7002101201FF023FBFFF73EFE5A
:10F42000EBE700BFE01D0020B8990400B4FC040025
:10F4300010B504464FF0FF324FF0FF3326F075F958
:10F440000F4B93F83A3023B10D4BD3E91023C4E9A5
:10F4500000230B4B9B6C83B1094B186D5B6D2168CE
:10F460006268934208BF884207D08842934104D221
:10F47000034BD3E91423C4E90023204610BD00BF89
:10F48000E01D002010B51C4B9B6C2BB11A4BD3E92F
:10F4900014011FF0F2FA20B9174B93F83A305BB918
:10F4A00010BD154CE36C6FF073021A60A06C16F07F
:10F4B00093F90023A364EFE70F4BD3E910011FF08A
:10F4C000DCFA0028ECD00C4B002283F83A2093F8A9
:10F4D0003730002BE4D0084B1B79002BE0D1FFF72D
:10F4E000A9FC02460028DBD0002101201FF0B9FA58
:10F4F000FFF7D4FDD4E700BFE01D002008B50248A7
:10F500000EF0EEFA002008BD7403002008B507488D
:10F5100090F8D010A4301EF0E6FC00B108BD0348FE
:10F520008168A4301EF0FBFCF8E700BFE01D00205E
:10F5300000B583B0002100910B460A4605201FF05C
:10F54000D1F9064B93F8CF3033B109200021FEF7F3
:10F55000EBFD03B05DF804FB0820F7E7E01D002099
:10F5600000B58DB02A4B1B7CABB1294B93F8CA3048
:10F57000B3B1274B93F8CB302BB3254B93F8CF3057
:10F5800023B1FFF7C3FF024600283CD1FFF7D0FFAD
:10F590000DB05DF804FB01210846FEF7C5FDF7E755
:10F5A0001B4B986803F0AEFD10F1780FE1D020B945
:10F5B000174B012283F8CA20DBE702460021032013
:10F5C000FEF772FEE4E768461EF0ECFB024648B91F
:10F5D00068461FF0A3F90E488168A4301EF08FFC26
:10F5E000024620B100210520FEF75EFED0E7084B61
:10F5F000986823F093FD02460028F3D101210420EE
:10F60000FEF792FDC4E700210620FEF74DFEBFE79E
:10F61000E01D002008B503780F2B18D0102B43D025
:10F620000D2B04D1274B93F85930042B00D008BD83
:10F63000417829B16FF004020520FEF735FEF6E7A8
:10F64000204B012283F8CB20FFF78AFFEFE74178B8
:10F6500051B11C4B93F85930082BE8D16FF00402DC
:10F660000620FEF721FEE2E7164B012283F8CF20A9
:10F67000027C83F8D02093F85830022BD7D1114B5D
:10F6800093F85930083BDBB2012BD0D8FFF73EFF8F
:10F69000024620B100210620FEF706FEC7E7002142
:10F6A0000920FEF741FDC2E741780029BFD0054B94
:10F6B00093F85930002BBAD06FF00C020720FEF7F8
:10F6C000F3FDB4E7E01D002008B5074B93F8CA30FE
:10F6D00023B1054B986808B103F058FD024B002296
:10F6E00083F8CA2008BD00BFE01D002008B500EB6C
:10F6F000C1035B8813F0010F06D101EB530330F80F
:10F7000033209B1A99420DD00C4A01210C481FF05E
:10F7100087FE002383F31188BFF36F8F04231846FD
:10F7200002DF08BD30F83130CB1A00EBC30042884D
:10F7300003EB52039942E7D1F3E700BFD0990400ED
:10F740002C8904002DE9F0410446164600EBC10067
:10F75000C588A94226D0CB0023449F884FEAC7081A
:10F7600008F1060834F80830994204D104EBC503C7
:10F770009B8899420CD0114A012111481FF050FE7C
:10F78000002383F31188BFF36F8F0423184602DF31
:10F79000321D44F8225024F80850EB000433E7529D
:10F7A000BDE8F081E3680122B24023EA0203E3608E
:10F7B000321D002344F82230F2E700BFF89904001C
:10F7C0002C8904002DE9F84304460D46131D50F81A
:10F7D00023607EB9C368012191400B43C3600432AA
:10F7E00040F82250EB001A1DADB285520633C552C7
:10F7F000BDE8F883F700043730F807904FEAC908EE
:10F8000008F1060830F808309E420AD1EB001A1DB4
:10F8100024F802900633E652ADB224F80850E553BE
:10F82000E6E7074A012107481FF0FAFD002383F3AA
:10F830001188BFF36F8F0423184602DFE6E700BF8D
:10F84000F89904002C890400002900F005812DE9B5
:10F85000F04782B000AF8846056828461FF07DF962
:10F860000446C60006F1020935F8093013F0010F0D
:10F8700040D1EA4688B06B4613F1100200F0DA80FE
:10F880000C2152B10846042903DDDFF8D0C1C3F8CA
:10F8900014C0082801DDC3F818800B2940F3CD807F
:10F8A0004FF00C0C3AB10321397100217971B97113
:10F8B000F97178681861002121F0010121F002013D
:10F8C00021F0040121F03801012363F38811CCF306
:10F8D0000A0363F35321C1F313010023604802F0CC
:10F8E000ABFAD546002383F31188BFF36F8F04234F
:10F8F000184602DF35F8093004EB530335F833209E
:10F900009B1A9C4240D0E94688B06B4613F1100226
:10F9100000F096800C2152B10846042903DDDFF87F
:10F9200044C1C3F814C0082801DDC3F818800B29AE
:10F9300040F389804FF00C0C3AB10321397100215A
:10F940007971B971F97178681861002121F00101AC
:10F9500021F0020121F0040121F03801012363F3B9
:10F960008811CCF30A0C6CF35321C1F3130100236B
:10F970003B4802F061FACD46002383F31188BFF3C0
:10F980006F8F0423184602DF2E4435F83430E31A13
:10F9900005EBC302528803EB52039C423ED0E9467A
:10F9A00088B06B4613F1100250D00C2152B10846BA
:10F9B000042903DDDFF8B0C0C3F814C0082801DD56
:10F9C000C3F818800B2944DD4FF00C0C3AB1032129
:10F9D000397100217971B971F97178681861002164
:10F9E00021F0010121F0020121F0040121F0380190
:10F9F000012363F38811CCF30A0C6CF35321C1F398
:10FA000013010023164802F017FACD46002383F3B2
:10FA10001188BFF36F8F0423184602DF738823F029
:10FA200001037380214628461FF0B3F80837BD460E
:10FA3000BDE8F0876FF0004123E76FF01B0C31E762
:10FA40006FF0004167E76FF01B0C75E76FF0004146
:10FA5000ACE76FF01B0CB9E7704700BF949A040045
:10FA60002C890400409A04006C9A040070B5B2F529
:10FA7000802F1FD20346042A2CD9043AC81D20F037
:10FA800007000A4422F00702121AD508172A31D9B2
:10FA9000186085600023C360B5FA85F1C1F1200EBE
:10FAA000C1F124018900CE1DF1084B1CAB4231D8B5
:10FAB000002345E0354C4FF437732246344935482E
:10FAC0001FF0B8F934481FF0B5F94FF437712046EC
:10FAD0001FF0A7F92D4C40F2E32322462F492D4871
:10FAE0001FF0A8F92E481FF0A5F940F2E3212046A7
:10FAF0001FF097F9254C4FF43B73224629492548BE
:10FB00001FF098F926481FF095F94FF43B712046F5
:10FB10001FF087F91D4C40F20233224622491D484E
:10FB20001FF088F91E481FF085F940F20231204687
:10FB30001FF077F903F1040C002440F82C40013346
:10FB40007345F7DB1FFA81FE4FEA4E04A4B24480EE
:10FB50004FF0000CA0F800C044F0010444806B1A80
:10FB600026F00704A51C9BB25E00465320F804E073
:10FB700022F00704951C20F805C002440353538863
:10FB800043F0010353801EF0F8FF70BDBC9A0400DF
:10FB90001C9B040034900400349B04004C9B040024
:10FBA000709B04008C9B0400B89B0400F8B540B126
:10FBB000064603784578847804EB830404440027E0
:10FBC00011E00B4CC62322460A490B481FF032F9BC
:10FBD000C62120461FF025F9013420461DF044F9C6
:10FBE000013004440137AF42F6D3A01BF8BD00BF7B
:10FBF000EC9B04001C9C0400349004002DE9F04FA1
:10FC000091B006920393134602F004020092C3F3EC
:10FC1000C20210F00303019340F05C82074689465C
:10FC20000132041D002849D0072940F25682039B67
:10FC30005D1EDDF804B0CDF810B0CDF814B000268C
:10FC40004FF0FF3A4FF00408CDF808B0C3460FB1AB
:10FC5000039B2360531E0793002A40F35D81069B9C
:10FC600013F0020127D00120E21B930819B1B2F56D
:10FC7000007F80F05E81029A0F2A00F26A81002FD5
:10FC800000F07B81DBB2029901F140026A4402F884
:10FC9000103C02F820AC002800F06B8163F07F0379
:10FCA00001F140026A4402F8103C049B01330493C2
:10FCB000029B01330293043400223EE001F007036B
:10FCC0001C44C3F10809B2E7002635E0002633E002
:10FCD000002631E04FF00808C3462DE025292BD13E
:10FCE0000AF1010A01264FF00408C34624E047291F
:10FCF000ECD82A2912D32A39C9B2012000FA01F11D
:10FD00004FF6DA70014217D111F0625F40F0C28005
:10FD100011F0010F40F08C8000260DE0252903D161
:10FD20000AF1FF3A002607E0D2D8202904D023297F
:10FD300002D0002600E000261D466B1C69780029D1
:10FD400000F04581002EC9D07A29BDD84C29CED3E8
:10FD50004C392E29EFD801A050F821F039FD0100CF
:10FD600037FD010037FD010037FD010037FD0100BF
:10FD700037FD010037FD010037FD010037FD0100AF
:10FD800037FD010037FD010037FD010029FE0100AC
:10FD900037FD010037FD010037FD010037FD01008F
:10FDA00037FD010037FD010037FD010037FD01007F
:10FDB00095FE010037FD010029FE010029FE01002A
:10FDC00095FE010095FE010095FE010039FD010040
:10FDD00029FE0100D5FC010037FD010039FD0100BD
:10FDE00037FD0100F3FE010029FE0100F3FE0100D2
:10FDF00037FD010037FD0100FDFE010021FE01007D
:10FE000029FE010037FD010037FD010029FE010038
:10FE100037FD010019FE01004FF00408C3468BE7CF
:10FE20004FF00408C34687E729786C2924D00026C0
:10FE30004444013CB4FBF8F408FB04F427B1E11B93
:10FE40005944494500F24C81002A5DD1BBF1040FB1
:10FE500000F0A480BBF1080F40F0A8801A99073188
:10FE600021F0070101F108001A90D1E900010FB15A
:10FE7000C4E9000108345FE713F8021C6C2904D0C0
:10FE800000264FF00408C346D2E700264FF00808CA
:10FE9000C346CDE729784C291BD01A99073121F0A8
:10FEA000070101F108001A90D1E90001073424F09C
:10FEB000070447B1E61B08364E4514D82D784C2D63
:10FEC00014D0C4E90001083400264FF00808C346E6
:10FED00032E71A99073121F0070101F108001A9061
:10FEE000D1E90001E2E76FF01B00F0E0C4E9000196
:10FEF000E9E700264FF00408C34699E7324600269A
:10FF00004FF00408C34693E71A9A111D1A9112681C
:10FF10000392079A1D469AE6764B039A9A4203D3B8
:10FF2000754B9A42FFF49BAE069B03F00201002042
:10FF30009AE6724C4FF41F732246714971481EF0C5
:10FF400079FF71481EF076FF4FF41F7120461EF0B6
:10FF500068FF6A4C40F281232246694969481EF0D5
:10FF600069FF6A481EF066FF40F2812120461EF0BC
:10FF700058FF059B013305939AE610B109F1010979
:10FF800096E6009B13B109F1020991E603981CF073
:10FF90006BFF09EB000303F1020989E61A99081DBA
:10FFA0001A90096807B121600434C5E6534C40F249
:10FFB000C6232246524953481EF03CFF5946544836
:10FFC0001EF038FF40F2C62120461EF02AFFDDF861
:10FFD00008B0E31BB3F5806F11D207B300223A607B
:10FFE0009B083B70009BF3B1059BFB70049BBB70AF
:10FFF0008BBB019DDDF810A0DDF80C804AE03F4C82
:020000022000DC
:1000000040F2D22322463E493E481EF013FF4148AB
:100010001EF010FF40F2D22120461EF002FF4B449A
:10002000A3F1080053E0059B7B70DFE701339B459C
:10003000DFD903F140026A4412F8101C12F9102CA7
:10004000002AF3DA01F07F01E21B01324A454AD867
:1000500004F8011BEAE7019BE9E7009B3BB305F1CC
:1000600040036B4413F8203C04F8013B019EE31B62
:10007000334401334B4539D805F140036B4413F841
:10008000103C04F8013B324641462046F5F7D8F8CB
:1000900034440135AB4519D9BAF1000FDDD005F173
:1000A00040036B4413F9103C002BD6DAF1E705F15D
:1000B00040036B4413F8103C57F82380002247F8A4
:1000C000232040461CF0D0FE461CD0E7E01B11B0B8
:1000D000BDE8F08F6FF00D00F9E76FF01B00F6E759
:1000E0006FF01B00F3E76FF01B00F0E76FF01B00F1
:1000F000EDE700BF447C0400881E0500EC9B040073
:100100008CF8040034900400349C0400589C0400D3
:10011000749C04008C9C04002DE9F04F97B000AF54
:1001200039617A617862B0B19B46D7F88030C3F309
:10013000C003FB613B69DBB17B6A93F80280C7F8BF
:100140000C80B8F1000F18D0D7F8803013F0010FF1
:100150003CD1002312E0A44C40F299332246A3493B
:10016000A3481EF067FE40F2993120461EF059FE6A
:10017000786AFFF71BFD3861DEE700237A6AD278E0
:100180003A6222B1D7F8802012F0020F00D1FBB101
:10019000796A0D78AA00BA600A464968B96102EB2B
:1001A00085057A690AB3002B40F00781FB68002BB4
:1001B00000F01181D7F8803013F0040F00F00F81A8
:1001C000C2464FF0000807F13400FAE00123D5E7FA
:1001D0007B691BB15A463969786A9847D7F81090FD
:1001E00048465C37BD46BDE8F08FD7F81090E3B9BC
:1001F000FB681D444FF0000B22E0814401350134BF
:1002000044451CD22A7800235AF8222019467869DE
:100210001EF086FD002EF0D0D7F888309B45ECD23A
:1002200026F81B000BF1010BE7E70024A346D7F8E3
:100230000C803E61D7F824A0D7F88460E0E73E69DF
:10024000D7F8803003F00503FB604FF0000AC7F8D1
:1002500010B0B3469CE00025FB697BB9002D79D036
:10026000D7F8803013F0010F79D1FB68002B6FD1E4
:100270000223A9EB030988E00125EDE74146B869AF
:100280001EF094FD0028E9D06D46002387F82C303D
:10029000022387F82D308AB0694611F1100237D059
:1002A00012261AB1042E01DD524B4B61002387F850
:1002B0002830022387F829306ABB112E45DD12232E
:1002C00062B1042087F82C00002087F82D0087F801
:1002D0002E00012087F82F00F86A08612BF0010B2F
:1002E0002BF0020B2BF0040B2BF0380B022161F3E7
:1002F000881BC3F30A0363F3532BCBF3130B0023C5
:1003000059463D4801F098FDAD46A9F102093CE08F
:100310006FF00046C5E73346082E01DDB8698861F5
:100320000C2B01DDC1F81C8001F12003002009E045
:1003300000F1300C07F1280EF4441CF830CC03F81F
:1003400001CB01300128F3D9B7E76FF01B03B7E702
:1003500001238EE7D7F8803013F0020F15D0002369
:100360003246194678691EF0DBFCD7F8843053B169
:100370003B69D7F88820934205D2D7F8842022F829
:10038000130001333B61013881440AF1010A25461B
:100390003B6A9A45BFF424AF2C4614F8028B6B7865
:1003A0007A6A52F82360154B9E42FFF454AF144B07
:1003B0009E42FFF461AF00254EE707F144004FF085
:1003C000000AFA682946F4F73BFFFB681D44002643
:1003D000C7F804B031E04FF00008C246F5E74FF02F
:1003E0000008C246F1E700BFEC9B0400A49C040097
:1003F00034900400C09C0400CC880400447C0400B9
:10040000881E05000025FB696BBB002D61D0D7F865
:10041000803013F0010F3AD0B8F10F0F2AD808F14D
:10042000010308F1300207F1280102EB010808F886
:10043000149C5FFA83F8013625463B6A9E4280F0A1
:100440008E802C4614F802BB95F801907B6A53F815
:1004500029308A4A9342D5D3894A934201D3002551
:10046000D1E70125CFE75946B8691EF09FFC002867
:10047000CBD0E0E7834C40F2434322468249834895
:100480001EF0D8FC40F2434120461EF0CAFCD7F8CB
:10049000803013F0040FCED0BAF10F0F0CD80AF150
:1004A00001030AF1300207F1280102EB010A0AF800
:1004B000249C5FFA83FABEE7724C40F24643224620
:1004C000734972481EF0B6FC40F2464120461EF0C9
:1004D000A8FCD7F8803013F0020F1CD0B8F10F0F32
:1004E0000CD808F1010308F1300207F1280102EBF2
:1004F000010808F8149C5FFA83F89CE7614C40F20D
:100500004D432246604961481EF094FC40F24D4143
:1005100020461EF086FCBAF10F0F13D80AF1010332
:100520000AF1300207F128010A4402F824BC0AF15A
:10053000020A5FFA8AFA07F1580252FA83F303F8C3
:10054000249C78E74F4C4FF48A63224650494F4829
:100550001EF070FC4FF48A6120461EF062FCD7F852
:1005600004B07A6A137887F854305378434487F894
:100570005530D7F8803013F0020F0DD1CAF347037E
:1005800087F85730D7F8803013F0010F06D113F0F9
:10059000040F31D1002302E00023F1E7002387F8A4
:1005A00056307C6A20683863786D20605A46B96896
:1005B00020467E69B047B0F10009FFF611AE386BF6
:1005C00020605A46514607F13400B04700284EDB00
:1005D00009EB0004FA68BB681A443B6A02EB43016A
:1005E0005A463B69591A2846B047B0F10009FFF650
:1005F000F7AD4C44002518E05346D0E74FF0000912
:1006000001E04FF000095A46012107F12C00B047E4
:1006100000282EDB04444B465246594630461EF015
:100620007FFB002827DB04440135454518D205F13E
:10063000300307F12802134413F8143C87F82C30D8
:100640007A6A52F823A0D7F88430002BD6D0D7F896
:1006500088309D42D5D2D7F8843033F81590D2E750
:100660005A46002108467B699847A146B8E581466D
:10067000B6E58146B4E58146B2E500BF447C04009E
:10068000881E0500EC9B0400649D04003490040067
:10069000849D0400014B1860704700BF7C0300205C
:1006A00010B50C4B1B7823B103F092FE0A4B18587F
:1006B00010BD0A4C40F246332246094909481EF053
:1006C000B9FB09481EF0B6FB40F2463120461EF049
:1006D000A8FB00BF9DE80020080000004097040030
:1006E0006C970400349004008097040080B50446A1
:1006F0000D4616461F4617F0F1FC024603F068FE51
:10070000044B1A503A4631462846A047FFF7C8FF27
:1007100003F0E6FD0800000038B504460D4620222F
:1007200000211CF049FBEB68E361AB68A3612B6817
:1007300023626B6863620022A2622A6922612BB184
:10074000591E0B4202D142F00102226104F12C0039
:100750000122002124F00CFE00B938BD054C2F23E6
:100760002246054905481EF065FB2F2120461EF054
:1007700058FB00BFB89D0400E09D040034900400C5
:100780002DE9F04F89B09A46002307930593436AF9
:100790008B42C0F0F38083468946002302930127F1
:1007A0000393904662E0784D84232A46774978483F
:1007B0001EF040FB214677481EF03CFB8421284672
:1007C0001EF02FFB029958461EF066FC002305938D
:1007D00061E0DBF82030DBF8002003EB82010391BD
:1007E00013F8221021F0010103F82210C9B221F000
:1007F000020103F82210DBF800304B44DBF8102034
:1008000012F0010F05D1DBF824108B4205D35B1ADF
:1008100003E0DBF8241001390B40CBF80030DBF8A3
:100820000C108B4201D0002709E042F00802CBF8FF
:100830001020002703E058461EF064FB2F46019D60
:10084000204618F00BF8002800F0878085F3118807
:10085000BFF36F8F079931B1DBF818300BB15846F1
:10086000984700230793002F00F08A800BF11404AF
:10087000EFF31186402383F31288BFF36F8F204676
:1008800017F0DCFF00288ED0204618F001F8019602
:10089000059A002A96D106A958461EF0D9FA0546AF
:1008A0000699494595D20028C5D15AEA08030CD1CA
:1008B000002FC4D0DBF80030029305AB07AA0699DD
:1008C00058461EF052FB0746B9E724F045FE0028C3
:1008D000EED1002EECD1204617F0C0FFE8B186F330
:1008E0001188BFF36F8F0BF12C004246534614F072
:1008F000F9FF0746EFF31185402383F31288BFF316
:100900006F8F204617F09AFFC0B1204617F0C0FF46
:100910000195B7FA87F77F0991E71B4D4FF499735B
:100920002A461D491A481EF085FA21461B481EF02A
:1009300081FA4FF4997128461EF073FA124D842300
:100940002A46124912481EF075FA214611481EF037
:1009500071FA842128461EF064FA0B4D4FF4997306
:100960002A460D490A481EF065FA21460B481EF03A
:1009700061FA4FF4997128461EF053FA002303934D
:10098000039809B0BDE8F08FEC9D04001C9E0400A4
:1009900034900400349E04004C9E0400649E0400C5
:1009A0002DE9F04104460D46C369084698470746BD
:1009B00004F11406EFF31188402383F31288BFF388
:1009C0006F8F304617F03AFF88B1304617F060FF5E
:1009D0002B7843F001032B7063681F44236913F0E5
:1009E000010F13D1636A9F4213D3FF1A11E0184C11
:1009F00084232246174918481EF01CFA314617482E
:100A00001EF018FA842120461EF00BFA636A013B9F
:100A10001F40676020461EF053FA304617F01EFF55
:100A200028B188F31188BFF36F8FBDE8F081084CBF
:100A30004FF4997322460A4907481EF0FBF93146E4
:100A400008481EF0F7F94FF4997120461EF0E9F9B5
:100A5000EC9D04001C9E040034900400349E0400AD
:100A60004C9E0400649E04002DE9F04383B00446CC
:100A70004FF0000943E0504C842322464F49504830
:100A80001EF0D8F929464F481EF0D4F9842120469B
:100A90001EF0C7F953F8221089085FD154E0626A4A
:100AA000013A1340A36020461EF019FAB1461BE03C
:100AB00013F8221041F0020103F82210A668E3693E
:100AC000404698473044236913F0010F04D1636A0C
:100AD000984204D3C01A02E0636A013B1840A06048
:100AE000002601E00026B046284617F0B7FE002891
:100AF00042D087F31188BFF36F8F002E4DD004F1E1
:100B00001405EFF31187402383F31288BFF36F8F2F
:100B1000284617F093FE06460028ACD0284617F06A
:100B2000B7FE01A920461EF0A7F9236AA26803EBCD
:100B3000820801990029D5D013F8221011F0030181
:100B400017D00229A6D0002113F8220010F0010FBF
:100B5000AED119B9E369404698470146A3680B44F2
:100B6000226912F0010F9AD1626A93429AD39B1ABA
:100B700098E70026B046B7E70F4C4FF4997322462A
:100B800011490F481EF056F9294610481EF052F937
:100B90004FF4997120461EF044F9B9F1000F02D0CC
:100BA000B8F1000F03D0404603B0BDE8F08304F174
:100BB0002C0014F011FEF6E7EC9D04001C9E0400CE
:100BC00034900400349E04004C9E0400649E040093
:100BD0002DE9F04104460D46C3690846984706468C
:100BE00004F11407EFF31188402383F31288BFF355
:100BF0006F8F384617F022FEA8B1384617F048FE2E
:100C00002B7823F001032B70236913F0020F19D006
:100C1000236AE26803EB8203AB4213D02B6866F3CE
:100C20009F032B601AE0244C842322462349244846
:100C30001EF000F9394623481EF0FCF884212046B6
:100C40001EF0EFF82B7823F002032B70E268A36804
:100C50009A4211D0314620461EF041F9384617F02D
:100C6000FDFDC0B188F31188BFF36F8F04F12C0034
:100C700014F0B2FDBDE8F0813344226912F0010F97
:100C800004D1626A934204D39B1A02E0626A013A79
:100C90001340A360DEE7084C4FF4997322460A49DB
:100CA00007481EF0C7F8394608481EF0C3F84FF44D
:100CB000997120461EF0B5F8EC9D04001C9E0400BE
:100CC00034900400349E04004C9E0400649E040092
:100CD00070B582B0044600F11405EFF3118640238D
:100CE00083F31288BFF36F8F284617F0A7FDA0B1DA
:100CF000284617F0CDFD01A920461EF0BDF8284674
:100D000017F0ACFDC0B186F31188BFF36F8F019867
:100D1000003818BF012002B070BD104C8423224659
:100D20000F4910481EF086F829460F481EF082F839
:100D3000842120461EF075F8084C4FF49973224622
:100D40000A4908481EF076F8294609481EF072F84C
:100D50004FF4997120461EF064F800BFEC9D04002A
:100D60001C9E040034900400349E04004C9E040039
:100D7000649E040010B504468C46838B002A12DB67
:100D800003F007035A1F012A19D9042B51D100215E
:100D90001EF0B3F920461EF0DAF978B1A38B43F0C8
:100DA0002003A3830AE0D0E900018CE803000023BC
:100DB00023606360012120461EF09FF910BDD0E939
:100DC00000018CE80300002222606260062B0FD035
:100DD000052B21D1002120461EF08FF920461EF060
:100DE000B6F90028EAD0A38B43F02003A383E5E7FC
:100DF000DCF8003000E013464BB1E28B0132E283B5
:100E00001A68002AF7D0002BF5D11A46F3E7022121
:100E100020461EF072F9E1E70C4C40F2091322461D
:100E20000B490C481EF006F840F2091120461DF04F
:100E3000F8FF064C40F21B132246074905481DF0F7
:100E4000F9FF40F21B1120461DF0EBFF889E0400C5
:100E5000B09E0400349004008CF804002DE9F047A3
:100E600082B0838BE1B10446154603F0070603F018
:100E70000802084692B301291FD0022921D143F06C
:100E80002003A3831434204617F0E8FC002800F068
:100E90009B8185F31188BFF36F8F02B0BDE8F087A7
:100EA000B84C40F233132246B749B8481DF0C2FF90
:100EB00040F2331120461DF0B4FF43F01003A3832A
:100EC000E0E7B04C4FF49E732246B149AF481DF0A5
:100ED000B1FF4FF49E7120461DF0A3FF0023009345
:100EE000019357E020461EF032F955E0D4F81890EF
:100EF0004A4669462046FFF73DFF0027A38B03F0D3
:100F00000708B04500F00581A268002A00F00181C1
:100F1000012643F00803A38304F1140A504617F096
:100F20009DFC002800F0FE8085F31188BFF36F8FD1
:100F3000002E40F00881009B2BB14B46424669468B
:100F400020461EF045F917B192492046B847EFF305
:100F50001185402383F31288BFF36F8F504617F03B
:100F60006DFC002800F0F580504617F091FCA38B33
:100F700023F00803A383A38B13F0100F00F0F88075
:100F800023F01003A3830120A68B06F00706002898
:100F90003FF478AF0228A5D0052800F2AD8001A368
:100FA00053F820F0850E0200ED0E0200F910020049
:100FB000BD0F0200251002008F1002005EB92368E9
:100FC000B3B123691F6807B3062120461EF095F8C8
:100FD0004FF0000992E76B4C4FF4AB7322466E4919
:100FE0006A481DF027FF4FF4AB7120461DF019FF32
:100FF000644C40F257132246684964481DF01AFFBA
:1010000040F2571120461DF00CFF5E4C4FF4AD73BB
:10101000224663495D481DF00DFF4FF4AD71204637
:101020001DF0FFFE022E0BD1E38BB3B923695F687D
:1010300007B3042120461EF060F84FF000095DE779
:10104000504C40F25D132246564950481DF0F2FEC6
:1010500040F25D1120461DF0E4FE4A4C4FF4AF73A0
:101060002246514949481DF0E5FE4FF4AF71204634
:101070001DF0D7FE434C40F26113224648494348D5
:101080001DF0D8FE40F2611120461DF0CAFE012E6F
:101090000BD12368B3B123699F6807B305212046AC
:1010A0001EF02BF84FF0000928E7364C4FF4B273CE
:1010B00022463E4935481DF0BDFE4FF4B271204630
:1010C0001DF0AFFE2F4C40F26513224633492F48E6
:1010D0001DF0B0FE40F2651120461DF0A2FE294C25
:1010E0004FF4B47322462E4928481DF0A3FE4FF456
:1010F000B47120461DF095FE224C40F26B1322463F
:101100002B4922481DF096FE40F26B1120461DF03F
:1011100088FE009A0AB10026FBE6002F3FF42BAFB1
:101120000026F6E6234C4FF49973224622491748CD
:101130001DF080FE514621481DF07CFE4FF4997150
:1011400020461DF06EFE4A46414620461DF0DDFF5A
:10115000F1E6184C8423224619490C481DF06AFE1A
:10116000514618481DF066FE842120461DF059FEA8
:1011700013F0200F04D023F02003A383022003E701
:10118000002001E7889E0400D89E040034900400EB
:10119000E89E0400FD110200FC9E0400089F04006C
:1011A0002C9F0400449F04005C9F04006C9F04007B
:1011B0008CF80400EC9D04004C9E0400649E040026
:1011C0001C9E0400349E0400084D4FF499732A4677
:1011D000074908481DF02EFE214607481DF02AFE4B
:1011E0004FF4997128461DF01CFE00BFEC9D0400D1
:1011F0004C9E040034900400649E0400F8B504463C
:101200000D4600F11406EFF31187402383F3128893
:10121000BFF36F8F304617F011FB48B1304617F01F
:1012200037FBA5613A4601212046FFF717FEF8BDBE
:10123000074C84232246074907481DF0FBFD314631
:1012400006481DF0F7FD842120461DF0EAFD00BF91
:10125000EC9D04001C9E040034900400349E0400A5
:101260002DE9F04705460F461DF08AFF041E4BDBB3
:1012700005F11408EFF3118A402383F31288BFF3BA
:101280006F8F404617F0DAFA814698B1404617F062
:10129000FFFAAE8B06F00706EB8B4FF6FF72934218
:1012A00047D03446062E32D8DFE806F01D49193102
:1012B0001D131D00364C84232246364936481DF046
:1012C000B9FD414635481DF0B5FD842120461DF08D
:1012D000A8FD6FF085044FF000094B460EE0013386
:1012E000EB8300230AE0B6FA86F35B0900223A603A
:1012F0006A68CAB117606F604FF000092BB352469D
:1013000002212846FFF7AAFD2046BDE8F087244CBD
:101310004FF4E473224623491F481DF08BFD4FF420
:10132000E47120461DF07DFD6F602F604FF00009D5
:10133000E4E76FF00A044FF000094B46DEE76FF078
:1013400004044FF000094B46D8E7404617F086FAF0
:1013500068B18AF31188BFF36F8FB9F1000FD3D052
:1013600000233246394628461DF01FFFCCE7084CC3
:101370004FF4997322460C4907481DF05BFD414626
:101380000A481DF057FD4FF4997120461DF049FDA4
:10139000EC9D04001C9E040034900400349E040064
:1013A000889E04006C9F04004C9E0400649E040010
:1013B0000346426802F003028160022A02D83AB171
:1013C000002002E0032A03D1006800225A6070471F
:1013D00010B5054C45232246044905481DF02AFD59
:1013E000452120461DF01DFD849F04008CF804005B
:1013F0003490040010B143685879704710B5064C1A
:1014000040F235132246054905481DF013FD40F210
:10141000351120461DF005FDAC9F0400E49F04003B
:101420003490040010B143681971704710B5054C31
:10143000E1232246044905481DF0FCFCE121204639
:101440001DF0EFFCAC9F0400E49F04003490040006
:1014500010B540B104460368DB6803B19847636880
:1014600001229A7110BD054C8C232246044905487F
:101470001DF0E0FC8C2120461DF0D3FCAC9F040045
:10148000E49F04003490040010B520B10268126992
:1014900062B1904710BD064CA0232246054906487C
:1014A0001DF0C8FCA02120461DF0BBFC0020F1E788
:1014B000AC9F0400E49F04003490040010B518B100
:1014C00002689268904710BD054CD2232246054918
:1014D00005481DF0AFFCD22120461DF0A2FC00BF44
:1014E000AC9F0400E49F04003490040010B520B1C8
:1014F0000268526802B1904710BD054CC4232246D1
:10150000044905481DF096FCC42120461DF089FCC5
:10151000AC9F0400E49F04003490040010B520B197
:1015200071B102681268904710BD0B4CB42322467B
:101530000A490B481DF07EFCB42120461DF071FCC9
:10154000054CB5232246074905481DF073FCB5211B
:1015500020461DF066FC00BFAC9F0400E49F040021
:1015600034900400FC9F040038B50546144C00E09C
:101570001034144B9C4212D8124B9C421FD220466E
:10158000FFF738FF0028F3D0294620461DF07DFEE6
:101590000028EDD029462046FFF7C0FFE8E70A4CB7
:1015A00040F20A232246094909481DF043FC094834
:1015B0001DF040FC40F20A2120461DF032FC38BDEF
:1015C000548904006489040010A0040040A00400B1
:1015D0003490040064A0040010B50C4B1B7823B1B8
:1015E00002F0F6FE0A4B185810BD0A4C40F2463382
:1015F0002246094909481DF01DFC09481DF01AFC46
:1016000040F2463120461DF00CFC00BF9DE8002052
:1016100008000000409704006C9704003490040018
:101620008097040010B530B10346006884690CB19E
:101630001846A04710BD064C4FF4B2732246054928
:1016400005481DF0F7FB4FF4B27120461DF0E9FB91
:10165000AC9F0400E49F04003490040070B506467B
:101660000D460F4C05E02A4631462046FFF7DAFFCB
:1016700010340C4B9C4203D80A4B9C42F3D370BDF0
:10168000094C4FF46C732246084909481DF0D2FBFF
:1016900008481DF0CFFB4FF46C7120461DF0C1FBD4
:1016A000548904006489040010A0040040A00400D0
:1016B0003490040064A004002DE9F041074605467B
:1016C000EDB195FAA5F6B6FA86F60E4C04EB0614C3
:1016D0000123B3406FEA030825EA0305237B002BAF
:1016E000EED02046FFF7D0FE0028E9D107EA080730
:1016F00063680422196820461DF029FEE0E7384699
:10170000BDE8F081548904002DE9F0412F4B304AA7
:101710009B1A8F2B0ED880460F462E4BD3E8EF6FC7
:10172000721CC3E8E12F0029F8D1002E4AD1284CC1
:10173000002514E0284C40F253132246274928483C
:101740001DF078FB40F2531120461DF06AFB6368E0
:101750000422196820461DF0FAFD013510341B4B98
:101760009C4211D8194B9C421ED2237B002BF4D0F3
:101770002046FFF76DFE2046FFF786FE0028E6D0E4
:101780000123AB401E43E8E7134C40F25F132246AF
:10179000144913481DF04EFB13481DF04BFB40F25B
:1017A0005F1120461DF03DFBB8F1000F0BD056B184
:1017B0003046FFF781FF0646002FF8D00A201DF0C3
:1017C0006AFDF4E700263046BDE8F0816489040034
:1017D000548904005466002010A0040084A0040072
:1017E0003490040040A0040064A0040008B5064B37
:1017F000186018B1054B1B68092B00DC08BD0448B4
:1018000013F0EAFFFAE700BF4866002050660020A8
:101810000809002008B5024813F0DEFF08BD00BF2C
:101820000809002030B589B000220F490F4823F085
:10183000DCFF0F4D00220023CDE906230024049491
:101840000E2303930294019400940A4B4FF4006218
:101850000949284615F0DEFA0849284615F000FA2D
:10186000204609B030BD00BF1518020040280020F6
:10187000801F0020F91C0200A0F50020B4A0040085
:10188000014B53F820007047D4FC040048B108B560
:10189000054A1060054B1960084600F059FE00200B
:1018A00008BD6FF0150070478003002044660020DB
:1018B00008B5054B1B781BB1034B01221A7008BDFC
:1018C000024813F089FFF7E793E800200809002099
:1018D00008B50C4BD3E8EF1F0131C3E8E21F002A23
:1018E000F8D130B9084817F0ABFC084813F074FF82
:1018F00008BD074BD3E8EF1F0139C3E8E21F002AF8
:10190000F0D0F7E74C6600204028002008090020AE
:1019100050660020044B0022D3E8EF0FC3E8E12F0C
:101920000029F9D1704700BF4C66002038B5FFF799
:10193000F1FF0546114C00E01034114B9C420CD8CD
:101940000F4B9C4219D22046FFF754FD0028F3D0DC
:1019500029462046FFF7CAFDEEE70A4C40F216235F
:101960002246094909481DF065FA09481DF062FA46
:1019700040F2162120461DF054FA38BD5489040067
:101980006489040010A0040040A004003490040006
:1019900064A00400034B18680028D4BF0020012075
:1019A000704700BF4C66002010B5044C0449204627
:1019B000FEF7B2FE034B1C6010BD00BF64070020A1
:1019C000C0FC04003C66002010B50023164A1370CA
:1019D000164A1360164A136016491748FFF756FF58
:1019E000FFF7E2FF154C08E01449611A09110131B3
:1019F000C9B22046FFF716FD1034114B9C4203D8A4
:101A00000F4B9C42F0D310BD0E4C40F22B132246DC
:101A10000D490E481DF00EFA0D481DF00BFA40F26C
:101A20002B1120461DF0FDF994E800204C660020A3
:101A30005066002040420F008FF2030054890400DA
:101A40006489040010A0040040A004003490040045
:101A500064A0040008B5014601481DF04AFC08BD19
:101A60006407002008B50248FEF7FEFF08BD00BF6E
:101A70006407002008B50146024B18681DF03FFCC2
:101A800008BD00BF3C66002008B502481DF03BFCC5
:101A900008BD00BF6407002010B582B000220023FB
:101AA000CDE900232B4B187808B902B010BD684669
:101AB0001DF041FC044660B1FFF756FD2046FFF7DC
:101AC000D9FF254BD3E8EF1F0139C3E8E21F002AF5
:101AD000F8D1FFF75FFF70B9204A1368516813F51A
:101AE0007A7341F10001136051607CB3FFF7CCFFC2
:101AF00070B30120D9E723F014FE02464B0143EAFC
:101B0000D0634001801A63EB01039B0043EA9073AA
:101B1000800010EB020C43EB0101C90047F61222D2
:101B200000234FEACC0041EA5C71F3F7FFFB0B4A5C
:101B300013685268C01A61EB020140F2E93398421F
:101B400071F10001C8D3FFF7F1FEC5E70020ACE753
:101B50000020AAE793E800205066002038280020E3
:101B6000194B1B7803B1704710B500210120FFF716
:101B7000CBFD164C00E01034154B9C420BD8144B97
:101B80009C4218D22046FFF735FC0028F3D02046AF
:101B9000FFF794FCEFE70F4C40F2CF1322460E49BB
:101BA0000E481DF047F90E481DF044F940F2CF11E0
:101BB00020461DF036F9FFF76FFF0028FBD1024BDE
:101BC00001221A7010BD00BF94E80020548904005F
:101BD0006489040010A0040040A0040034900400B4
:101BE00064A0040030B583B02F4BD3E8EF2F511C15
:101BF000C3E8E01F0028F8D12C4B1B786BB92C4BA5
:101C00001B681BB3002A43D0092A1FD1294817F0AB
:101C100017FB294813F0E0FD18E0EFF3118440238F
:101C200083F31288BFF36F8F244816F007FE78B154
:101C3000224D284616F02CFEFFF72EFF284616F000
:101C40000DFEA0B184F31188BFF36F8F03B030BDD8
:101C50001B4C842322461B491B481DF0EBF81749F7
:101C60001A481DF0E7F8842120461DF0DAF8144CDC
:101C70004FF499732246164913481DF0DBF82946A4
:101C800014481DF0D7F84FF4997120461DF0C9F89B
:101C900000220023CDE9002347F612220023054845
:101CA00017F046FAD2E700BF5066002094E8002003
:101CB00048660020402800200809002040660020D7
:101CC000EC9D04001C9E040034900400349E04002B
:101CD0004C9E0400649E040010B50446044B1B682F
:101CE0009847A060214603481DF029FB10BD00BFA6
:101CF00080030020640700202DE9F041224B234A95
:101D00009B1A1B090ED000210846FFF7FDFC8046F8
:101D1000A8B140F21B660027FFF75EFCFFF766FDE7
:101D2000002525E01A4C4FF46F73224619491A48D2
:101D30001DF080F84FF46F7120461DF072F84FF0DF
:101D4000FF364FF0FF37E7E74046FFF7B5FC804628
:101D500088B94FF0FF364FF0FF370CE000210846FE
:101D6000FFF77CFC32463B460C4813F0BBFD254692
:101D7000B8F1000FE8D1FFF78FFE04460028F6D136
:101D8000002DEBD12C46EDE7648904005489040052
:101D900010A00400BCA00400349004000809002036
:101DA00028B142681160436801225A71704710B52A
:101DB000064C4FF48D732246054906481DF03AF84B
:101DC0004FF48D7120461DF02CF800BFAC9F04002D
:101DD000E49F0400349004000248034BC01AC0087A
:101DE000704700BF548904003C88040010B50C46BD
:101DF000FFF7F2FFA04203D9024B53F8340010BDA5
:101E00000020FCE73C88040000B589B005920693E9
:101E10000023079362B1074A0C9B02930B9B01932B
:101E20000A9B009305ABFEF777F909B05DF804FB58
:101E30000022F1E75FF303002DE9F04F8BB004AF10
:101E400005461E468846C1F34A24002C00F09780C0
:101E500091460022FA603A617A6104230293FB18EA
:101E600001930A23009307F10C0321464846FEF72D
:101E700053F9B0F5006F58D3D9F804106D4600231C
:101E80003B7302237B738AB004AC14F1100217D0A9
:101E900012201AB1042801DD424B636100233B701C
:101EA00002237B70CAB10346082800DDA1610C2B18
:101EB00002DD40F2FF73E36104F1200300210AE038
:101EC0006FF00040E5E701F118063E4416F8186C83
:101ED00003F8016B01310129F5D9112822DD122304
:101EE00042B10421397300217973B9730121F97367
:101EF000F8682061002121F0010121F0020121F0A8
:101F0000040121F03801022060F38811C3F30A03B1
:101F100063F353210023C1F3130123481DF0A2FAF8
:101F2000AD463BE06FF01B03DAE760F35328C0F3E4
:101F30000A0A0AEB1850173020F007008008FFF754
:101F400089FD834620B304230293FB1801930A23DF
:101F50000093534600F1100221464846FFF754FF14
:101F6000002815DA114C40F2491322461049114855
:101F70001CF060FF40F2491120461CF052FF04EBB8
:101F80001154173424F00704A008FFF763FD8346BB
:101F900033464246294658461DF0FAF91C37BD46DD
:101FA000BDE8F08F34A10400E488040074A10400AB
:101FB000A0A10400349004002DE9F04F85B007463D
:101FC000884616469946DDF838B0DDF840A0BAF1EB
:101FD000000F51D0119B0393009353460F9A102189
:101FE0000020FDF70BFE051E31DBB5F5006F3BD27F
:101FF0000BEB0500173020F007008008002424F0C8
:10200000010424F0020424F0040467F3C50466F319
:10201000881465F353246BF31F54FFF71BFD06462A
:1020200060B11030BAF1000F08D0119B00935346F5
:102030000F9A2946FDF7E2FD00281FDB4B4622469A
:10204000414630461DF0A4F905B0BDE8F08F124CB2
:102050004FF4BF732246114911481CF0EBFE4FF4B8
:10206000BF7120461CF0DDFE40F2FF730D4A0221D5
:102070000D481DF0DFF9E7E70025B9E7064C40F20F
:10208000A3132246054906481CF0D4FE40F2A311D2
:1020900020461CF0C6FE00BF74A10400ACA10400E1
:1020A00034900400B8A10400E4880400406820B122
:1020B000034BC01A40F3CF0070474FF0FF3070471A
:1020C0003C88040038B505460C464B681A68CB6856
:1020D0009A4210D06368D3E8EF2F511CC3E8E01F89
:1020E0000028F8D1A3689D5463681A68E3689A428F
:1020F00005D8002038BD08461DF0B8F9EAE7054CC0
:1021000072232246044905481CF094FE72212046A1
:102110001CF087FEF0A1040020A20400349004000B
:102120000EB400B582B0014603AB53F8042B019303
:10213000034802F099FC02B05DF804EB03B070476D
:10214000C520020010B584B011F0440F05D01A4B21
:102150001B6833B9002004B010BD1849FFF7E0FF39
:10216000F9E717490968B2FBF1F2B2FBF3FC03FB94
:102170001C224FF47A7E0EFB02F2B2FBF3F403FB57
:1021800014210EFB01F1B1FBF3F10E4AA2FB0C325C
:10219000D20A4FF4616303FB12CC0B4BA3FB0CE39D
:1021A0005B0902910194C3EB0311ACEB8101009137
:1021B0000649FFF7B5FFCEE75C66002050A2040099
:1021C00058660020C5B3A291898888885CA2040063
:1021D00061B108B52AB1064A52F8232012B9054A5E
:1021E00000E0044A0449FFF79BFF08BD704700BFA9
:1021F0000CFD040078A204003CBA04002DE9F04173
:1022000005461746079EDDF8208081B900242EB1CF
:10221000324611492846FFF783FF0444B8F1000F06
:1022200014D06FB10B9B042B13D00C4909E00C4B5D
:102230000B9A53F822200B49FFF772FF0446E6E79A
:10224000064942462846FFF76BFF04442046BDE896
:10225000F0810549F5E700BF94A2040084A20400C0
:1022600020FD04008CA2040080A204002DE9F04FA0
:1022700089B0069207939DF85860042E35D805461C
:102280000C4601F0020B01F0010AC1F3C00801F491
:1022900080791DF05AF80246002833D01E4928469E
:1022A000FFF73EFF0746BBF1000F2DD132465146E6
:1022B00028461DF001F9B9F1000F01D00023139356
:1022C00005969DF854300493149B0393139B02933B
:1022D000129B019300230093069A41462846FFF77C
:1022E0008DFF384409B0BDE8F08F0C4C4FF41573E6
:1022F00022460B490B481CF09DFD4FF415712046FA
:102300001CF08FFD0027CEE7079A21462846FFF7ED
:1023100019FF0744CAE700BFA4A20400F0A104000B
:1023200098A204003490040011F0100F0BD108B5EE
:1023300011F0200F03D00449FFF7F2FE08BD034956
:10234000FFF7EEFEFAE7704710B10400A8A2040000
:102350002DE9F04105460F46164698460699FFF7C7
:10236000E3FF002404E025492846FFF7D9FE0134A5
:102370004445F8DB002409E020492846FFF7D0FE59
:102380000BE01F492846FFF7CBFE01340F2C0CDC75
:10239000002C02DD14F0070FEED0B442F1D23A5D0A
:1023A00018492846FFF7BCFEEFE717492846FFF714
:1023B000B7FE002409E011492846FFF7B1FE0BE003
:1023C00012492846FFF7ACFE01340F2C13DC002C19
:1023D00002DD14F0070FEED0B44207D23A5D0C4B89
:1023E0009B5C13F0970FEBD12E22E9E703492846B7
:1023F000FFF796FEE8E7BDE8F08100BF0C97040008
:10240000B4A20400ACA20400B8A20400BCA2040060
:10241000241D05002DE9F04186B004469DF8385092
:102420000F9F119EADB9012B24D022484FF0000818
:1024300037B13B46224620491CF088FC00281DDBB2
:102440004EBB002D30D120461DF010F806B0BDE87F
:10245000F08104959DF8340003900C98029001934C
:1024600000920B46002212992046FFF7FFFE80469D
:102470001248DDE711484FF00008D9E7104C40F250
:10248000B12322460F4910481CF0D4FC40F2B12180
:1024900020461CF0C6FC129B00934346324610991E
:1024A00020461DF021F8CCE72A46129920461DF05F
:1024B0000FF8C8E79BF40300694A0200C520020038
:1024C000F0A10400C0A20400349004002DE9F04300
:1024D00083B00646056842F20F738B4228BF0B4655
:1024E000184A052168461AF083FD04467368D3F83C
:1024F00004900B27DFF8508005E04A4639464046F5
:10250000A8473F1A8044002FF7D17368D3F804809E
:102510006F4605E0424621463846A847241A07443C
:10252000002CF7D173685F681B24084E05E03A461B
:1025300021463046A847241A0644002CF7D103B0A0
:10254000BDE8F0834C94040000FD0400E4FC0400AA
:10255000074B01221A6004E04008054A13685B003B
:102560001360044B9842F7D8034B1860704700BFC4
:102570005866002040420F005C66002070B5064699
:102580000D46002405E0315D044883685B68984788
:102590000134AC42F7D3284670BD00BF987D0400DB
:1025A00010B543681C68094822F0E7FD18B123689C
:1025B0005B685C6010BD064C9923224605490648BD
:1025C0001CF038FC992120461CF02BFC987D04005F
:1025D000DCA204001CA3040034900400014B03603F
:1025E0000020704768FD040008B504481CF00BFC8F
:1025F00003481CF008FC002008BD00BF58A30400DD
:1026000090A30400014600230BB10020704710B4D2
:10261000D02203FB02F2054C1019A2588A4203D0C3
:102620000133002BF4D0002010BC7047502900204B
:1026300008B5FFF7E7FF20B101460831014822F055
:102640006CFF08BD7828002008B5FFF7DBFF20B13C
:1026500001460831014822F060FF08BD78280020BB
:1026600010B50446064A022106481CF0D9FE012393
:1026700084F89130A4F11001034822F04EFF10BD00
:10268000C0A3040034890400782800200AB902207D
:10269000704710B582B0044600218DF8041042F650
:1026A0001643ADF8063001AA07480BF095FB01462A
:1026B000032220460BF0BEFB10B9022002B010BD71
:1026C0006FF0FC00FAE700BF20FE04000AB9022008
:1026D000704710B582B0044600218DF8041042F610
:1026E0001543ADF8063001AA07480BF075FB01460B
:1026F000032220460BF09EFB10B9022002B010BD51
:102700006FF0FC00FAE700BF20FE040070B582B055
:1027100005460E46FFF776FF044600218DF80410AB
:1027200042F61643ADF8063001AA0B480BF054FBF5
:102730002CB10146032228460BF07CFB08B902B0FD
:1027400070BDA4F8C060012384F8C83004F12801EA
:10275000024822F0E2FEF2E720FE04007828002082
:1027600070B582B004460D4600218DF8041042F683
:102770001743ADF8063001AA23480BF02DFB00B338
:1027800006460222014620460BF054FB98B3204631
:10279000FFF738FF10B3C0F88C600022C0F8882023
:1027A0002968C0F89810A988A0F89C10C0F890205B
:1027B000C0F8942000F1880120460BF031FD02B0F2
:1027C00070BD124C40F282232246114911481CF080
:1027D00031FB40F2822120461CF023FB0B4C40F2DF
:1027E000872322460C490B481CF024FB40F287212A
:1027F00020461CF016FB094A022109481CF010FE75
:102800006FF01500DBE700BF20FE0400D0A304003A
:1028100010A404003490040050A6040018A404007E
:102820003489040030B583B00446ADF806200A466A
:1028300000212B480BF0D0FA08B3054602220146CE
:1028400020460BF0F7FAA0B32046FFF7DBFE014667
:1028500010B3C0F8A4500023C0F8A0300DF1060258
:10286000C0F8B0200222A0F8B420C0F8A830C0F808
:10287000AC30A03120460BF0D3FC03B030BD194C76
:102880004FF427732246184918481CF0D3FA4FF426
:10289000277120461CF0C5FA124C40F2A1232246B3
:1028A000134912481CF0C6FA40F2A12120461CF040
:1028B000B8FA0122294620460BF0BCFA38B10223AF
:1028C0000DF10602294620461CF013FFD5E7094A00
:1028D000022109481CF0A4FD6FF01500CDE700BFF0
:1028E00020FE0400D0A3040010A4040034900400CF
:1028F00050A604003CA404003489040070B588B0DC
:1029000005460E46FFF77EFE002841D000218DF8D7
:10291000181042F61543ADF81A3006AA46480BF0D7
:102920005BFA04460322014628460BF083FA00288E
:102930003BD00322214628460BF07CFA002841D0E8
:10294000002C47D00122214628460BF073FA0028BC
:102950004DD10222214628460BF06CFA002867D0A0
:102960002846FFF74FFE002855D044670022026733
:102970003168C0F88010B188A0F884102F498167B1
:10298000C26700F1700128460BF04AFC08B070BD28
:102990002B4C40F2522322462A492B481CF04AFA7B
:1029A00040F2522120461CF03CFA00218DF81C1008
:1029B00042F61643ADF81E3007AA1F480BF00CFA7A
:1029C0000446B6E7214A022121481CF029FD6FF098
:1029D0001500DBE71A4C4FF4187322461D491A48BC
:1029E0001CF028FA4FF4187120461CF01AFA6946B8
:1029F000002300930193029303930493059301949E
:102A000033680293B388ADF80C30134B0493284617
:102A10000BF0DCFDBAE70A4C40F26F23224609496D
:102A200009481CF007FA40F26F2120461CF0F9F922
:102A30006FF01500AAE700BF20FE04003126020057
:102A4000D0A3040050A604003490040070A4040035
:102A50003489040010A404004926020010B582B095
:102A6000044690F8A1303BB994F8A03083B994F8AB
:102A70009F303BBB02B010BD50F8240C1CF0CCFEC4
:102A8000002344F8243CA4F89C3084F8A130EBE700
:102A900000238DF8003042F61943ADF80230B4F847
:102AA0009820694654F8280CFFF7BCFE034618B975
:102AB000002384F8A030DAE70F4A02210F481CF007
:102AC000B9FCF5E700238DF8043042F61843ADF861
:102AD0000630B4F8962001A954F8280CFFF7A2FE9E
:102AE000034618B9002384F89F30C3E7044A022143
:102AF00002481CF09FFCF5E7ACA4040034890400F4
:102B0000CCA4040070B582B006460D46FFF77AFDEE
:102B1000D8B1044600218DF8001042F61643ADF8F6
:102B200002306A461E480BF057F901460322304630
:102B30000BF080F958B1A4F8BE50012384F8C730D7
:102B400004F12801174822F0E8FC02B070BD002112
:102B50008DF8041042F61543ADF8063001AA10486E
:102B60000BF03AF90146032230460BF063F90028D6
:102B7000EBD094F8C630002BE7D1294630461CF044
:102B80003BFE60600023A4F8C430A4F8C2300123E7
:102B900084F8C63004F10801024822F0BEFCD4E7F4
:102BA00020FE04007828002070B584B004460E464C
:102BB00003AB00930022ADF804200221ADF806100B
:102BC000029368461CF099FF314668461CF095FF59
:102BD00069462046FFF7C4FD08B904B070BD03463E
:102BE000024A022102481CF025FCF6E7E4A4040096
:102BF0003489040070B586B0044601AD90F8BD205C
:102C000000F1B80128461CF05EFF28461CF08CFF3E
:102C1000BDF80820042A28BF042294F8C6300BBB54
:102C20000646D5B200218DF8101042F61543ADF8D6
:102C3000123004AA60480BF0CFF801460322206846
:102C40000BF0F8F8A0B9EEB1012E00F08580334604
:102C50005A4A03215A481CF0EDFB02212068FFF775
:102C6000A3FF03E007212068FFF79EFF06B070BDB9
:102C7000544A022152481CF0D3FB03212068FFF77D
:102C800093FFF3E7022D0AD02B464F4A02214C480E
:102C90001CF0D0FB03212068FFF786FFE6E701A8C0
:102CA0001CF04AFF064600218DF8141042F6164328
:102CB000ADF8163005AA40480BF08EF8054660B115
:102CC0000222014620680BF0B5F898B1636813B38F
:102CD00007212068FFF768FFC8E73C4C40F2F52366
:102CE00022463B493B481CF0A5F840F2F52120461E
:102CF0001CF097F80122294620680BF09BF8002869
:102D0000E4D1354A02212E481CF08AFB03212068B9
:102D1000FFF74AFFAAE7314620681CF064FDB0B116
:102D200001212068FFF740FF314620681CF064FD58
:102D300060600023A4F8C430A4F8C230012384F8F2
:102D4000C63004F10801254822F0E7FB8EE7082190
:102D50002068FFF729FF89E7022D0AD02B461A4A7F
:102D6000022117481CF066FB03212068FFF71CFFB7
:102D70007CE701A81CF0E0FE636813B19B889842D1
:102D800004D008212068FFF70FFF6FE704F1380037
:102D900016F056FA002584F8C950636801269E7320
:102DA00060681CF039FD6560A4F8C45031462068A5
:102DB000FFF7FAFE5AE700BF20FE040090A50400CA
:102DC0003489040004A5040048A50400D0A304002D
:102DD00010A40400349004005CA5040078280020AE
:102DE00070B584B004460E4603AB00930021ADF8E5
:102DF00004100322ADF80620029368461CF07DFE05
:102E0000314668461CF080FE69462046FFF7A8FC64
:102E100008B904B070BD0346024A022102481CF002
:102E200009FBF6E7E4A40400348904002DE9F0412D
:102E300086B00446006888B31FF05FFB04283AD9C7
:102E4000043885B25D480023838083680360691C71
:102E500002F068F90746002836D0234633F8C46FDD
:102E6000B6FA86F676090DF10F0200922A46411C49
:102E7000606800F00DFC1FFA80F8B8F1000F2BD14C
:102E80009DF80F30002B56D104F108014C4822F078
:102E900044FB0025284606B0BDE8F081494C40F2CD
:102EA0004F132246484949481BF0C4FF40F24F11D6
:102EB00020461BF0B6FF0346454A022145481CF058
:102EC000B9FA6FF07F05E5E7434A012141481CF05C
:102ED000A7FA6FF00B05DDE73B7866F300033B7064
:102EE0009DF80F20DBB262F341033B70B4F8C220BF
:102EF000DBB262F387033B704046304E291A3046FE
:102F000002F034F931462068FFF7F8FC054628B98D
:102F1000B4F8C2300133A4F8C230B1E703462F4AF7
:102F200002212C481CF086FAB4F8C430A3EB080345
:102F3000A4F8C430AEE7002584F8C65004F10800B8
:102F400013F0D0F98DF8105042F61643ADF8123058
:102F500004AA294622480AF03FFF014603222068BE
:102F60000AF068FF80B16368998854F8380BFFF75E
:102F700037FF00220023CDE900231A4A0023204610
:102F800016F0D6F8002585E700218DF8141042F6DA
:102F90001543ADF8163005AA11480AF01DFF014689
:102FA000032220680AF046FF0028EBD060681CF07E
:102FB00033FC00236360A4F8C430E3E798040020E6
:102FC00078280020D0A30400B4A5040034900400A5
:102FD000C0A5040034890400D0A50400F0A50400B5
:102FE00020FE04005A62020010B5044690F8BE307C
:102FF0004BB1083854F8043C2BB1FFF717FF10F120
:10300000800F01D078B910BD002384F8BE3054F889
:10301000040C0028F7D01CF0FFFB002344F8043C0C
:10302000A4F8BC30EFE70346024A022102481CF034
:1030300001FAE8E720A604003489040010B584B042
:1030400004240294044C0194BDF8184000941FF02D
:1030500069F904B010BD00BF94040020F8B505461E
:1030600016461C4602220AF0E5FEF8B12846FFF794
:10307000C9FA0546B8B100F11807384612F0C4FF86
:1030800088B9631E9BB2042B13D82246314605F142
:10309000B800F2F7D5F885F8BD403946064822F069
:1030A0003CFA2046F8BD6FF0FB00FBE76FF0FC0038
:1030B000F8E76FF00C00F5E77828002070B586B0CF
:1030C00003AD00240394049405940A4B03930A4E21
:1030D000304613F079F900950E234FF480620749CA
:1030E000304613F08BF9064800F0C0FA204606B0CF
:1030F00070BD00BF3CA6040078280020A0FD002081
:10310000A4030020F8B50546FFF77CFA80BB002435
:1031100014B16FF00B00F8BDD02204FB02F2164987
:103120008A580AB10134F3E7D02202FB04F40F46B7
:1031300066180021304619F03FFE284606F0A2FF2F
:1031400038510E4906F1080012F0FCFE0C4906F158
:10315000180012F0F7FE0B4906F1280012F0F2FEFB
:103160000022094906F1380022F03FFB0020D2E797
:103170006FF07700CFE700BF50290020E92F020051
:1031800019F703005D2A02006126020010B5FFF75F
:1031900039FAC0B10446083013F0A4F804F118005D
:1031A00013F0A0F804F1280013F09CF804F13800A3
:1031B00016F046F80021044813F0A2F9206806F042
:1031C0008BFF0023236010BD7828002070B50546D2
:1031D0000E460A4B1C6804B1083C74B123683BB12D
:1031E000314628469847A468002CF6D0083CF4E7FE
:1031F00014F10803F7D11C46EFE770BD8866002084
:1032000070B505460E460A4B1C6804B1083C74B103
:1032100063683BB1314628469847A468002CF6D035
:10322000083CF4E714F10803F7D11C46EFE770BD42
:10323000886600204FF0000CBCF1030F2BD810B5AE
:1032400006E00CF1010C5FFA8CFCBCF1030F20D8F6
:1032500041F6145E0EFB0CFE104C54F80E408442F6
:10326000EFD10E4C41F6145E0EFB0C44A4888C4248
:10327000E7D10A4C0EFB0C44247B9442E1D1074C6D
:103280000EFB0C44647B9C42DBD104480EFB0C001B
:1032900000E0002010BD0020704700BF98660020AD
:1032A00038B50C46154607F09BF950B944B995F965
:1032B0000310094A1154094A4FF0FF3142F8201017
:1032C00038BD074C9E232246064907481BF0B2FD35
:1032D0009E2120461BF0A5FD9466002090660020EC
:1032E00058A604009CA604003490040070B582B077
:1032F0000D46CB8884781C44A4B20134A4B2B4F542
:10330000E85F1ED9086807F06BF9064670B94FF4FC
:10331000E85300932346154A012115481CF095F8FF
:10332000AA88144B43F8262000201DE0124CB0233D
:103330002246124912481BF07DFDB02120461BF0A9
:1033400070FD06460178EA18D17401339BB2EB8018
:103350000833E818B27871680B30F1F771FFEB8829
:10336000B2781344EB80012002B070BD64A8040061
:10337000348904009066002058A6040070A7040059
:10338000349004002DE9F84304460F4600231E46FE
:103390001D469E464FF6FF71184603E0002D39D0BA
:1033A0000133DBB2032B44D8984641F6145C0CFB86
:1033B00003FC2D4A52F80C20A242EFD1013080B21A
:1033C000294A41F6145C0CFB0322B2F804C0A7EBB7
:1033D0000C0C1FFA8CFC127B002ADFD0224A41F62B
:1033E000145909FB0322527B002AD7D14A4603FB1A
:1033F00002F20832DFF870904A44D2E8AF2F002A78
:10340000CCD1E645CAD241F6145202FB0396B188EC
:10341000E646C3E741F6145202FB08F2DFF848C063
:103420005CF80220002ABBD141F6145202FB08C509
:10343000B6E703280DD94EB1B37B8BB130461CF0F3
:10344000BDF93A46314620461CF0A3F93046BDE8A6
:10345000F8833A46294620461CF09BF92E46F5E7AC
:103460002046FFF7CDFEE9E7986600202DE9F04FF2
:1034700085B007460C468E88C6F30B09012300224F
:103480004946FFF7D7FE0546384607F0A9F8002859
:103490006AD18046637A0F2B71D05E4B53F8282097
:1034A000A3889A4270D05B4B4FF0FF3243F828203C
:1034B000002D6FD0EB880833EA1802F10B069BB29F
:1034C000EB80B3F5E85F00F28D806388A2F80B30E3
:1034D000E3887380627A337962F303033371A27AEB
:1034E000DBB262F307133371E27A737962F3030399
:1034F0007371227BDBB262F30713737194F90830A6
:10350000B371A37A0F2B7DD0A37BF3712069A0B197
:10351000036882689B1A1FFA83FAADF80CA0B0F812
:1035200004B0ADF80EB02A463B490DF08FFE23697A
:103530009A6852441A60A3F804B0364B53F8282016
:10354000A3889A4261D0337913F00F0301D00F2B77
:1035500007D101232B7300236B7349463846FFF7CD
:1035600035FE05B0BDE8F08F2C4CCB2322462C490C
:103570002C481BF05FFCCB2120461BF052FCA2889C
:10358000244B43F8202088E7002DEAD028461CF081
:1035900015F9E6E749463846FFF7F4FE0546B0B1AF
:1035A000C673C6F30326037C23F00F03334303746F
:1035B0002278DBB262F3071303741B4B13F9083054
:1035C0004374627B01239340013B837472E7A388B9
:1035D000164A032116481BF02DFFA2880D4B43F815
:1035E0002820BEE74FF4E8520092124A0121104809
:1035F0001BF02BFFAA88074B43F8282028461CF015
:10360000DDF8AEE70023F37197E728461CF0D6F803
:10361000A7E700BF90660020ED32020058A6040024
:103620009CA604003490040094660020A8A804001E
:103630003489040064A8040038B50546002407E076
:1036400041F6145000FB04201CF0B8F80134E4B239
:10365000032C08D841F6145304FB03F3024AD35851
:10366000AB42F3D1ECE738BD9866002000F10803C7
:1036700000228260054A52681AB11360034A5360FF
:103680007047024A53601360704700BF886600208D
:10369000F8B584461C46037B6BB308461646BCF857
:1036A000063004339BB222889F1ABFB23D46B74210
:1036B00028BF35469A4211D8083294442A460CF164
:1036C0000701F1F7BDFD23882B442380B7428CBF4F
:1036D00000270127069B1F702846F8BD074C40F2C3
:1036E0006F132246064907481BF0A4FB40F26F11F6
:1036F00020461BF096FB0020EFE700BF58A6040011
:10370000D4A804003490040008B50348034A121AF0
:1037100000211CF093F808BD000B0020A0E8002059
:1037200008B50648064A121A06491CF08BF80648E6
:10373000064A121A06491CF085F808BD60000020F0
:10374000FC0A0020881E05006000002060000020A8
:10375000881E05002DE9F04182B000AF0446D0F884
:1037600000E0D0F804C085686E468AB06B4613F15D
:10377000100200F0888014218AB10846042903DD74
:10378000DFF81C81C3F81480082801DDC3F818E0B5
:103790000C2801DDC3F81CC0102800DD1D621329B0
:1037A00074DD14253AB10521397100217971B9719F
:1037B000F97178681861002121F0010121F00201FE
:1037C00021F0040121F03801012363F38811C5F3CE
:1037D0000A0565F35321C1F3130100233148FEF7B5
:1037E0002BFBB546D4F80CC026696569E8468AB05B
:1037F0006B4613F110024CD0142182B10846042903
:1038000003DDDFF8A4E0C3F814E0082801DDC3F805
:1038100018C00C2800DDDE61102800DD1D621329B0
:103820003ADD14253AB10521397100217971B97158
:10383000F97178681861002121F0010121F002017D
:1038400021F0040121F03801012666F38811C5F347
:103850000A0565F35321C1F31301124D00232846D5
:10386000FEF7EAFAC546E369104A314628461BF0DE
:10387000E1FDA3690E4A314628461BF0DBFD0837FF
:10388000BD46BDE8F0816FF0004175E76FF01B05A4
:1038900088E76FF00041B0E76FF01B05C2E700BF9B
:1038A000ECA80400248904001CA904004CA904000D
:1038B0005CA9040038B504460D4611B10846FFF76F
:1038C00049FF012C04D02946204610F0AFFC38BD3A
:1038D000EFF30583103B034A012103481BF0AAFDC7
:1038E000F1E700BF8CA904002489040030BFFFF772
:1038F000FDBF00BF38B50446054D2A460549F1F71E
:103900009FFC054A0021601919F056FA38BD00BF26
:1039100000000000A88904000400000070B50646FD
:10392000064D074B1D444C1B2046FFF7E3FF083CA8
:10393000C6F8AC4005F1080070BD00BF00000000F3
:10394000040000008169104B5A6942F480725A6188
:10395000BFF34F8FBFF36F8F31F8021C5A6922F407
:1039600080725A61BFF34F8FBFF36F8F01F47F43B3
:10397000B3F55F4F01D000207047C9B2022901D0D2
:10398000002070470120704700ED00E04FF0000C70
:1039900083F800C002F07F4CBCF17F4F14D102F0DD
:1039A0000C0CBCF1080F04D012F0080F09D0084627
:1039B000704708B5054A012105481BF031FD00207C
:1039C00008BD01221A70704700207047A0A90400AA
:1039D0002489040008B5314A012131481BF020FD3B
:1039E000304B9B6A13F0007F26D11D202D4B9B6A24
:1039F00013F0807F27D12B4B9B6A13F4801F29D1B2
:103A0000284B9B6A13F4002F2BD1264B9B6A13F48F
:103A1000802F2DD1234B9B6A13F4003F2FD1214BD4
:103A20009B6A13F4803F31D11E4A936A6FEA0343C5
:103A30006FEA1343936208BD1B4A012118481BF02B
:103A4000EFFC1E20D2E7194A012115481BF0E8FCC3
:103A50001F20D0E7164A012111481BF0E1FC02208B
:103A6000CEE7144A01210E481BF0DAFC2120CCE7F6
:103A7000114A01210A481BF0D3FC2220CAE70F4A51
:103A8000012107481BF0CCFC2320C8E70C4A012188
:103A900003481BF0C5FC2420C6E700BFCCA90400E6
:103AA0002489040000ED00E0E4A90400F8A9040062
:103AB00014AA040040AA040060AA040088AA040012
:103AC000A4AA040008B500230B70034A012103488F
:103AD0001BF0A6FC08BD00BFD0AA04002489040086
:103AE00090B583B000AF0F2923DC2F4C1039002391
:103AF0003B7102237B718AB0EC461CF110021AD094
:103B0000122022B1042802DD284BCCF81430002307
:103B10003B7002237B70E2B10346082801DDCCF83C
:103B200018400C2B01DDCCF81C100CF120030021F7
:103B30000DE01F4CDAE76FF00040E2E701F1080406
:103B400004EB070E1EF808EC03F801EB0131012924
:103B5000F4D9112824DD12234AB10421397100213E
:103B60007971B9710121F9717868CCF810000021E0
:103B700021F0010121F0020121F0040121F03801BE
:103B8000012060F38811C3F30A0363F35321C1F3E7
:103B9000130100230748FEF74FF90C37BD4690BDCF
:103BA0006FF01B03D8E700BFF4AA040028AB0400A1
:103BB0000CAB040024890400F8B505460F461446F2
:103BC000454A012145481BF02BFC454B9B6A13F0ED
:103BD000100F39D11026424B9B6A13F0080F3AD1CF
:103BE0003F4B9B6A13F0020F3CD13D4B9B6A13F095
:103BF000010F53D13A4B9B6A13F0200F55D1384B2C
:103C00009B6A13F0100F04D1354B9B6A13F0020F1F
:103C100004D0334B9B6A13F0100F4DD1304B9B6A8D
:103C200013F0200F04D02E4A536A23F4005353623A
:103C30002B4A936A43F0FF039362012128461BF04D
:103C400011FE20703046F8BD264A012123481BF0A2
:103C5000E7FB1126BFE7244A012120481BF0E0FBC7
:103C60001226BDE7214A01211C481BF0D9FB1C4A42
:103C7000536B926A12F0800F01D11326B5E71C4AEC
:103C8000012116481BF0D6FB37B1154A936A23F081
:103C9000800393621326A8E71326A6E7154A01219D
:103CA0000E481BF0BDFB1426A4E7134A01210B4864
:103CB0001BF0B6FB1526A2E7104C40F22D1322464E
:103CC0000F4910481BF0B6F80F481BF0B3F840F24C
:103CD0002D1120461BF0A5F83CAB040024890400FC
:103CE00000ED00E054AB040088AB04009CAB040082
:103CF000B4AB0400CCAB0400ECAB04001CAC04007F
:103D000050AC0400349004009CAC0400F8B50546A7
:103D10000F461446374A012137481BF081FB374BC9
:103D20009B6A13F4805F25D11626344B9B6A13F4EB
:103D3000006F26D1314B9B6A13F4007F28D12F4BA3
:103D40009B6A13F4806F3FD12C4B9B6A13F4807FE6
:103D500041D12A4B9B6A13F4005F43D1274A936AEF
:103D600043F47F439362012128461BF07BFD2070C2
:103D70003046F8BD224A01211F481BF051FB17268F
:103D8000D3E7204A01211C481BF04AFB1826D1E743
:103D90001D4A012118481BF043FB184A936B926A95
:103DA00012F4004F01D11926C9E7184A012112481F
:103DB0001BF040FB37B1114A936A23F4004393622E
:103DC0001926BCE71926BAE7114A01210A481BF057
:103DD00027FB1A26B8E70F4A012107481BF020FBF2
:103DE0001B26BBE70C4A012103481BF019FB1C26CC
:103DF000B4E700BF00AD04002489040000ED00E03A
:103E000018AD040088AB04002CAD040048AD0400DC
:103E100060AD04007CAD0400ECAB040070B5064658
:103E20000D463B4A01213B481BF0FAFA00232B7058
:103E3000394BDC6A14F0020425D1374BDB6A002BC6
:103E400029DB354BDB6A13F0804F50D0334A012118
:103E500030481BF0E5FA3046FFF774FD08BB2E4BE7
:103E60009B6A13F0FF0F24D12B4B9B6A13F47F4FF7
:103E700026D1294B9B6AB3F5803F28D33046FFF704
:103E8000A9FD044605E0264A012122481BF0C8FA94
:103E90000024204670BD234A01211E481BF0C0FAB1
:103EA000F7E73368204A01211A481BF0C3FA346847
:103EB000EFE72A4601213046FFF77EFE0446E8E799
:103EC0002A4601213046FFF721FF0446E1E7174C5F
:103ED00040F2ED232246164916481AF0ABFF164869
:103EE0001AF0A8FF40F2ED2120461AF09AFF0F4C7D
:103EF0004FF43C7322460E490E481AF09BFF0F48C0
:103F00001AF098FF4FF43C7120461AF08AFF00BF68
:103F100094AD04002489040000ED00E0E0AD04004D
:103F2000ACAD0400D0AD040000AE04001CAC040035
:103F30008CF80400349004001CAE040040AE040071
:103F400030B58BB0264B5D68C5F30805002383F3BD
:103F50001188BFF36F8F0DF12603FFF717FD58B1DE
:103F600004460DF1270229461BF07EFC05469DF80C
:103F700027308BB10BB030BD1A4C40F21B432246A8
:103F800019491A481AF056FF19481AF053FF40F21F
:103F90001B4120461AF045FF0DF1040C20686168B2
:103FA000A268E368ACE80F0020696169A269E3696F
:103FB000ACE80F009DF826304BB1089BC3F3080214
:103FC0004AB96FEA53236FEA4323089303E0089B3F
:103FD0006FF30803089301A92846FFF76BFCC9E7B4
:103FE00000ED00E01CAC040070AE0400349004004E
:103FF00084AE0400064B5A6942F010025A615A69B5
:1040000042F480625A615A6922F008025A6170478C
:1040100000ED00E0EFF30880EFF3098101B572468F
:10402000FFF78EFF01BD00BF002080F31488BFF3AF
:104030006F8F002080F30A8880F30B88104880F38C
:10404000088800200F4908700FF0DCF800200E49A6
:104050000860BFF34F8F00F02FF8402080F31188E5
:104060000A484FF40061401880F30988EFF3148088
:104070000221084380F31488BFF36F8F00F0C2F869
:10408000083301209DE8002094ED00E0C8210120C4
:10409000084BD3F89000C0F30720002306E0054A40
:1040A000C2F898300021C2F8A01001338342F6DB39
:1040B000704700BF00ED00E010B572B6002484F335
:1040C0001388FFF7E5FF234608E003F120010E4ABD
:1040D0004FF0FF3042F821000133DBB20F2BF4D94F
:1040E000002308E003F16001074A4FF0FF3042F877
:1040F00021000133DBB20F2BF4D962B6BFF34F8F2F
:10410000BFF36F8F10BD00BF00E100E01EF0040F91
:104110000CBFEFF30880EFF30980816911F8021CEE
:104120000229FFD001B572461BF090FB01BD00BF14
:10413000002807DB00F01F02400901239340024AD8
:1041400042F82030704700BF00E100E000280CDB9F
:1041500000F01F024009012393402030034A42F837
:104160002030BFF34F8FBFF36F8F704700E100E047
:10417000002808DB4901C9B200F1604000F5614048
:1041800080F80013704700F00F004901C9B2014BDD
:104190001954704714ED00E070B5044612F0010F99
:1041A00018D10D460231072903D820B2FFF7E0FFEE
:1041B00070BD094E6B233246084909481AF03AFE91
:1041C00006232246294607481AF034FE6B21304662
:1041D0001AF027FE0021E8E7C4AE0400FCAE04009C
:1041E0003490040018AF0400044B23F07F03044A0A
:1041F0009360BFF34F8FBFF36F8F704700000000D5
:1042000000ED00E008B5FFF7EFFF074AD2F888306D
:1042100023F47003C2F88830FFF776FAFFF780FACC
:1042200000F0ACF810F068FA00ED00E010B4A2F174
:1042300020040E4942F8081C21F0010142F8081C34
:1042400042F8203C019B42F81C3C029B42F8183C7F
:10425000039B42F8143C4FF0807342F8043C046521
:104260000023C0F8B03010BC704700BFED0602005C
:1042700000B50E4615460D4B9860D0F8AC200C4B9F
:104280001A60D0F89C3083F30B882C4686F309889B
:104290000020044B98472046002100220023024CB6
:1042A00020470000E3F80300ED0602001CE40020B4
:1042B000E8DA0020014B10221A61704700ED00E09F
:1042C000054B5A699B689A4204D0044A536843F0EC
:1042D00080535360704700BF1CE4002000ED00E0F5
:1042E00008B50A4B9B68834202D013F0FDFE08BD5F
:1042F000EFF30583002BF8D0054B5A6842F080524B
:104300005A605A6A22F400425A62EEE71CE4002026
:1043100000ED00E016498A684FF030001044EFF3DA
:10432000098C80E8F01F402080F31288BFF36F8F64
:10433000104F4FF000664A698A603E60D2F8AC00C8
:104340000D4C2060D2F8B0000023C2F8B03080F3EA
:10435000118802F1300090E8F01F8CF3098802F117
:10436000000004B51BF0B5FABDE80440704700003A
:104370001CE4002004ED00E0E8DA0020002206E062
:1043800003F00F030949194440230B760132B2F5BB
:10439000877F0ADC13B2002BF2DB03F1604303F5E5
:1043A0006143402183F80013F0E77047FCEC00E024
:1043B00008B5EFF30583103B044A02EBC3014968DB
:1043C00052F833008847FFF77BFF08BDD07D04001B
:1043D0000148006870470000E8DA002010B584B09A
:1043E0000A4C23460A4A01210A4800F07BFA01A838
:1043F0000023019343608360074B0193E41A029406
:10440000012100F091FA04B010BD00BF00000420AB
:1044100000000020ECFF0400000B0020024B034AC8
:10442000C3F8C020704700BF00ED00E0AAFF4400C1
:10443000034BC3F89800C3F89C10C3F8A020704742
:1044400000ED00E00E4BC3F89800C3F89800D3F8D5
:104450009C000A7A60F304020A72D3F8A020C2F327
:104460004202087A62F347100872D3F89C2022F0C7
:104470001F020A60D3F8A03023F01F03CB607047FF
:1044800000ED00E070B505460E46002400E0013462
:10449000A6421EDD04EB44039A0005EB8303596832
:1044A0000029F4D0A8581BF06FFA04EB84030B4AE0
:1044B00042F8230010F1160F0CD0094B1B789842DC
:1044C00009DA04EB840302EB83010431FFF7BAFF3E
:1044D000DDE7002070BD6FF01500FBE7ECDA00208F
:1044E00095E8002010B504460A4BD3F89030C3F38A
:1044F0000723013B984203D81BF020FA204610BD49
:104500000346054A012105481AF094FF6FF0150093
:10451000F5E700BF00ED00E05CAF04000489040093
:104520002DE9F04F87B08146009101931446002792
:1045300048E03B46624A012162481AF07BFF6FF077
:10454000150407E03346604A01215E481AF072FF05
:104550006FF01504204607B0BDE8F08FD84564D150
:104560002946C0B21BF021FA2BE0584AC2F89860E5
:10457000D2F89C3003F01F0321F01F010B43C2F857
:104580009C302946E0B21BF010FA044610F1160FD9
:10459000E0D0013415E0013B4C49C1F89860D1F8F6
:1045A000A02002F01F0223F01F031343C1F8A03024
:1045B0002946E0B21BF0F9F9044610F1160FC9D0F4
:1045C00001340137009B9F42C4DA07EB47054FEAED
:1045D000850A09EB85056E68002EF2D0019B23B198
:1045E00028461BF0BFF90028A3D0314659F80A002D
:1045F0001BF0CAF9064610F1160FA3D08442A1DDC4
:10460000324BC3F89800D3F89C2022F01F02C3F865
:104610009800D3F8A03043F01F0859F80A306968B1
:10462000194401F1FF3B934298D093429DD0D84565
:10463000B1D0013B2549C1F89860D1F8A02002F023
:104640001F0223F01F031343C1F8A0302946E0B234
:104650001BF0ABF9044610F1160F3FF47BAF0130AD
:104660001A4BC3F89860D3F89C109DF8102061F3A2
:1046700004028DF81020D3F8A030C3F34203D2B265
:1046800063F347128DF8102059F80A206B681A441A
:10469000029259F80A20134423F01F03A8EB0B08D9
:1046A0004344013B23F01F03059302A9C0B2FFF767
:1046B00019FF044610F1160F3FF44CAF013480E7A8
:1046C00084AF040004890400ACAF040000ED00E0F6
:1046D00010B5034C01232278FFF722FF207010BD94
:1046E00095E80020F0B587B0054605A8FDF776FFF0
:1046F0000646002442E0B3F1006F00F0B580B3F14C
:10470000805F3AD15768095827F01F039268134415
:10471000013B23F01F03019702919DF80C2001211A
:1047200061F304028DF80C20D2B222F0E0028DF881
:104730000C20049317E05768095827F01F0392686C
:104740001344013B23F01F03019702919DF80C20B5
:10475000012161F304028DF80C20D2B261F34712FB
:104760008DF80C20049301A92878FFF7BBFE0028E0
:10477000C0F294802B7801332B700134B44280F066
:1047800090802001059901EB0412D3686FF31303A5
:10479000B3F1807F4ED0AED8B3F5001F06D0B3F58D
:1047A000800F2ED0B3F5801FC5D0E6E757680958B3
:1047B00027F01F0390680344013B23F01F03019778
:1047C00002919DF80C10012060F304018DF80C108B
:1047D000C9B2022060F347118DF80C100493D3681E
:1047E00013F0010FBFD0304C842322462F493048AC
:1047F0001AF020FB2F481AF01DFB842120461AF0E6
:1048000010FB5768095827F01F0392681344013BB7
:1048100023F01F03019702919DF80C20062161F3FC
:1048200004028DF80C20D2B222F0E0028DF80C20A8
:10483000049398E75768095827F01F0392681344B8
:10484000013B23F01F03019702919DF80C200121E9
:1048500061F304028DF80C20D2B2032161F34712F8
:104860008DF80C2004937EE75768095827F01F0342
:1048700092681344013B23F01F03019702919DF8B6
:104880000C20012161F304028DF80C20D2B2032127
:1048900061F347128DF80C20049364E76FF0150064
:1048A00000E0002007B0F0BDD0AF040000B004006D
:1048B0003490040028B00400044B0522C3F894206F
:1048C000BFF34F8FBFF36F8F704700BF00ED00E065
:1048D000BFF35F8F024B0022C3F89420704700BFE4
:1048E00000ED00E038B50C46FFF7F2FE10F1160FB0
:1048F00000D038BD084D40F289132A4607490848C0
:104900001AF098FA214607481AF094FA40F28911F1
:1049100028461AF086FA00BFD0AF04008CF80400D5
:104920003490040058B0040038B50C46FFF7AAFDD7
:1049300010F1160F00D038BD084D40F299132A46E9
:10494000074908481AF076FA214607481AF072FA21
:1049500040F2991128461AF064FA00BFD0AF040063
:104960008CF804003490040084B0040038B52D4B5A
:104970001D682D4BD3F89030C3F307239D4205D813
:10498000FFF7A6FFFFF74AFD00241DE0274C40F289
:1049900002232246264927481AF04CFA224BD3F824
:1049A0009020C2F30722294623481AF043FA40F226
:1049B000022120461AF035FA1A4B596801EB04110E
:1049C00020461AF0BBFF0134A542F5D81B480570FC
:1049D000FFF788FE10F1160F10D0184B1A78124B03
:1049E000D3F89030C3F307239A4217DA0E4BC3F87B
:1049F00098200021C3F8A0100132F0E70B4C40F2E0
:104A0000352322460A490B481AF014FA0C481AF0CA
:104A100011FA40F2352120461AF003FAFFF74CFF55
:104A2000002038BDF8FF040000ED00E0D0AF040026
:104A30008CF8040034900400B4B0040095E8002021
:104A4000E8B0040008B5054C1B232246044905487C
:104A50001AF0F0F91B2120461AF0E3F924B1040002
:104A60008CF804003490040070B586B006460D46FC
:104A7000114668460024009401940294039404941F
:104A8000059402228DF80220044A019204960595AD
:104A90001A4618F069FB06B070BD00BFE9F90300C3
:104AA00008B5024818F082FAFEE700BF54B10400CE
:104AB00008B5024B1B689847002008BD00DB0020AA
:104AC000034B1860034A937843F0020393707047D6
:104AD00000DB0020A404002008B5064921F00701EE
:104AE000C1F1005202F580220348FAF7BFFF00200F
:104AF00008BD00BF67A4012004DB0020034BC01ADF
:104B00008010034B03FB00F0704700BF70090020CA
:104B1000A38B2EBA2C22024B02FB0030704700BF41
:104B200070090020436823B9002303824369C360EE
:104B3000704710B5054C63232246054905481AF015
:104B400079F9632120461AF06CF900BF5CB10400CA
:104B500084B10400349004002DE9F04784B0054688
:104B6000039114469A46684620F0DFFDDDE900898E
:104B700035B305F11406EFF31187402383F3128850
:104B8000BFF36F8F304613F059FE30B3304613F049
:104B90007FFE698B002979D02B8B99423DD2002270
:104BA0000023284610F01AFD0446002835D0304670
:104BB00013F054FE00B387F31188BFF36F8F3CE00E
:104BC000554C4FF485732246544955481AF032F932
:104BD0004FF4857120461AF024F9524C8423224662
:104BE00051494F481AF026F9314650481AF022F937
:104BF000842120461AF015F94A4C4FF49973224645
:104C00004B4947481AF016F931464A481AF012F94A
:104C10004FF4997120461AF004F96C8B631E6B8374
:104C2000304613F01BFE00B387F31188BFF36F8F7C
:104C3000214628461AF0E3FE0446039D002D47D185
:104C40000023636101232372002161726160039B71
:104C50006382E27A04F1180018F0AEF82046FFF7FC
:104C600061FF204604B0BDE8F0872E4C4FF49973E5
:104C700022462F492A481AF0DDF831462D481AF00D
:104C8000D9F84FF4997120461AF0CBF8304613F05A
:104C9000E5FD60B187F31188BFF36F8F224653465D
:104CA000284610F09BFC04460028C6D1D9E71D4CCD
:104CB0004FF4997322461E4919481AF0BBF8314641
:104CC0001C481AF0B7F84FF4997120461AF0A9F869
:104CD00042464B46684620F05EFDDDE9002303A90D
:104CE00020461AF09FFE0646606178B1039B9D4204
:104CF000A8D9094C40F25F1322460F4908481AF020
:104D000099F840F25F1120461AF08BF820461AF00D
:104D10009DFE3446A5E700BF5CB10400A0B10400CD
:104D200034900400EC9D04001C9E0400349E04009A
:104D30004C9E0400649E0400A8B1040070B500B34A
:104D40000C46054651B3EFF31186402383F31288D6
:104D5000BFF36F8F294813F071FD60B3274813F03C
:104D600097FD002323606B68002B33D01C606C60C0
:104D7000224813F073FD80B386F31188BFF36F8F61
:104D800070BD1F4C4FF4D37322461E491E481AF0C3
:104D900051F84FF4D37120461AF043F8184C40F202
:104DA000A7132246194918481AF044F840F2A711EF
:104DB00020461AF036F8164C84232246154912482C
:104DC0001AF038F80D4914481AF034F884212046B6
:104DD0001AF027F86C602C60CAE70D4C4FF49973F9
:104DE00022460E4908481AF025F804490C481AF0E2
:104DF00021F84FF4997120461AF013F810DB0020C7
:104E00005CB10400BCB10400349004002CB2040076
:104E1000EC9D04001C9E0400349E04004C9E040083
:104E2000649E040070B5F8B10646EFF31185402387
:104E300083F31288BFF36F8F234813F0FFFC00B396
:104E4000214813F025FD346824B12368336072686B
:104E5000944225D01C4813F001FD18B385F3118846
:104E6000BFF36F8F204670BD184C40F2B31322463B
:104E70001749184819F0DEFF40F2B311204619F027
:104E8000D0FF154C842322461449124819F0D2FF52
:104E90000D49134819F0CEFF8421204619F0C1FFB7
:104EA0007360D7E70C4C4FF4997322460D490948BB
:104EB00019F0C0FF04490C4819F0BCFF4FF4997178
:104EC000204619F0AEFF00BF10DB00205CB10400EB
:104ED000BCB1040034900400EC9D04001C9E04004E
:104EE000349E04004C9E0400649E040038B50446C1
:104EF00008BB1F4C4FF4E27322461E491E4819F0AE
:104F000099FF4FF4E271204619F08BFF184D40F2E3
:104F1000D7132A461949184819F08CFF214618481A
:104F200019F088FF40F2D711284619F07AFF204681
:104F30001AF08CFD2C46D4B1656804F10802D2E861
:104F4000EF3F591EC2E8E01F0028F8D113F0FF031D
:104F5000DCD0012B0BD10023E3606360A07AFFF764
:104F6000D9FD036A002BE2D020469847E2E738BD1E
:104F70005CB104002CB2040034900400C4B10400FD
:104F8000D4B1040038B570B1044600F10802D2E88B
:104F9000EF3F591CC2E8E01F0028F8D1DBB2FF2B1D
:104FA0000ED0204638BD0F4C4FF4FE7322460E49FA
:104FB0000E4819F03FFF4FF4FE71204619F031FF03
:104FC000084D4FF400732A460949084819F032FF8A
:104FD0002146084819F02EFF4FF40071284619F0B9
:104FE00020FF00BF5CB104002CB204003490040028
:104FF000ECB10400FCB10400034620B118465B6824
:10500000002BFBD1704710B5064C40F249232246D5
:105010000549064819F00EFF40F24921204619F0D3
:1050200000FF00BF5CB104002CB204003490040007
:1050300038B558B10C460546A9B1436823B10846B6
:10504000FFF7DAFF6B6843606C6038BD0C4C4FF4BF
:10505000157322460B490C4819F0ECFE4FF41571FC
:10506000204619F0DEFE064C40F255232246074941
:10507000054819F0DFFE40F25521204619F0D1FE17
:105080005CB1040018B204003490040020B20400A3
:1050900038B549B104460D4698B1FFF7ADFF294632
:1050A000FFF7C6FF204638BD084C4FF41873224660
:1050B0000749084819F0BEFE4FF41871204619F050
:1050C000B0FE0846FFF75EFFEDE700BF5CB10400ED
:1050D00020B204003490040010B528B1828872B95F
:1050E00082680A44026010BD0A4C2B2322460A49FA
:1050F0000A4819F09FFE2B21204619F092FE054C1C
:105100002C2322460649054819F094FE2C212046FE
:1051100019F087FE30B204002CB204003490040071
:105120005CB2040038B503460468B0F804C004EB70
:105130000C00DA889D68641B121BA2EB0C029142E2
:1051400003D88C44A3F804C038BD054C3E23224646
:105150000449054819F06EFE3E21204619F061FE13
:1051600030B204006CB204003490040083888B4297
:1051700005D35B1A9BB2838000681844704710B552
:10518000054CB02322460549054819F053FEB021CD
:10519000204619F046FE00BF30B2040090B2040071
:1051A00034900400034600689A68821A914205D838
:1051B000401A18609A880A449A80704710B5064CC5
:1051C00040F2551322460549054819F033FE40F2D6
:1051D0005511204619F025FE30B20400A0B204009B
:1051E0003490040082888A4206D30346521A828091
:1051F000006808441860704710B5064C40F2C313AD
:1052000022460549054819F015FE40F2C311204613
:1052100019F007FE30B2040090B20400349004008C
:10522000034600689A888A4204D3521A9A8001443D
:105230001960704710B5064C40F2CF13224605495D
:10524000054819F0F7FD40F2CF11204619F0E9FDAD
:1052500030B2040090B204003490040068B108B584
:10526000064A074B1B680749A1FB03139B0C00FB75
:1052700003F042F00103984708BD7047208F0400F7
:10528000B406002083DE1B43254BD3F82436C3F33A
:10529000080282F48072C3F3094388324FF47A61C2
:1052A00001FB03F31F4901FB02335B001E4AA2FB13
:1052B0000312D20B4FF4FA2101FB1231B1F57A3F00
:1052C00000D30132194BC3F80429154BD3F820360B
:1052D000C3F3080282F48072C3F3094302F2172277
:1052E0004FF47A6101FB03F342F21C5101FB0233DC
:1052F0001B0A0D4AA2FB031292094FF47A7101FBBB
:105300001231B1F5FA7F00D30132084BC3F81C27E4
:105310000022C3F800290122C3F80026704700BF0D
:1053200000C0FF00F82A0080D34D62100000125028
:1053300008B5044B044A1A600CF048F9FFF7A4FFC3
:10534000002008BDB40600200020A107F0B58BB0F6
:1053500004460D4616460378032B38D8DFE803F0E1
:1053600002212B311D4B93E803000790ADF820106C
:10537000090C8DF8221063792279E178A07867789A
:105380000DF11C0CCDF814C004970390029101920A
:105390000093A379124A3146284617F029FE0BB034
:1053A000F0BD104B93E803000790ADF82010090CF6
:1053B0008DF82210DFE70C4A07AB07CA03C31A8037
:1053C000D9E70A4A07AB07CA03C31A80D3E7084ADA
:1053D0000A2107A817F00CFECDE700BFD8B20400E1
:1053E000E8B20400E0B204000CB3040018B30400F7
:1053F0001CD90400402928BF402100238B421CD225
:1054000030B410F803C04FEA1C1C5A000D4D15F8BB
:105410000CC00D4C04F813C010F803C00CF00F0CB6
:10542000013215F80C50A55401338B42E9D30648DC
:10543000002200F8132030BC70470348002200F817
:10544000132070475000050014DB002070B586B0B3
:1054500003AD0024039404940594084B0393084E71
:10546000304610F0B1FF00950A234FF42062054941
:10547000304610F0C3FF204606B070BD2CB30400C8
:10548000202A0020A001012008B50146014811F0A2
:10549000FFF808BD202A002008B50146014820F089
:1054A0003CF808BD202A0020884202D98B1883428C
:1054B00004D9884205D283188B4202D8531E19445E
:1054C00015E010B50B4C40F2B32322460A490B48B5
:1054D00019F0B0FC0A4819F0ADFC40F2B3212046A7
:1054E00019F09FFC11F8013900F8013B013A002A3C
:1054F000F8D1704738B304006CB304003490040052
:10550000C4B3040010B586468C460378012B14D032
:10551000022B2BD083B9184C0FCCCCF80000CCF860
:105520000410CCF80820CCF80C30BEF802301A0A6F
:105530008CF802208CF8033010BD0F4C0FCCCCF847
:105540000000CCF80410CCF80820CCF80C30DEF8C1
:1055500004301A0C190E8CF800108CF80120C3F3DB
:1055600007228CF802208CF80330E5E71022411C5A
:105570006046FFF799FFDFE76400050038B5044691
:105580001FF0EAFF054638B1064BD3E8AF3F0BB139
:10559000204698471DB138BD12F052FAF4E712F0D8
:1055A000CFFAF8E798DB0020431E1F2B15D8DFE861
:1055B00003F02112142014141420141414141414BD
:1055C000141014141414141414141414141414149F
:1055D0001410052070470420704710B5064C522364
:1055E00022460649064819F025FC5221204619F0AA
:1055F00018FC0220704700BFF8B304008CF80400C8
:105600003490040038B5811EC9B21E2915D804464D
:10561000114820FA01F111F0010F0ED00F481AF0D5
:105620004CFA054638B12046FFF7BEFF014605F1AA
:105630000C001AF062FA284638BD094C7A2322463B
:105640000849094819F0F6FB084819F0F3FB7A21DC
:10565000204619F0E6FB00BF410000404C0A002044
:105660002CB404005CB4040034900400A4B404001E
:10567000034BD3E8EF2FC3E8E10F0029F9D17047BE
:1056800098DB002010B50F280ED80E280ED291B14D
:105690000B481AF012FA044624B1042104F10C005C
:1056A0001AF02BFA204610BD1328F0D105481AF045
:1056B00004FA0446F0E70220FFF7A4FF0446F1E7EE
:1056C000C8090020D00A002038B50B6893B1054600
:1056D0000C464A68DA600B684A895A820868FFF704
:1056E00005FC002323606360A360E36028461AF092
:1056F00001FB38BD054CFA2322460549054819F03F
:1057000099FBFA21204619F08CFB00BF2CB4040051
:10571000C4B40400349004002DE9F0416AB3054696
:105720000C461E461746002832D0CA684B699A427A
:1057300039D008461AF0FDFA00283FD104F10C08D0
:1057400005F10C0140461AF0C4F9E36862699B1A3E
:10575000BAB213446B822A8201236B7239464046E7
:10576000FFF740FDE36873600023E360628A7281A3
:10577000638234602846BDE8F081164CD623224669
:105780001549164819F056FBD621204619F049FB59
:10579000104CD72322461249104819F04BFBD72151
:1057A000204619F03EFB0B4CDB2322460D490B48EB
:1057B00019F040FBDB21204619F033FB054CDD23BB
:1057C00022460949054819F035FBDD21204619F02C
:1057D00028FB00BF2CB40400C0B2040034900400C5
:1057E000D4B40400DCB40400FCB40400002303B10E
:1057F0007047074A32F813200AB10133F7E740F443
:105800007040034A22F81300024AD154704700BF87
:10581000A0DB00209CDB002040F4704000230BB193
:1058200000207047064A32F81320824201D001332B
:10583000F5E7034A002122F81310024AD05C7047B2
:10584000A0DB00209CDB0020C2685178074B83F866
:1058500024105188D984117983F82510B2F80710E3
:105860001985B2F805205A85704700BF78010020DD
:10587000C268034BD2F80100D2F8051003C3704789
:105880000802002030B5C46804F1010C094D413410
:10589000AE46DCF80000DCF80410DCF80820DCF888
:1058A0000C30AEE80F000CF1100C7546A445EFD19A
:1058B00030BD00BFAC010020C268034BD2F801002C
:1058C000D2F8051003C37047A401002008B5C068D2
:1058D00001301AF049FA024BC3E9260108BD00BFA6
:1058E00078010020C368B3F80120024BA3F8C82058
:1058F000704700BF78010020C3685A78014B83F8D5
:10590000CA20704778010020042801D90248704756
:10591000024B53F82000704728B50400D80005005A
:10592000022801D004487047052901D90248704770
:10593000024B53F82100704728B50400C000050051
:10594000032801D902487047024B53F820007047E2
:1059500028B50400B0000500054BD3E8AF2F02F0D6
:105960000B02D3E8EF1FC3E8E02F0028F9D17047FE
:105970000002002010B582B0864608464FF0000CA9
:1059800063451BD902EBCC0112F83C40744508D1A9
:10599000038A4A78934207D34B689847002002B0A5
:1059A00010BD0CF1010CEBE7CDF800E0054A012138
:1059B000054819F04AFD6FF01500F0E76FF05E0042
:1059C000EDE700BF30B504008488040008B5C26864
:1059D000074BB3F8B43003B108BDB2F80130044846
:1059E000A0F8B43091880A46B8301FF0C1FCF3E744
:1059F0007801002010B582B0C468B4F801309AB2C2
:105A000062B1E27852B10A4AA2F8B430E378032BCB
:105A100006D1E1780A4607481FF0AAFC02B010BD83
:105A200003220092044A0221044819F00EFDF0E717
:105A3000780100203002002054B50400848804005E
:105A40003C2862D090B583B000AF6C4601233B7117
:105A500003237B718AB0EC461CF110021CD04FF07E
:105A6000120E52B17346BEF1040F02DD2749CCF885
:105A70001410082B01DDCCF8180001233B70032320
:105A80007B70B2B1BEF10C0F02DD214BCCF81C30A3
:105A90000CF1200300210AE06FF0004EE1E701F174
:105AA0000800384410F8080C03F8010B01310129F3
:105AB000F5D9BEF1110F25DD12234AB10421397148
:105AC00000217971B9710121F9717868CCF8100061
:105AD000002121F0010121F0020121F0040121F057
:105AE0003801022060F38811C3F30A0363F35321E2
:105AF000C1F3130100230748FCF79EF9A5460C37B4
:105B0000BD4690BD6FF01B03D7E770479CB50400FE
:105B10001CD404008488040008B5C3681B78034AB9
:105B20000221034819F086FC08BD00BFB8B5040087
:105B300084880400012801D00020704708B506229F
:105B4000074B93F8230005F0DDF800B108BD0522EE
:105B50000449034B93F8230005F0D4F8F6E700BF9F
:105B6000780100203000050038B5C368B3F8015053
:105B70001B7803B138BD0F21284604F0E5FC04462C
:105B800048B1002104F0CEFBA378012B0AD02046B7
:105B900004F0A2FAEEE72B46044A0121044819F06A
:105BA00049FCE7E7204604F097FAE3E7E0B5040094
:105BB0008488040010B5C368B3F801400121204671
:105BC00004F0C2FC10B104F087FA10BD2346034A6A
:105BD0000121034819F02EFCF7E700BF08B60400C6
:105BE0008488040010B5C3681C880121204604F095
:105BF000ABFC10B104F070FA10BD2346024A01213B
:105C0000024819F017FCF7E708B60400848804007E
:105C100030B583B008210C30FFF702FB04460121A8
:105C2000B0F8010004F090FCD8B10546E3788DF897
:105C3000003023798DF8013094F905308DF8023069
:105C4000A3798DF8033094F907308DF8043002AB56
:105C500013E9060005F0EEF8284604F03DFA03B01B
:105C600030BDB4F80130034A0121034819F0E2FBCA
:105C7000F5E700BF2CB604008488040008B50121B4
:105C80000C30FFF7CDFA0378024A0121024819F0DF
:105C9000D1FB08BD64B60400848804002DE9F043FC
:105CA00083B000AFD0F80C8098F80040A300013317
:105CB000018A8B421BD84FF0000998F800309945B3
:105CC00053DA08EB8903B3F80160B3F803500F21EE
:105CD000304604F039FC0446002877D13346504A58
:105CE0000121504819F0A6FB09F10109E5E76E46CC
:105CF0008AB06D4615F110023BD0142092B1844653
:105D0000042803DDDFF820E1C5F814E0BCF1080F3A
:105D100000DDAC61BCF10C0F00DDEB61BCF1100FDC
:105D200000DD2962132827DD14233AB105213971DA
:105D300000217971B971F97178682861002121F029
:105D4000010121F0020121F0040121F038010120BC
:105D500060F38811C3F30A0363F35321C1F3130102
:105D600000233048FCF768F8B5460C37BD46BDE85F
:105D7000F0836FF00040C1E76FF01B03D5E72B4ABB
:105D80000121284819F04CFB294C40F28723224678
:105D90002849294819F04EF840F28721204619F089
:105DA00040F8A3611DE02562E56104F1BC03D3E87E
:105DB000AF2F1AB3D3E8EF1F0139C3E8E21F002A5F
:105DC000F8D10021204604F06BF835466E1EB6B2BD
:105DD0000DB36569002DD2D02B686361A26995422D
:105DE000DFD0204603F040FF0FF0F6FC00232B60CD
:105DF000236A002BD7D01D602562D6E70C4C4FF4E8
:105E0000247322460D490C4819F014F84FF42471FC
:105E1000204619F006F8204604F05EF964E700BF5A
:105E2000B4B604008488040088B60400D0B6040028
:105E3000E8B604008CF80400349004001CB7040099
:105E400038B5C468B4F801500121284604F07CFB41
:105E500078B1034622789AB11A1DD2E8EF0F40F4C8
:105E60008030C2E8E10F0029F7D1184604F034F978
:105E700038BD2B46074A0121074819F0DBFAF7E73E
:105E8000D4F80310D4F80720C0F89810C0F89C206C
:105E9000E2E700BF08B604008488040000B9704738
:105EA0002DE9F04182B00E4615460746474B0022C9
:105EB000D3E8EF4FC3E8E12F0029F9D1A046002C29
:105EC0003ED0204619F0DAFD00EB4000404B03EBDA
:105ED00080035B88BB4242D1AC4208D02046FEF72B
:105EE00021FE2A8AE96804F10C0019F0FBFD204626
:105EF00019F0C4FD00EB4000354B03EB80035B68F9
:105F00000BB1002E52D0204619F0B8FD00EB400036
:105F10002F4B03EB80039B68C3B1204619F0AEFD05
:105F20002B4D00EB400005F82060204619F0A6FD3F
:105F300000EB400005EB8005A8680FF04DFC05E084
:105F40003B46244A0121244819F074FAB8F1000FA5
:105F500002D04046FEF7CAFF02B0BDE8F0812046FD
:105F600019F08CFD00EB4000194B03EB80035B88BC
:105F700000933B46194A0121174819F066FA134A63
:105F8000D2E8EF3FC2E8E14F0029F9D19846002B53
:105F9000DCD0134C40F6EE1322461249124818F09A
:105FA00049FF40F6EE11204618F03BFF204619F05D
:105FB00065FD00EB4000064B03EB80035B681A7A3B
:105FC0005968186819F0A0FF9DE700BF6002002023
:105FD000A4DB002038B704008488040060B7040004
:105FE000E8B6040094B70400349004002DE9F041B1
:105FF00082B000AF05460C46FFF7BCFC10F15F0F06
:1060000003D00837BD46BDE8F081B4F810804146A2
:10601000E068FFF7EFF96E4602233B7104237B71C2
:106020008AB06C4614F110021CD04FF0160C62B10D
:106030006346BCF1040F01DD25496161082B00DDD9
:10604000A5610C2B01DDC4F81C8002233B700423E6
:106050007B70A2B1BCF1100F00DD206204F12403BB
:1060600000210AE06FF0004CE1E701F1080038443C
:1060700010F8080C03F8010B01310129F5D9BCF126
:10608000150F22DD162342B10521397100217971E6
:10609000B9710121F97178682061002121F00101B5
:1060A00021F0020121F0040121F03801022060F307
:1060B0008811C3F30A0363F35321C1F313010023CF
:1060C0000448FBF7B9FEB5469BE76FF01B03DAE720
:1060D0009CB704008488040070B582B00446C3688D
:1060E00042699B1AADF80430038AADF8063000F11E
:1060F0000C0501212846FFF775F802212846FFF715
:106100008FF8054600783E2827D019F064FE064631
:1061100010F0010F0ED141F26813184A18491948BE
:1061200018F088FE002383F31188BFF36F8F0323D9
:10613000184602DF0623144A21462878FFF756FF47
:1061400016F0020F15D06369BDF804201344E36014
:10615000BDF80630238202B070BDE3681B78012BC6
:1061600003D00A2B03D00226D5E70326E2E7032655
:10617000E0E72046FEF7BAFEEDE700BFE8B6040010
:10618000C0B7040034900400EC00050010B50446CC
:1061900001210C30FFF744F80223034A214600781E
:1061A000FFF724FF10BD00BF1C01050038B50446F1
:1061B00002210C30FFF734F8054600783E2804D061
:1061C00019F009FE10F0020F09D006230C4A2146EF
:1061D0002878FFF70BFF2046FEF788FE38BD40F613
:1061E0009A43084A0849094818F024FE002383F31B
:1061F0001188BFF36F8F0323184602DFE5E700BF66
:106200002C010500E8B60400DCB70400349004005B
:1062100010B5044601210C30FFF702F81323034A9E
:1062200021460078FFF7E2FE10BD00BF5C010500CB
:106230002DE9F04182B000AF05460C46FFF79AFB0E
:1062400010F15F0F03D00837BD46BDE8F081B4F808
:1062500010804146E068FFF7CDF86E4602233B719F
:1062600004237B718AB06C4614F110021CD04FF0ED
:10627000160C62B16346BCF1040F01DD2549616172
:10628000082B00DDA5610C2B01DDC4F81C80022366
:106290003B7004237B70A2B1BCF1100F00DD2062C3
:1062A00004F1240300210AE06FF0004CE1E701F162
:1062B0000800384410F8080C03F8010B01310129DB
:1062C000F5D9BCF1150F22DD162342B10521397134
:1062D00000217971B9710121F9717868206100217B
:1062E00021F0010121F0020121F0040121F0380127
:1062F000022060F38811C3F30A0363F35321C1F34F
:10630000130100230448FBF797FDB5469BE76FF0A8
:106310001B03DAE70CB804008488040010B50446B7
:1063200001210C30FEF77CFF0023034A2146007850
:10633000FFF77EFF10BD00BFF401050008B5014660
:106340000748FEF7FBFC074907481FF0E6F8031E65
:1063500000DB08BD054A0121054819F06BF8F8E794
:1063600064020020B4050020D02B002040B80400B7
:106370008488040038B50446C2681378018A022B69
:106380000CD0042B0ED0254A0121254819F052F8D3
:106390002046FEF7ABFD6FF0150002E0FFF7CEFFE1
:1063A000002038BD022910D950783E2818D019F0A5
:1063B00012FD054610F0010F02D02046FFF78CFEBB
:1063C00015F0020F24D10020EBE70B46154A0121FE
:1063D000134819F02FF82046FEF788FD0020E0E76B
:1063E000032906D9D378012B0ED00A2B0ED0022513
:1063F000E6E70B460C4A0121094819F01BF8204634
:10640000FEF774FD0020CCE70325D6E70325D4E78B
:106410002046FFF793FF0020C3E700BF9CB80400AD
:106420008488040060B804007CB8040070B582B0B1
:106430000446038A032B18D904210C30FEF7F0FE22
:1064400042880088060BC0F30B006083FF2323768D
:10645000238A934213D00092164A0121164818F05D
:10646000F4FF2046FEF742FD07E0144A01211248DE
:1064700018F0E0FF2046FEF739FD02B070BD0F2195
:1064800004F062F8054658B104F0AAF820763246C6
:10649000214628461AF0F8FB284603F01DFEECE7DB
:1064A000638B074A0121044818F0C4FF2046FEF719
:1064B0001DFDE2E7D4B8040084880400B0B80400ED
:1064C000F8B8040010B51748FEF7ACFCF0B104466C
:1064D0000C3019F029FB02280BD0042817D00346F2
:1064E000114A0121114818F0A5FF2046FEF7FEFCD5
:1064F00002E02046FFF79AFF0D4BD3F8EC302BB1AA
:106500000C490D481FF009F8031E04DB10BD20469E
:10651000FFF74CFEF0E7094A0121044818F08AFF12
:10652000F4E700BF640200201CB904008488040062
:1065300078010020B4050020D02B002040B80400D2
:1065400070B582B0C568B5F801600121304603F02E
:10655000FBFF88B304462B781A2B34D02B781BBB57
:10656000B5F8033040F2E24202FB03F3C4F888308E
:10657000B5F80520A4F89020B5F80720A4F89220DB
:10658000A3F5EA520C3A28498A423AD8B4F8903036
:10659000B3F5FA7F3BD2B4F89230A3F10A0292B27B
:1065A00040F676418A4238D8204604F05DF920460C
:1065B00003F092FD02B070BD33461C4A01211C4815
:1065C00018F038FFF6E7C378012BC7D10E2104304D
:1065D00019F084FC0028C1D1B4F88C30ADF800303B
:1065E000B4F88E30ADF80230B4F89430ADF8043021
:1065F000B4F89630ADF80630694620461AF0C8FD6A
:10660000D5E70C4A02210A4818F014FFBEE70A4AEF
:106610000221074818F00EFFBDE7084A022104488E
:1066200018F008FFC0E700BF95F03C0008B6040072
:106630008488040030B9040058B9040080B904000B
:1066400010B586B003AB0024039404940594074A64
:10665000039200934FF0FF334FF4806204490548E2
:106660000FF0CCFE204606B010BD00BFACB9040050
:10667000A00B0120F82A002010B50C460A604B60E0
:106680009DF808300B7219F0F9F900EB4000024B4D
:1066900003EB80035C6010BDA4DB002070B50246F4
:1066A0000B46124819F009FA0446E8B104210C30EF
:1066B000FEF712FD204619F0E1F90D4D00EB400008
:1066C00005EB800000264680204619F0D7F900EB44
:1066D000400005EB80008660204619F0CFF900EB02
:1066E000400005EB80056E60204670BD200A00204A
:1066F000A4DB002070B5C3681C78B3F801600F21DB
:10670000304603F021FF88B10546B4B98378012BE8
:106710001FD0204619F04BFC02462146284604F0C3
:10672000C7F9FCB9284603F0D7FC70BD3346124ABE
:106730000121124818F07EFEF7E7204619F037FCD9
:1067400002462146284604F0B3F9284603F0C4FC6B
:10675000EBE709F02DFD284619F021FB0028D8D1E0
:106760000524D6E7064A0121044818F059FE2146BF
:10677000284603F0C1FFD5E7E0B504008488040093
:10678000BCB90400F8B5C668B6F8017035780F21B9
:10679000384603F0D9FEB0B10446DDB9C27AF378C9
:1067A0009A4223D0C3728278012A28D0284619F051
:1067B000FEFB02462946204604F07AF955BB2046E6
:1067C00003F08AFCF8BD3B46174A0121174818F030
:1067D00031FEF7E7284619F0EAFB02462946204633
:1067E00004F066F9204603F077FCEBE7104A02213B
:1067F0000E4818F01FFE204603F06EFCE2E733B9A6
:10680000204619F0CCFA0028D0D10525CEE709F0B2
:10681000CFFCF5E7074A0121044818F001FE29469C
:10682000204603F069FFCAE7E0B50400848804004D
:10683000E4B90400BCB9040010B592B00446482283
:1068400007496846EEF7FCFC112C02D9054812B046
:1068500010BD12AB03EB840454F8480CF7E700BFFB
:10686000B489040028B504002DE9F04192B000AFCE
:106870006E4600233B7102237B7188B06D4615F193
:10688000100212D00E201AB1042801DDAA4B6B6150
:1068900000233B7002237B70A2B1082801DDA74BC7
:1068A000AB6105F11C0300210AE06FF00040EAE74C
:1068B00001F1480CBC441CF848CC03F801CB013171
:1068C0000129F5D90D285BDD0E2342B10321397171
:1068D00000217971B9710121F9717868286100216D
:1068E00021F0010121F0020121F0040121F0380121
:1068F000032060F38811C3F30A0363F35321C1F348
:10690000130100238E48FBF797FAB5468D4BDB79D0
:10691000012B38D9DFF830828A4907F1080019F0D5
:1069200017F96D4600233B7102237B710123BB7174
:106930000323FB718AB06E4616F1100226D04FF089
:10694000140C22B1BCF1040F01DD804B73610023F4
:106950003B7002237B7022B1BCF1080F01DDC6F849
:1069600018800123BB700323FB70E2B1BCF10C0F54
:1069700002DD07F10803F36106F12003002110E0B6
:106980006FF01B03A1E7DFF8C881C5E76FF0004C8B
:10699000D7E701F14800384410F8480C03F8010B20
:1069A00001310329F5D9BCF1130F23DD142342B1C2
:1069B0000421397100217971B9710221F971786866
:1069C0003061002121F0010121F0020121F00401D8
:1069D00021F03801032060F38811C3F30A0363F345
:1069E0005321C1F3130100235548FBF725FAAD46A7
:1069F000012531E06FF01B03D9E76FF0004C43E055
:106A000001233B7003237B70002A49D1BCF1110F95
:106A10005BDD122342B10420387100207871B87117
:106A20000120F8717868086124F0010424F0020460
:106A300024F0040424F03804032161F38814C3F320
:106A40000A0363F35324C4F31304002321463C4890
:106A5000FBF7F2F9B54601353A4BDB79AB4237DD4E
:106A6000C5EBC501374B194407F1280019F070F840
:106A70006E4601233B7103237B718AB0694611F195
:106A80001002BAD04FF0120C002AB9D06346BCF104
:106A9000040F01DD2F484861082BB1DD8D61AFE7A0
:106AA000BCF10C0F02DD07F12803CB6101F12003DB
:106AB000002007E000F1480EBE441EF848EC03F841
:106AC00001EB01300128F5D9A0E76FF01B03A1E726
:106AD0001C4C94F824804046FFF7AEFEE18CB4F8DD
:106AE0002AC06D4600233B7102237B718CB06C463B
:106AF00014F110021DD01A261AB1042E01DD164B16
:106B0000636100233B7002237B708AB33346082EF7
:106B100000DDA0610C2B01DDC4F81C80102B00DD12
:106B20002162142B01DDC4F824C004F128030021E4
:106B30001CE06FF00046DFE718BA04002CBA04002E
:106B4000848804007801002014BA040030BA0400DC
:106B50001CD4040040BA040054BA040001F14800F7
:106B6000384410F8480C03F8010B01310129F5D91C
:106B7000192E4ADD1A2342B106213971002179719B
:106B8000B9710121F97178682061002121F00101BA
:106B900021F0020121F0040121F03801032060F30B
:106BA0008811C3F30A0363F35321C1F313010023D4
:106BB0003348FBF741F9AD46324C94F82560304636
:106BC000FFF73AFE218D00233B7102237B718AB0CF
:106BD0006C4614F110021BD016251AB1042D01DDEC
:106BE000294B636100233B7002237B70EAB12B4683
:106BF000082D00DDA0610C2B00DDE661102B00DD0F
:106C0000216204F1240300210DE06FF01B03B2E7C1
:106C10006FF00045E1E701F14800384410F8480CF6
:106C200003F8010B01310129F5D9152D24DD1623B7
:106C300042B10521397100217971B9710121F971D0
:106C400078682061002121F0010121F0020121F08A
:106C5000040121F03801032060F38811C3F30A0313
:106C600063F35321C1F3130100230548FBF7E4F854
:106C70004837BD46BDE8F0816FF01B03D8E700BF81
:106C8000848804007801002094BA040008B5014605
:106C9000034BD3F8080182689268904708BD00BF93
:106CA0007801002008B5064BD3E8EF1F41F004013E
:106CB000C3E8E21F002AF7D1FFF7D6FD08BD00BFE9
:106CC0000002002070B5054616F0CEF8202813D833
:106CD000044629460A48EEF7D5F900B970BD084EBA
:106CE000224629463046EEF7ABFAA6F586762644CC
:106CF000002086F80C01F1E76FF00B00EEE700BF13
:106D000084020020004870478402002038B50C49F6
:106D10000C481EF002FC041E00DB38BD0A4D41F297
:106D20005F432A4609490A4818F084F82146094871
:106D300018F080F841F25F41284618F072F800BF61
:106D4000A4050020F82A0020E8B60400C0A2040030
:106D500034900400BCBA040070B5054649B30C4633
:106D6000CB684A699B1A032B3FD9204618F086FE50
:106D700000EB40001E4B03EB80035D8004F10C062A
:106D800003213046FEF70EFA0580238A033B837009
:106D90000121304618F0C1FE40F635439D4214D023
:106DA000214614481EF0CDFAFFF7B0FF0025284613
:106DB00070BD4FF0FF304FF0FF31FFF76FFC04461E
:106DC0000028D2D16FF06805F1E72046FFF75EFF9B
:106DD00005460028EBD00346074A0121074818F072
:106DE00029FB2046FEF782F8E1E76FF01505DEE7A4
:106DF000A4DB00206C020020C4BA040084880400D4
:106E00002DE9F04387B000AF0546164600295FD054
:106E10000C46887AFDF77EFE754B834264D107F1FC
:106E200008080122002140461EF0A2FA204618F070
:106E300025FE00EB40006F4B03EB8003C3F8088096
:106E40002046FEF79FF801462846FFF785FF81465A
:106E5000002856D1684A002307F108000EF042FDD1
:106E60008046002855D1204618F008FE00EB40006F
:106E7000604B13F82080B8F1000F00F0AF806E4631
:106E800002233B7104237B718AB0EC461CF1100293
:106E900054D016206AB10346042802DD5749CCF8C5
:106EA0001410082B01DDCCF818500C2B01DDCCF8A8
:106EB0001C8002233B7004237B70002A4BD01028D7
:106EC00002DD4F4BCCF820300CF12403002140E0D0
:106ED0004FF0FF304FF0FF31FFF7E0FB0446002892
:106EE0009DD16FF068090FE0464C4FF4D7732246EE
:106EF0004549464817F09EFF4FF4D771204617F0DA
:106F000090FF2046FDF7F2FF48461C37BD46BDE81E
:106F1000F0834FF4F1733B4A3D493C4817F08AFF38
:106F2000424629463B4817F085FF002383F311882A
:106F3000BFF36F8F0323184602DF94E76FF0004022
:106F4000A8E701F118053D4415F8185C03F8015B4A
:106F500001310129F5D9152831DD16234AB1052162
:106F6000397100217971B9710121F9717868CCF812
:106F70001000002121F0010121F0020121F00401A3
:106F800021F03801022060F38811C3F30A0363F390
:106F90005321C1F3130100231F48FAF74DFFB546F3
:106FA0002046FDF7A3FFA8F10908B8F1090F12D890
:106FB000DFE808F00811110E1B111111110B6FF011
:106FC0001B03CBE76FF06E099EE76FF015099BE797
:106FD0006FF00C0998E76FF0040995E70EB1346083
:106FE00092E72046FDF782FF8EE76FF00B098BE7F3
:106FF000200A0020A4DB0020B4C4040030BB04003D
:107000001CD40400E8B604008CF80400349004009A
:10701000E09D0400E8BA04008488040038B54FF00D
:10702000FF304FF0FF31FFF739FB002849D004460D
:1070300008210C30FEF776F80246234B93F890C0F7
:107040001CF0020F39D1214B4FF0000E1CF0200F25
:1070500001D043F040031C4991F8911011F0010F49
:1070600002D111F0080F01D043F4006318464EF02E
:1070700001011CF0010F01D043F01000124B93F8F6
:10708000953013F0400F0FD0844641F400630E4D4D
:1070900095F865E01EF0040F03D041F4000343F4BB
:1070A0000063604643F4FE2118F04DFE00222146A5
:1070B00042F20100FFF7A4FE38BD054B4FF0000E71
:1070C000C4E76FF06800F7E7780100200E120700B0
:1070D0002E12070010B582B00B4BB3F8B4301BB1C1
:1070E0000024204602B010BD01AA002141F2050093
:1070F000FFF786FE04460028F3D10198FEF766FCF0
:107100000198FDF7F3FEECE7780100202DE9F0414E
:1071100084B000AF07F10C0200214FF60140FFF7E9
:107120006FFE60BBFB68DC68B4F801603046FEF7B8
:10713000EBFB6D4600233B7202237B728AB0EC4668
:107140001CF1100221D04FF0120E2AB1BEF1040F33
:1071500002DDAE4BCCF8143000233B7102237B716F
:1071600002B37346BEF1080F01DDCCF818000C2BFA
:1071700001DDCCF81C600CF12003002110E0A44AD2
:107180000221A44818F04CF91BE16FF0004EDCE737
:1071900001F11000384410F80C0C03F8010B013118
:1071A0000129F5D9BEF1110F4FDD12234AB1042197
:1071B000397200217972B9720121F972B868CCF87C
:1071C0001000002121F0010121F0020121F0040151
:1071D00021F03801032060F38811C3F30A0363F33D
:1071E0005321C1F3130100238A48FAF725FEAD4667
:1071F000B4F803603146B4F80100FEF791FB6D4628
:1072000000233B7202237B728AB0EC461CF1100211
:107210001ED04FF0120E2AB1BEF1040F02DD7E4BDC
:10722000CCF8143000233B7102237B71EAB1734622
:10723000BEF1080F01DDCCF818000C2B01DDCCF8F5
:107240001C600CF1200300210DE06FF01B03ADE783
:107250006FF0004EDFE701F11000384410F80C0C1D
:1072600003F8010B01310129F5D9BEF1110F5ADDE7
:1072700012234AB10421397200217972B9720121B5
:10728000F972B868CCF81000002121F0010121F05A
:10729000020121F0040121F03801032060F388117C
:1072A000C3F30A0363F35321C1F3130100235948C5
:1072B000FAF7C2FDAD4666793046FEF741FB94F819
:1072C00006E0B4F80710D4F809806D4600233B723D
:1072D00002237B728CB06C4614F1100226D04FF062
:1072E0001E0C22B1BCF1040F01DD4C4B6361002385
:1072F0003B7102237B7132B36346BCF1080F00DDA2
:10730000A0610C2B00DDE661102B01DDC4F820E04C
:10731000142B00DD6162182B01DDC4F8288004F114
:107320002C0300210DE06FF01B03A2E76FF0004C6F
:10733000D7E701F11000384410F80C0C03F8010BEA
:1073400001310129F5D9BCF11D0F3EDD1E2342B1EB
:107350000721397200217972B9720121F972B86876
:107360002061002121F0010121F0020121F004013E
:1073700021F03801032060F38811C3F30A0363F39B
:107380005321C1F3130100232248FAF755FDAD46FE
:10739000F868FDF7ABFD07F10C0200214FF6024043
:1073A000FFF72EFDA0B9F868C368B3F801301C4C94
:1073B000A4F87530FDF79AFD94F8753013F0040FBA
:1073C0000CD11037BD46BDE8F0816FF01B03BEE75E
:1073D000144A02210F4818F023F8F2E707F10C02D3
:1073E00000214FF60340FFF70BFD40B9F868C36872
:1073F0005A780B4B83F87420FDF778FDE1E70A4AD1
:107400000221044818F00CF8DBE700BF74BB04004D
:1074100050BB04008488040090BB0400A8BB040097
:1074200078010020D8BB040004BC040070B582B011
:1074300005460C4601AA002142F22F00FFF7E0FCAE
:107440000646D0B90198C368B3F801202A80B3F882
:1074500003302380FDF74AFD2B88A3F11B0292B273
:10746000E02A10D82388A3F5A47292B244F24811FE
:107470008A420ED8304602B070BD094A012109483F
:1074800017F0CEFFF6E7084A0221064817F0D2FFB0
:10749000E8E7064A0221034817F0CCFFEAE700BFFD
:1074A00030BC04008488040050BC040078BC040094
:1074B00010B582B0664B93F8303013F0400F06D011
:1074C00018F0E7FD034650B1184602B010BD614AFE
:1074D0000121614817F0A4FF6FF01203F4E701AA3D
:1074E000002142F20200FFF78BFC03460028EBD19B
:1074F0000198FEF77FFA0198FDF7F8FC01AA002138
:1075000042F23A00FFF77CFC034660B110F1050F30
:10751000DAD1524A0221504817F082FF4C4B1F2209
:10752000A3F8C82005E00198FEF7DCF90198FDF703
:10753000DDFC474B93F8303013F0200F22D0444B42
:1075400093F8503013F0080F38D1414B93F8903036
:1075500013F0200F43D13E4B93F8903013F0400FBF
:1075600065D13B4B93F8953013F0400F06D00121C5
:107570002F2018F0A2FD03460028A5D1FFF74EFDED
:107580000346A1E74FF0FF304FF0FF31FFF786F8D9
:10759000044680B102210C30FDF7C4FD01230370C5
:1075A00000224270214640F66D40FFF729FC034659
:1075B0000028C4D088E76FF0680385E701AA00219E
:1075C00042F21C00FFF71CFC034600287FF47CAF4E
:1075D0000198FEF77BF90198FDF788FCB5E70DF1FE
:1075E00002016846FFF722FF034600287FF46CAFD4
:1075F0004FF0FF304FF0FF31FFF750F8044698B1DD
:1076000004210C30FDF78EFDBDF800300380BDF87D
:10761000023043800022214642F22400FFF7F0FBB3
:107620000346002897D04FE76FF068034CE701AAA4
:10763000002142F22A00FFF7E3FB034600287FF413
:1076400043AF0198FEF758F90198FDF74FFC88E722
:10765000780100209CBC040084880400C0BC0400A5
:1076600008B518F0D7FC034608B1184608BDFFF767
:107670001FFF03460028F8D11B4B93F8303013F05E
:10768000200F20D0184BB3F8B43013B3F5F720FD1A
:1076900003460028E9D1FFF739FD134BDB7973B1BD
:1076A000114B1B785BB9104B93F8753013F0200F1A
:1076B00017D00E4818F01CFD03460028D5D101F064
:1076C0005BF80346D1E7FFF705FD03460028DDD050
:1076D000CBE7074A0121074817F0A2FE6FF0040329
:1076E000C3E76FF08503C0E778010020790100202F
:1076F00020BD04008488040008B518F015FD024B75
:107700001B6803B1984708BDC8DB002070B582B084
:107710000446344BD3F808011DF02FFD002845D056
:10772000314BD3E8EF2F22F00202C3E8E12F00290A
:10773000F7D1D3E8EF2F42F00101C3E8E01F0028A2
:10774000F7D112F0010F4AD12848FFF7BBFA0346E0
:10775000002833D1264B1C60264D012211462846B5
:107760001DF006FE05F11C001DF0E2FD224E304624
:107770000EF02AFE002300936FF007034FF44862D7
:107780001E4930460EF03AFE1D4930460FF068FAA9
:10779000286B83681B681B4998470546A0B9D4B17C
:1077A00019480EF0F1FC284602B070BD174A0121BD
:1077B000174817F035FE6FF01205F4E7154A02215D
:1077C000134817F037FEC5E70346134A0121104856
:1077D00017F030FEE7E718F0A7FC0546E3E76FF087
:1077E0007705E0E77801002000020020CC94040037
:1077F000C8DB002050020020D02B0020A00F012069
:107800007CBD040043FF0300F001002044BD0400E0
:10781000848804005CBD040088BD04002DE9F043A9
:107820008FB000AF05789DBB0446B0F80190484684
:10783000FDF7F2FF064600F079FCE378012B34D027
:1078400007F108082B462246414607F1100018F0C0
:10785000FEFA4146E078FEF76DF9054648B3224648
:1078600007F1080118F0CFFAEB78012B7DD0072142
:10787000284602F057FD002E40F08980284619F076
:107880004CFA284602F028FC3C37BD46BDE8F083A0
:10789000424C40F2815322464149424817F0CAFA0D
:1078A00040F28151204617F0BCFA3F4B93F8235029
:1078B000C6E7211D07F1180018F04AF96D460023AC
:1078C0003B7102237B7188B06C4614F1100213D017
:1078D0000E201AB1042801DD344B636100233B7094
:1078E00002237B70AAB1082802DD07F11803A36107
:1078F00004F11C0300210AE06FF00040E9E701F108
:1079000038063E4416F8386C03F8016B0131012942
:10791000F5D90D2826DD0E2342B10321397100214E
:107920007971B9710121F97178682061002121F024
:10793000010121F0020121F0040121F038010120B0
:1079400060F38811C3F30A0363F35321C1F31301F6
:1079500000231748FAF770FAAD461321484618F08D
:10796000F2FB91E76FF01B03D6E73869C5F87700A3
:10797000BA8ABB7DA5F87B2085F87D30D4F80B3022
:10798000C5F87F30B4F80F30A5F883306FE72E7359
:107990000121284602F0C6FC70E700BFE8B60400EB
:1079A000A4BD04003490040078010020B8BD040098
:1079B0008488040000B589B0C368187880BB8DF84E
:1079C0000000B3F80120ADF80120DA788DF803202B
:1079D000B3F80B20ADF81720B3F80D20ADF819203F
:1079E000B3F80F20ADF81B205A7C8DF81D20586885
:1079F00001901A899B7AADF808208DF80A300A4B5D
:107A00001A68CDF80B209B88ADF80F30CDF8112007
:107A1000ADF81530684618F0B1FB09B05DF804FB0D
:107A2000FEF70EF8F9E700BF4800050070B50546FF
:107A30000C464FF0FF304FF0FF31FEF72FFEB8B18C
:107A4000064612210C30FDF76DFB034623F8025B5E
:107A5000D4F800C06568A168E268C0F802C05D6043
:107A60009960DA60314642F21A00FFF775F970BD8D
:107A7000024A0121024817F0D3FCF8E7D4BD040004
:107A80008488040038B504464FF0FF304FF0FF31D2
:107A9000FEF704FE58B1054602210C30FDF742FB0B
:107AA0000480294642F21B00FFF756F938BD034A0D
:107AB0000121034817F0B4FCF8E700BFD4BD04006F
:107AC0008488040070B586B0C468258801212846E2
:107AD00002F03AFDA0B10646D4F80220D4F80630F0
:107AE00002A90191618900911BF034F978B102A9D2
:107AF0002846FFF79BFF304602F0EEFA06B070BD55
:107B00002B46054A0121054817F094FCF6E7284664
:107B1000FFF7B8FFEFE700BF08B604008488040051
:107B200070B505460C464FF0FF304FF0FF31FEF7C1
:107B3000B5FD60B1064603210C30FDF7F3FA058070
:107B40008470314642F22100FFF706F970BD034A06
:107B50000121034817F064FCF8E700BFECBD040006
:107B60008488040030B583B0C3681C885A88ADF897
:107B700000209A88ADF80220DA88ADF804201B892D
:107B8000ADF806300121204602F0DEFC68B1054662
:107B9000694602F0DDFE98B91E212046FFF7C0FFBE
:107BA000284602F099FA03B030BD2346074A012166
:107BB000074817F03FFC02212046FFF7B1FFF2E72C
:107BC0006946204618F021FBEAE700BF08B604002A
:107BD0008488040038B5044604210C30FDF720FBEE
:107BE0004578224601784088FEF758F905B938BD36
:107BF00002480DF0F1FDFFF789F8F8E75002002088
:107C0000F0B583B000AF044603210C30FDF708FB4C
:107C10000578B0F80100E368197840F635439842DA
:107C200007D02246FEF73AF9002D59D10C37BD4650
:107C3000F0BD6D4601233B7103237B718AB06C4616
:107C400014F1100216D012203AB10346042801DDC7
:107C5000264E6661082B00DDA16101233B700323E2
:107C60007B70AAB10C2801DD214BE36104F12003F4
:107C700000210BE06FF00040E6E701F1080606EB9B
:107C8000070C1CF808CC03F801CB01310129F4D909
:107C9000112822DD122342B10421397100217971AA
:107CA000B9710121F97178682061002121F0010189
:107CB00021F0020121F0040121F03801022060F3DB
:107CC0008811C3F30A0363F35321C1F313010023A3
:107CD0000848FAF7B1F8AD46A8E76FF01B03DAE7FA
:107CE00005480DF079FDFFF711F89FE708BE040085
:107CF0001CD40400848804005002002038B50022FF
:107D0000002326480DF06AFC0446E0B1244BD3F86A
:107D1000E83063B1234A0121234817F081FB204D4D
:107D2000D5F8E800FDF7E2F80023C5F8E830204672
:107D3000FDF728F91A4BC3F8E8002046FEF7A6FF26
:107D4000034680B938BD40F6AA43184A1849194875
:107D500017F070F8002383F31188BFF36F8F0323AC
:107D6000184602DFD2E7144A01210F4817F062FBE0
:107D700012480DF031FD204617F080FE00EB400068
:107D80000F4B03EB800322461F215888FEF786F82D
:107D90002046FDF7ABF8FEF7B9FFD3E76C020020F1
:107DA0007801002040BE040084880400E8B6040086
:107DB0002CB2040034900400C4BA04005002002025
:107DC000A4DB002008B50B460849D1F8F41051B1E6
:107DD000024607480DF086FD08B1002004E0FFF7D9
:107DE0008DFF012000E0002008BD00BF78010020C9
:107DF0005002002070B50546002401E00134E4B2D1
:107E0000094BDB79A3420BD92646C4EBC4010722F8
:107E1000054B1944284615F05DF80028EED101E025
:107E20006FF00106304670BD7801002038B561B1B1
:107E300004460D460868A8B10CB3037A13F0040F8A
:107E40002AD14B68002B34D038BD224C40F2DD33B0
:107E500022462149214816F0EDFF40F2DD3120464F
:107E600016F0DFFF1B4C40F2DE3322461C491B4854
:107E700016F0E0FF40F2DE31204616F0D2FF154C3E
:107E800040F2DF3322461749144816F0D3FF40F280
:107E9000DF31204616F0C5FF0E4C40F2E13322469A
:107EA00011490E4816F0C6FF40F2E131204616F0A7
:107EB000B8FF0B7A1BB9237A13F0040FC4D02278D1
:107EC00003789A42C0D0214618F002FA0028BBD0AD
:107ED0006C60B9E798BF0400C8BF04003490040088
:107EE000E0BF040004C004001CC0040038B5044610
:107EF0000622194914F0EEFF054608B9284638BD98
:107F00004FF0FF304FF0FF31FEF7C8FB0546F8B1E8
:107F1000062221460C3017F0E5FD0022294642F2E8
:107F20000500FEF76DFF054648B90C4B2268C3F803
:107F30001D20A288A3F8212001221A77DEE710F184
:107F40000D0FDBD1064A0221064817F069FAD5E782
:107F50006FF06805D2E700BF95010020780100208E
:107F600054C004008C88040010B582B0174A92F8FF
:107F70005B2012F0040F1FD00346006800909A881F
:107F80009B79ADF804208DF806308DF807104FF07E
:107F9000FF304FF0FF31FEF781FB044698B1082215
:107FA00069460C3017F09EFD0022214642F24E0039
:107FB000FEF726FF02B010BD054A0221054817F062
:107FC0002FFA0020F6E76FF06800F3E77801002051
:107FD00064C004008C88040070B582B005460E466B
:107FE00029B107221849304614F074FFE8B96846F1
:107FF00017F063FE044618BB6846FFF7FBFE002837
:10800000F5DAC5EBC505114AAB1800985051BDF81B
:1080100004009DF80610988099718EB15259326013
:108020009A889B79B280B3710AE0C5EBC505074A0F
:10803000AB1831685151B188B27999809A71002496
:10804000204602B070BD00BF380005007801002056
:108050002DE9F04182B0284B93F8764014F00104EA
:1080600012D005460E4601AA00214FF60940FEF740
:10807000C7FE844670B9019BD3F80C8098F8014084
:10808000B44228BF344627E01C4A02211C4817F09E
:10809000C7F927E01B4A0221194817F0C1F900244B
:1080A00020E0162101FB0CF16A1808EB0103D3F85C
:1080B00002E0D3F80670D3F80A60D3F80E0045F852
:1080C00001E057609660D060D3F812E0C2F810E08B
:1080D000DB8A93820CF1010C6445E2DC0198FCF729
:1080E00005FF1CB1204602B0BDE8F081064A02211E
:1080F000034817F095F9F5E77801002090C00400D7
:108100008C880400BCC00400DCC00400064BD3E82B
:10811000EFCF4CF4806CC3E8E2CF002AF7D1037AAA
:1081200019430172704700BF0002002008B5094BD7
:10813000D3E8EF2F22F48061C3E8E01F0028F7D1D5
:1081400012F4806F00D108BD00220349022008F01C
:10815000ABF9F8E7000200206F05040000B585B018
:1081600001AA002301935360936001908DF80C10D5
:108170000349022008F098F9029805B05DF804FB65
:108180002D7E0200002800F09B8030B583B00446AD
:108190004C4B93F8CA3023B14A4A92F8CB20934211
:1081A0000BD2484A92F8CB30013382F8CB30237A95
:1081B00043F00403237203B030BD022200210846BD
:1081C00002F0A0FD054638B101212046FFF79EFFD1
:1081D000284601F081FFEEE700238DF807300DF10E
:1081E0000701394800F00EFE9DF807307BBB0021E7
:1081F000364800F007FE334B93F8CB3063BB314B6E
:1082000093F8CB2093F8CA309A4230D0651C2246AE
:1082100012F82E0B294618F0CEF8002844D1294A2E
:1082200092F8CB30013382F8CB30237A43F0040349
:10823000237201212846FFF797FE00283AD101203A
:1082400018F0FEF80021224800F0DCFDB3E7012120
:108250002046FFF75BFFAEE7002018F0F1F800289A
:10826000CDD01C4A02211C4817F0DAF8EAE71B4A75
:108270000221194817F0D4F80022114642F22900D1
:10828000FEF7BEFD50B90F4A92F8CB30013382F8A9
:10829000CB30237A43F004032372D3E7104A012141
:1082A0000D4817F0BDF8CDE70E4A01210A4817F036
:1082B000B7F8C4E70C4A0121074817F0B1F8BEE748
:1082C000704700BF78010020770204008D0304008E
:1082D0007303040008C104008C88040030C104004A
:1082E00064C1040084C10400A4C10400002800F09B
:1082F0008C8030B583B00446444B93F8CA302BB120
:10830000424A92F8CB2001339A421ADD3F4B93F850
:10831000CB304BB1013B3D4A82F8CB30237A23F07E
:108320000403237203B030BD394C40F2E5432246CA
:108330003849394816F07EFD40F2E541204616F0F6
:1083400070FD02220021084602F0DCFC054638B12F
:1083500002212046FFF7DAFE284601F0BDFEE1E7E4
:1083600000238DF807300DF107012C4800F04AFD7D
:108370009DF8073033BB0021294800F043FD002061
:1083800018F05EF8034610BB204A92F8CB3092F802
:10839000CA20934221D8601C17F07CFF58BB1B4AAF
:1083A00092F8CB30013B82F8CB30237A23F00403E0
:1083B0002372164B93F8CB301BBB0021194800F0F9
:1083C00021FDAFE702212046FFF7A0FEAAE7164AEB
:1083D0000121164817F02EF8EBE7013B0B4A82F813
:1083E000CB30237A23F004032372002210490220A9
:1083F00008F05AF8DDE70F4A01210C4817F010F891
:10840000D7E7012018F01CF8D7E770477801002063
:1084100098BF0400C0C10400349004007702040037
:108420008D03040073030400DCC104008C88040085
:10843000250404000CC2040038B50C4658B10849A4
:10844000CD792268954228BF1546C5EBC502ECF7E9
:10845000F7FE256038BD024BDB790B60FAE700BF01
:108460007801002070B584B0002958D104460E462A
:1084700020B10722304914F02DFD18BB2F4BDB79BA
:10848000012B55D02E4BD3E8AF3F13F0010F0CD189
:1084900000230093019302930393002C36D007220C
:1084A0002549204614F016FD80B3244BD879421C90
:1084B000DA71054632462146FFF78EFD48BB284655
:1084C00004B070BD2046FFF795FC00282ADA237817
:1084D0006BB91A4BDB7943BB184A20681060A0883F
:1084E000A179908091710133D3710025E7E7012BC9
:1084F00004D1A37903F0C003C02BBFD0114A0121DE
:10850000114816F08DFF6FF01505D8E76FF01505CF
:10851000D5E70A49CB79013BCB710546CFE76FF030
:108520001505CCE76FF07705C9E76FF07705C6E76B
:108530006FF00B05C3E700BF38000500780100208D
:108540000002002034C204008C880400F0B583B01F
:10855000E0B1054601AA002141F20900FEF750FCF6
:10856000D8B9019EF7687C1C06221649204614F0F3
:10857000B1FC28B106221449204614F0ABFC98B98E
:108580003046FCF7B3FC002003B0F0BD0F4A0221D7
:108590000F4816F045FF0020F6E70E4A02210C486E
:1085A00016F03EFF0020EFE7D7F80130C5F80130A4
:1085B000A388A5F8053000232B700198FCF796FCE2
:1085C0000120E1E7480005004000050064C2040006
:1085D0008C88040080C2040000B583B06846FFF7B1
:1085E000B5FF064BD87118B9002003B05DF804FB45
:1085F000002269461046FFF7EFFCF6E778010020FD
:1086000010B588B0184BDC7924BB012102A8FFF714
:108610001FFD154BD87101E00134E4B2124BDB7938
:108620009C4216D202AA162304FB03F3D118D35896
:10863000CDF801308B88ADF8053001238DF800307E
:10864000002269462046FFF7C7FC03460028E3D016
:1086500005E03BB900210846FFF704FF0346184632
:1086600008B010BD0023FAE77801002000286FD081
:1086700070B50C4616461D460346002D6BD001789A
:1086800014F4002F10D014F0040F05D117F051FF8F
:1086900008B901232B7070BD344A0121344816F00B
:1086A000BFFE6FF01500F6E714F0030F29D042B1BA
:1086B00014F0200F05D02F4A92F8902012F0400FAE
:1086C0004CD0C1EBC1022B48825C012A0DD00AB903
:1086D00000232B70002E44D014F0200F43D02B78B1
:1086E00043F002032B700020D5E7C1EBC101014428
:1086F0000131184617F0CBFE0028CCD101232B7096
:10870000E8E714F0040F1ED0C1EBC1021948825CE7
:10871000012A0AD0AAB90020287014F0200FBAD07C
:108720002B7843F002032B70B5E7C1EBC101014484
:108730000131184617F0ABFE0028ACD101232B7095
:10874000EBE70020E9E717F0F4FE01232B70A2E726
:108750006FF0150070476FF015009CE76FF0850013
:1087600099E7002097E7002095E700BFA0C204002A
:108770008C8804007801002010B5154BDB792BB1F3
:10878000134BDB796BB10024204610BDFFF724FFAB
:1087900004460028F4D00F4A01210F4816F040FE8D
:1087A000F2E7FFF72DFF044658B90C48FFF79EFB90
:1087B00004460028E8D00A4A0121074816F030FE96
:1087C000E2E7044A0121044816F02AFEDCE700BF74
:1087D00078010020C0C204008C88040079010020C8
:1087E000E0C204002DE9F04105460F46164600247C
:1087F00008E0012B18D103783B552B8A01332B82DB
:108800000134E4B2B44225D2284617F0CAFE08B3B8
:108810002B8A002BEDD1437801333B552B8A013352
:108820002B820134E4B2EDE74278D21A0232A6EB91
:108830000408904528BF90464168023B42461944CF
:108840003819ECF7FDFC2B8A43442B82A0445FFAD5
:1088500088F4D7E76B69A34204D31B1B6B612046E6
:10886000BDE8F081054CB02322460549054816F0C5
:10887000E1FAB021204616F0D4FA00BF08C3040084
:1088800038C30400349004002DE9F04F83B006464D
:10889000884615469A464FF0000B5B46D34544D2B6
:1088A00005EBCB0955F83B700024CDF800B00195DD
:1088B0001DE0204A0121204816F0B2FD6FF015009E
:1088C00003B0BDE8F08F5FFA82FB591CC9B20BF10F
:1088D000010E06F805E09D1CEDB27054DCF80410A2
:1088E0007019ECF7ADFCAB445FFA8BF30134D9F8A7
:1088F0000420944213D207EBC40C9CF8012017F813
:1089000034001D46991802314145DCD99A1CA8EB68
:1089100002020928CDD1002ACBDD0820D3E7DDF8FB
:1089200000B0019D0BF1010BB8E70C9A1370002009
:10893000C6E700BF5CC304003C88040070B582B089
:108940000024264610E052F8345005EBCC0E9EF879
:1089500001E0B6440EF102060CF1010C02EBC40575
:108960006D686545EFD80134A34202D94FF0000C81
:10897000F4E7FB2E0DD8124CB4F8C840B44212D321
:10898000FB2E1AD800931346324617F0F3FE02B0BE
:1089900070BD00F11804D4E8AF4F14F4807FEAD022
:1089A0006FF00A00F3E700943346064A02210648B6
:1089B00016F04BFD6FF02000E9E717F085FEE6E7C3
:1089C0007801002078C304003C88040070B50025BD
:1089D00015B10026304670BD582405FB04F4183448
:1089E0000D4B1C44D4E8AF3F13F0010F01D001350B
:1089F000EEE75822084E02FB05660021304614F0CF
:108A0000DBF9D4E8EF3F43F00103C4E8E23F002A7A
:108A1000F7D17570DEE700BFA82C002070B50446C2
:108A2000066926B1436840F203421A4240D02EB193
:108A3000636803F48263B3F5806F3BD0656815F417
:108A4000806F02D115F4F84F36D12078224BDB79B4
:108A5000984233D2C0EBC000072220491E4B184475
:108A600014F038FA60B315F0030F07D11A4B93F8DE
:108A70002430082B02D8A3689F2B23D915F0300F80
:108A800000D00EB315F0100F07D136B105F46035E4
:108A9000B5F5603F1ED001200BE0A368E268934269
:108AA00014D81F2B14D9B2F5804FEFD9002000E065
:108AB000002070BD0020FCE70020FAE70020F8E766
:108AC0000020F6E70020F4E70020F2E70020F0E7BE
:108AD0000020EEE70020ECE77801002038000500D8
:108AE0002DE9F04383B006460D4690460F6949686C
:108AF00001650DF103033A1E18BF0122FFF7B6FD11
:108B00000446002840F09880002F00F099802B69DF
:108B10001A68C6F80F209A889B79A6F813207375F7
:108B20004FF0FF304FF0FF31FDF7B8FD81460028D0
:108B300000F0E28019210C30FCF7F4FA044600231F
:108B4000036043608360C3600361436103767378AD
:108B50000370AB68C370C3F3072202711B0C43712F
:108B6000EB688371C3F30722C2711B0C0372686840
:108B700017F043FD60729DF80330A372686817F028
:108B80003AFDA0747F23E374012323756B6803F41B
:108B90004063B3F5806F5DD00123A3756B6813F458
:108BA000805F02D003232375A3756A6812F4806F77
:108BB00053D0002312F4804F01D043F0400312F44D
:108BC000005F01D043F0200312F4807F01D0012226
:108BD00022766A6812F0030F04D043F00101002FDF
:108BE0003DD00B4612F4007F02D1B8F1000F01D046
:108BF00043F00203C3F34008002F38D043F00401D0
:108C000012F0100F01D143F00C012B691A68C4F85F
:108C10000B209A889B79A4F80F2063746B78E37516
:108C2000AB786375A4F8011001AA494642F23600F8
:108C3000FEF7E6F80446E0B1204603B0BDE8F08355
:108C4000304B1A68C6F80F209A889B79A6F8132033
:108C5000737565E70223A375A0E71023AAE712F452
:108C6000806F02D143F00303BCE70B46BAE7194615
:108C7000D4E70198C36893F90130B370FCF736F973
:108C800006F11807D7E8EF3F43F00203C7E8E23FD9
:108C9000002AF7D10421384617F0FDFC28B106F16F
:108CA0000901304617F0F3FB48BB6A6812F0030273
:108CB00018BF01220921384617F0DCFD42460A217F
:108CC000384617F0D7FD6A68C2F380020C21384697
:108CD00017F0D0FD6A68C2F380220B21384617F0E6
:108CE000C9FD9DF80320012A14BF0022012203219F
:108CF000384617F0BFFD9FE76FF068049CE7044615
:108D00009AE700BF380005002DE9F0410546884686
:108D1000044614F80F6B194B83F823600722184997
:108D2000204614F0D7F870B907461649304601F0CE
:108D30000FFF0446C8B1052101F0F4FAC8F800405D
:108D40003846BDE8F0812146304601F051FF78B940
:108D50002146287801F0FCFE044660B1062101F0AE
:108D6000E1FAC8F800400027EAE76FF00B07E7E7F1
:108D70006FF01507E4E76FF00B07E1E778010020DB
:108D8000380005003000050070B504460D4600F1BE
:108D90000F0607220D49304614F09CF878B90522D9
:108DA0000B49207801F0AEFF04463CB12573002149
:108DB000204601F0B7FA204601F08EF970BD062278
:108DC0003146207801F09EFF0446EEE738000500AA
:108DD00030000500024670B9582300FB03F3183336
:108DE00007490B44D3E8AF3F13F0010F05D05823D8
:108DF00003FB02107047002070470020704700BF3F
:108E0000A82C002070B506460D46002404B170BDA4
:108E1000582304FB03F31833064A1344D3E8AF3F47
:108E200013F0010F04D02946582000FB0420B0475E
:108E30000134EBE7A82C0020074B9B695BB118338A
:108E4000D3E8EF1F21F00101C3E8E21F002AF7D1A8
:108E5000014B00229A61704778010020F8B5174B4A
:108E6000D3E8AF3F13F0040F1CD004460F4616465C
:108E7000DAB1FFF7D3FDD8B1FFF7A8FD0546D0B1B1
:108E8000237803706378C370476000222146FFF7A0
:108E900027FE044610B935602046F8BD284617F075
:108EA000F0FBF9E76FF00A04F6E76FF01504F3E75B
:108EB0006FF01504F0E76FF00B04EDE700020020FF
:108EC000F0B583B000230193002863D00C4606461A
:108ED00000F11805D5E8AF3F13F4807F5DD1304B2A
:108EE000D3E8AF3F13F4806F0BD1D5E8AF3F13F455
:108EF000007F09D184B1238883B9A37833BB0022D2
:108F00000DE0FFF713F9F0E701A93046FFF7FCFE8B
:108F100007460028EED016E0002200E001220721DB
:108F2000284617F0A7FCD5E8AF3F13F4007F0FD019
:108F300022460121304617F0BAFC0746D8B90198FD
:108F400008B101F0C9F8384603B0F0BD0122E6E7E8
:108F5000D5E8AF3F13F4805FEAD10321284617F02C
:108F60009AFB20B1D5E8AF3F13F4804FE0D03046F4
:108F700017F0DFFADCE70B4A01210B4816F050FA34
:108F800001980028DFD0002101F0CCF9019801F010
:108F9000A3F8D8E76FF01507D5E76FF07707D2E7AA
:108FA00000020020A8C304003C880400F0B583B090
:108FB000C5686878FFF70EFF6F88E0B1044617F0C8
:108FC000BFFC04F11806D6E8EF3F23F48073C6E82F
:108FD000E23F002AF7D12B789BB92B78DBB1072130
:108FE000304617F058FB002844D12D4B9B699C421A
:108FF00052D003B0F0BD2B4A01212B4816F010FAD5
:10900000F7E7D6E8AF3F13F4007FE6D02978204693
:10901000FFF7BAFEE1E70121384601F095FA07466D
:109020000028DCD0236D13F4002F14D0A368C0F8FF
:109030007E30A289A37BA0F8822080F88430636808
:109040002BB15B681BB1019701A9204698473846B0
:1090500001F042F8C3E7037AC3EBC30310495A187F
:10906000CB58C0F87E3091889379A0F8821080F8B0
:109070008430E4E7204617F075FAFFF757F8636885
:10908000002BB2D01B68002BAFD02A798DF80420BA
:1090900001A920469847A8E7FFF7CEFEA9E700BF41
:1090A00078010020C4C304003C88040030B585B0BA
:1090B000C4682078FFF78EFEB0B1054643688BB1D7
:1090C0009B687BB10134204616F010FE90B121461A
:1090D00002A816F000FE02AB01936B689B6801A921
:1090E0002846984705B030BD094A0121094816F0C5
:1090F00097F9F7E72146287817F0BAF90346006890
:1091000002909A889B79ADF80C208DF80E30E2E73A
:10911000C4C304003C88040010B582B0044647F282
:10912000121303804FF48073438044F201030193D0
:1091300001A817F05BFC019BA360024BE36002B047
:1091400010BD00BF00000209884202D98B1883427B
:1091500004D9884205D283188B4202D8531E194481
:1091600015E010B50B4C40F2B32322460A490B48D8
:1091700015F060FE0A4815F05DFE40F2B32120466E
:1091800015F04FFE11F8013900F8013B013A002AB1
:10919000F8D1704738B304006CB304003490040075
:1091A000C4B3040070B59AB013AC002313931493A6
:1091B000159316931793189319932046FFF7ACFF56
:1091C00012A920461CF0CAFF00283CD16B46412260
:1091D00001A912981CF00AFE034600284AD10DF19D
:1091E00005043C4E0DF1450C354620686168A268C7
:1091F000E3680FC510342E466445F5D16B46202236
:10920000354912981CF0CEFD0346002839D112983A
:1092100010F090FF054600283AD12E4E2F4C202208
:1092200031462046FFF790FF2022B118A018FFF723
:109230008BFF2B4BD3E8EF1F41F01001C3E8E21F77
:10924000002A07D0F6E70346264A0121264816F0F1
:10925000F1F81F25254BD3E8EF1F21F00101C3E8EA
:10926000E21F002AF7D10EF0EBFB214B1C6804B380
:10927000043C1EE01F4A01211B4816F0DBF81F25A5
:10928000E8E71D4A0121184816F0D4F81F25E1E748
:1092900003461A4A0121144816F0CCF81F25D9E7D5
:1092A000231D03D11C4604E000209847646804B1E4
:1092B000043C34B12368002BF2D0002DF4D10748D0
:1092C000F3E70B4B00221A605A600EF039FC1AB01B
:1092D00070BD00BFECDB0020CCDB00203CDC0020BC
:1092E00000020020DCC30400748804002CDC002091
:1092F00034DC0020FCC3040020C4040044C4040087
:1093000030B5A7B01FAC00211F912091219122916F
:1093100023912491259104230D933D220EA813F04F
:109320004BFD2046FFF7F8FE1EAB202232492046B7
:109330001CF085FD00283BD12F4B03F120050DF1DA
:10934000350403F1600EAC46BCE80F00206061609C
:10935000A260E36065461034F445F4D10CAB02938F
:1093600020230193254B009341230DAA1E992448E5
:109370001CF0A8FE034620BB1E9810F0DBFE05463D
:1093800038BB0EF05DFB1F4B1C686CB100221A60ED
:109390001D4BD3E8EF1F21F00201C3E8E21F002AB2
:1093A000F7D1FDB10020A0470EF0CAFB27B030BDB9
:1093B0000346164A0121164816F03CF86FF00405E2
:1093C000DFE7144A0121124816F034F86FF0040563
:1093D000D7E70346104A01210D4816F02BF86FF02D
:1093E0000405CEE704AD202204492846FFF7ACFE71
:1093F0002846A047D8E700BFCCDB0020ECDB0020EC
:109400000000020930DC00202CDC002064C40400D1
:10941000748804009CC40400B8C4040008B5402249
:10942000034913F057FDB0FA80F0400908BD00BFB2
:109430000802050030B59BB0054602AC002302933C
:1094400003930493059306930793089344F212132E
:10945000ADF808304FF48073ADF80A304FF4804314
:109460000093684617F0C2FA009B0493144B0593CF
:1094700004238DF82430202229460DF12500FFF722
:1094800063FE2022A9180DF14500FFF75DFE01AB38
:10949000412209A920461CF0D2FC054620461CF0BA
:1094A0006BFF45B12B46074A0121074815F0C2FF63
:1094B00000201BB030BD019810F03CFE0120F8E701
:1094C00000000209D8C4040074880400002841D0B8
:1094D00008B50246224B1B6803B1043B33B19A42E4
:1094E0003BD05B68002BF9D0043BF7E71D4BD3E87A
:1094F000AF3F13F0020F14D1111D194B18685060C3
:1095000019605B68ABB1174BD3E8EF2F42F0010154
:10951000C3E8E01F0028F7D112F0010F0CD00020A3
:109520001DE0114A0221114815F07AFF6FF00F007B
:1095300015E00B4B5960E6E70D4BD3E8EF1F21F028
:109540001001C3E8E21F002AF7D10A48FBF7A4FF85
:10955000002004E06FF0150070476FF0770008BD41
:1095600034DC00202CDC0020FCC4040074880400DF
:1095700000020020D4050020044BD3E8AF3F13F0D5
:10958000100F01D0024870470020704700020020F1
:109590003CDC002038B51D4B1B688B4230D00546A3
:1095A0001B4BD3E8AF3F13F0100F2CD0174B1B68A9
:1095B0001BBB184BD3E8AF3F13F0010F1DD1154B68
:1095C000D3E8EF2F42F00200C3E8E40F002CF7D1FC
:1095D00012F0020F11D10D4B19600F4C20222946B9
:1095E0002046FFF7B1FD2022A918A018FFF7ACFD17
:1095F0000A48FBF751FF002038BD6FF00F00FBE772
:109600006FF07700F8E76FF07C00F5E730DC0020C2
:10961000000200202CDC0020ECDB0020C405002030
:10962000082816D8DFE800F0051707090B0D0F1101
:1096300013000A4870470A4870470A4870470A48AA
:1096400070470A4870470A4870470A4870470A48F6
:1096500070470A4870470A48704700BF4C9604009C
:109660004CC5040040C5040058C5040070C5040082
:1096700080C5040064D0040094C50400A4C504009F
:109680002CC5040000487047B8620020024B1868DF
:10969000B0FA80F04009704748090020054B5B8B09
:1096A0002BB9044B1868B0FA80F0400970470020CD
:1096B000704700BFF4090020024B93F89000C0F3FC
:1096C000C00070477801002008B516F0D7F9024BAA
:1096D00003EB001008BD00BF7CDC002010B50C4B74
:1096E0001B7823B1FAF774FE0A4B185810BD0A4CC8
:1096F00040F2463322460949094815F09BFB0948C8
:1097000015F098FB40F24631204615F08AFB00BF69
:109710009DE8002008000000409704006C970400BA
:10972000349004008097040038B505461A4B1C6835
:1097300004B13C3C74B163683BB1297B284698472F
:10974000E46B002CF6D03C3CF4E714F13C03F7D179
:109750001C46EFE7114C00E04034114B9C4209D805
:109760000F4B9C4216D26368002BF5D0297B28460C
:109770009847F1E70B4C40F2C57322460A490B4863
:1097800015F058FB0A4815F055FB40F2C57120460C
:1097900015F047FB38BD00BFB0DC0020E4860400B4
:1097A00024880400B0C50400E0C50400349004001F
:1097B00064A0040038B505461A4B1C6804B13C3C53
:1097C00074B123683BB1297B28469847E46B002C91
:1097D000F6D03C3CF4E714F13C03F7D11C46EFE72C
:1097E000114C00E04034114B9C4209D80F4B9C4275
:1097F00016D22368002BF5D0297B28469847F1E73D
:109800000B4C40F2B67322460A490B4815F012FB86
:109810000A4815F00FFB40F2B671204615F001FB27
:1098200038BD00BFB0DC0020E486040024880400BA
:10983000B0C50400E0C504003490040064A0040036
:1098400010B5184B1C6804B13C3C64B1A3682BB143
:109850009847E46B002CF8D03C3CF6E714F13C034D
:10986000F7D11C46F1E7104C00E040340F4B9C420E
:1098700007D80E4B9C4214D2A368002BF5D0984712
:10988000F3E70B4C40F27C6322460A490A4815F084
:10989000D1FA0A4815F0CEFA40F27C61204615F064
:1098A000C0FA10BDB0DC0020E48604002488040067
:1098B000B0C50400E0C504003490040064A00400B6
:1098C00038B508280AD8DFE800F01B1B1D1D1D1D38
:1098D0001D050700022016E0032014E004460A4D8F
:1098E00040F655332A460949094815F0A3FA21469E
:1098F000084815F09FFA40F65531284615F091FAC0
:10990000002000E0012038BDB0C504008CF8040040
:1099100034900400FCC5040008B5014600234360F0
:10992000836002481BF00DFD08BD00BF4809002000
:1099300070B50446FFF7D2FE0546FFF7A3FED0F848
:10994000B8309D421CD0174C4FF4937322461649F1
:10995000164815F06FFA4FF49371204615F061FA2E
:1099600083F31188BFF36F8FD8B145688668FFF71E
:10997000D3FF1DB1002231462046A847FDF7C6F9A6
:10998000EFF31183402282F31288BFF36F8FE069F7
:109990000028E5D00268E261216A8142E0D12262BA
:1099A000DEE770BDB0C5040014C6040034900400A6
:1099B00070B561B1044608464D688E68FFF7ACFF8C
:1099C00025B16FF06D0231462046A84770BD054CA9
:1099D0004E2322460449054815F02CFA4E21204614
:1099E00015F01FFAB0C504005CC6040034900400F2
:1099F00070B50C4616461D4617F035F850B1A369F0
:109A00003360E3692B60E27A002104F1180013F05F
:109A1000D3F970BD064C40F2EE33224605490648A4
:109A200015F008FA40F2EE31204615F0FAF900BFC1
:109A3000B0C5040060C604003490040008B5C378C3
:109A40000BB1002008BD034A0221034815F0F2FCC7
:109A5000F7E700BF74C604005488040008B500226C
:109A6000002302480BF0BAFD08BD00BF48090020E2
:109A700070B505460E4616F05CF990B90022002339
:109A800000210D48FBF768F8044640B1FFF71CFEC3
:109A90000346324629462046FBF73EFE0446204652
:109AA00070BD064CAC2322460549064815F0C2F9A4
:109AB000AC21204615F0B5F9F4090020B0C504002A
:109AC00090C604003490040010B504460022002320
:109AD00005480BF007FF00B110BDFFF7B1FE2046AF
:109AE0000CF052FBF8E700BF1809002008B5024847
:109AF0000CF04AFB08BD00BFE4050020437B072BA8
:109B000000D0704730B583B00446051D0A212846B1
:109B100017F006F808B103B030BDD5E8AF3F13F435
:109B2000803F03D12046FFF7C7FD48BB2046FFF723
:109B300085FF0346002832D1637B072BEBD11B4BFB
:109B400093F8903013F0200FE5D016F006FA0028B5
:109B5000E1D00DF1060101A8FDF768FC0028DAD17B
:109B6000BDF80620BDF80410204616F030FB034671
:109B70000028D0D00E4A01210E4815F05BFCCAE740
:109B8000204616F00AFB034618B9637B072BC2D1A7
:109B9000CCE7094A0121074815F04CFCF5E7074AD4
:109BA0000121044815F046FCC6E700BF78010020FB
:109BB000E8C6040054880400ACC60400D0C6040003
:109BC000F0B58BB004460D4616460378032B38D803
:109BD000DFE803F002212B311D4B93E803000790CF
:109BE000ADF82010090C8DF8221063792279E17804
:109BF000A07867780DF11C0CCDF814C00497039081
:109C0000029101920093A379124A3146284613F03B
:109C1000EFF90BB0F0BD104B93E803000790ADF8DF
:109C20002010090C8DF82210DFE70C4A07AB07CA99
:109C300003C31A80D9E70A4A07AB07CA03C31A80CD
:109C4000D3E7084A0A2107A813F0D2F9CDE700BFED
:109C5000D8B20400E8B20400E0B204000CB304007F
:109C600018B304001CD90400034BB3F8B4300BB193
:109C70000248704700207047780100203002002021
:109C80002DE9F04117460A8A002A59D004460D46AC
:109C90009846084616F04DF800285ED12046FFF79A
:109CA000E3FF002200230BF01DFE002862D1FFF726
:109CB000D5FE064600286DD0C0F80480069B836060
:109CC0006C4BB3F8B410B94200D3B9B22B7A013B54
:109CD000DBB2012B6ED82846FFF7CAFE804600286B
:109CE00075D0644BB3F8B430BB427DD294F8C05009
:109CF000012384F8C03004F1BC07D7E8EF3F0133FB
:109D0000C7E8E23F002AF8D100233360A369002BA3
:109D100074D01E60A661204616F0A3FE002870D104
:109D2000204616F0A0FE002872D02A464146204662
:109D300016F059FF0546002D7BD12846BDE8F0817D
:109D40004D4C4FF4247322464C494D4815F072F89F
:109D50004FF42471204615F064F8474C40F29723E5
:109D600022464649464815F065F840F297212046BC
:109D700015F057F8404C40F2A72322463F4940488F
:109D800015F058F83F4815F055F840F2A721204645
:109D900015F047F8384C40F2B2232246374938488C
:109DA00015F048F8384815F045F840F2B221204641
:109DB00015F037F8304C40F2D22322463349304870
:109DC00015F038F840F2D221204615F02AF82A4C36
:109DD00040F2DB2322462E49294815F02BF840F2A9
:109DE000DB21204615F01DF894F8C03023B103257F
:109DF000002384F8C0307EE70225F9E7A66166619A
:109E000089E72A464146204616F0BDFE054692E700
:109E1000194D40F2FF232A461849194815F00AF84F
:109E2000A1781C4815F006F840F2FF21284614F0EE
:109E3000F8FFD7E8EF3F013BC7E8E23F002AF8D13F
:109E4000314604F1140016F0F3FD2B46124A0121AD
:109E5000124815F0EFFA4046FBF748F83146204625
:109E6000FFF7A6FD2046FFF7FFFE0BF0B5FC6FF0F5
:109E7000040562E778010020B0C504008CF80400F6
:109E80003490040004C704001CC704002CC704005D
:109E900054C7040068C70400C4BA0400548804000E
:109EA00070B588B004460E46FFF718FC0546FFF76C
:109EB000E9FBD0F8B8309D4208D0243421461BF08D
:109EC0002CFB051E06DBB6B908B070BD2046FFF7B7
:109ED0002FFDF9E70A4C4FF4AF73224609490A48AF
:109EE00014F0A8FF2946094814F0A4FF4FF4AF71FD
:109EF000204614F096FF694620460CF04DF9E3E742
:109F0000B0C50400C0A204003490040088C7040057
:109F100038B500238B4224D2C82404FB030404F187
:109F2000C4024FF0010CD2E8EFEFBEF1000F03D1F5
:109F3000C2E8E5CF002DF6D111D174B1C4220021C1
:109F4000204612F039FF084904F140000CF070FB84
:109F5000064904F124000BF0F5FF204638BD6344A8
:109F6000D8E70024E9E700BF2DB30200BD0A0400D2
:109F700008B501210148FFF7CBFF08BD002D0020E7
:109F800070B582B004460D46012A21D0022A54D170
:109F900003693BB1354A0121354815F041FA2046A5
:109FA00016F069FE256121690B8A012B51D9CA6817
:109FB0005078127842EA0022043292B29A4248D88B
:109FC00049D3002323610122204601F053FD40E0E4
:109FD000006990B10A8AE2B1438AC1684669891B67
:109FE0005B1A018A5B1A9A4217D8E9680C3015F09F
:109FF00079FD2846FAF77AFFD5E71E4A01211C4869
:10A0000015F00EFA204616F036FE2846FAF76EFFD7
:10A010001FE00846FAF76AFF1BE0174A01211448BF
:10A0200015F0FEF900222169204601F023FD0023EE
:10A0300023612846FAF75AFF0BE013460F4A012125
:10A040000B4815F0F7F9204616F015FE2846FAF7EA
:10A050004DFF02B070BD0092094A0121044815F07D
:10A06000F4F9204616F007FEF3E700BFA4C704008A
:10A0700054880400C4C70400E4C704000CC80400EA
:10A080002CC8040010B5014680B101F1C403D3E827
:10A09000AF2FC2B1501CD3E8EFCF944503D1C3E832
:10A0A000E40F002CF7D1F0D1084610BD074C40F268
:10A0B000B55322460649074814F0BCFE40F2B5519C
:10A0C000204614F0AEFE0021EEE700BFB0C504004C
:10A0D00048C804003490040010B518B30446243076
:10A0E0000BF092FF04F1C403D3E8EF2F511EC3E835
:10A0F000EC1FBCF1000FF7D1002A23DD012A10D19B
:10A1000080BB244B9C420CD303F1C802944208D27A
:10A11000E41A214BA3FB04239B09C82202FB13432F
:10A1200083B310BD1D4C40F2DF5322461C491D482D
:10A1300014F080FE1C4814F07DFE40F2DF512046F2
:10A1400014F06FFE154C4FF4BE63224617491548B4
:10A1500014F070FE164814F06DFE4FF4BE612046F8
:10A1600014F05FFE0D4C40F2F953224611490D48A0
:10A1700014F060FE104814F05DFE40F2F9512046E4
:10A1800014F04FFE0D480BF027FB0D480BF0FCFFC1
:10A19000C7E700BF002D00201F85EB51B0C50400AC
:10A1A00048C804003490040050C8040070C804007B
:10A1B00078C8040098C80400ACC80400180900203E
:10A1C000F405002010B50446FFF75CFF0DF038FCE5
:10A1D00004F1B802124BD3F8CC3000E01B6813B185
:10A1E0009A42FBD10123A3B9C4F8B8300C4BD3F881
:10A1F000D03043B11A600A4BC3F8D0200DF0A0FC58
:10A20000FCF784FD10BD064BC3F8D020C3F8CC206A
:10A21000F4E70DF095FC2046FFF75EFFF0E700BF86
:10A220007801002070B5FFF739FA00286CD1374B60
:10A23000D3F8CC40002C63D0B83C14F1B80503D05F
:10A24000D4F8B85005B1B83D002648E0304C40F293
:10A25000B93322462F49304814F0ECFD40F2B931B1
:10A26000204614F0DEFD2046FFF710FA30B92046F4
:10A2700016F005FC28B104F1B8063BE004F1B8067D
:10A2800038E0204616F038FC00B304F1B802B242C0
:10A290000FD03146214816F0B8FBD4F8AC30204638
:10A2A0009847B8B1637B072B14D12046FFF78AFF8C
:10A2B00010E0174C40F2D63322461949164814F0E4
:10A2C000B9FD40F2D631204614F0ABFD2046FFF731
:10A2D000D9FE0446204670BDB83B2C461D46002CD6
:10A2E000F8D0AC42B2D0204616F0A5FC0028BAD077
:10A2F00004F1B80635B1D5F8B830002BECD1ECE755
:10A300002546A1E72B46E8E70024E3E77801002093
:10A31000B0C50400E4C804003490040044020020E6
:10A32000F0C80400F0B583B000AF0D46467B8E4206
:10A330000ED004464173002E60D0637B082B00F2E0
:10A34000F080DFE803F06BAD55555555555E55006F
:10A350000846FFF765F96D4600233B7102237B71C8
:10A3600088B06C4614F1100211D00E261AB1042EDA
:10A3700001DD6F4B636100233B7002237B709AB158
:10A38000082E00DDA06104F11C0300210AE06FF03B
:10A390000046EBE701F10800384410F8080C03F818
:10A3A000010B01310129F5D90D2E24DD0E2342B117
:10A3B0000321397100217971B9710121F97178682E
:10A3C0002061002121F0010121F0020121F00401AE
:10A3D00021F03801022060F38811C3F30A0363F30C
:10A3E0005321C1F3130100235248F7F725FDAD4671
:10A3F0000C37BD46F0BD6FF01B03D8E7FFF742FEF8
:10A400009BE700236363A363E378012BF0D14A4AFF
:10A41000002304F140000CF0B9F9E9E7082EE7D871
:10A42000DFE806F0370517212F332537370004F111
:10A43000400528460CF036FA01212046FFF730FD92
:10A44000204616F018FC0022002328460CF022FAC1
:10A45000CEE7237B1BB92046FFF73EFEC8E7204628
:10A46000FFF7A8F9F7E72046FFF736FEC0E7237BA2
:10A470001BB92046FFF730FEBAE72046FFF79AF9EE
:10A48000F7E72046FFF728FEB2E72046FFF724FE55
:10A49000AEE72B46294A0221264814F0CBFFA7E756
:10A4A000237B3E2B03D0204616F0CDFBA0E76E4663
:10A4B00088B06B4613F110022DD00C213AB108463A
:10A4C000042901DD1E4D5D61082800DD9C610B291A
:10A4D00024DD0C253AB10321397100217971B9715C
:10A4E000F97178681861002121F0010121F0020161
:10A4F00021F0040121F03801022363F38811C5F330
:10A500000A0363F35321C1F3130100230948F7F74A
:10A5100093FCB546C7E76FF00041CFE76FF01B052E
:10A52000D8E72B46074A0221024814F083FF5FE771
:10A530000CC90400548804005A62020020C90400B7
:10A5400038C9040060C9040070B504460D460246CF
:10A5500001210A4816F0B6FB064610B183782B425B
:10A5600001D0304670BD2346054A0221054814F04B
:10A5700061FF3046FFF7B0FD0026F2E7002D002016
:10A580007CC90400548804002DE9F04180460F4640
:10A59000164600240CB1BDE8F081C8200A4B00FB30
:10A5A0000430FFF76FFD054640B1837813EA080FCA
:10A5B00006D03146B8472846FFF78EFD0134E9E75B
:10A5C000FFF78AFDFAE700BF002D002008B5002242
:10A5D00002490120FFF7D8FF08BD00BFFD9A020025
:10A5E00010B51B4B984215D303F1C802904211D20B
:10A5F000C21A184BA3FB02139B09C82101FB1323AA
:10A6000043B9B8B1124BC01AC010134B03FB00F092
:10A61000C0B210BD114C40F21B63224610491148D4
:10A6200014F008FC104814F005FC40F21B612046B1
:10A6300014F0F7FB094C40F21C6322460849094814
:10A6400014F0F8FB40F21C61204614F0EAFB00BF56
:10A65000002D00201F85EB51295C8FC2B0C504007E
:10A6600094C90400349004000CCB0400F8B50446EF
:10A670000F4616461D461AF06FFFB8B955EA060395
:10A6800006D0FFF72BF8154BD3F8B83083421AD019
:10A690000CB332462B46204615F00FFA044618B18B
:10A6A000791D0C30FAF718FD2046F8BD0C4C40F22D
:10A6B000376322460B490C4814F0BCFB40F237616B
:10A6C000204614F0AEFB094A0221094814F0A8FE06
:10A6D00000263546DCE7074CDBE700BFB862002008
:10A6E000B0C50400D89604003490040028CB0400C0
:10A6F000548804007009002038B50446437B023BAF
:10A70000062B26D8DFE803F00C06252525220400B9
:10A71000002020E001730021FFF704FE00201AE072
:10A720008378012B01D1002015E00B4D4FF4F46329
:10A730002A460A490A4814F07DFBA178094814F01A
:10A7400079FB4FF4F461284614F06BFB16F0A9FA7C
:10A7500001E06FF07F0038BDB0C504008CF8040044
:10A760003490040054CB0400F0B587B002AF00234E
:10A77000FB607B60FFF756FD50B30446437B072B1D
:10A7800021D1D0F8A43007F108023449B1F8B4104F
:10A7900098470546C8B1314BB3F8B420BB689A421C
:10A7A00007D3D4F8A8603B1D07F10C0201462046F0
:10A7B000B047FB68BA687968009129462046FFF7E0
:10A7C0005FFA054638B9FCF7A1FA2046FFF784FC8A
:10A7D0001437BD46F0BD6E4688B002AB13F11002CF
:10A7E00036D0102162B10846042903DDDFF870C0BD
:10A7F000C3F814C0082800DD9D610C2800DDDC6171
:10A800000F2928DD10253AB1042139700021797013
:10A81000B970F97038681861002121F0010121F048
:10A82000020121F0040121F03801012363F38811B2
:10A83000C5F30A0565F35321C1F313010023094849
:10A84000F7F7FAFAB54613212046FFF755FFBCE7A4
:10A850006FF00041C6E76FF01B05D4E778010020D8
:10A860006CCB040054880400F8B50546D0F8887015
:10A870002F4BA3FB0737C7F38F27031DD3E8AF2F59
:10A8800012F4005F0DD0B0F88C20BA4209D8B0F8AD
:10A890008E20BA4205D3D0F89010D0F8942091427F
:10A8A00012D0244B1C6804B13C3CDCB12669A6B133
:10A8B000B5F89230B5F8902039462846B047E46B99
:10A8C000002CF2D03C3CF0E7D3E8EF1F21F400511C
:10A8D000C3E8E21F002AE4D0F6E714F13C03EED10E
:10A8E0001C46E2E7144C00E04034144B9C420DD867
:10A8F000124B9C421AD22669002EF5D0B5F8923040
:10A90000B5F8902039462846B047EDE70C4C40F2A8
:10A91000FC7322460B490C4814F08CFA0B4814F0D7
:10A9200089FA40F2FC71204614F07BFAF8BD00BFB2
:10A930005917B7D1B0DC0020E48604002488040055
:10A94000B0C50400E0C504003490040064A0040015
:10A95000F8B506460D46084615F001FB07460028E7
:10A9600042D0244B1C6804B13C3CACB1E36873B1E9
:10A97000294630469847002835D0284615F0EFFA8A
:10A98000002833D0E46B002CEFD03C3CEDE714F111
:10A990003C03F7D11C46E8E7174C00E04034174B66
:10A9A0009C4210D8154B9C421ED2E368002BF5D078
:10A9B000294630469847D8B1284615F0D0FA0028E5
:10A9C000ECD1074610E00E4C40F63D0322460D49FF
:10A9D0000D4814F02FFA0D4814F02CFA40F63D0102
:10A9E000204614F01EFA07463846F8BD0746FBE736
:10A9F0000746F9E7B0DC0020E48604002488040060
:10AA0000B0C50400E0C504003490040064A0040054
:10AA100070B50546C37893B900F17E061D4B1C68DE
:10AA200004B13C3C9CB1636963B105F170023146ED
:10AA300028469847E46B002CF4D03C3CF2E700F148
:10AA40007706EBE714F13C03F4D11C46EAE7124C1D
:10AA500000E04034114B9C420BD8104B9C4218D262
:10AA60006369002BF5D005F17002314628469847FE
:10AA7000EFE70B4C40F6C51322460A490A4814F08A
:10AA8000D9F90A4814F0D6F940F6C511204614F059
:10AA9000C8F970BDB0DC0020E486040024880400FE
:10AAA000B0C50400E0C504003490040064A00400B4
:10AAB00070B505460C46164615F0F2FF21462846AD
:10AAC00016F0E5FA1B4B1C6804B13C3C7CB1A36951
:10AAD00043B13246697A28469847E46B002CF5D09A
:10AAE0003C3CF3E714F13C03F7D11C46EEE7124C73
:10AAF00000E04034114B9C420AD8104B9C4217D2C4
:10AB0000A369002BF5D03246697A28469847F0E7CA
:10AB10000B4C40F61E2322460A490B4814F08AF9D2
:10AB20000A4814F087F940F61E21204614F079F9FE
:10AB300070BD00BFB0DC0020E4860400248804005F
:10AB4000B0C50400E0C504003490040064A0040013
:10AB500038B505460C46FFF70BFA0346D8B1057227
:10AB600022680267A188A279A0F8741080F8762084
:10AB70000122427282728270084AC0F8A420084AF8
:10AB8000C0F8A820074AC0F8AC201822A0F88C20F2
:10AB90002822A0F88E20184638BD00BFE9B6020072
:10ABA000F1990200730A0400F8B507460E46002426
:10ABB00014B100252846F8BDC8200C4B00FB04301A
:10ABC000FFF760FA054670B18378012B09D1324650
:10ABD000394616F00CF90028ECD12846FFF77CFA2C
:10ABE00001E0FFF779FA0134E2E700BF002D002011
:10ABF000B0B58AB000AF0C46FFF7D6FF18B90020F9
:10AC00002837BD46B0BD0546214607F1080014F0BF
:10AC10009FFF687BFEF704FD6C4601233B71032315
:10AC20007B710223BB710423FB718AB0EC461CF1DB
:10AC3000100227D04FF0180E52B17346BEF1040F28
:10AC400002DD2E49CCF81410082B01DDCCF8185089
:10AC500001233B7003237B7032B1BEF10C0F03DD87
:10AC600007F10803CCF81C300223BB700423FB70EF
:10AC7000AAB1BEF1100F01DDCCF820000CF12403C5
:10AC800000210AE06FF0004ED6E701F128003844B9
:10AC900010F8280C03F8010B01310329F5D9BEF196
:10ACA000170F27DD18234AB1052139710021797169
:10ACB000B9710221F9717868CCF81000002121F0F7
:10ACC000010121F0020121F0040121F038010220EC
:10ACD00060F38811C3F30A0363F35321C1F3130133
:10ACE00000230748F7F7A8F8A5462846FFF7F4F928
:10ACF000012085E76FF01B03D5E700BF90CB040070
:10AD0000548804002DE9F04180460F461646002580
:10AD10001DB100242046BDE8F081C820104B00FB87
:10AD20000530FFF7AFF9044688B18378012B10D1C5
:10AD300027B13A46414616F05AF868B1637BB342F0
:10AD400002D1237A4345E5D02046FFF7C5F9013506
:10AD5000DEE7FFF7C1F9FAE72046FFF7BDF9F6E7AE
:10AD6000002D002038B504460D4683780B70C3785B
:10AD70004B70037A8B70407BFEF7A2FD85F82000B4
:10AD8000002385F82330204616F02AF885F82100A4
:10AD9000204615F0ECFF85F82200A378012B3ED168
:10ADA00004F17003AB60237AC3EBC3031F4A13445F
:10ADB0006B60E37863BB04F17703EB6004F17E031F
:10ADC0002B61D4F888306B61194AA2FB03239B0ADC
:10ADD0002B83B4F890306B83B4F89230AB83D4F803
:10ADE000A03033B15B7C13F0100F02D0012385F843
:10ADF0002330D4F8A030ABB15B7C13F0200F13D01C
:10AE000095F8233043F0020385F82330002038BD45
:10AE100004F17E03EB6004F177032B61D1E76FF05F
:10AE20001500F4E70020F2E70020F0E778010020A9
:10AE30005917B7D130B583B0054602AB03E9060018
:10AE40001A4B1C6804B13C3C74B1E3693BB16946E0
:10AE500028469847E46B002CF6D03C3CF4E714F10C
:10AE60003C03F7D11C46EFE7114C00E04034114B96
:10AE70009C4209D80F4B9C4216D2E369002BF5D0B7
:10AE8000694628469847F1E70B4C4FF44063224649
:10AE90000A490B4813F0CEFF0A4813F0CBFF4FF4DA
:10AEA0004061204613F0BDFF03B030BDB0DC002090
:10AEB000E486040024880400B0C50400E0C5040052
:10AEC0003490040064A00400F8B505460E46174609
:10AED0001B4B1C6804B13C3C7CB1236A43B13A462D
:10AEE000314628469847E46B002CF5D03C3CF3E70C
:10AEF00014F13C03F7D11C46EEE7124C00E040345D
:10AF0000114B9C420AD8104B9C4217D2236A002B4B
:10AF1000F5D03A46314628469847F0E70B4C40F6C4
:10AF2000766322460A490B4813F084FF0A4813F05F
:10AF300081FF40F67661204613F073FFF8BD00BF35
:10AF4000B0DC0020E486040024880400B0C50400BE
:10AF5000E0C504003490040064A00400F8B5054680
:10AF60000E4617461B4B1C6804B13C3C7CB1636A1F
:10AF700043B13A46314628469847E46B002CF5D059
:10AF80003C3CF3E714F13C03F7D11C46EEE7124CCE
:10AF900000E04034114B9C420AD8104B9C4217D21F
:10AFA000636A002BF5D03A46314628469847F0E7C9
:10AFB0000B4C40F6876322460A490B4813F03AFFD0
:10AFC0000A4813F037FF40F68761204613F029FF47
:10AFD000F8BD00BFB0DC0020E48604002488040033
:10AFE000B0C50400E0C504003490040064A004006F
:10AFF000F8B505460E4617461B4B1C6804B13C3C91
:10B000007CB1A36A43B13A46314628469847E46B7F
:10B01000002CF5D03C3CF3E714F13C03F7D11C467F
:10B02000EEE7124C00E04034114B9C420AD8104B22
:10B030009C4217D2A36A002BF5D03A4631462846E7
:10B040009847F0E70B4C40F6976322460A490B48B5
:10B0500013F0F0FE0A4813F0EDFE40F6976120462B
:10B0600013F0DFFEF8BD00BFB0DC0020E486040072
:10B0700024880400B0C50400E0C504003490040036
:10B0800064A0040070B505460E461A4B1C6804B156
:10B090003C3C74B1E36A3BB1314628469847E46BC7
:10B0A000002CF6D03C3CF4E714F13C03F7D11C46ED
:10B0B000EFE7114C00E04034104B9C4209D80F4B95
:10B0C0009C4216D2E36A002BF5D0314628469847B9
:10B0D000F1E70B4C40F6A66322460A490A4813F0F2
:10B0E000A9FE0A4813F0A6FE40F6A661204613F01A
:10B0F00098FE70BDB0DC0020E486040024880400C3
:10B10000B0C50400E0C504003490040064A004004D
:10B1100070B505460E461A4B1C6804B13C3C74B130
:10B12000636B3BB1314628469847E46B002CF6D060
:10B130003C3CF4E714F13C03F7D11C46EFE7114C1B
:10B1400000E04034104B9C4209D80F4B9C4216D271
:10B15000636B002BF5D0314628469847F1E70B4C3E
:10B1600040F6B56322460A490A4813F063FE0A48CE
:10B1700013F060FE40F6B561204613F052FE70BD3C
:10B18000B0DC0020E486040024880400B0C504007C
:10B19000E0C504003490040064A00400F8B505463E
:10B1A0000E4617461B4B1C6804B13C3C7CB1A36B9C
:10B1B00043B13A46314628469847E46B002CF5D017
:10B1C0003C3CF3E714F13C03F7D11C46EEE7124C8C
:10B1D00000E04034114B9C420AD8104B9C4217D2DD
:10B1E000A36B002BF5D03A46314628469847F0E746
:10B1F0000B4C40F6C56322460A490B4813F01AFE71
:10B200000A4813F017FE40F6C561204613F009FE08
:10B21000F8BD00BFB0DC0020E486040024880400F0
:10B22000B0C50400E0C504003490040064A004002C
:10B2300070B505460E461A4B1C6804B13C3C74B10F
:10B24000236B3BB1314628469847E46B002CF6D07F
:10B250003C3CF4E714F13C03F7D11C46EFE7114CFA
:10B2600000E04034104B9C4209D80F4B9C4216D250
:10B27000236B002BF5D0314628469847F1E70B4C5D
:10B2800040F6D56322460A490A4813F0D3FD0A481E
:10B2900013F0D0FD40F6D561204613F0C2FD70BD1D
:10B2A000B0DC0020E486040024880400B0C504005B
:10B2B000E0C504003490040064A0040038B50446DE
:10B2C0000D46084614F04BFE50B3174B93F89030E0
:10B2D00013F0020F04D094F8983013F0020F13D13A
:10B2E000E378C3B92946204615F0CAFDB8B92B88C2
:10B2F000A4F88C306B88A4F88E30AB88A4F8943016
:10B30000EB88A4F896300AE0231DD3E8AF3F13F48E
:10B31000804FE5D1E6E72946204615F039FF38BDD4
:10B320006FF01500FBE700BF7801002070B582B018
:10B33000A0F1400510F8333C33B1044610F83E3C10
:10B34000012B0BD002B070BD284615F085FE2846B3
:10B35000FEF7EAF92846FEF7BFFEF3E7A0F13C0648
:10B360000D21304615F0AFFB40B9D6E8EF3F43F46E
:10B370000063C6E8E23F002AE4D0F6E7B4F84C30B8
:10B38000ADF80030B4F84E30ADF80230B4F85430B7
:10B39000ADF80430B4F85630ADF8063069462846AA
:10B3A000FFF78CFF034640B9D6E8EF3F23F4805304
:10B3B000C6E8E23F002AD8D0F6E7034A0221034854
:10B3C00014F038F8D1E700BFCCCB04005488040057
:10B3D00010B5104819F0ACFF002408E004EB44015C
:10B3E0000D4B03EB81010B4819F0ABFF0134022C2C
:10B3F000F4D916F0C0FC03F0D1FA044608B1204697
:10B4000010BD04F0CFFF04460028F8D115F0E0FE8F
:10B41000F5E700BF480900208CDC002005490A78C8
:10B42000531CDBB20B700BB902320A70014B187857
:10B43000704700BF96E8002010B50C4B1B7823B175
:10B44000F8F7C6FF0A4B185810BD0A4C40F24633B5
:10B4500022460949094813F0EDFC094813F0EAFCBB
:10B4600040F24631204613F0DCFC00BF9DE800208E
:10B4700008000000409704006C970400349004001A
:10B480008097040010B50268D2F8B0306BB119682B
:10B49000C2F8B010D2F8B440A34203D04430834283
:10B4A00003D110BDC2F8B410F8E7064C4FF43C735A
:10B4B00022460549054813F0BDFC4FF43C71204677
:10B4C00013F0AFFCFCCB040030CC0400349004003B
:10B4D000F0B583B000AF05460020C0B36C4688B01D
:10B4E0006B4613F1100242D00C213AB108460429F0
:10B4F00001DD224E5E61082800DD9D610B2939DDEA
:10B500004FF00C0C3AB10321397100217971B971F6
:10B51000F97178681861002121F0010121F0020120
:10B5200021F0040121F03801012363F38811CCF3E9
:10B530000A0C6CF35321C1F3130100231048F6F7F2
:10B540007BFCA5466FF00B000C37BD46F0BD4C23CD
:10B5500000FB03F30B4AD3580BB10130BDE7094B95
:10B560004C2202FB0033084A5A600B60ECE76FF094
:10B570000041BAE76FF01B0CC4E700BF4CCC0400DD
:10B580009C880400C4DC0020700205000B8A022B9A
:10B5900000D1704700B583B002220092034A012116
:10B5A000034813F052FF03B05DF804FB74CC0400B1
:10B5B0009C88040070B5A9B1064614460D4601F1F9
:10B5C00010030022D3E8EF1FC3E8E02F0028F9D1D1
:10B5D000284615F0C9FC22462946304615F02CFDB8
:10B5E000012070BD034A0121034813F019FF002018
:10B5F000F7E700BFA0CC04009C880400F8B506461D
:10B600000F4615461C4654EA020306D0FFF714FF06
:10B61000074BD3F8B830834206D02A462346391D5B
:10B620003046FFF723F8F8BD00252C46F5E700BFAC
:10B63000B8620020F8B504460E4615464FF2244283
:10B64000002300210846FFF7D9FF074640B1042137
:10B650000C30F9F767FD0470467045803846F8BD38
:10B660002346034A0121034813F0E4FEF6E700BF36
:10B67000C4CC04009C88040010B582B00446006865
:10B6800020B3407B072824D1087A92B14FF0020CF6
:10B69000604511DCC87A07281ED98A61CB6104F1A4
:10B6A000300019F04EFE204615F0A4FC002002B038
:10B6B00010BD4FF0010CEBE700906346084A0121F2
:10B6C000084813F0C2FE6FF01500F0E76FF07F003E
:10B6D000EDE76FF07F00EAE76FF01500E7E700BFE6
:10B6E000ECCC04009C8804002DE9F04F83B000AF3F
:10B6F00080460E46914615F023FC0446002845D0AE
:10B7000000F1300A504609F0F7FF0546002841D005
:10B7100098F80D30072B40D114F00BFB002849D1CD
:10B72000A36C23B9204615F007FC00287DD02846DD
:10B73000F9F728FC0546A36C002B7BD0D4F8488091
:10B74000B5F810B0B04502D8D84500F08580B045B6
:10B750000CD8A28CA2F140039BB23F2B06D8D8454F
:10B7600000F0918000231A46AB61EA61B04540F2D7
:10B770008C80A36CC9F800309E4280F093809B1BA4
:10B78000A36428460C37BD46BDE8F08FFBF7BEFA30
:10B790002546F6E7FBF7BAFAF3E7444C40F2D63316
:10B7A00022464349434813F045FB40F2D631204638
:10B7B00013F037FB6E4688B06B4613F110022ED0A3
:10B7C0000C213AB10846042901DD3B4C5C61082894
:10B7D00000DD9D610B2925DD0C243AB1032139716F
:10B7E00000217971B971F97178681861002121F02F
:10B7F000010121F0020121F0040121F038010123AF
:10B8000063F38811C4F30A0464F35321C1F31301F1
:10B8100000232A48F6F710FBB5460025B1E76FF084
:10B820000041CEE76FF01B04D7E72046FFF72AFE62
:10B830000025A6E70146204615F071FB804604214D
:10B8400005F10C00F9F7AEFCA0F80080A38C438052
:10B8500008F10403A36471E700220023504609F0B5
:10B86000BDFEA84202D1F9F741FB70E70F4C4FF43F
:10B870008163224612490F4813F0DCFA4FF48161CC
:10B88000204613F0CEFA0F4B6EE72046FFF7FAFD85
:10B89000204615F03FFB00283FF46BAF204615F023
:10B8A000A9FB66E70023A3646BE700BFFCCB0400A1
:10B8B0000CCD04003490040030CD04009C880400BA
:10B8C00048CD0400F110040070B582B006463A4C31
:10B8D00025E03A4D40F2A9132A463949394813F078
:10B8E000A9FA2188384813F0A5FA40F2A911284690
:10B8F00013F097FA314D40F2AD132A4633493148DF
:10B9000013F098FA2188324813F094FA40F2AD11FE
:10B91000284613F086FA00F11001984708342D4BA1
:10B920009C4236D82B4B9C4243D221884B1E9BB263
:10B930003E2BCED8304615F0C9FB01900028D9D156
:10B94000636801A9304698470028E7DB019D2388FA
:10B95000AB82AB84002229463046FFF72BFE40B372
:10B9600005F1300019F0E4FC019843681B6803B14D
:10B970009847019B1033D3E8EF1F41F00101C3E862
:10B98000E21F002AF7D101984368DB69002BC2D17E
:10B99000C4E70A4C4FF4D37322460F49094813F009
:10B9A00049FA0E4813F046FA4FF4D371204613F0CB
:10B9B00038FA02B070BD00BFCC860400FCCB040096
:10B9C00058CD04003490040088CD0400B4CD0400A8
:10B9D000C8CD0400E4860400F4CD040064A0040093
:10B9E00070B582B00B8A032B17D906460C4604218A
:10B9F00004F10C00F9F714FC05464288238A9A42A8
:10BA000013D14378C3B10378012B0BD0132B19D179
:10BA100021463046FFF7BAFD04E0114A01211148E2
:10BA200013F0FEFC002002B070BD00920E4A01210E
:10BA30000C4813F00AFDF5E70C4A0121094813F000
:10BA4000EFFCEFE70A4A0221064813F0F3FC69789D
:10BA5000002200921346306815F068FBE2E700BF51
:10BA60001CCE04009C8804003CCE040060CE040080
:10BA700084CE0400F8B50C460B8A032B11D9054679
:10BA80001646042104F10C00F9F7CAFB4788394631
:10BA9000284615F06BFB68B13246214615F068FA6E
:10BAA000F8BD094A0121094813F0BAFC2046F9F70C
:10BAB0001DFAF5E73B46064A0221044813F0BAFC9A
:10BAC0002046F9F713FAEBE7ACCE04009C8804009B
:10BAD000CCCE0400522833D81B2821D3A0F11B035D
:10BAE000372B2FD8DFE803F0372E393B2E2A352E9F
:10BAF000372E2E2E2E2E2E2E2E2E2E2E2E2E2E2E5D
:10BB00002E2E2E2E2E2E2E2E2E2E2E2E2E2E2E2E55
:10BB10002E2E2E2E2E2E2E2E2E2E2E2E2E2E2E3340
:10BB200019280FD843B26BB101238340104A1A4041
:10BB3000BAB9104A1A402AB1012070470120704753
:10BB4000D22810D010F0400F0FD1062070470020EF
:10BB5000704702207047032070470520704704207B
:10BB6000704702207047002070470020704700BFD8
:10BB7000AAAA8A025455450110B50C4B1B7823B173
:10BB8000F8F726FC0A4B185810BD0A4C40F2463311
:10BB900022460949094813F04DF9094813F04AF9BA
:10BBA00040F24631204613F03CF900BF9DE80020EA
:10BBB00008000000409704006C97040034900400D3
:10BBC0008097040010B50446807AF8F7A3FF0C4B69
:10BBD000834208D1204613F051FF00EB4000094B8F
:10BBE00003EBC00010BD084C4FF4B5732246074963
:10BBF000074813F01FF94FF4B571204613F011F9FF
:10BC00009C0900201CDD002004CF040034CF040078
:10BC1000349004002DE9F04182B006460C460846F7
:10BC2000FFF7D0FFD0F80880E26806F15003D3E8B0
:10BC3000AF3F13F0010F2ED00546238A002B32D0E0
:10BC4000E3681B780371002303601378D22B37D08D
:10BC5000E36862699B1AADF80430238AADF80630B8
:10BC6000AE6000231A462146301DFFF705FD07464A
:10BC700068B110F1690F34D06369BDF80420134432
:10BC8000E360BDF806302382C5F808802F6038468F
:10BC900002B0BDE8F081164A0121164813F0C0FB3E
:10BCA0006FF01507F3E7144C4FF4DA73224613498B
:10BCB000134813F0BFF84FF4DA71204613F0B1F8CF
:10BCC00033682146186817F0D4F807460028BFD01B
:10BCD0000C4A0121074813F0A3FB2046F9F706F9A7
:10BCE000D5E7094A0121034813F09AFBC4E700BFD6
:10BCF00060CF04004488040004CF04007CCF04001B
:10BD000034900400A4CF0400B8CF04002DE9F04122
:10BD1000836853F8502BD2F80080C568C68807693D
:10BD2000D3E8AF3F13F0010F02D075B100240AE051
:10BD3000074A0121074813F073FB06E039464046E5
:10BD4000A8470134A4B2A642F8D8BDE8F08100BFEC
:10BD500060CF04004488040008B5806800F15003F7
:10BD6000D3E8AF3F13F0010F07D0436D23B1064A6C
:10BD7000002370300AF08EFD08BD044A01210448FA
:10BD800013F04EFBF8E700BF1C4E0E0060CF04001E
:10BD90004488040038B50446EFF31185402383F34B
:10BDA0001288BFF36F8F27480CF048FDC0B12548BB
:10BDB0000CF06EFD00232360234B5B68FBB11C601D
:10BDC000214B5C601F480CF049FDE0B185F3118800
:10BDD000BFF36F8F1D480AF0D7F9031E24DB38BD6F
:10BDE0001B4C842322461B491B4813F023F815499A
:10BDF0001A4813F01FF88421204613F012F8124B52
:10BE00005C601C60DEE7124C4FF4997322461449C3
:10BE1000114813F00FF80B49124813F00BF84FF4C8
:10BE20009971204612F0FDFF0F4A01210F4813F0CF
:10BE300001FB002383F31188BFF36F8F03231846A0
:10BE400002DFCCE718DD002010DD002038060020DE
:10BE5000EC9D04001C9E040034900400349E0400F9
:10BE60004C9E0400649E0400DCCF0400448804005F
:10BE700070B504460079FFF72DFEA568D5B10646DA
:10BE80002B68BBB11B68ABB12368A3B9284615F07A
:10BE9000C3F9B0B1052E1CD80123B34013F0140F21
:10BEA00008D113F0090F10D113F0220F11D0204642
:10BEB000FFF752FF70BD0F4A01210F4813F0BAFA85
:10BEC000F8E7281D15F0D4FAE4E72046FFF71EFF37
:10BED000F0E70A4C40F2163322460949094812F0AD
:10BEE000A9FF3146084812F0A5FF40F2163120465E
:10BEF00012F097FF08D004004488040004CF040027
:10BF00008CF804003490040028D004002DE9F0419E
:10BF100088B000AF0646EFF31184402383F3128804
:10BF2000BFF36F8F67480CF089FC002844D0654848
:10BF30000CF0AEFC644B1D6825B12A681A605B6882
:10BF40009D4248D0604BD3F800805E480CF086FCE0
:10BF5000002843D084F31188BFF36F8F45B3284680
:10BF6000FFF730FE844607F1080E04460FCCAEE81A
:10BF70000F0094E803008EE803000023CCF80030A3
:10BF8000CCF80430CCF80830CCF80C30CCF81030B9
:10BF9000CCF81430284615F093F93B7B7BBBB8F105
:10BFA000000F05D03146002019F0B7FA00282BDB2E
:10BFB0002037BD46BDE8F081444C842322464449E5
:10BFC000444812F037FF3F49434812F033FF8421C1
:10BFD000204612F026FF3C4B5A60B3E73B4C4FF42F
:10BFE000997322463D493B4812F024FF35493C48AD
:10BFF00012F020FF4FF49971204612F012FF07F162
:10C000000800FFF735FFCAE76D4600233B710223A6
:10C010007B718AB06C4614F1100216D012261AB148
:10C02000042E01DD2F4B636100233B7002237B70E4
:10C03000C2B13346082E01DD2B49A1610C2B00DD76
:10C04000E06104F1200300210AE06FF00046E6E71A
:10C0500001F12000384410F8200C03F8010B0131E5
:10C060000129F5D9112E2ADD122342B1042139719B
:10C0700000217971B9710121F9717868206100217D
:10C0800021F0010121F0020121F0040121F0380129
:10C09000012060F38811C3F30A0363F35321C1F352
:10C0A000130100231148F5F7C7FEAD46002383F3C3
:10C0B0001188BFF36F8F0323184602DF78E76FF014
:10C0C0001B03D2E718DD002010DD0020EC9D0400EA
:10C0D0001C9E040034900400349E04004C9E040016
:10C0E000649E040044D004009802050044880400C3
:10C0F00010B5437B072B0FD1042115F037F8044608
:10C1000088B100F14C03D3E8AF3F13F0010F10D01A
:10C1100050F8044C204610BD094A0221094813F08A
:10C120007FF90024F6E7084A0121064813F078F960
:10C13000F0E7064A0121034813F072F90024E9E709
:10C1400060D004004488040070D0040060CF040074
:10C1500070B582B006460C46551C15F05FF8854256
:10C1600016D82046FFF7B6FC02281AD0042818D0AB
:10C17000FFF702FD184BD3F8B830834225D0174B98
:10C180001B68834224D04FF0FF324FF0FF330AE0A8
:10C1900000950346124A0221124813F056F9002571
:10C1A00010E0114A002300211048FFF727FA054646
:10C1B00040B1FFF707FD8660012105F10C00F8F79B
:10C1C000B1FF0470284602B070BD00220023EAE7E8
:10C1D00000220023E7E700BFB862002064DD0020F2
:10C1E0008CD00400448804001C4E0E009C090020E2
:10C1F00070B5446DE36823B305466269617CFFF75F
:10C20000A7FF064658B1E368A2696169984770B90B
:10C2100031462846FFF7FEFC70B9002070BD637CF4
:10C22000094A0121094813F005F90E20F6E73046C6
:10C23000F8F75CFE0E20F1E73046F8F757FE0E20C7
:10C24000ECE70520EAE700BFB4D00400448804000E
:10C25000F0B583B000AF05460E46836A03B1A03B3C
:10C260007B60002202E0013205E07B607C686CB1FB
:10C270002368AB42F7D0012A73D014F1A003F4D0A5
:10C28000D4F8A030002BF0D0A03BEEE70022002332
:10C29000391D364808F040FB10BBA8220021786801
:10C2A00010F08AFD7868324B8360583019F040F8FE
:10C2B0007B685033D3E8EF2FC3E8E16F0029F9D151
:10C2C0007B681D607968284615F03FF97C68204638
:10C2D00014F0A2FF002840D04FF4F873638341E0CC
:10C2E0002D686E4688B06B4613F110022FD00C21DA
:10C2F0004AB10846042903DDDFF878C0C3F814C04A
:10C30000082800DD9D610B2924DD0C253AB10321AD
:10C31000397000217970B970F9703868186100219E
:10C3200021F0010121F0020121F0040121F0380186
:10C33000022363F38811C5F30A0565F35321C1F3A2
:10C34000130100230C48F5F777FDB5460AE06FF0BE
:10C350000041CDE76FF01B05D8E7172363856383A2
:10C3600000E0002420460C37BD46F0BDC407002085
:10C3700010060020D4D0040044880400F0B583B037
:10C3800000AF06460C4600220023391D2F4808F056
:10C39000C3FAE0B90546FFF7EFFB2D4B18603022DA
:10C3A0000021786810F008FD7B681E607868002125
:10C3B000416081608162C162FFF74AFF0346002845
:10C3C00041D00433236028460C37BD46F0BD6D468E
:10C3D00088B06B4613F110022FD00C213AB10846F9
:10C3E000042901DD1B4C5C61082800DD9E610B29DE
:10C3F00026DD0C243AB10321397000217970B9701F
:10C40000F97038681861002121F0010121F0020162
:10C4100021F0040121F03801012363F38811C4F3F2
:10C420000A0464F35321C1F3130100230A48F5F70A
:10C4300003FDAD466FF00B05C5E76FF00041CDE79A
:10C440006FF01B04D6E76FF00B05BCE7A4070020D4
:10C4500064DD0020FCD004004488040008B5011FFE
:10C46000002300E00133022B0DD803EB430C084AF4
:10C4700002EBCC0292689142F4D1054A02EBCC0265
:10C4800000209060EEE7034808F0D8FA08BD00BF2E
:10C490001CDD0020C407002001B970472DE9F041E0
:10C4A000064615461C460F4604220121FFF750FEA2
:10C4B000804668B104210C30F8F734FE0770A0F80C
:10C4C0000150C4704146304615F0A4F8BDE8F08133
:10C4D000024A0121024812F0A3FFF7E724D1040029
:10C4E000448804002DE9F0418AB004460D46174601
:10C4F0001E460368003918BF0121186816F082F83B
:10C5000030B18EB94FF0010840460AB0BDE8F08165
:10C51000032104F1500015F067F810B14FF0000846
:10C52000F2E74FF01208EFE7002304930593069318
:10C5300007930893099337B11A4639462046FFF707
:10C5400007FE059040B323681B6804938DF81850CC
:10C55000BDF84030ADF82230119B0793BDF848304C
:10C56000ADF8203001238DF8243004AB0293184B32
:10C5700001930022009213463146304601F00EFB33
:10C580009DF82480B8F1000F0ED105990029BBD089
:10C59000204615F03FF8B7E70E4A01210E4812F089
:10C5A0003FFF4FF01108AFE727B9182D0DD04FF01E
:10C5B0000008A9E70598F8F799FC9DF82430324661
:10C5C00029462046FFF768FFEFE79DF824809BE7A8
:10C5D0007915040044D10400448804002DE9F04199
:10C5E00082B006460F4614464FF495720146206805
:10C5F00015F087FF207420B10025284602B0BDE861
:10C60000F08105463146206816F046F818B3738A63
:10C6100013F0400F0BD0D6F8088001230193E38973
:10C620000093A389A26831462068C047B0B90022B0
:10C6300000230E4813F041FA606098B10783E38944
:10C6400043836068A289A1680C3013F04BFA002381
:10C6500023740125D1E708232374CEE714F0FFFDEE
:10C660002074CAE709232374C7E700BF780A0020B3
:10C67000F8B504460F46124A0023124813F01DFA7B
:10C680000646A0B1204614F0C7FDB8B9092106F14D
:10C690000C052846F8F720FD3046FFF793FA846032
:10C6A00001212846F8F73EFD07703046F8BD3B46AD
:10C6B000054A0121054812F0BDFEF6E70B21E6E729
:10C6C0001C4E0E009C090020C4CC040044880400C9
:10C6D0002DE9F04184B006468846002517E0204643
:10C6E000F8F704FC30682030F8F79CFB044600287B
:10C6F000F5D12B463A4618213046FFF7CDFE0025EE
:10C70000284604B0BDE8F0812046F8F7EFFB30681A
:10C71000036A002B32D02030F8F784FB0446078BE5
:10C720001E4D0023AB80AB682B60028AC16828468F
:10C7300013F0D8F932682B462032618B384614F05A
:10C74000A1FF05460028CAD1B8F1010FDCD1134B77
:10C750001A689B8802930192638B00933B460022E8
:10C7600018213046FFF7BEFE05460028CCD0034610
:10C77000228B18213046FFF78FFEC5E70DB100254B
:10C78000BEE719213046FFF773FF014618B1304666
:10C7900014F040FFB4E70E25B2E700BF0406002006
:10C7A0002DE9F0418AB00546884616461F4600240A
:10C7B000059406940794089409941121FFF758FFF3
:10C7C000079050B30595CDF8188001210C30F8F78B
:10C7D000A9FC089022460470099405AB0293104B03
:10C7E0000193009423463946304601F0D7F9089B5F
:10C7F0001C7844B10799284614F00CFF0024204609
:10C800000AB0BDE8F0810798F8F770FB0A233246BA
:10C8100010212846FFF740FEF1E71124EFE700BFA3
:10C8200069CC020070B588B006460D460368012148
:10C83000186815F0E7FE50B9032106F1500014F016
:10C84000D3FE10B1002008B070BD1220FBE700231A
:10C85000049305930693079321213046FFF708FFC1
:10C86000069058B304962B8A012B21D905F10C00B0
:10C8700013F062F9044601238DF81C3004AB0293D7
:10C880000F4B0193002200921346014601F086F9F6
:10C890009DF81C30002BE6D00698F8F727FB9DF892
:10C8A0001C30224620213046FFF7F6FD0020CAE763
:10C8B0000699304614F0AEFE0020C4E71120C2E70E
:10C8C000B519040070B588B006460D46036801210D
:10C8D000186815F097FE50B9032106F1500014F0C6
:10C8E00083FE10B1002008B070BD1220FBE70023CA
:10C8F00004930593069307930F213046FFF7B8FE84
:10C90000069058B304962B8A012B21D905F10C000F
:10C9100013F012F9044601238DF81C3004AB029386
:10C920000F4B0193002200921346014601F036F9A5
:10C930009DF81C30002BE6D00698F8F7D7FA9DF842
:10C940001C3022460E213046FFF7A6FD0020CAE724
:10C950000699304614F05EFE0020C4E71120C2E7BD
:10C96000351A0400F0B589B004460F4616461D4638
:10C9700003680121186815F045FE20B16DB9012644
:10C98000304609B0F0BD032104F1500014F02CFE34
:10C9900008B10026F4E71226F2E70023049305937A
:10C9A0000693079331462046FFF762FE069030B3A8
:10C9B0000494BDF83830ADF8143001238DF81C30E4
:10C9C00004AB02930F4B01930022009213462946B9
:10C9D000284601F0E3F89DF81C6026B90699204628
:10C9E00014F018FECCE70698F8F780FA9DF81C3092
:10C9F0002A4639462046FFF74FFD0026C0E711269C
:10CA0000BEE700BF351A04002DE9F0418AB00546A3
:10CA1000884616461F4600240494059406940794FD
:10CA2000089409940921FFF723FE069068B3049542
:10CA3000CDF8148001210C30F8F774FB07902246E2
:10CA400004700A238DF8243004AB0293104B019339
:10CA5000009423463946304601F0A0F89DF8244062
:10CA60003CB90699284614F0D5FD20460AB0BDE829
:10CA7000F0810698F8F73AFA9DF8243032460821FA
:10CA80002846FFF709FD0024EFE71124EDE700BF7A
:10CA900029CD02002DE9F0418AB005460E46174621
:10CAA0009846002405940694079408940994072155
:10CAB000FFF7DEFD069060B3059522460794CDF89A
:10CAC00020809DF840308DF824300A238DF82530E1
:10CAD00005AB0293104B0193009423463946304630
:10CAE00001F05CF89DF825403CB90699284614F001
:10CAF00091FD20460AB0BDE8F0810698F8F7F6F9F6
:10CB00009DF82530324606212846FFF7C5FC002453
:10CB1000EFE71124EDE700BFE5CD020070B588B066
:10CB200004460D4616460023049305930693079387
:10CB30000521FFF79DFD0590F8B1049404AB029325
:10CB40000F4B01930022009213463146284601F014
:10CB500025F8069B33B10599204614F05BFD0020B3
:10CB600008B070BD0598F8F7C1F90A232A460421D8
:10CB70002046FFF791FC0020F2E71120F0E700BF0C
:10CB80008D1704002DE9F0478AB004460D4617467C
:10CB90001E469DF8489003680121186815F032FD83
:10CBA00030B18DB94FF0010840460AB0BDE8F087BA
:10CBB000032104F1500014F017FD10B14FF00008EC
:10CBC000F2E74FF01208EFE705AB0022059206925C
:10CBD000079208920992216809680591ADF82270C0
:10CBE0000796ADF8209001218DF8241002931D4B7B
:10CBF0000193009213462946284600F0CFFF9DF886
:10CC00002480B8F1000F21D1206806992030F8F770
:10CC100095F817212046FFF72BFD0690F8B1042167
:10CC20000C30F8F77FFA824605804780494606981F
:10CC30000C30F8F777FA4A4631460AF10400E8F773
:10CC4000FFFA0699204614F0E5FCADE743462A4674
:10CC500016212046FFF720FC4FF00008A4E74FF014
:10CC60001108A1E7DDC502002DE9F04184B00546B9
:10CC70000E461446176800238DF808304FF42053F1
:10CC8000ADF80A3002A9006812F0B5FF58B10023D0
:10CC90008DF80C3042F60103ADF80E3003A9286878
:10CCA00012F0A9FF50BB6168286812F0A4FF68BBAE
:10CCB000E36893F80080B8F1000F07D0384614F00D
:10CCC000ADFAA3681B8AC01A404525DBA068042181
:10CCD0000C30F8F727FA2061068023695E80019402
:10CCE000104B00930023A2682946384614F0B7FD84
:10CCF000002813DB23699BB101200AE023691BB1E3
:10CD00005A88B24200D25E80012002E000232361F3
:10CD1000012004B0BDE8F0810020FAE70020F8E728
:10CD20000020F6E7971204002DE9F04383B0054692
:10CD300088461446D2F80090D9F80470516800680B
:10CD400012F059FF20B10126304603B0BDE8F08350
:10CD500095222946384615F0D4FB0646207530B199
:10CD6000E3681B780BB1002323750026ECE7294606
:10CD7000384615F08FFC10B908232375E4E7002727
:10CD80002775A068F8F738F902210C30F8F7CAF9CE
:10CD90002061A0F800800194114B00933B46A268EB
:10CDA0002946484614F05BFD002808DB2369002B68
:10CDB000CAD0484614F032FAA368002206E014F004
:10CDC0004EFA2075C0E7198A0A445B68002BFAD135
:10CDD000861AE3681B789E4294BF00260126B3E7BB
:10CDE0006F1204002DE9F04393B005460E46144639
:10CDF000D2F80080D8F8047000238DF8403042F655
:10CE00000103ADF8423010A9006812F0F4FE28B911
:10CE10000023A360012013B0BDE8F08300238DF848
:10CE200044304FF42053ADF8463011A9286812F071
:10CE3000E2FE40B9404614F0F1F90146606803464D
:10CE40004FF0000C0AE0A3681BB15A88B24200D22E
:10CE50005E800120DFE71A8A94445B68002BFAD1D8
:10CE6000A1EB0C03032B01D80020D4E7F8F7C4F89A
:10CE70008146404614F0D2F9D4F804C0634600223B
:10CE800002E0198A0A445B68002BFAD1821AB9F8C9
:10CE900012E0D9F80C30D9F814105B1AAEEB03038A
:10CEA000B9F810105B1A9A4229D35BB3D5F8048005
:10CEB0000023009310230CAA29463846C047051EBC
:10CEC000A6DB227C95422ED12A460CA9E06810F000
:10CED00001F800289CD100236374042109F10C009F
:10CEE000F8F720F9A0600680A3685E80012092E731
:10CEF000198A0A445B68002BFAD1831AD5E7634686
:10CF00000022F8E79CF80A00F7F704FE002200234D
:10CF100012F0D3FD814600283FF47DAF01466068E2
:10CF2000F8F7B6F8C2E7E16807A812F090FE60B122
:10CF3000EAB20CA902A812F08AFE68B102A907A8F9
:10CF400012F059FE0028C6D062E7237C064A02216F
:10CF5000064812F06FFA5BE72B46054A02210348A8
:10CF600012F068FA54E700BF60D10400448804005E
:10CF700080D104002DE9F04182B006460C46071F1F
:10CF8000384614F09BF9238AC3B18046012104F18D
:10CF90000C00F8F745F9054698F80D30072B12D12B
:10CFA00056F8043C7BB100230D2B27D82978224A60
:10CFB00012F8332091420AD00133F5E71F4A0121CC
:10CFC0001F4812F02DFA002002B0BDE8F0811A4E81
:10CFD00006EBC306238A7278934224D373682146F2
:10CFE00038469847B378012BEDD10028EBD00346A3
:10CFF000002229783846FFF74FFAE4E72B78114AE8
:10D0000002210F4812F016FA2C782046FEF762FD36
:10D010000028D8D00528D6D006230022214638463D
:10D02000FFF73AFACFE72A780092074A012104482D
:10D0300012F00BFA0420D5E7B4020500A0D10400D9
:10D0400044880400BCD10400D8D1040010B50446C3
:10D05000043804F14C03D3E8EF1F41F00101C3E8A9
:10D06000E21F002AF7D114F016FD044904F16C0008
:10D0700009F0DEFA206801F00BFC10BD99D2020025
:10D080002DE9F04188461746FFF732F8044610B301
:10D09000846A1CB3A03C14F1A00607D0D4F8A060A9
:10D0A00026B1A03E02E0334634461E46C4B17D1C84
:10D0B000204614F0B3F8854207D9002EF3D0D6F8F5
:10D0C000A030002BF0D0A03BEEE73A464146204688
:10D0D000FFF73EF804462046BDE8F0812646E5E726
:10D0E0007B1C034A0221034812F0A4F9F3E700BFB6
:10D0F000F8D104004488040030B583B005460C46DE
:10D1000000230193FEF738FD0F4B1B68834204D0C8
:10D110000E4BD3F8B830834201D100252C462A4665
:10D12000234601A90A4807F0F7FB58B9019B0022E2
:10D130001A605A609A60DA601A615A619A610198BD
:10D1400003B030BD0020FBE764DD0020B8620020A2
:10D150000408002010B50446806818B1F7F7C6FE31
:10D160000023A3602146024807F068FC10BD00BF01
:10D170000408002070B582B0044602E01846F7F7B4
:10D18000B5FE04F12000F7F74DFE03460028F5D167
:10D1900002E01846F7F7AAFE04F10C000022002373
:10D1A00008F01CFA03460028F3D104E0A36009E06C
:10D1B0002846FFF7CFFF656885B12B686360A268DA
:10D1C000AA42F3D06E68002EF2D0AB690093002320
:10D1D0001A466FF067012068B047E9E70023236033
:10D1E0002146024807F02AFC02B070BDA4070020C7
:10D1F0002DE9F04782B004460F4691461E46703036
:10D2000009F050FB606DF0B1154B984224D0456891
:10D210004FF0000AC0F804A0606DD0F81880FFF746
:10D2200099FFC4F854A0206814F0BAF83DB12368FF
:10D230001868CDF800804B463A463146A847002092
:10D2400002B0BDE8F087074A0221074812F0E8F86B
:10D25000204600F00BF8F2E700256565E3E700BF24
:10D2600068DD002014D204004488040010B5044690
:10D27000043014F00BFE13216068FDF73DFA00B98D
:10D2800010BD0346024A0121024812F0D3F8F7E725
:10D290002CD2040044880400B0B58AB000AFA0F1DD
:10D2A000700450F8703C196807F1080013F0C6FDCF
:10D2B0006D4600233B7102237B7188B0EC461CF164
:10D2C000100215D00E2022B1042802DD264BCCF826
:10D2D000143000233B7002237B70B2B1082803DDB9
:10D2E00007F10803CCF818300CF11C0300210AE008
:10D2F0006FF00040E7E701F1280EBE441EF828EC6D
:10D3000003F801EB01310129F5D90D2828DD0E23A1
:10D310004AB10321397100217971B9710121F97183
:10D320007868CCF81000002121F0010121F0020101
:10D3300021F0040121F03801012060F38811C3F3CA
:10D340000A0363F35321C1F3130100230748F4F7E1
:10D3500073FDAD462046FFF789FF2837BD46B0BDB7
:10D360006FF01B03D4E700BF4CD2040044880400D4
:10D3700038B570B10C46C9B1FEF7BAFE054610B318
:10D3800021460C3017F0DDFF284614F0A8F80020E5
:10D3900038BD104C40F6D67322460F490F4811F0A5
:10D3A00049FD40F6D671204611F03BFD094C40F690
:10D3B000D77322460A49094811F03CFD40F6D7715F
:10D3C000204611F02EFD2046F7F790FD6FF07F000C
:10D3D000DEE700BF04CF040048C804003490040016
:10D3E0002CB2040038B5B0B10C46054601B30AF0C2
:10D3F00027FB2846FEF77CFE034630B3002222605E
:10D4000082683AB314608460184613F0C9FF0AF0CA
:10D4100097FB002038BD114C40F6EB7322461049B3
:10D42000104811F007FD40F6EB71204611F0F9FCB1
:10D430000A4C40F6EC7322460B490A4811F0FAFCFC
:10D4400040F6EC71204611F0ECFC0AF079FB6FF02D
:10D450007F00DFE784604460D6E700BF04CF0400AC
:10D4600048C804003490040078D204008068034B5C
:10D47000984214BF00200120704700BF9DD80200D1
:10D48000064B1A68C0F801209A889B79A0F80520FD
:10D49000C371002303700381704700BF380005008B
:10D4A00008B518F0B8FD00B908BD0346034A0121CC
:10D4B000034811F0BFFF6FF00400F5E784D20400C9
:10D4C0007C88040070B588B005460E4601AC002388
:10D4D00001930293039304930593069307934FF4E8
:10D4E0001053ADF804308023ADF806304FF480635C
:10D4F0000093684614F028FD009B0393154B04939A
:10D5000005F5C67310223146204618F098FC70B914
:10D510004FF4C672002128460FF04EFC0D4AD5F894
:10D520008C11284618F072FD50B908B070BD034642
:10D53000094A0121094811F07DFF6FF00400F4E76A
:10D540000346074A0121054811F074FF6FF00400FB
:10D55000EBE700BF0002C0039CD204007C880400FB
:10D56000C8D2040030B583B0054601AB10220A4989
:10D5700018F065FD0446D5F88C010CF0DBFD14B9FC
:10D58000204603B030BD2346044A0121044811F06F
:10D5900051FF6FF00404F3E7C82D0020E8D2040027
:10D5A0007C88040070B50646002407E02846072260
:10D5B0000D4901300FF08EFCA0B10134012C10D8C0
:10D5C0000A4D05EB0415002EF0D02301074901EBAD
:10D5D00004120132C95C304613F009FC0028ECD07B
:10D5E00000E00025284670BD38000500A0DD0020C1
:10D5F00070B505460E46002400E00134012C17D812
:10D6000004EB44030B4A12F823309D42F5D104EB9E
:10D61000440302EB83000722314601300FF05AFC2D
:10D620000028EAD104EB4404024800EB840000E047
:10D63000002070BDC0DD0020F8B507460D4600246F
:10D640000AE004EB840005EB400007220E4901309C
:10D650000FF040FCA8B10134012C11D804EB840672
:10D6600005EB4606002FECD004EB84033246013272
:10D6700015F81310384613F0BAFB0028EBD000E081
:10D6800000263046F8BD00BF38000500154BD3E832
:10D69000EF2F42F00201C3E8E01F0028F7D112F09B
:10D6A000020F1ED1104B114A934209D80F4A9342E0
:10D6B00017D25A680E49088802440A800833F2E7F4
:10D6C00010B50C4C40F26B5322460B490B4811F03D
:10D6D000B1FB0B4811F0AEFB40F26B51204611F04C
:10D6E000A0FB7047D8DD0020248804003C8804009B
:10D6F00090E8002000D3040030D3040034900400EC
:10D7000064A00400F8B506460F4615461C46FFF710
:10D710006FFF844670B1BCF8083013B9BCF80A300A
:10D72000F3B123462A460CF10A010CF1080014F06B
:10D730001AFCF8BD0D49FFF75BFF844650B1034664
:10D7400003F8016B3A68C0F80120B988BA7999806A
:10D750009A71E0E7064A0121064811F061FEE8E708
:10D76000ACF80850ACF80A40E3E700BF3800050009
:10D7700058D304007C8804002DE9F0411E46BDF812
:10D780001830012B2FD804461746B0463344012BDE
:10D790002CD8FFF707FF0546C0B132463946284668
:10D7A00014F003FC28B3236FC5F80130B4F87420DB
:10D7B00094F87630A5F80520EB71237A2B700121BF
:10D7C000284614F00FFD4046BDE8F081FFF7EAFE61
:10D7D00005460028E1D1084A0221084811F020FE40
:10D7E0006FF01008EFE76FF00608ECE76FF00C0839
:10D7F000E9E76FF01208E6E778D304007C880400BC
:10D8000038B5044600F170052946007A12F0F6FB9F
:10D8100038B92946207AFFF7EBFE08B114F094FCE2
:10D8200038BD2946207A14F097FC03460028F7D02B
:10D83000024A0121024811F0FDFDF1E7A4D30400E2
:10D840007C88040010B50446124BD3E8EF2F22F079
:10D850000202C3E8E12F0029F7D1D3E8AF3F13F06C
:10D86000010F04D1204614F023FB30B910BD002273
:10D870000023094809F00EF8F4E72046FFF792FE6E
:10D880000028F3D0027A12F0010FEFD0012114F03A
:10D89000A9FCEBE7782E0020482E00202DE9F84364
:10D8A0001C46BDF82030CF68002B50D181460E4673
:10D8B000631E9BB2012B4DD8012C1DD953781578CE
:10D8C00045EA032539464846FFF7B6FE8046A8B12B
:10D8D000FB6943B12A46314648469847002809DB90
:10D8E0000138012839D8A8F80850BB8A9D4225D1B3
:10D8F0004DB32046BDE8F8831578E3E70DB920461F
:10D90000F8E739460020FFF797FE804670B1D9F856
:10D910007030C0F80130B9F8742099F87630A0F86A
:10D920000520C37199F808300370D1E70C4A022131
:10D930000C4811F075FD6FF01000DBE739463046FA
:10D9400014F0ABFCD4E74046FFF79AFDD1E76FF047
:10D950000600CFE76FF00C00CCE76FF00D00C9E7D1
:10D96000BCD304007C8804002DE9F04F83B0074647
:10D970001546FFF77BFD0090002855D0FE68B38A5E
:10D98000002B51D00024019403E01846FCF7A4FBBF
:10D990000134012C40D804EB840806EB4808B8F8A1
:10D9A0000830002BF4D004EB840308F101094A4647
:10D9B00016F81310284613F01AFA78B904EB84030A
:10D9C000494616F81300FDF7EFF803460028DFD0AC
:10D9D000427B072AD9D1009A0192D6E705F1700B54
:10D9E0005946287A12F00AFB50B9114B9E4203D0D7
:10D9F0004046FFF745FDCBE72846FFF701FFF7E775
:10DA00002B6FC8F80130BBF804209BF80630A9F84A
:10DA1000042089F80630BBE7019B2BB9B382B369B8
:10DA200013B1002138469847012003B0BDE8F08FBC
:10DA300060060020F8B506460F4614461D46074806
:10DA40000021FFF759FB844628B14574069B4361CA
:10DA5000C460466087616046F8BD00BF1C4E0E0082
:10DA6000094B1A68C0F801209A889B79A0F8052014
:10DA7000C371002303720C30D0E8EF2FC0E8E13F00
:10DA80000029F9D1704700BF380005000F4BD3E8DB
:10DA9000EF2F42F00101C3E8E01F0028F7D112F098
:10DAA000010F00D0704710B5FFF7F0FD084C094991
:10DAB000204608F0BDFD40F2391200232046F7F75A
:10DAC000E3FC0549054808F0B3FD10BDD8DD002092
:10DAD000D82D0020C724040085E30200482E002032
:10DAE000031D00224260054A52681AB11360034ABE
:10DAF00053607047014A536013607047DCDD0020BB
:10DB000000283BD070B58446068A002E38D11D4CC3
:10DB1000012003E06368034498B208341A4B9C4226
:10DB20001AD8194B9C4227D221686145F2D8656802
:10DB300005EB85039B00143B0B446345EAD30023AC
:10DB40009D42EAD903EB830201EB8202624518D0C1
:10DB50000133013080B2F3E70C4C40F2E763224618
:10DB60000B490C4811F066F90B4811F063F940F2CB
:10DB7000E761204611F055F9304602E00020704779
:10DB8000304670BD248804003C88040000D30400A3
:10DB9000D8D304003490040064A004002DE9F04FB1
:10DBA00089B08246079190469946139FDDF850B0A0
:10DBB000BDF848301BB94FF6FF73ADF84830254B20
:10DBC0001B8853452ED209B0BDE8F08F002573683D
:10DBD000AB421AD905EB8500CDF810B0CDF80CA0FA
:10DBE00012AB0293CDF80490CDF80080079B3A4623
:10DBF0002146D6F800C00CEB800014F023FB00286F
:10DC0000E1D001350134A4B2E1E70836124B9E425F
:10DC10000FD8114B9E42D6D27368E118B942D5D2C3
:10DC20008CB2F2E70D4E012413975746DDF84CA055
:10DC3000ECE70B4C40F2AF7322460A490A4811F058
:10DC4000F9F80A4811F0F6F840F2AF71204611F0E9
:10DC5000E8F800BF90E800203C8804002488040015
:10DC600000D30400D8D304003490040064A004005E
:10DC700010B5EEB06AA900236A934B608B60CB604D
:10DC800005A8FFF71FFC08B16EB010BD05AC0294EB
:10DC90000E4B01930022009213464FF6FF710120B4
:10DCA000FFF77CFF2046FFF75DFC0028ECD1102138
:10DCB000074814F033F9074BD3E8EF1F41F0080190
:10DCC000C3E8E21F002ADFD0F6E700BF5F200400B0
:10DCD000C82D0020782E0020F0B585B004460D46F2
:10DCE00016461F461A49A1F1300008F03BFE194BB9
:10DCF000D3E8AF3F13F0080F17D02046FFF752FCD0
:10DD0000034618B1027A12F0010F11D110230293C9
:10DD1000114B0193BDF8283000933B46324629460B
:10DD2000204614F0FFFA05B0F0BDFFF7A1FFE4E7CD
:10DD30000C33D3E8AF2F12F0010FE7D1D3E8EF1F78
:10DD400041F00201C3E8E21F002ADFD0F6E700BF7E
:10DD5000082E0020782E0020C82D002008B5054B85
:10DD6000D3E8AF3F13F0080F00D008BDFFF780FFE6
:10DD7000FBE700BF782E002010B584B004460A46A9
:10DD800000230360029007490191012100914FF6A1
:10DD9000FF718088FFF702FF2068003818BF01205C
:10DDA00004B010BD5720040010B586B000240594BF
:10DDB000FFF7A6FE013080B205AB0293054B01933D
:10DDC0000094234622460146FFF7E8FE059806B078
:10DDD00010BD00BF19200400F0B587B005460C4601
:10DDE000164600230593FFF78BFE074640B1CCB1E2
:10DDF00001194FF6FF739942A8BF194689B201E095
:10DE00004FF6FF7105B187B105AB0293084B019343
:10DE100001230093002332463846FFF7BFFE0598E2
:10DE200007B0F0BD4FF6FF71ECE70020F8E700BF48
:10DE3000192004002DE9F0418CB002AF58B10C4616
:10DE400015460646B9B1437B072B24D0002028375E
:10DE5000BD46BDE8F081BB4C40F63A532246BA4974
:10DE6000BA4810F0E7FFBA4810F0E4FF40F63A5124
:10DE7000204610F0D6FFB34C40F63B532246B5493E
:10DE8000B24810F0D7FFB24810F0D4FF40F63B5133
:10DE9000204610F0C6FF086800233B7342F60303D8
:10DEA000FB8107F10C0111F0A6FED8B9D4F804806B
:10DEB000B8F1000F5ED0002000900123FA1C21462B
:10DEC000C047031E5CDB012B40F09A80FB7813F007
:10DED000300F00F08D802046FFF766FF04460028D3
:10DEE00000F09480206800233B7442F602137B828A
:10DEF00007F1100111F07FFE002840F097802068A4
:10DF000000233B7542F60213FB8207F1140111F066
:10DF100072FE002800F0A180206800233B7642F6C4
:10DF200003037B8307F1180111F065FE002800F060
:10DF30009480206800233B774FF42053FB8307F144
:10DF40001C0111F058FE002800F087802068002393
:10DF500087F8203042F601037B8407F1200111F09D
:10DF60004AFE002879D02046FFF71EFF044600280D
:10DF7000C5D16CE7784A0121784811F051FA37E0B1
:10DF80006D4688B002A911F1100233D0102062B1A1
:10DF90000646042803DDDFF8C8C1C1F814C0082E06
:10DFA00000DD8C610C2E00DDCB610F2825DD1023F8
:10DFB0003AB10420387100207871B871F87178682E
:10DFC0000861002121F0010121F0020121F004018A
:10DFD00021F03801012060F38811C3F30A0363F3D1
:10DFE0005321C1F3130100235C48F3F725FFAD462D
:10DFF00000202CE76FF00040C9E76FF01B03D7E764
:10E00000584A0121554811F015FAF1E74D4C40F6F8
:10E01000595322464F494D4810F00CFF524810F01A
:10E0200009FF40F65951204610F0FBFE2046FFF74D
:10E03000BBFE044600287FF462AF424C40F65F53BB
:10E0400022464449414810F0F5FE474810F0F2FEE0
:10E0500040F65F51204610F0E4FE2068002387F868
:10E06000243042F60213FB8407F1240111F0C3FDB2
:10E07000C0B9D4F80480B8F1000F15D00023009384
:10E08000022307F1080221463046C047031E12DB77
:10E09000022B50D17A7A3B7A43EA02232B4265D194
:10E0A0000020D4E60020D2E62B4A01212B4811F0B3
:10E0B000B7F90020CBE66D4688B002A911F1100235
:10E0C00033D0102062B10646042803DDDFF890C08B
:10E0D000C1F814C0082E00DD8C610C2E00DDCB6170
:10E0E0000F2825DD10233AB1042038710020787103
:10E0F000B871F87178680861002121F0010121F000
:10E10000020121F0040121F03801012060F388119F
:10E11000C3F30A0363F35321C1F3130100230F4830
:10E12000F3F78AFEAD46002091E66FF00040C9E7A4
:10E130006FF01B03D7E70B4A0121084811F07AF969
:10E14000002084E600D3040048C804003490040092
:10E1500008D4040010A4040020D404007C88040027
:10E1600034D404005CD4040078D4040001206EE6AA
:10E170002DE9F04182B005460F46144694226168AD
:10E1800014F0BFF900283FD1022261682846FFF74A
:10E1900051FE00283BD0A68A023600961D2300229D
:10E1A00021461E48FFF746FC804698B332461D21A3
:10E1B0002846FEF765FF0646E0B10123002211461E
:10E1C00013F0A0FEA18A023106F10C00F6F7AAFFB7
:10E1D00020F8027BA28A2169E7F732F8C8F80860C4
:10E1E00041462846FFF7FEF8044648B9204602B0EB
:10E1F000BDE8F0814046FEF7ADFF6FF00B04F5E798
:10E200004046FEF7A7FFF1E74FF0FF34EEE76FF06F
:10E210001504EBE76FF00B04E8E700BF2B200400C8
:10E2200030B58DB0002949D005460C464B68002B0F
:10E2300054D04D4BD3E8AF3F13F0040F00F087806C
:10E240001DB16B7B072B40F0858060680590FFF760
:10E2500057FCADF818002168002952D005A8FFF737
:10E260008BFD002879D0059B6360059B186800230F
:10E270008DF82C3042F60303ADF82E300BA911F0C7
:10E28000BAFC48B90598C3689B7913F0200F3DD0BC
:10E2900014F0C0F8ADF81800059814F018F9606093
:10E2A00000285DD0002D34D00123A3752246BDF88F
:10E2B00018102846FFF75CFF0DB030BD2B4C40F620
:10E2C000D73322462A492B4810F0B4FD2A4810F0D3
:10E2D000B1FD40F6D731204610F0A3FD0B68002BAE
:10E2E000A7D1224C40F6D83322462449214810F0C9
:10E2F000A1FD214810F09EFD40F6D831204610F0D7
:10E3000090FD0028B1D16FF00100D5E76FF0150046
:10E31000D2E76FF07F0307930223ADF82030099412
:10E320000023A3758DF8283042F60212ADF82A209A
:10E3300005AA0292124A0192012200920AAA4FF6FD
:10E34000FF71BDF81800FFF729FC0798B4E76FF0DC
:10E350000A00B1E76FF07F00AEE76FF00100ABE7B6
:10E360006FF01500A8E700BF0002002000D30400F2
:10E3700090D404003490040098D40400B0D4040075
:10E3800029E7020010B582B000F13004D4E8AF3FB5
:10E3900013F0020F27D1014630F8083CADF80430E5
:10E3A00030F8063CADF80630D4E8EF3F23F0010327
:10E3B000C4E8E23F002AF7D1002021F8080C21F838
:10E3C000060C154B41F81C3C144B41F8183C01ABB2
:10E3D00041F8103C042321F80C3C2039FFF720FFC2
:10E3E00088B102B010BD0E4C40F2BA4322460D492E
:10E3F0000D4810F01FFD0D4810F01CFD40F2BA4111
:10E40000204610F00EFDD4E8EF3F43F00203C4E8CD
:10E41000E23F002AE5D0F6E77403050045D8020084
:10E4200000D30400D0D404003490040004D50400C8
:10E4300038B5044600F17001007AFFF7D9F800B34F
:10E44000054603890BB94389DBB12046FCF7C8F8C0
:10E450002B890F4A22F820306B8902EB800253800F
:10E460000C4D00EB400305EBC3030B4959600B490E
:10E4700099601A6104229A8219462046FFF7D0FE5D
:10E4800000B938BD064A0121064810F0C9FFF8E777
:10E4900084DD002088DD0020740305000B220400C9
:10E4A00020D504007C8804002DE9F04F83B000AF34
:10E4B00006461546D2F80090FEF7D8FF002867D030
:10E4C000D6F80C80002435E0EB4688B06B4613F19B
:10E4D000100262D00C214AB10846042903DDDFF89E
:10E4E000E0C0C3F814C0082800DD9E610B2957DD89
:10E4F0000C213AB10320387100207871B871F8719D
:10E50000786818612AF0010A2AF0020A2AF0040A3F
:10E510002AF0380A022363F3881AC1F30A0161F36F
:10E52000532ACAF3130A002351462648F3F784FC02
:10E53000DD460134012C2BD804EB840308EB4303A4
:10E540001B89002BF5D004EB840308EB4302013256
:10E5500018F81310484612F04AFC0028E9D04FF48E
:10E5600095723146484613F0CCFF50B10328ABD02A
:10E57000052818D04FF0020B484612F031FC8345B5
:10E5800014D84146304613F088FE0F4B984513D0FF
:10E5900001200C37BD46BDE8F08F6FF000419AE7CF
:10E5A0006FF01B01A5E74FF0030BE5E72B799B45C7
:10E5B000BFD985F804B0BCE74846FFF739FFE7E765
:10E5C00040D504007C8804006006002030B58DB082
:10E5D000002947D005460C464B68002B52D04B4BC8
:10E5E000D3E8AF3F13F0040F00F083801DB16B7BC5
:10E5F000072B40F0818060680590FFF781FAADF845
:10E6000018002168002950D005A8FFF7B5FB0028A5
:10E6100075D0059B6360059B186800238DF82C302E
:10E6200042F60303ADF82E300BA911F0E4FA48B915
:10E630000598C3689B7913F0100F3BD013F0EAFEE6
:10E64000ADF81800059813F042FF6060002859D01B
:10E65000002D32D02246BDF81810284613F09CFF3A
:10E660000DB030BD2A4C40F6E623224629492A48FF
:10E6700010F0E0FB294810F0DDFB40F6E6212046D3
:10E6800010F0CFFB0B68002BA9D1214C40F6E723FB
:10E6900022462349204810F0CDFB204810F0CAFB49
:10E6A00040F6E721204610F0BCFB0028B3D16FF004
:10E6B0000100D5E76FF01500D2E76FF07F030793F5
:10E6C0000122ADF82020099400238DF8283042F66D
:10E6D0000211ADF82A1005A9029112490191009288
:10E6E0000AAA4FF6FF71BDF81800FFF757FA07980E
:10E6F000B6E76FF00A00B3E76FF07F00B0E76FF0A6
:10E700000100ADE76FF01500AAE700BF000200208E
:10E7100000D3040090D404003490040098D4040082
:10E72000B0D4040029E702002DE9F047064615465B
:10E73000FEF79CFE002800F0A180F768514B9F4235
:10E740002DD000245FE02B691A6904EB4400538844
:10E7500012884146DFF830C11CF82000FEF7D2FFD6
:10E760000134012CEDD804EB4402474B03EB820843
:10E7700008F101080722454940460EF0ABFB00288E
:10E78000EED004EB4403072241463F4810F8230033
:10E79000FCF7B8FA0028D6D0FBF79EFCE0E700248F
:10E7A000DFE7FBF799FC2DE04846FBF795FC29E0F5
:10E7B0004846FBF791FC25E004EB840207EB42029C
:10E7C000128912F0020F48D02A69A9884846FFF73B
:10E7D000CFFC824670B92A69937D0133937509E0B5
:10E7E00004EB840307EB43031B8913F0010F39D1BA
:10E7F0004FF0000A4846FBF76FFCC5F808A0BAF1D5
:10E80000000F38DB0134012C33D804EB840307EB11
:10E8100043031A89AB899A42F4D104EB840307EBD2
:10E820004301013117F81300FCF7BEF981460028B7
:10E83000E8D0437B072BB4D13B6A1BB131469847E4
:10E840000028B1D094223146484613F05AFE804643
:10E850000028ADD1AB89022BAED0012BC0D04FF038
:10E86000000AC7E72A69A988484613F095FE824640
:10E87000C0E74FF001084046BDE8F0874FF00108BF
:10E88000F9E700BF60060020C0DD00203800050069
:10E8900010B586B00446049001208DF8140004AB36
:10E8A00002930F4B01930022009213464FF6FF7123
:10E8B000FFF774F9204612F093FA9DF8141088427D
:10E8C00001D306B010BD204612F060FA03460028BE
:10E8D000F7D0044A0221044810F0ACFDF1E700BF74
:10E8E000A9E4020054D504007C8804002DE9F0411D
:10E8F00006460F4690460F4B1B6833B1043B1C1D68
:10E9000008D05C6834B1043C04E01C4602E02546B3
:10E9100023462C4663B11B681BB14246394630463C
:10E920009847002CF3D06568002DF1D0043DEFE747
:10E93000BDE8F081DCDD002030B587B004460490EE
:10E9400001208DF8140004AB0293084B01930025BD
:10E9500000952B462A464FF6FF71FFF71FF929460F
:10E96000204613F04FFE07B030BD00BFA9E40200FF
:10E9700010B584B004460290074B01930022009228
:10E9800013464FF6FF710120FFF708F9204613F0F8
:10E99000AFFC04B010BD00BF69D9020000B587B05C
:10E9A000002304938DF814304FF42052ADF8162054
:10E9B00004AA0292094A0192009305AA4FF6FF7138
:10E9C0000120FFF7EBF8049B012B03D1002007B0D7
:10E9D0005DF804FB6FF01500F9E700BF9D26040009
:10E9E00010B5062112F0C2FB044618B1A0F1EC04E8
:10E9F000204610BD024A0121024810F011FDF7E740
:10EA000088D50400BC880400F0B583B000AF05468B
:10EA10000020C0B36C4688B06B4613F110024AD098
:10EA20000C213AB10846042901DD264E5E61082812
:10EA300000DD9D610B2941DD4FF00C0C3AB1032143
:10EA4000397100217971B971F97178681861002103
:10EA500021F0010121F0020121F0040121F038012F
:10EA6000012363F38811CCF30A0C6CF35321C1F337
:10EA7000130100231448F3F7DFF9A5466FF00B00EC
:10EA80000C37BD46F0BD114B4FF4B87202FB00339A
:10EA9000D3F8EC300BB10130BBE70C4A4FF4B8733C
:10EAA00000FB03F3D4180A4DC4F8F050E8331344C4
:10EAB00004330B60E4E76FF00041B2E76FF01B0C2A
:10EAC000BCE700BFA4D50400BC880400802E002051
:10EAD0001C04050038B5054600240CB1002038BDE3
:10EAE0004FF4B873074803FB04002946043013F0C1
:10EAF0006BFE08B90134F0E74FF4B873014803FB2B
:10EB00000400ECE7802E002000F5B470074B1A6873
:10EB1000074BD0E8EF1F994204D1C0E8EC2FBCF1BD
:10EB2000000FF6D1D0E8AF0F704700BFC0DC002067
:10EB3000802E002008B5FFF7E7FFC0B1034602684A
:10EB400032B1416821B1816899B90D49097891B113
:10EB50000B49097821B11AB1996809B1012003E084
:10EB60005B6853B90AB1002008BD0320FCE703200D
:10EB7000FAE70420F8E70420F6E70220F4E700BFF4
:10EB800097E8002010B502460C46037BC17C03EADF
:10EB9000010010F0080F07D0D07A92F812C040EAB6
:10EBA0000C0010F0010F0ED1042C0ED80B4313F003
:10EBB00004000BD01046FFF7BDFF04EB8404044BA8
:10EBC0002344185C02E0052000E0002010BD00BFD7
:10EBD000BC04050038B50446FFF796FF0546D4F897
:10EBE000EC309B7A032B16D007D8013BDBB2012B0C
:10EBF00001D8012038BD0020FCE7042B09D12046B4
:10EC0000FFF798FF032816D0104B1B78DBB90020C4
:10EC1000F0E70020EEE72046FFF78CFF032801D045
:10EC20000120E7E72DB1EB680BB10120E2E70020FE
:10EC3000E0E70020DEE725B1EB68002BE4D10020FF
:10EC4000D8E70020D6E70120D4E700BF97E80020EE
:10EC500000F5B670084B1B78D0E8EF2FB2F1FF3FFC
:10EC600003D1C0E8E13F0029F6D1D0E8AF0F00386A
:10EC700018BF0120704700BF9AE8002038B505464C
:10EC80000E4B1B788BB101F00F042846FFF752FFA3
:10EC900003280DD044F004042846FFF7D9FF50B1F3
:10ECA00044F0010000F0EF0038BD01F00704ECE78C
:10ECB00004F00B04F0E704F0FE00F3E797E800200F
:10ECC00010B586B00446037A052B0ED8DFE803F0B2
:10ECD000140303140D30D0F8D83090F8DC20D34062
:10ECE00003F0010343F0800307E0134A01211348B6
:10ECF00010F0A0FB082012E0002302AA009204F109
:10ED000037020F49096804F1570014F0E8FB40B9D5
:10ED1000102202A904F117000EF0DCF850B906B079
:10ED200010BD084A0121054810F07AFB0820F6E7DB
:10ED30000020F4E70420F2E7CCD50400BC880400EE
:10ED4000E4DD0020E8D5040070B50E46041DD4E8CB
:10ED5000AF3F13F0100F0ED0002200230021084611
:10ED6000FCF74CFC054648B101210C30F6F7DAF906
:10ED70000670284670BD064A0023EFE7D4E8EF3F4F
:10ED800043F01003C4E8E23F002AF2D0F6E700BFE8
:10ED90001C4E0E0038B56BB905460C460023EC300E
:10EDA000FCF76AFCC8B110F1690F10D02046F6F7E5
:10EDB0009DF838BD0C4C40F6090322460B490C481F
:10EDC00010F038F840F60901204610F02AF8094AF8
:10EDD0000121094810F024FBE8E7084A002305F563
:10EDE0009C7007F057FDE4E704D6040034D6040015
:10EDF00034900400B8CF0400BC8804001C4E0E0000
:10EE000070B582B00446057A022D03D86BB25BB9A7
:10EE10009DB101E0032D38D02B46204A0121204826
:10EE200010F008FB08202EE0D0F8D85090F8DC3025
:10EE3000DD4005F0010545F0800510220321204644
:10EE4000FFF782FF064638B310210C30F6F76AF957
:10EE500000902B4604F1270204F157011148006885
:10EE600014F03DFB98B900231A4631462046FFF7BF
:10EE700091FF0434D4E8EF3F23F00103C4E8E23FFC
:10EE8000002AF7D1002002B070BD0025D5E730463A
:10EE9000F6F72CF80820F6E70820F4E7CCD50400B4
:10EEA000BC880400E4DD002008B5CB68021DD2E870
:10EEB000EF1F21F40061C2E8EC1FBCF1000FF6D196
:10EEC000D3F800E0D3F804C09968DB68C0F817E015
:10EED000C0F81BC0C0F81F10C0F82330037A012B04
:10EEE0000CD0022B24D1D0E8EF3F43F01003C0E850
:10EEF000E23F002AF7D1FFF783FF1FE0D2E8AF3FE0
:10EF000013F4806F0AD1D0E8EF3F43F01003C0E85C
:10EF1000E23F002AF7D1FFF773FF0FE0D2E8EF3F9F
:10EF200043F00103C2E8E13F0029F7D1002005E0EA
:10EF3000034A0121034810F07DFA082008BD00BFF4
:10EF4000CCD50400BC88040038B5044640220C210E
:10EF5000FFF7FAFE00283ED0054640210C30F6F7B8
:10EF6000E1F81E4B1B68D3F800E0D3F804C09968A1
:10EF7000DA68C0F800E0C0F804C08160C260D3F86D
:10EF800010E0D3F814C09969DA69C0F810E0C0F84D
:10EF900014C08161C261D3F820E0D3F824C0996A1B
:10EFA000DA6AC0F820E0C0F824C08162C262D3F8F7
:10EFB00030E0D3F834C0996BDA6BC0F830E0C0F8B9
:10EFC00034C08163C26300231A4629462046FFF7F6
:10EFD000E1FE002038BD0820FCE700BFE4DD002092
:10EFE000F0B591B00446002304930593069307936C
:10EFF000037A052B6DD8DFE803F0060303066C6186
:10F00000D0F8D830049304F1370604F12707D4F878
:10F01000EC3003F17E0204F1C70504F147010291CF
:10F020000195009277333A46314604F1970002F099
:10F03000CBF9002854D104F11102D4F8EC3003F1DB
:10F040007E01773308A8039002930191009204ABEC
:10F0500032463946284614F06EFA002847D1237A02
:10F06000052B4BD004F10A02D4F8EC3003F1770100
:10F070007E330CA8039002930191009204AB3A46B0
:10F080003146284614F057FA002849D110220CA91D
:10F0900004F1B7000DF01EFF002848D108A9204652
:10F0A00013F0B4FC002843D10434D4E8EF3F43F01C
:10F0B0000203C4E8E23F002A3AD0F6E7D0F8E43091
:10F0C000002BA0D004AD186859689A68DB680FC59A
:10F0D00099E7184A0121184810F0ACF9082027E0F8
:10F0E000164A0121144810F09BF9082020E0144A28
:10F0F0000121114810F094F9082019E0D4F8E0300B
:10F1000043B10DF1100C186859689A68DB68ACE8D7
:10F110000F00A7E700230493059306930793A1E745
:10F12000084A0121044810F07BF9082000E00B2078
:10F1300011B0F0BDCCD50400BC88040050D604004A
:10F1400068D604008CD6040070B582B00446D0F8AE
:10F15000EC60FFF7D9FC05464FF0FF330193042123
:10F160000DEB010003F06AFE08BB019A114BA3FBF3
:10F1700002139B0C104901FB13230193C4F8D830F0
:10F18000002384F8DC307DB12B686BB1231DD3E8FC
:10F19000EF1F41F40061C3E8E21F002AF7D12B689A
:10F1A000D4F8D81030469847002002B070BD08202F
:10F1B000FBE700BF83DE1B4340420F0010B5041D78
:10F1C000D4E8EF3F43F48073C4E8E23F002AF7D16C
:10F1D0000A495730FAF7DEF908B9002010BDD4E823
:10F1E000EF3F23F48073C4E8E23F002AF7D1044ADA
:10F1F0000121044810F014F90820EFE78D2E0400D7
:10F20000B0D60400BC88040070B50446FFF77CFC4F
:10F210000546261DD6E8AF3F13F4804F07D12022C4
:10F22000384B196804F157000DF054FE60B12046C8
:10F23000FFF78AFE0346F8B9237A052B5BD8DFE88F
:10F2400003F00A341D0A5A512F4A02212F4810F0A8
:10F25000E7F8082310E0D4E8EF3F43F01003C4E8D8
:10F26000E23F002AF7D12046FFF7CAFD034618B94E
:10F27000204613F0C0FC0346184670BD2046FFF739
:10F2800063FF03460028F7D1D4E8EF3F43F00803BB
:10F29000C4E8E23F002AF7D1D4E8EF3F43F48043CB
:10F2A000C4E8E23F002AE3D0F6E7D4E8EF3F43F0BA
:10F2B0000803C4E8E23F002AF7D1D4E8EF3F43F463
:10F2C0008043C4E8E23F002AF7D1D6E8EF3F43F499
:10F2D0008063C6E8E23F002AF7D16B68D4F8EC00FF
:10F2E0009847C5E7D4E8EF3F43F01003C4E8E23F96
:10F2F000002ABDD0F6E7064A0121044810F09AF82A
:10F300000823B9E7E4DD0020CCD60400BC88040063
:10F31000CCD5040010B54FF0FF324FF0FF33144846
:10F3200005F0B4FE48B9134C204607F0DDFBA4F10C
:10F33000140005F0C3FF68B910BD0F4C41F23A3319
:10F3400022460E490E480FF075FD41F23A31204633
:10F350000FF067FD084C41F23F3322460749084849
:10F360000FF068FD41F23F3120460FF05AFD00BF1B
:10F37000840600209806002004D60400E09D0400C6
:10F380003490040038B50446EC2200210DF014FD41
:10F39000102104F1270003F051FD054668B9D4E8B7
:10F3A000EF3F43F02003C4E8E23F002AF7D1FAF729
:10F3B000E3F8034B1860284638BD0825FBE700BF7B
:10F3C000E4DD0020F8B504460D46D0F8EC70FFF7F8
:10F3D0009BFBED68EB78102B40F0B180D7F8A030A4
:10F3E000002B79D0261DD6E8AF3F13F4004F04D18F
:10F3F0002046FFF7C7FF00287AD1012363722B68EC
:10F40000C4F80A30AB88E38102232374A97820462C
:10F41000FFF734FCE0742046FFF78CFB6074102388
:10F4200023752B7903F0030363756B7903F00103F4
:10F43000A375E37C13F0080F03D0AB7813F0080F2B
:10F4400058D1D6E8AF3F13F0200F62D03F4B1B7866
:10F45000A374E37C13F0200F03D0AB7813F0200FDC
:10F460005BD1E37C13F0010F03D0AB7813F0010FF5
:10F470005CD100236375A375A37D84F8E830637DB8
:10F4800084F8E930D6E8EF3F43F00803C6E8E23FEE
:10F49000002AF7D129782046FFF774FB2072D7F8AD
:10F4A000A010204613F0DCF900284AD0204613F0C3
:10F4B00015FA002844D1D6E8AF3F13F0200F42D010
:10F4C000D4E8EF3F43F48053C4E8E23F002AF7D189
:10F4D000204613F0DFFA33E007F17001387A00F0CC
:10F4E0007DFFC7F8A00000287FF47CAF082027E04C
:10F4F000C0B225E0D6E8EF3F43F02003C6E8E23F84
:10F50000002AF7D1637D03F0020363750023A3751E
:10F5100097E70F4B1B78A3749BE7D6E8EF3F43F4C4
:10F520008013C6E8E23F002A9BD0F6E7D6E8EF3F1B
:10F5300043F40053C6E8E23F002A9DD0F6E70620D8
:10F54000F8BD0320FCE70320FAE700BF99E800209C
:10F5500098E80020D0F8EC10D1F8A0300BB10020D2
:10F56000704790B58BB000AF703107F1080010F014
:10F57000EFFA6C4600233B7102237B7188B0EC46A6
:10F580001CF110021FD00E2022B1042802DD254BF1
:10F59000CCF8143000233B7002237B70B2B10828F2
:10F5A00003DD07F10803CCF818300CF11C0300212F
:10F5B00001290BD801F1280EBE441EF828EC03F8EF
:10F5C00001EB0131F4E76FF00040DDE70D2826DDA7
:10F5D0000E234AB10321397100217971B9710121DA
:10F5E000F9717868CCF81000002121F0010121F0B8
:10F5F000020121F0040121F03801012060F388119B
:10F60000C3F30A0363F35321C1F313010023064834
:10F61000F2F712FCA54608202C37BD4690BD6FF0CE
:10F620001B03D6E7E8D60400BC88040038B50446BE
:10F630000D46FFF769FAEB6804F15705D3F800C0EF
:10F6400058689968DA68C4F857C0C4F85B00C4F811
:10F650005F10C4F86320D3F810C058699969DA695B
:10F66000C4F867C0C4F86B00C4F86F10C4F8732006
:10F67000D3F820C0586A996ADA6AC4F877C0C4F827
:10F680007B00C4F87F10C4F88320D3F830C0586BD7
:10F69000996BDA6BC4F887C0C4F88B00C4F88F107C
:10F6A000C4F893202846F9F7B9FE98B1184A032107
:10F6B00018480FF0B5FE231DD3E8EF1F41F4804139
:10F6C000C3E8E21F002AF7D1204613F0A9FA28B9AF
:10F6D000032009E02846F9F7ADFE30B10E4B1B6858
:10F6E00053B12046FFF790FD38BD0C4A022109486E
:10F6F0000FF096FE0B20F7E70434D4E8EF3F43F019
:10F700004003C4E8E23F002AF7D10020ECE700BF45
:10F7100000D70400BC880400E4DD002024D70400E6
:10F72000F0B58BB000AF0446031DD3E8AF3F13F430
:10F73000005F17D0CD68D0F8EC3003F17006324688
:10F74000197A022000F0EAFF0346B8B12E68686813
:10F75000A968EA68C3F82E60C3F83200C3F836100F
:10F76000C3F83A20D4E8EF3F43F40073C4E8E23F23
:10F77000002AF7D100202C37BD46F0BD314607F1F5
:10F78000080010F0E5F96D4600233B7102237B7100
:10F7900088B06C4614F1100213D00E201AB1042860
:10F7A00001DD234B636100233B7002237B70AAB110
:10F7B000082802DD07F10803A36104F11C030021FE
:10F7C0000AE06FF00040E9E701F128063E4416F830
:10F7D000286C03F8016B01310129F5D90D2823DDCF
:10F7E0000E2342B10321397100217971B9710121D0
:10F7F000F97178682061002121F0010121F00201F6
:10F8000021F0040121F03801012060F38811C3F3D5
:10F810000A0363F35321C1F3130100230548F2F7F0
:10F820000BFBAD460820A6E76FF01B03D9E700BF2E
:10F8300040D70400BC88040038B590F8E93013F0D4
:10F8400002040FD10D4600212846F8F787FCB0B915
:10F8500000212846F8F782FCC0B92846F8F792FC48
:10F86000204638BD104C41F2270322460F4910486C
:10F870000FF0E0FA41F2270120460FF0D2FA0D4ACC
:10F8800002210D480FF0CCFD0324E9E7064C41F2BC
:10F890004B032246094906480FF0CCFA41F24B01CE
:10F8A00020460FF0BEFA00BF04D604005CD7040067
:10F8B0003490040078D70400BC880400B4D7040056
:10F8C000F0B585B004460D46FFF71EF90646EB6815
:10F8D0001D6858689968DB68C4F83750C4F83B0065
:10F8E000C4F83F10C4F84330237A052B00F2978008
:10F8F000DFE803F020383803956F04F1370203ABDB
:10F90000009304F127034D49096804F1570001F001
:10F91000C5FD002840F08A80231DD3E8EF1F41F485
:10F920008061C3E8E21F002AF7D1B3680399D4F8D5
:10F93000EC009847D4E8EF3F43F40053C4E8E23FBB
:10F94000002AF7D1231DD3E8EF1F41F48031C3E82B
:10F95000E21F002AF7D1204613F079F80546284621
:10F9600005B0F0BD2046FFF7ABF905460028F6D1FB
:10F97000D4E8EF3F43F00803C4E8E23F002AF7D1A0
:10F98000204613F064F805460028E8D194F8DC30EE
:10F990000133DBB284F8DC30142B08D0102104F1E1
:10F9A000270003F04BFA0028D9D00825D7E7D4E880
:10F9B000EF3F43F40053C4E8E23F002AF7D1043498
:10F9C000D4E8EF3F43F48033C4E8E23F002AC6D0D6
:10F9D000F6E7102104F1270003F030FA40BB4EB3E4
:10F9E000F3684BB3164B1B88ADF8083002AF3946AD
:10F9F000204612F0C7FE0025C4F8E050C4F8E450D9
:10FA0000231DD3E8EF1F41F48051C3E8E21F002A11
:10FA1000F7D1F3683946D4F8EC0098479FE7094AD4
:10FA2000012109480FF006FD082598E7082596E70B
:10FA3000082594E7022592E7022590E7E4DD0020FF
:10FA4000FC890400CCD50400BC88040038B5044609
:10FA5000A0F1EC050C494C3006F0EAFD284612F006
:10FA600078FF04F17C03094AD3E8EF1FC3E8E02FD5
:10FA70000028F9D180344FF0FF33D4E8EF2FC4E8E9
:10FA8000E13F0029F9D138BD6D010300802E00202F
:10FA9000F8B50646D0F8EC50D5F8A03053B3084678
:10FAA00079B312F015FE0746D5F8A03073B11B7C70
:10FAB0002BB1331DD3E8AF3F13F0040F06D0D5F8B8
:10FAC000A00000F053FE0023C5F8A030341DD4E898
:10FAD000AF3F13F0040F33D0D4E8AF3F13F0080F5B
:10FAE00049D02C4B1A68002A41D052F80C499CB3DB
:10FAF0000C3C31E0284A022128480FF091FC0820F4
:10FB0000CFE7331DD3E8AF7FC7F34037214B1A68E7
:10FB100022B152F80C4934B10C3C04E0144602E026
:10FB2000234622461C4632B3136813B13946284691
:10FB30009847002CF4D0E368002BF2D00C3BF0E7A0
:10FB4000384612F0FDFD01463A462846FAF7B0FF66
:10FB5000C2E70C3B22461C466AB1536813B13946D2
:10FB6000284698472CB1E368002BF2D1F2E71446FF
:10FB7000F2E72346EEE7304612F0EBFE6B7B072BF5
:10FB800000D0F8BD6A7AAB7A9A42FAD0284613F0D0
:10FB900073F9F6E7B8DC0020D8D70400BC8804006D
:10FBA00070B504460D46031DD3E8AF2F12F0040FC5
:10FBB00004D0B0F8E82032B3002600E00026D3E8F5
:10FBC000AF2F12F0080F04D1D3E8AF2F12F0020FBD
:10FBD0001BD029462046FFF75BFFE6B9012205212D
:10FBE0002046FFF7B1F8064630B301210C30F5F797
:10FBF00099FA057000231A46314604F1EC00FBF730
:10FC00003BFDA0B970BD0126D9E7D3E8AF3F13F49F
:10FC1000004FE2D0DDE70A4A02210A480FF000FC5B
:10FC20000521D4F8EC00FAF767FD0020EAE730463A
:10FC3000F5F75CF90020E5E76FF06800E2E700BF48
:10FC400004D80400BC88040038B50446124B186080
:10FC5000FFF760FB0CB1002416E0104A02211048A7
:10FC60000FF0DEFB12E04FF4B8730E4D03FB0455AA
:10FC70002B1DD3E8AF3F13F0400F04D02846FFF709
:10FC8000C3FA014618B90134002CECD038BD28461F
:10FC9000FFF786FFF7E700BFE4DD00205CD8040033
:10FCA000BC880400802E0020F0B583B00B8A8BB393
:10FCB00006460C46A0F1EC07012104F10C00F5F713
:10FCC000AFFA0546A6F1E803D3E8AF3F13F0100FF3
:10FCD00028D101780E292CD82C4B53F831307BB326
:10FCE000A6F1EC0012F079FE002834D0238A29789E
:10FCF000264A02EBC102127993423CD1234B53F8BE
:10FD00003130214638469847014640B13846FFF722
:10FD100047FF04E01E4A01211E480FF081FB00202E
:10FD200003B0F0BD03781C4A02211A480FF082FB91
:10FD3000F5E70B46194A022116480FF07BFBEEE768
:10FD40000B46174A022113480FF074FB072138466F
:10FD5000FFF726FFE3E72B78124A02210D480FF048
:10FD600069FB384612F0EFFD0028D8D0082138464C
:10FD7000FFF716FFD3E700910B4A012105480FF06A
:10FD800064FB0A213846FFF70BFFC8E7440405006F
:10FD900078D80400BC88040094D80400C8D80400B3
:10FDA000ECD8040008D90400D8D104002DE9F043B0
:10FDB0009DB000AF0446D0F8EC60CD6890F8E93013
:10FDC00023F0020380F8E9302B7823B1AB7903F0FC
:10FDD000C003C02B2ED106F17008072229464046E9
:10FDE0000DF078F878B12946307A00F045FC81466C
:10FDF00048B10146204612F033FD002800F07C8116
:10FE0000484600F0B3FC231DD3E8AF3F13F4005F76
:10FE100040F0C18094F8E93013F0040F40F05C81A9
:10FE2000B4F8E830002B00F0618100207437BD4643
:10FE3000BDE8F083294607F110000FF089FE6D46FA
:10FE400000233B7102237B7188B06C4614F11002D1
:10FE500013D00E201AB1042801DDA84B63610023E2
:10FE60003B7002237B70AAB1082802DD07F1100362
:10FE7000A36104F11C0300210AE06FF00040E9E7F0
:10FE800001F1700CBC441CF870CC03F801CB0131BB
:10FE90000129F5D90D2845DD0E2342B10321397121
:10FEA00000217971B9710121F9717868206100210F
:10FEB00021F0010121F0020121F0040121F03801BB
:10FEC000012060F38811C3F30A0363F35321C1F3E4
:10FED000130100238A48F1F7AFFFAD4606F1700128
:10FEE00007F130000FF034FE6D4600233B71022312
:10FEF0007B7188B06C4614F1100216D00E201AB136
:10FF0000042801DD7F4B636100233B7002237B707B
:10FF1000C2B1082802DD07F13003A36104F11C031C
:10FF200000210DE06FF01B03B7E76FF00040E6E73C
:10FF300001F170063E4416F8706C03F8016B013154
:10FF40000129F5D90D2823DD0E2342B10321397192
:10FF500000217971B9710121F9717868206100215E
:10FF600021F0010121F0020121F0040121F038010A
:10FF7000012060F38811C3F30A0363F35321C1F333
:10FF8000130100235E48F1F757FFAD460A204DE705
:10FF90006FF01B03D9E74246317A022000F0BEFB26
:10FFA0008146A0B1F378002B6AD106F17E031A785E
:10FFB000012A04D19A7902F0C002402A63D049464E
:10FFC0002046FFF739FC00283FF424AF2EE74146D6
:10FFD00007F150000FF0BCFD6D4600233B7102237A
:10FFE0007B7188B06C4614F1100213D00E201AB148
:10FFF000042801DD444B636100233B7002237B70C6
:020000023000CC
:10000000AAB1082802DD07F15003A36104F11C0323
:1000100000210AE06FF00040E9E701F170063E447C
:1000200016F8706C03F8016B01310129F5D90D2820
:1000300023DD0E2342B10321397100217971B97199
:100040000121F97178682061002121F0010121F07E
:10005000020121F0040121F03801012060F3881130
:10006000C3F30A0363F35321C1F3130100232448AC
:10007000F1F7E2FEAD460820D8E66FF01B03D9E7A2
:1000800006F1770393E7D3F80120C9F83E20B3F8CF
:100090000530A9F8423096F87030002B8FD096F8D2
:1000A000763003F0C003C02B89D0C7F80480BD6050
:1000B000C7F80C903A1D15490120FAF765FA2B682C
:1000C000C9F80130AA88AB79A9F8052089F807306A
:1000D0003046FAF79DFC72E7D4E8EF3F43F48063C3
:1000E000C4E8E23F002A3FF49BAEF5E7002120463A
:1000F000FFF7CEFC002099E6082097E624D90400FB
:10010000BC88040038D9040040D704008F290400BB
:100110002DE9F04104460E46D0F8EC80FEF7F4FCE1
:100120000546F66833780F4A01210F480FF082F92F
:10013000271D0A21384612F050FC58B11DB12B6919
:100140000BB14046984731782046FFF7A1FC0020CC
:10015000BDE8F0810B21384612F03FFC0028F2D0B8
:10016000ECE700BF40D90400BC88040030B583B080
:10017000A0F59C75A0F59A74D4E8AF3FD5E8AF2FF1
:100180000092094A012109480FF05FF90821284629
:10019000FFF77EFCD4E8EF3F43F01003C4E8E23FF2
:1001A000002AF7D103B030BD64D90400BC88040034
:1001B0002DE9F0418AB000AF0446FEF711FC00289B
:1001C00000F0BD800546061DD6E8AF3F13F0080FCE
:1001D00000F0B580D4F8A00008B100F0C7FA04F12F
:1001E00070084146207A00F0F9F8C4F8A000F0B198
:1001F000D6E8AF3F13F4804F05D0D4F8A020537C4D
:1002000043F0020353742B7A032B6CD9053BDBB20A
:10021000012B76D8D4F8A020537C43F020035374EC
:10022000D4F8A020537C43F00103537475E0414699
:1002300007F108000FF08CFC6E4600233B7102238F
:100240007B7188B06C4614F1100213D00E201AB1E5
:10025000042801DD514B636100233B7002237B7056
:10026000AAB1082802DD07F10803A36104F11C0309
:1002700000210AE06FF00040E9E701F1280CBC44DE
:100280001CF828CC03F801CB01310129F5D90D2840
:1002900026DD0E2342B10321397100217971B97134
:1002A0000121F97178682061002121F0010121F01C
:1002B000020121F0040121F03801012060F38811CE
:1002C000C3F30A0363F35321C1F31301002334483A
:1002D000F1F7B2FDB54608212846FFF761FC2EE094
:1002E0006FF01B03D6E75BB25BB1D6E8AF3F13F00C
:1002F000200F06D0D4F8A020537C43F001035374A0
:100300000BE0D4F8A020537C23F020035374D4F8DE
:10031000A020537C23F001035374D4F8A080284616
:1003200012F007FA88F81000D6E8AF3F13F0200F5C
:1003300009D1D4F8A020537C23F01003537428373C
:10034000BD46BDE8F081D4F8A020537C43F01003F3
:100350005374D6E8AF3F13F4005FF0D02021D4F8F7
:10036000A00000F0C1F9D4F8A030D5F84760D5F866
:100370004B00D5F84F10D5F85320C3F81E60C3F8D2
:100380002200C3F82610C3F82A20D4F8A0200023A6
:1003900053619361D4F8A0209383D0E740D7040041
:1003A000BC88040008B512F091F9084B187020B110
:1003B0000748F9F78BF8002008BD064A01210648D6
:1003C0000FF02EF86FF00100F6E700BF97E800206D
:1003D000A006002094D90400BC8804002DE9F04157
:1003E00049B107468846012500247CB195B3002613
:1003F0003046BDE8F081274C712322462649274824
:100400000EF018FD712120460EF00BFD04EB0413D5
:10041000234A02EB830612F82330BB4203D0012D9E
:100420000AD00134E1E730460722414601300CF0A2
:1004300051FD0028F3D1DBE704EB0413184800EB6F
:1004400083000722174901300CF044FD0028E8D151
:100450002546E6E705EB0513114A02EB830602F891
:100460002370D8F80030C6F80130B8F8041098F8B6
:100470000630A6F80510F3711123337305EB05134D
:100480009B00083313445A1D0221597100235370F5
:100490009370ADE7D0D9040000DA04003490040072
:1004A000E8DD002038000500F8B521B10546164604
:1004B0000F46002418E00E4CCD2322460D490E486D
:1004C0000EF0B8FCCD2120460EF0ABFC04EB04107E
:1004D0000A4B03EB80035B8A1D4204D03146074B75
:1004E00003EB8000B8470134002CEFD0F8BD00BF0B
:1004F000D0D9040014DA040034900400E8DD0020B0
:10050000F8B532B105460E461746002464B1002006
:10051000F8BD164CDA232246154916480EF08AFC1F
:10052000DA2120460EF07DFC04EB0412124B03EBA3
:1005300082035B8A1D4205D013460F4A12F823300E
:100540009E4201D00134E1E704EB041302EB830087
:100550000722394601300CF0BDFC0028F2D104EB33
:100560000414054800EB8400D2E700BFD0D9040092
:1005700000DA040034900400E8DD0020F8B579B119
:1005800005460E460B78012B6BD18B7903F0C00327
:10059000402B12D1002494B100249CB3002061E0D0
:1005A000314C40F203132246304931480EF042FCF0
:1005B00040F2031120460EF034FC002052E004EB20
:1005C00004122C4B03EB82035B8A13F0020F05D05D
:1005D0001346284A12F82330AB4201D00134DAE73F
:1005E00004EB041189003831114406221144701CB7
:1005F0000CF070FC0028F1D104EB04141D4800EB52
:1006000084002FE004EB04121A4B03EB82035B8A95
:1006100013F0020F05D01346164A12F82330AB42EE
:1006200001D00134B9E704EB0410800028301044F5
:10063000771C394606300FF0CAFA0028F1D004EBD7
:1006400004139B0038330B480344D6F80120C3F849
:100650000620B6F805205A8104EB041400EB840050
:1006600000E00020F8BD00BFD0D9040000DA04008B
:1006700034900400E8DD002070B529B105460E462F
:10068000002474B1002070BD134C4FF49A732246BD
:10069000124913480EF0CEFB4FF49A7120460EF02B
:1006A000C0FB04EB04130F4A12F823309D4201D023
:1006B0000134E6E704EB041302EB83000722314622
:1006C00001300CF007FC0028F2D104EB04140548BB
:1006D00000EB8400D7E700BFD0D9040000DA0400A3
:1006E00034900400E8DD002018B1428A11434182B1
:1006F000704710B5064C4FF4A273224605490648D0
:100700000EF098FB4FF4A27120460EF08AFB00BF5A
:10071000D0D9040028DA040034900400F8B542B1BE
:1007200005460C461746FFF7EBFE064660B130461D
:10073000F8BD0B4CEC2322460A490B480EF07AFB1D
:10074000EC2120460EF06DFB39462046FFF746FEB1
:1007500006460028EBD02946FFF7C6FFE7E700BFB3
:10076000D0D9040000DA04003490040010B550B170
:100770000446037A13F0040F12D1442200212046CC
:100780000CF01AFB10BD084C4FF4AA73224607491F
:1007900007480EF04FFB4FF4AA7120460EF041FBC4
:1007A000F7F7A4FDE9E700BFD0D9040028DA040078
:1007B0003490040038B504460022002308480FF0A6
:1007C0007CF9054630B1048301460648F4F7B6FAD1
:1007D000284638BD044A012104480EF021FEF7E7FF
:1007E000A40A002040DE002044DA040064880400EB
:1007F00008B50246074B186800E0006818B1038B83
:100800009342FAD108BD0029FCD01046FFF7D2FF71
:10081000F8E700BF40DE002010B560B10446016873
:1008200079B10E4812F038FC88B12068F4F75EFB0D
:100830000023236010BD0A4A01210A480EF0F0FD92
:10084000F8E7094A022107480EF0EAFDF2E7074AF5
:10085000022104480EF0E4FDE7E700BF40DE00207F
:1008600070DA040064880400BCDA0400E8DA0400EA
:10087000034B00221A605A609A60DA601A6170476E
:100880002CDE002008B5438AD0F80CC0D0F814E064
:10089000ACEB0E0CA3EB0C03B0F810C0A3EB0C03F5
:1008A0009A4204D80C300FF01DF9012008BD034A0C
:1008B000012103480EF0B4FD0020F7E708DB040037
:1008C0006488040070B50D4616460121FFF790FFBD
:1008D000044660B1038A83B92046F4F723F932460F
:1008E00029462046FFF7CEFF68B1204670BD074A73
:1008F000012107480EF094FDF7E7064A022104485B
:100900000EF08EFDE8E70024EFE700BF40DB0400B7
:100910006488040070DB040070B50E4614460021A4
:10092000FFF766FF054620B1038A43B174B9284634
:1009300070BD0A4A01210A480EF072FDF7E7094A24
:10094000022107480EF06CFD0025F0E722463146F3
:10095000FFF798FF0028EAD10025E8E79CDB0400B8
:100960006488040018DC040030B58BB0038A1E2BA9
:1009700040D91F210C30F4F753FC04460378002BB8
:100980003ED10121B4F80100F9F7DEFD054600284B
:100990003CD02178002940F0B080E3788DF8003019
:1009A000A388ADF80230A3798DF80430E3798DF88F
:1009B0000530237A03F001028DF80620C3F34003CB
:1009C0008DF80730637A03F001038DF80830E37A7D
:1009D0008DF80C30237B8DF80D30637B8DF80E3055
:1009E000E27AEAB1A27A12F0010F15D001228DF855
:1009F000092018E0434A012143480EF011FD7AE036
:100A0000424A022140480EF015FDBAE7404A012152
:100A10003D480EF005FD6EE002228DF8092002E04F
:100A200000228DF80920227B5AB1A27A12F0020F1F
:100A300003D001228DF80A2006E002228DF80A2058
:100A400002E000228DF80A205BB1A37A13F0040FB4
:100A500003D001238DF80B3006E002238DF80B3014
:100A600002E000238DF80B30E38903F001038DF8D9
:100A70000F30238A03F001038DF81030A37CC3F3F9
:100A800040028DF81120C3F380038DF81230B4F8C2
:100A90001330C3F340038DF81330B4F81330C3F3AD
:100AA00080038DF81430B4F81330C3F3C0038DF80D
:100AB0001530B4F81530ADF81830B4F81730ADF87B
:100AC0001A30B4F81930ADF81C30B4F81B30ADF85A
:100AD0001E30637F8DF82030A37F8DF821300021F8
:100AE000ADF822108DF824106A462846FAF7ECF982
:100AF0002846F9F7F1FA0BB030BD0022FAF7E4F915
:100B0000F6E700BF4CDC04006488040068DC0400E5
:100B1000A4DC040030B58BB0038A212B3FD92221FD
:100B20000C30F4F77DFB04460378002B3DD1012106
:100B3000B4F80100F9F708FD054600283BD02178FC
:100B400000293ED1E3788DF80030A388ADF802305B
:100B5000A3798DF80430E3798DF80530237A03F01A
:100B600001028DF80620C3F340038DF80730637A45
:100B700003F001038DF80830E37A8DF80C30237B05
:100B80008DF80D30637B8DF80E30E27A0AB3A27ACD
:100B900012F0010F19D001228DF809201CE0484AFB
:100BA000012148480EF03CFC88E0474A02214548B4
:100BB0000EF040FCBBE7454A012142480EF030FCF4
:100BC0007CE00022FAF780F975E002228DF8092016
:100BD00002E000228DF80920227B5AB1A27A12F09D
:100BE000020F03D001228DF80A2006E002228DF8C0
:100BF0000A2002E000228DF80A205BB1A37A13F0EC
:100C0000040F03D001238DF80B3006E002238DF88A
:100C10000B3002E000238DF80B30E38903F0010371
:100C20008DF80F30238A03F001038DF81030A37C78
:100C3000C3F340028DF81120C3F380038DF8123006
:100C4000B4F81330C3F340038DF81330B4F8133005
:100C5000C3F380038DF81430B4F81330C3F3C0032A
:100C60008DF81530B4F81330C3F300138DF8163037
:100C7000B4F81530ADF81830B4F81730ADF81A30B4
:100C8000B4F81930ADF81C30B4F81B30ADF81E3094
:100C9000637F8DF82030A37F8DF82130B4F81F30AA
:100CA000ADF8223094F821308DF824306A460021C6
:100CB0002846FAF709F92846F9F70EFA0BB030BDC5
:100CC0004CDC04006488040068DC0400A4DC04003C
:100CD00030B583B0038A4A2B19D94B210C30F4F775
:100CE0009FFA04460378C3B90121B4F80100F9F76B
:100CF0002BFC0546B8B12178D9B90334019401AA77
:100D0000FAF72CF92846F9F7E7F903B030BD0B4A9A
:100D100001210B480EF084FBF7E70A4A022108483C
:100D20000EF088FBE0E7084A012105480EF078FB49
:100D3000EBE70022FAF712F9E4E700BF4CDC04000D
:100D400064880400ECDC04001CDD04002DE9F041A3
:100D50008AB000230193038A0E2B4FD905460F2139
:100D60000C30F4F75DFA0446068801213046F9F7A5
:100D7000EBFB0746002849D0E37A012B58D000232B
:100D80000993A37B002B47D105A9B4F805308B80CC
:100D9000B4F80730CB80A37A4B72E37A8B72237B53
:100DA000C3F30303CB72237BC3F303130B7394F9D5
:100DB00009300B72637B4B73A37B8B73E37A0F2B2E
:100DC00054D0FF23CB7300230B704B80A3780B70A0
:100DD000B4F803304B80E37A012B49D1A37A012B7D
:100DE0004AD03846F9F778F900213046FFF700FD80
:100DF000019040B101A8FFF70FFD04E0204A012156
:100E000020480EF00DFB0AB0BDE8F0811E4A01211A
:100E10001C480EF005FBF6E70DF108082A8A04F1DC
:100E20000F0140460EF04FFECDF8248005A9ACE737
:100E3000A37A012B0ED1A37B93B12A8A04F10F016F
:100E40003046FFF73FFD01900028CAD00C300F4913
:100E500008619AE70E4A02210A480EF0E1FAC0E75B
:100E60000C4A022107480EF0DBFABAE70023A9E793
:100E7000384612F02FF9B1E73846F9F72DF9C2E7F5
:100E80004CDC04006488040060DD04002CDE0020DB
:100E90009CDD0400F0DD0400F0B585B00023039371
:100EA000038A072B43D9054608210C30F4F7B8F91B
:100EB0000446078801213846F9F746FB0646002814
:100EC0003BD0E379002B3ED02A8A04F10801384652
:100ED000FFF722FD0390002855D0E3782F4A537284
:100EE000237993726379C3F30303D3726379C3F3F2
:100EF00003131373A379527B934226D123790F2BCB
:100F00002AD0264A937BE1790B4493732379012BF2
:100F10002AD1E378012B05D02379012B2ED003A809
:100F2000FFF77AFC3046F9F7D7F805B0F0BD1C4A58
:100F300001211C480EF074FAF7E71B4A01211948F9
:100F40000EF06EFAF1E70022BFE70092174A022185
:100F500014480EF07AFAD1E7104B9A7BDB7B9A4269
:100F6000CFD20E4BDA73CCE71146304612F0B2F80E
:100F70000398F3F7D7FDFFF77BFCCAE70C4A022181
:100F800008480EF04DFA3046F9F7A6F8039B002BFF
:100F9000CBD003A8FFF740FCC7E700BF2CDE002042
:100FA0004CDC04006488040060DD040020DE0400E2
:100FB0009CDD040030B589B0038A202B66D921213D
:100FC0000C30F4F72DF904460378002B64D101218D
:100FD000B4F80100F9F7B8FA0546002862D0217884
:100FE000002970D12379002B62D0A379FF2B66D022
:100FF000627942EA03138DF80530E3788DF8043006
:10100000E3798DF80630237A8DF80730637A8DF80E
:101010000830A37A8DF80930E37A8DF80A30237B03
:101020008DF80B30637B8DF80C30237E8DF80D30FE
:10103000637E8DF80E30A37E8DF80F30E37E8DF841
:101040001030237F8DF81130637F8DF81230A37F2D
:101050008DF81330E37F8DF8143094F820308DF83C
:101060001530D4F80E20D4F81230CDF81620CDF873
:101070001A30E38AADF81E3001AA00212846F9F79C
:10108000B7FF2846F9F728F809B030BD104A01210A
:1010900010480EF0C5F9F7E70F4A02210D480EF08F
:1010A000C9F994E70D4A01210A480EF0B9F9EBE7B6
:1010B000E178F9F7E7FF2846F9F70EF8E4E76379F6
:1010C0008DF8053099E70022F9F792FFD9E700BFC4
:1010D0004CDC04006488040080DE0400A4DE04000C
:1010E00038B5038A022B14D903210C30F4F798F891
:1010F000044603789BB90121B4F80100F9F724FAFA
:10110000054690B12178FAF703F82846F8F7E4FF8E
:1011100038BD094A012109480EF082F9F8E7084A6A
:10112000022106480EF086F9E5E7064A0121034848
:101130000EF076F9ECE700BF4CDC04006488040094
:10114000E8DE040014DF040030B587B0038A142BF6
:101150004BD915210C30F4F763F804460378002BC3
:1011600049D10121B4F80100F9F7EEF9054600284C
:1011700047D02379002B4AD02178002957D1E37832
:101180008DF8043023798DF8053063798DF80630B9
:1011900094F906308DF80730627A217AE37943EAD0
:1011A000012343EA02430293A37A8DF80C30B4F88A
:1011B0000B30ADF80E30B4F80D30ADF81030B4F897
:1011C0000F30ADF81230B4F81130ADF81430B4F877
:1011D0001330ADF8163001AA00212846F9F7DEFFDA
:1011E0002846F8F779FF07B030BD134A01211348AC
:1011F0000EF016F9F7E7124A022110480EF01AF91C
:10120000AFE7104A01210D480EF00AF9EBE7002183
:101210000088FFF7EDFA00900028ADD00A4A0221BD
:1012200006480EF0FDF86846FFF7F6FAA4E700223C
:101230002846F9F7B3FFD3E74CDC040064880400C8
:101240005CDF040088DF0400D0DF040070B582B0EA
:101250000E461546044608B3A388012B29D920461B
:101260000EF062FC8DF8000020460EF05DFC8DF85B
:10127000010020460EF058FC8DF80200A0B1236852
:101280000193A388984216D829466846B04780B192
:101290009DF802102046F3F7A5FFDDE7094A032178
:1012A00009480EF0BDF804E0084A022106480EF095
:1012B000B7F802B070BD064A022103480EF0B0F83C
:1012C000F7E700BFFCDF0400648804001CE00400B2
:1012D00040E00400431E032B27D8DFE803F0020997
:1012E000131C0130C0B219BB824224D200207047C7
:1012F000012923D8022A24D801EB4101184B0B44C1
:10130000985C704705291FD8032A20D8154B03EB9A
:101310008103985C704717291CD8042A1DD801EB5B
:101320008101114B0B44985C70476FF015007047BA
:101330006FF0150070476FF0150070476FF01500E3
:1013400070476FF0150070476FF0150070476FF031
:10135000150070476FF0150070476FF0150070476B
:101360006805050050050500D8040500884202D92B
:101370008B18834204D9884205D283188B4202D845
:10138000531E194415E010B50B4C40F2B32322460E
:101390000A490B480DF04EFD0A480DF04BFD40F296
:1013A000B32120460DF03DFD11F8013900F8013B55
:1013B000013A002AF8D1704738B304006CB3040036
:1013C00034900400C4B30400F0B59BB086460F46C9
:1013D00016461D460DF1300C2E4C0FCCACE80F001C
:1013E0000FCCACE80F000FCCACE80F0094E8030082
:1013F0004CF8040B8CF80010202271466846FFF769
:10140000B5FF08AB20226946234800F087F8044660
:1014100010B120461BB0F0BD102239460DF1350049
:10142000FFF7A4FF102231460DF14500FFF79EFFA4
:10143000294611F8013B8DF8553006220DF1560072
:10144000FFF794FF209911F8013B8DF85C300622DC
:101450000DF15D00FFF78AFF219B35220CA908A83A
:1014600000F05CF804460028D3D11021219812F036
:1014700020F801238DF83030229B35220CA908A8D2
:1014800000F04CF804460028C3D11021229812F035
:1014900010F8BEE7008A0400840505002DE9F0413C
:1014A00098B00F4616461D461E9C0DF110082022CE
:1014B00001464046FFF75AFF202239460CA8FFF7A5
:1014C00055FF1022294614A8FFF750FF102231467D
:1014D0006846FFF74BFF6B4650224146684600F0D6
:1014E0001DF8A0B9039A2260130A03F47F4343EA6C
:1014F0001263110201F47F010B4343EA0263054AC0
:10150000A2FB0312920C044901FB1232226018B0B4
:10151000BDE8F08183DE1B4340420F002DE9F0431C
:101520008FB006460F469046994606AC00250695B4
:101530000795089509950A950B950C954FF410534E
:10154000ADF818308023ADF81A304FF4406304939F
:1015500004A812F045F8049B0893184B09930DABAF
:1015600010223146204614F06AFCA0B905AB029364
:1015700010230193CDF8009043463A460F490D9849
:1015800014F092FD04460D9808F0D4FD64B958B9E2
:101590000FB0BDE8F0830346094A012109480DF068
:1015A00049FF6FF00400F3E72346074A012105488D
:1015B0000DF040FF6FF00400EAE700BF0002C00337
:1015C00074E004005C88040090E00400024B0122F7
:1015D000C3F80424704700BF002008E0094BD3F88B
:1015E0000C3403F48033014618B1B3FA83F2520984
:1015F00002701BB10B781BB10020704700207047B0
:101600000120704700E0105000487047A4DE002021
:10161000014BC01A401170475CDE002030B583B02A
:1016200005460C46FFF7F4FF01464023009323468E
:10163000054A064812F04DF8011E01DB03B030BD2B
:101640002846A047FAE700BF1B3704000C7D0400C2
:1016500010B582B0EFF31184402383F31288BFF3F7
:101660006F8F134A136843F00201116013F0010FEA
:1016700009D1002384F31188BFF36F8F93B912F05F
:1016800063F802B010BD0DF10700FFF7A7FF9DF84A
:1016900007300BB10023EDE7FFF7B6FF11F0F5FFC0
:1016A0000123E7E70021034812F001F8E9E700BF52
:1016B000B4DE00200C7D040010B5EFF3118440234C
:1016C00083F31288BFF36F8F074A136823F0020178
:1016D000116013F0010F04D084F31188BFF36F8FF2
:1016E00010BD12F036F8F7E7B4DE002030B100226A
:1016F00002604260826001224260704710B5064C71
:101700004FF485732246054905480DF093FB4FF4CD
:10171000857120460DF085FBB8E00400E8E0040088
:101720003490040030B110B501280FD10846FFF7FE
:1017300055FF10BD0C4BD3F84C04C0F3004091B1E1
:10174000D3F84C3403F003030B707047074C4FF48D
:101750009F732246064907480DF06CFB4FF49F71BA
:1017600020460DF05EFB704700E0105000E10400E1
:101770008CF804003490040010B5C9B2012905D8D2
:1017800011F03DFF806800F0070010BD054C7E237E
:101790002246054905480DF04DFB7E2120460DF0FF
:1017A00040FB00BF44E1040084E1040034900400E5
:1017B00070B505461646CCB2214611F020FF012C2B
:1017C0000DD83146083011F02BFF002806DB2146EA
:1017D000284611F01BFF43689847002070BD064C57
:1017E00040F2E1132246054905480DF023FB40F283
:1017F000E11120460DF015FB44E1040084E10400F2
:101800003490040038B505460C46FFF701FF014649
:1018100040220348FFF7CCFF01462846A04738BDC9
:101820000C7D040010B506281BD8DFE800F0070780
:10183000080D04070700114811F077FF10BD0121C2
:101840000E4811F034FFF9E70D4C40F20B332246FD
:101850000C490D480DF0EEFA40F20B3120460DF028
:10186000E0FA074C40F215332246064906480DF0CF
:10187000E1FA40F2153120460DF0D3FA0C7D040058
:1018800044E104008CF804003490040070B582B088
:101890000546012806D12B4BD3F8503403F003033F
:1018A000012B47D013F058FE044610B9264B1B7885
:1018B0008BBBEFF31186402383F31288BFF36F8F46
:1018C00001240DF107010020FFF72CFF28B19DF83E
:1018D0000730012B29D0012D27D014B330460EF04C
:1018E00014F8184BD3F8403413F0FF0FE9D1154B1F
:1018F000D3F80831002BE4D0124B0022C3F80821A2
:10190000D3F808210122C3F8402410492020C1F84F
:10191000A0011A61D5E70B4B0422C3F80823002667
:10192000CFE7012011F01FFFDBE72CB186F3118810
:10193000BFF36F8F02B070BD024B0422C3F80423C3
:10194000F8E700BF00E010509DE8002000E100E053
:1019500000B585B06B46CDF800D0CDF804D000229C
:10196000029201220392074A11F0CFFE002805DB04
:1019700043F609520023684603F0B4FF05B05DF852
:1019800004FB00BFC3370400F8B50646002201215E
:1019900040F20510F2F700FC114801F0A3FBD8B9A2
:1019A000074612F0F2FE002403E00123AB601C4462
:1019B000E4B2012C0ED82146304611F020FE054637
:1019C0002146304611F028FE06490DF018FC031E92
:1019D000EBDA1F463846F8BD6FF00407FAE700BFA0
:1019E000251803009405050070B504461C4B012121
:1019F000D3E8EF2FC3E8E01F0028F9D142B134B19A
:101A0000631EDBB2012B1ED82046FFF73FFF70BDDF
:101A1000144811F001FE0546134E3046FFF766FEEE
:101A2000311F2846EFF71CFC0028E8DA0F4C4FF472
:101A30002D7322460E490F480DF0FCF94FF42D711D
:101A400020460DF0EEF9094C40F2C62322460A4921
:101A500008480DF0EFF940F2C62120460DF0E1F9FB
:101A600058DE00200C7D04004CDE002044E1040020
:101A7000C0A20400349004008CF8040010B50446A1
:101A80000A2806D0E1B2064883685B68984720467A
:101A900010BD034883685B680D219847F2E700BFDB
:101AA000987D040010B5044C2046F3F709F8204651
:101AB000EEF7F0FD10BD00BF7D1A030008B5054824
:101AC00013F05BFB18B1FFF7EDFF002008BD6FF0CE
:101AD0001200FBE7987D04004309012B04D0022B80
:101AE00004D063B97F2303E0064B01E040F2FF73AB
:101AF00000F01F0023FA00F000F001007047002002
:101B0000704700BFFFFF0100022806D0012806D061
:101B100008B90448704700207047034870470348DD
:101B2000704700BF287D0400607D0400447D0400F0
:101B300070B569B1044616460D464B68B3B10368EB
:101B400013B311F073FE50BBFEB96FF0150022E025
:101B5000164C64232246164916480DF06BF91648B8
:101B60000DF068F9642120460DF05BF90F4C6523F8
:101B7000224612490F480DF05DF911480DF05AF94F
:101B8000652120460DF04DF932B123682B602560A8
:101B9000636843B1002070BD6FF01500FBE7002EB5
:101BA000F3D10020F7E765600020F4E7E0E10400EE
:101BB0001CE204003490040028E2040038E204002F
:101BC0004CE2040038B5054604682046FFF784FF60
:101BD00050B104F01F032B606409012C1ED0022CAD
:101BE0001ED074B90F481CE00F4C4FF4826322469C
:101BF0000E490F480DF01EF94FF4826120460DF09A
:101C000010F9094C40F2194322460A4908480DF0E0
:101C100011F940F2194120460DF003F9064800E0A1
:101C2000064838BD00A0105064E2040098E20400A9
:101C3000349004008CF8040000820D50000405501C
:101C400070B50E461546016891B10C68ACB1A1B9EA
:101C50000C4612E0124C89232246124912480DF01C
:101C6000E9F812480DF0E6F8892120460DF0D9F880
:101C70000C4602E0234621461C4681B18A682A4070
:101C800004D04B68002BE5D030469847002CF1D0AB
:101C90002368002BEFD0002CEDD12346EBE770BD7D
:101CA000E0E10400BCE20400349004004CE20400D3
:101CB0002DE9F04786B0884616469946446801F0FB
:101CC0001F05237C45EA4315204611F0D1FD00286D
:101CD0006FD0B6F5001F35D06368627C002A37D01C
:101CE00001225A620DF10C0A002703970497494616
:101CF000304611F0F2FD8DF80C0000970197029725
:101D0000CDF804A0E36823FA08F313F0010F02D121
:101D1000B6F1A07F1ED00DF117022946A06801F090
:101D2000B7FD90B36A462946A06801F069FD002816
:101D300005DB01222946A06801F040FE002006B024
:101D4000BDE8F0872946A06801F050FE0020F6E7C4
:101D50000022C6E7284611F0E2FD0028DBD10DF194
:101D600017022946A06801F093FD10F1160F03D069
:101D70000DF117030493D5E70DF1170241462046F4
:101D800011F046FE0028F3DAD9E79DF81710A06895
:101D900001F0DEFD0028C5D0074C40F2F1132246C9
:101DA000064907480DF046F840F2F11120460DF0C3
:101DB00038F86FF08500C2E7C8E20400E09D040037
:101DC00034900400F0B589B00E461446456801F021
:101DD0001F072B7C47EA4317104611F04EFD8DF884
:101DE0001E0040F206332340B3F5837F51D016D84E
:101DF000062B4AD009D81BB3022B03D102238DF83E
:101E00001D3020E06FF0150039E0B3F5807F03D17D
:101E100001238DF81D3016E06FF015002FE040F221
:101E20000222934239D0B3F5407F2AD0B3F5007F28
:101E300003D104238DF81D3005E06FF015001EE07E
:101E400000238DF81D300123B34014F4002F28D057
:101E50006A685360284611F00BFD40B30DF11F0274
:101E60003946A86801F014FD064614F4403F37D106
:101E70003946A86801F054FD002E6BD0002009B04F
:101E8000F0BD05238DF81D30DDE708238DF81D30EA
:101E9000D9E709238DF81D30D5E706238DF81D30CD
:101EA000D1E714F4802FD5D06A689360D2E7C4F3E9
:101EB00040438DF8083004F48034B4FA84F46409A3
:101EC0008DF81040002401940DF11D0300930DF1D5
:101ED0001E0304AA02A9384611F030FD2046CEE7C1
:101EE00002A900230293039304AA0493536093600E
:101EF00005913946A86801F083FC00281BDB14F427
:101F0000003F1AD09DF81D308DF8103004F4803455
:101F1000B4FA84F464098DF811409DF81E308DF8F0
:101F20001230002304AA3946A86801F081FC002879
:101F3000A2DA0020A3E70020A1E704AA002304936B
:101F4000536093600DF11E0304933946A86801F0B5
:101F500057FCECE79DF81F10A86801F0F9FC002879
:101F60008DD0054CFC232246044905480CF062FF45
:101F7000FC2120460CF055FFC8E20400E09D04005F
:101F80003490040038B504464568284611F070FCCA
:101F900020B91149204611F059FC38BDA86801F05C
:101FA000A7FC0028F5D10021A86801F089FC80B9C0
:101FB00000220A49A86801F053FC00220121DB201D
:101FC000F2F7EAF80022012140F20D10F2F7E4F8EE
:101FD000DFE76FF00400E0E707390400F33904009D
:101FE0004309012B04D0022B04D063B97F2303E003
:101FF000064B01E040F2FF7300F01F0023FA00F0EF
:1020000000F0010070470020704700BFFFFF010093
:1020100038B5054604682046FFF7E2FF50B104F0EA
:102020001F032B606409012C1ED0022C1ED074B932
:102030000F481CE00F4C4FF4826322460E490F48B4
:102040000CF0F8FE4FF4826120460CF0EAFE094CD9
:1020500040F2194322460A4908480CF0EBFE40F2D0
:10206000194120460CF0DDFE064800E0064838BD68
:1020700000A0105064E2040098E2040034900400D0
:102080008CF8040000820D5000040550F0B583B0B8
:1020900001900C4617461E4601A8FFF7B9FF0199AB
:1020A000203150F82130094D1D4044EA470444EAEC
:1020B00086039DF8202043EA02239DF8242043EA6A
:1020C00002432B4340F8213003B0F0BDF0F0FCFF99
:1020D0002DE9F04F85B005460E4617460024B44260
:1020E00080F0DE804FEA840955F82430C3F3C32220
:1020F000C3F30808082A00F2D5806E4911F802A03F
:1021000040F2FF1290452DD01B0E4E2B00F2CD80D9
:10211000DFE803F02B5059616A727ACBCBCBCBCB83
:10212000CBCBCBCBCBCBCBCBCBCB8B96A1ACCBCBBD
:10213000CBCBCBCBCBCBCBCBCBCBCBCBCBCBCBCBEF
:10214000CBCBCBCBCBCBCBCBCBCBCBCBB7CBCBCBF3
:10215000CBCBCBCBCBCBCBCBCBCBCBCBCBCBCBCBCF
:10216000CBCB83004FF0FF38CEE7C7F804864FF0A3
:10217000010BCDF80CB05946B8F1FF3F17D0B1F1C3
:10218000FF3F40F0898055F8093013F4004F03D029
:102190004FF0010B0022039200220192CDF800A023
:1021A000C3F341235A4603994046FFF76FFF0134BA
:1021B000E4B294E7C7F80C864FF0000BCDF80CB0F2
:1021C0004FF0FF31D8E7C7F810864FF0010BCDF87C
:1021D0000CB05946D0E7C7F808864FF0000BCDF891
:1021E0000CB04FF0FF31C7E7C7F800864FF0000B87
:1021F000012303935946BFE7C7F804864FF0010B4C
:10220000CDF80CB00021B7E7C7F808864FF0000BF7
:10221000CDF80CB04FF0FF31AEE7C7F810864FF0A5
:10222000010BCDF80CB05946A6E7C7F8608555F804
:102230000910C1F300414FF0010BCDF80CB09BE742
:10224000C7F8648555F80910C1F300414FF0010B40
:10225000CDF80CB090E7C7F8688555F80910C1F3C0
:1022600000414FF0010BCDF80CB085E7C7F86C8545
:1022700055F80910C1F300414FF0010BCDF80CB037
:102280007AE70421404611F0E2FB4FF0010BCDF854
:102290000CB04FF0FF316FE7404611F005FC72E7DC
:1022A000002004E06FF0150001E06FF0850005B03C
:1022B000BDE8F08FF4050500F8B505460E46476801
:1022C00013F04AF910B9114B1B787BB9EFF3118465
:1022D000402383F31288BFF36F8F284611F01AFC56
:1022E00040B984F31188BFF36F8FEFE7284611F0F0
:1022F00084FC04467B6A1E700122796A284611F02C
:1023000012FC84F31188BFF36F8FF8BD9DE80020A5
:1023100038B5044645680121E86811F093FC63680C
:1023200018686B69C0F8243505F1180111F0D6FB67
:10233000204611F019FC00B138BD0249204611F0C9
:10234000BBFBF9E7BD3C040038B50E4C216865685D
:10235000501A63EB050C400940EACC604FEA401C80
:1023600011EB0C0145EBD0652160656006490A6000
:102370004B60064B00240025C3E9004511F0A8FC82
:1023800038BD00BF10300020F82F0020083000209A
:1023900008B500220121E420F1F7FEFE164AD2F82A
:1023A000183723F44033C2F81837002001F08AFDB3
:1023B000002820DB1149012001F0CCFD00281ADBA8
:1023C00001F03EFD20F01F000D4B186059600D4BD1
:1023D000186059600C4B4FF0FF304FF0FF31C3E9EC
:1023E0000001002209490A4B187A01F051FD094BFE
:1023F00067221A60002008BD00200E50B0060020A1
:1024000010300020F02F0020F82F00204923030077
:10241000A8060020E4DE002008B501F011FD064A00
:1024200013685268C01A61EB0201044B18605960CE
:10243000400940EAC16008BD10300020083000208B
:10244000F0B583B00146254B187A254B1C685D68B2
:10245000244B1A685B689D4208BF94422BD0CB176F
:102460005B0143EAD16349011F4E32687668DFF8A9
:102470007CC0DCF80070DCF804E012EB070C46EBE3
:102480000E0E11EB0C0243EB0E0315490A604B6074
:10249000944275EB03011ED2B4EB0C0465EB0E0500
:1024A000C82C75F10005B4BF01210021009101F095
:1024B000A1FD03B0F0BDB1F1806FD0D2490100D1D0
:1024C0000121074B0C1945F100051C605D600122DC
:1024D00001F0D6FDEDE70021E8E700BFA8060020E7
:1024E00000300020F82F002010300020083000209D
:1024F00008B502460B46024802F0C8FD08BD00BF01
:102500008808002008B5024802F0D8FE08BD00BFC8
:102510008808002000B585B001AC00230193029328
:10252000CDF80B3000910A22014620460AF000FD4A
:10253000084D4FF4AC732A46074908480CF07AFC62
:10254000009A214606480CF075FC4FF4AC71284601
:102550000CF067FC34E304008CF8040034900400B1
:1025600070E3040010B583681B680BB1984710BD79
:10257000064C66232246064906480CF05BFC0648DA
:102580000CF058FC662120460CF04BFC98E304004C
:10259000CCE3040034900400ECE3040010B50A46D8
:1025A00001460A48FFF7DEFF00B910BD084C4FF4A2
:1025B00036732246074908480CF03CFC07480CF0EB
:1025C00039FC4FF4367120460CF02BFC7C7D040066
:1025D00034E30400E09D04003490040014E404009B
:1025E000F0B583B006460C46084611F088FB6378C8
:1025F0000233B3F5FE7F16D20546002200230146C2
:102600002078F3F73FF80746C0B1627802322146DE
:102610000C300DF067FA33691B683946304698472D
:10262000002003B0F0BD40F2FB120092064A0121E7
:1026300006480CF00AFF6FF00B00F2E7002DF0D116
:102640006FF06800EDE700BF50E40400B4880400B8
:1026500070B582B005460C46002200230820F2F730
:10266000D1FFE8B1064662880432B2F5FE7F0BD294
:1026700021460C300DF036FA2B691B68314628468E
:102680009847002002B070BD40F2FB130093134640
:10269000054A012105480CF0D8FE6FF00B00F1E768
:1026A0006FF06800EEE700BF50E40400B488040057
:1026B00070B582B005460C46002200232020F2F7B8
:1026C000A1FF6288E0B106460432B2F5FE7F0BD26C
:1026D00021460C300DF006FA2B691B68314628465E
:1026E0009847002002B070BD40F2FB1300931346E0
:1026F000054A012105480CF0A8FE6FF00B00F1E738
:102700006FF06800EEE700BF50E40400B4880400F6
:1027100008B5042A0BD0022A0CD0082A0DD0134683
:10272000074A012107480CF085FE002008BDFFF78D
:1027300057FFFBE7FFF78CFFF8E7FFF7B9FFF5E777
:1027400074E40400B488040010B50146094812F08E
:10275000E4FE002800DB10BD074C2F23224607496A
:1027600007480CF067FB07480CF064FB2F2120465C
:102770000CF057FB70600020B0E404008CF80400FB
:1027800034900400DCE4040008B5154B93F8FB31E9
:102790002BB91449A1F2FB1011F0CCFA80B9104901
:1027A00091F8FB211048FFF7B3FF10F1690F07D034
:1027B00038B90B4B002283F8FB210C48FFF7C4FF0C
:1027C00008BD03460A4A01210A480CF033FE0023E3
:1027D00083F31188BFF36F8F0423184602DFE8E705
:1027E000ECDE0020E7E00020B47D0400E8E00020FB
:1027F00000E50400B488040008B50C4B93F8FB31E5
:10280000042B04D0022B09D0082B0BD008BD10F0EC
:10281000020FF7D00648FFF797FFF7E710F0080F11
:10282000F8D1F1E710F0200FF0D0F3E7ECDE002054
:10283000E8E0002000B587B000208DF80C0003AA66
:102840000121CEF7E5F800285EDB01238DF80C307E
:1028500003AA02210020CEF7DBF8002854DB08236E
:10286000ADF80C3003AA07210020CEF7D1F80028DC
:102870004ADBFB23ADF80E30ADF80C3002238DF8A7
:10288000113003218DF8101003AA0020CEF7C0F8F4
:10289000002839DB01238DF80C3003AA0421002025
:1028A000CEF7B6F800282FDB4023ADF80C3003AA92
:1028B00006210020CEF7ACF8002825DB01238DF897
:1028C0000C3003AA16210020CEF7A2F800281BDB4B
:1028D00004238DF80C3001238DF80D3003AA172145
:1028E0000020CEF795F800280EDB01238DF80C3080
:1028F00003AA18210020CEF78BF8002804DB43F24E
:102900005303984203D8002007B05DF804FB009001
:10291000074A012107480CF098FD002383F3118832
:10292000BFF36F8F0423184602DF6FF00B00EBE755
:1029300030E50400B488040008B50548CEF708F86F
:1029400000B108BD11F00FFAFFF774FFF9E700BFFF
:102950001525030038B504464FF0FF304FF0FF3126
:10296000FFF7C6FD054608B1284638BDE068E2F726
:102970002FFF0546FFF7C6FD002DF5D00148FFF7F4
:10298000E3FEF1E7E8E0002038B505464FF0FF3000
:102990004FF0FF31FFF7ACFD044608B1204638BDCB
:1029A000E86800F0FBF90446FFF7ACFD002CF5D118
:1029B0000148FFF7C9FEF1E7E8E00020F0B591B06B
:1029C00000AF05460C467449744803F0BBFA07F1A2
:1029D0002C00E2F7DCFC6E4600233B7102237B7186
:1029E00088B0694611F1100213D00E201AB10428E4
:1029F00001DD6B4B4B6100233B7002237B70BAB14E
:102A0000082801DD674B8B6101F11C034FF0000CBE
:102A10000BE06FF00040E9E70CF1400EBE441EF8F9
:102A200040EC03F801EB0CF1010CBCF1010FF3D900
:102A30000D283BDD0E2342B1032038710020787150
:102A4000B8710120F87178680861002121F0010156
:102A500021F0020121F0040121F03801032060F38C
:102A60008811C3F30A0363F35321142363F31F5143
:102A700007F12C034C48EFF7DFF9B5464B4812F04D
:102A80007CFBB0B14A4BBB6207F12800CEF7B0FD2A
:102A90000346B0B94FF0FF304FF0FF31FFF728FD8C
:102AA0000646B0B130464437BD46F0BD6FF01B035B
:102AB000C1E7404A01213C480CF0B2FC6FF012061D
:102AC000F0E73D4A012138480CF0B4FC6FF01506E0
:102AD000E8E73A493A48CEF799F8064600283FD148
:102AE000002387F820306FF0770287F82120132227
:102AF00087F8222087F8233087F8243007F1200058
:102B0000E6F7C3FB78BB07F118000023BB61037134
:102B100001233B760A237B76E6F7B7FB40BB07F140
:102B2000100000233B61037102233B74E6F7ADFB09
:102B300018BB41F64C53FB6007F10C00D1F7ECFADF
:102B400000BB01233B7207F10800E5F7F0FFF0B985
:102B5000FFF7D8FC2B691C601A48F2F789FDA1E742
:102B6000FFF7D0FC9EE7FFF7CDFC6FF0850699E7F5
:102B7000FFF7C8FC6FF0850694E7FFF7C3FC6FF022
:102B800085068FE7FFF7BEFC6FF085068AE7FFF743
:102B9000B9FC6FF0850685E75F3D0400E8E00020A2
:102BA0003CBA040054E50400B48804007C7D0400B1
:102BB0009D2503007CE504009CE5040018300020FE
:102BC00089270300F927030042F26D03984240D899
:102BD00042F26403984213D242F2190398422BD86E
:102BE00042F20D03984219D240F20643984251D066
:102BF00040F21D43984201D00120704700207047E9
:102C0000A0F50150243880B240F2F523C34013F000
:102C1000010F01D10120704700207047A0F500503E
:102C20000D3880B241F24123C34013F0010F01D1AE
:102C3000012070470020704742F2320398422DD0A5
:102C40002ED3A0F50150033880B201282AD90120E3
:102C5000704742F29403984210D842F277039842A8
:102C60000AD3A0F50150373880B2104BC34013F09F
:102C7000010F11D000207047012070474FF602531A
:102C8000984211D04FF60A53984201D00120704764
:102C900000207047002070470120704700207047D7
:102CA00001207047002070470020704781408A262D
:102CB000F0B583B004460F464378057845EA03250E
:102CC00004238DF80630344B1E683EB10DF1070326
:102CD0000DF10602B0470646012849D1AB0AB5F509
:102CE000105F0AD21AB2CAB3013B072B38D8DFE80B
:102CF00003F01037151D2537372D3F2B07D10DF168
:102D000006023946204611F0E0FA064629E001267F
:102D100027E0204611F0C6F8064622E00DF1060233
:102D20003946204611F0D5F806461AE00DF10602A4
:102D30003946204611F094FC064612E00DF10602D9
:102D40003946204611F085F806460AE00DF10602E4
:102D50003946204611F000F9064602E0012600E05F
:102D600001262846FFF730FF80F001008DF80700AC
:102D70009DF807300BB9012E06D132462946384658
:102D800011F041F803B0F0BD33469DF80620294606
:102D9000384611F041F8F5E7F8E000204378017873
:102DA00041EA03210A4B1B7873B910B5044611F0B0
:102DB0003EF820B1064B01221A70002010BD0549D3
:102DC0002046FFF775FFF5E74FF0FF30704700BF73
:102DD000FCE00020FDE0002038B50C46084B1B78D5
:102DE00013B9E2F700FD38BD054DAA780232691C1F
:102DF000E2F726FA0020287004232370F3E700BFCF
:102E0000FCE0002010B583681B680BB1984710BD2B
:102E1000064C66232246064906480CF00BF8064885
:102E20000CF008F8662120460BF0FBFF98E3040045
:102E3000CCE3040034900400ECE3040038B505460C
:102E40000C46084812F099F980F0010313F0FF0FC7
:102E500005D1A2B229460348FFF7D4FF38BD6FF071
:102E60001200FBE77C7D040008B54FF400710248B6
:102E700006F0F4FC08BD00BF00E2002010B582B0EF
:102E800011F03AFC8DF800003223ADF80430002335
:102E90008DF806308DF801308DF80230074A1C217C
:102EA0006846E1F76DFE044610B1204602B010BD41
:102EB00010F094FC80B2E0F717FCF6E7C12E030097
:102EC00000B585B001AC002301930293CDF80B301F
:102ED00000910A22014620460AF02AF8084D40F2E5
:102EE0004D132A46074908480BF0A4FF009A2146D3
:102EF00006480BF09FFF40F24D1128460BF091FF62
:102F0000F0E504008CF804003490040020E604008E
:102F100010B54FF0FF304FF0FF31FFF7E9FA20B95D
:102F2000E9F765FEFFF7EEFA10BD054CE6232246F1
:102F3000044905480BF07EFFE62120460BF071FFA7
:102F4000F0E5040038E604003490040010B50146B2
:102F5000094803F09DFB002800DB10BD074C472308
:102F60002246074907480BF065FF07480BF062FF50
:102F7000472120460BF055FF70600020B0E40400AC
:102F80008CF804003490040048E6040010B50146B3
:102F9000094812F0C2FA002800DB10BD074C2F23AD
:102FA0002246074907480BF045FF07480BF042FF50
:102FB0002F2120460BF035FF70600020B0E40400A4
:102FC0008CF8040034900400DCE4040008B50248E6
:102FD000FFF7DCFF08BD00BF08E400200122054B1D
:102FE0001A63A3F54323D3F8180503490860C3F80F
:102FF0001825704700E0105004E40020044B012223
:103000005A63044B1A68044BC3F81825704700BF75
:1030100000E0105004E4002000B0045008B538B1BE
:103020000346022809D1084B1B680420984708BDB5
:10303000054B1B6800209847F9E7044A0221044821
:103040000CF0F8F9F3E700BF18E4002088E604006C
:103050001C89040010B530B1012809D10B490020AA
:10306000E0F752FA10BD0A4B1B6802209847F9E7B7
:10307000084C4C232246084908480BF0DBFE084860
:103080000BF0D8FE4C2120460BF0CBFE1D30030088
:1030900018E40020A4E604008CF804003490040036
:1030A000E4E60400A0B110B5012803D10020E0F748
:1030B00047FA10BD074C5F232246074907480BF02B
:1030C000B9FE07480BF0B6FE5F2120460BF0A9FEC3
:1030D000704700BFA4E604008CF80400349004009C
:1030E000E4E60400014B18600020704718E400205B
:1030F000074BD3F84023D3F844331C2A01D00020D7
:103100007047012B01D0002070470120704700BF9D
:1031100000C0FF00074BD3F84023D3F844331C2AE8
:1031200001D000207047012B01D000207047012002
:10313000704700BF00C0FF00074BD3F84023D3F80F
:1031400044331C2A01D000207047012B01D00020FD
:1031500070470120704700BF00C0FF00036813F0F4
:10316000020F0DD0036813F0010F0DD0074B092299
:10317000C3F80C250F22C3F8042501221A60FEE7CC
:10318000034B0360EF3B0360704700BF00801050AB
:10319000F000FA50036813F0020F0DD0036813F02B
:1031A000010F0DD0074B0922C3F80C250F22C3F8DD
:1031B000042501221A60FEE7034B0360EF3B036026
:1031C000704700BF00801050F000FA5008B5084862
:1031D000FFF7C4FF0748FFF7C1FF0748FFF7DAFF13
:1031E0000648FFF7D7FF0648FFF7B8FF08BD00BF46
:1031F00000C50D5008C50D5010C50D5018C50D5017
:1032000000C70D5008B53F4B0122C3F800283E4BC4
:10321000D3F840331C2B0AD0FFF7D8FF3B4AD2F833
:103220008C3043F44063C2F88C3000230DE0384BFF
:10323000C3F80C24F0E7344A03F1800152F831005E
:1032400002EBC1025268026001333F2B0DD803F13B
:1032500080022D4951F83220B2F1FF3F05D003F131
:10326000800251F83220002AE5D1264BD3F84034B1
:103270001BB9244BC822C3F84024FFF74BFF48B1C9
:10328000214BD3F83423234B9A4203D81D4B224AB7
:10329000C3F84026FFF750FF18B1204B204AC3F86F
:1032A000AC27FFF725FF48B1164B3422C3F824267C
:1032B000D3F83C2622F40022C3F83C26194BD3F85D
:1032C000003613F0010F04D0164B6FF00102C3F863
:1032D0000026154BD3F8182522F00302C3F8182551
:1032E000D3F8182542F00302C3F818250749D1F88E
:1032F0008C2042F44062C1F88C200022C3F8A02543
:1033000008BD00BF0000125000C0FF0000ED00E04B
:1033100000300550001D0A1840E0A91E00A008500A
:1033200078000A0400E0105000B0045030B401F5F9
:10333000A27150F821500E4C2C4040F8214050F81A
:10334000214041F6F07C0CEA021C1B0403F44033DC
:103350004CEA030C9DF808301B0503F480134CEA7B
:10336000030C44EA0C0440F8214030BC704700BF15
:103370000FE0ECFF30B585B086460D4694460C4B09
:1033800093E8070004AB03E90700734609E004AAC9
:1033900002EB830252F80C2C146A4CF8044B1462B2
:1033A00001330EEB05029A42F1D805B030BD00BFE3
:1033B000388A04004309012B04D0022B04D063B9DE
:1033C0007F2303E0064B01E040F2FF7300F01F0093
:1033D00023FA00F000F0010070470020704700BFA2
:1033E000FFFF01004309034AD35C00F01F001844AB
:1033F000C0B270475C060500014B03EB80007047CC
:10340000B8060020014B03EBC000704774060500AE
:1034100070B582B006460191002500E00135022D0D
:1034200017D80E4B5B5D03F0070202A901EBD30333
:1034300013F8043CD34013F00104EFD006EB8502EF
:1034400001212846FFF796FF56F82530002BE5D0DE
:1034500000E00024204602B070BD00BF6C060500ED
:1034600038B5054604682046FFF7A4FF50B104F0C4
:103470001F032B606409012C1ED0022C1ED074B9CE
:103480000F481CE00F4C4FF4826322460E490F4850
:103490000BF0D0FC4FF4826120460BF0C2FC094CCB
:1034A00040F2194322460A4908480BF0C3FC40F297
:1034B000194120460BF0B5FC064800E0064838BD2F
:1034C00000A0105064E2040098E20400349004006C
:1034D0008CF8040000820D500004055000B583B044
:1034E000019001A8FFF7BCFF019A203250F822108A
:1034F000044B0B4043F0020340F8223003B05DF868
:1035000004FB00BFF0F0FCFF70B582B104460D462D
:10351000164611F0C8F9B8B12846FFF763FF083026
:1035200004EB4004A3885B0B3370002070BD084C93
:1035300040F223332246074907480BF07BFC40F258
:10354000233120460BF06DFC6FF01500EEE700BF55
:1035500004E7040044E7040034900400072803D87B
:10356000800000F58070704710B5064C40F2A7331C
:103570002246054905480BF05DFC40F2A731204684
:103580000BF04FFC50E7040088E70400349004007F
:10359000F8B504460D46164611F091F9E8B12946F2
:1035A000204611F080F920B12946204611F0B2F9E9
:1035B00000BB2368D3F8142312F4003F03D14FF467
:1035C0000032C3F814238EB32946204611F029FA9D
:1035D0000146284611F00CFBF8BD1B4C40F2354368
:1035E00022461A491A480BF025FC40F23541204684
:1035F0000BF017FC2946204611F095F9054627687F
:10360000FFF7ACFF00233B503B58226805F5A27141
:1036100052F8213043F0010342F82130002EDBD074
:1036200022680123AB40C2F81433D5E7064C40F2C0
:103630004F432246074906480BF0FCFB40F24F413E
:1036400020460BF0EEFB00BF04E7040094E7040003
:1036500034900400B8E7040038B504460846FFF784
:10366000C1FE00F1080304EB43039A8812F4807F43
:103670000DD0C2F3432500F1080304EB430322F409
:10368000F8529A802946204611F05DF900B138BD04
:1036900004EBC50300225A60294604F1600011F0D2
:1036A000A3F80028F3D0064C4FF4DB7322460549FB
:1036B00005480BF0BFFB4FF4DB7120460BF0B1FB6C
:1036C00004E70400E09D0400349004002DE9F0417B
:1036D00005460E469846069F002400E00134BC4291
:1036E0000DD2E0B2FFF73AFFA0F580739B080122EC
:1036F0009A401642F2D000232B502B58EEE716F4D6
:10370000003F04D00023C5F84431D5F84431084BBC
:103710009D420AD040F20D100CF0CBF8B8F1000F2A
:1037200001D0C5F81463BDE8F081DB20F4E700BFE9
:1037300000A00D502DE9F04784B081460F46904619
:1037400001A800230193436083605168FFF760FE86
:103750004DE094FAA4F4B4FA84F404F01F05264B67
:103760009B5D45EA43152846FFF73CFE083037F8D5
:1037700010A0CAF3820A01AB03EB8603E00804F051
:1037800007041A5C0121A14022EA01021A542846CA
:1037900011F061FA034652462946384611F06AFA9A
:1037A000284611F09DFA04AB03EB860353F80C4C4A
:1037B000002CCED10136022E0DD8104B9B5D08F1A6
:1037C0000402D90803F00703525C22FA03F313F052
:1037D000010FEFD0E7E700224FF40031484611F027
:1037E0008CFAD8F8041001A8FFF712FE08B10026E1
:1037F000E1E704B0BDE8F087700605006C0605003F
:1038000010B510B111F0D2FA10BD064C40F25E4373
:103810002246054905480BF00DFB40F25E4120466B
:103820000BF0FFFA04E70400C4E70400349004003E
:1038300010B510B111F06CF910BD064C4FF48D634A
:103840002246054905480BF0F5FA4FF48D612046F4
:103850000BF0E7FA04E70400C4E704003490040026
:1038600010B510B111F0B3F810BD064C40F2714321
:103870002246054905480BF0DDFA40F27141204629
:103880000BF0CFFA04E70400C4E70400349004000E
:1038900010B510B1FFF738FE10BD064C40F27A4368
:1038A0002246054905480BF0C5FA40F27A41204608
:1038B0000BF0B7FA04E70400C4E7040034900400F6
:1038C00010B510B111F057FB10BD064C4FF49163C9
:1038D0002246054905480BF0ADFA4FF491612046A8
:1038E0000BF09FFA04E70400C4E7040034900400DE
:1038F00010B510B111F06EF810BD064C40F28F43B8
:103900002246054905480BF095FA40F28F412046C2
:103910000BF087FA04E70400C4E7040034900400C5
:1039200010B510B111F007FB10BD064C40F29D43DD
:103930002246054905480BF07DFA40F29D4120469C
:103940000BF06FFA04E70400C4E7040034900400AD
:1039500010B510B111F005FB10BD064C40F2A443A8
:103960002246054905480BF065FA40F2A44120467D
:103970000BF057FA04E70400C4E704003490040095
:1039800010B538B10C4611F0DAF9002801DB2070CF
:10399000002010BD064C40F2AB43224605490648C4
:1039A0000BF048FA40F2AB4120460BF03AFA00BF68
:1039B00004E70400C4E704003490040010B510B11B
:1039C000FFF7E6FD10BD064C4FF4A56322460549FE
:1039D00005480BF02FFA4FF4A56120460BF021FAB1
:1039E00004E70400C4E704003490040010B510B1EB
:1039F00011F00EF910BD064C40F22F532246054936
:103A000005480BF017FA40F22F5120460BF009FA47
:103A100004E70400C4E704003490040010B528B1A2
:103A2000014651F8040B11F0ECFA10BD064C40F2BF
:103A30005C632246054906480BF0FCF940F25C61E4
:103A400020460BF0EEF900BF04E70400C4E70400D1
:103A500034900400024B5868C04300F06700704780
:103A6000D8020020044BD3F8100500F00200003803
:103A700018BF0120704700BF00200E5003498B681B
:103A80000122824013438B60704700BFD8020020A0
:103A9000B1F5803F02D2C0F8A416704710B5064CAD
:103AA00040F2B9732246054905480BF0C3F940F2CC
:103AB000B97120460BF0B5F9D0E7040004E8040022
:103AC00034900400FF2902D8C0F8AC16704710B536
:103AD000064C40F2C4732246054906480BF0AAF989
:103AE00040F2C47120460BF09CF900BFD0E70400FF
:103AF0002CE804003490040038B50446027A0B4BDD
:103B0000D3F8103523F001036AB101221343074DA6
:103B1000C5F8103521682846FFF7BAFF61682846C6
:103B2000FFF7D0FF38BD0022F0E700BF00200E50A5
:103B3000B1F5B27F03D0803100234350704710B5F8
:103B4000064C40F29F632246054906480BF072F985
:103B500040F29F6120460BF064F900BFD0E70400FB
:103B600054E8040034900400A1F16003DBB2082B98
:103B700006D840F2111222FA03F313F0010F03D119
:103B8000803100234350704710B5064C40F27663F5
:103B90002246054905480BF04DF940F27661204672
:103BA0000BF03FF9D0E704007CE8040034900400F7
:103BB000F8B506460F46D0F8103523F00203C0F8DA
:103BC000103540F6FF73C0F8283300240CE0A50040
:103BD00005F580713046FFF7ABFF05F0FC0130467C
:103BE000FFF7C2FF0134E4B20B2CF0D90123336696
:103BF0006FB1074B074A1068074AA2FB0020800CF0
:103C000000EB4000C0EB401043F001039847F8BDC3
:103C1000308F0400B406002083DE1B4310B50B294F
:103C20000DD8B3F5801F17D252314FEA011C00EBBB
:103C3000011140F80C20C3F313034B6010BD0D4C71
:103C40004FF4A06322460C490C480BF0F3F84FF4F4
:103C5000A06120460BF0E5F8064C40F202532246E4
:103C6000074906480BF0E6F840F2025120460BF0F7
:103C7000D8F800BFD0E70400DCE80400349004006A
:103C8000F0E804000B290AD8002A08DB22F00042E1
:103C900042EAC37300EB0110C0F82835704710B535
:103CA000064C40F216532246054906480BF0C2F86E
:103CB00040F2165120460BF0B4F800BFD0E70400E4
:103CC00058E90400349004000B2906D852310B0146
:103CD00000EB01114968C058704710B5064C40F21E
:103CE0000B532246054906480BF0A4F840F20B514D
:103CF00020460BF096F800BFD0E70400DCE8040093
:103D00003490040030B583B004460191EFF311857F
:103D1000402383F31288BFF36F8F0C4B5A68019BCB
:103D20001340019301A810F03EFD002808DB07496D
:103D30004B680122824023EA02034B60207000207E
:103D400085F31188BFF36F8F03B030BDD802002018
:103D5000F0B583B0334BD3F82C6328E0324C40F2FB
:103D6000B7332246314932480BF064F840F2B7319C
:103D700020460BF056F804F10C022E4B03EBC20365
:103D80001A685B684FEA850C2B4F57F80C1071B11D
:103D9000002147F80C10274F04EB440C07EB8C0C68
:103DA000DCF80C10DCF81000009028468847002E44
:103DB00036D096FAA6F5B5FA85F50123AB40D9437E
:103DC00026EA03061B4B5A1992F8544004EB4402AE
:103DD00003EB82031B7DAB42C0D104EB4402154BC5
:103DE00003EB8203DB689BB1144AD2E8EF3F03EA9E
:103DF0000100C2E8E70F002FF7D1EB4013F0010FED
:103E0000B9D029460748FFF75FFF02460B46B9E7DE
:103E1000AD00094B5A59002AC9D000225A51C6E7B1
:103E200003B0F0BD00200E5010E9040094E9040036
:103E300034900400D802002000210E5060030020BE
:103E40000E4B1B78012B0AD10D4BD3E900014FF02B
:103E5000FF3383426FF040438B41F5D3704710B579
:103E6000084C40F219132246074908480AF0E2FFBD
:103E700040F2191120460AF0D4FF00BFD8020020FA
:103E800040270E5010E90400B8E904003490040003
:103E900010B40A4C231893F8543003EB430C04EB92
:103EA0008C0CCCF80C10CCF810208CF814000123EA
:103EB0008340034AC2F8243310BC7047D802002064
:103EC00000200E5030B585B01F4B1C78002C38D127
:103ED00005461E4A01AB07CA83E807001C49D1F812
:103EE000102522F00202C1F810251846FFF704FE43
:103EF000672011F0CAF8052810D06FF08B001EE083
:103F0000204611F0F1F8104B04EB440103EB810162
:103F10000875034483F854400134E4B2042CEFD90B
:103F20000B4C00232A466721204611F0F2F80121AC
:103F30002046FFF73DFE044B01221A70002005B019
:103F400030BD6FF07700FAE7D8020020448A040001
:103F500000200E5038B5204B1B78012B1BD1054695
:103F60000C46FFF77FFD80BB29461C4811F06CF81A
:103F70001B4B1B681B4AA2FB03239B0C03EB431345
:103F8000B3B1164AD2F84007D2F8442712F0804F56
:103F90000ED0013BF4E7144C40F2062322461349AD
:103FA00013480AF047FF40F2062120460AF039FF85
:103FB00073B14FF0FF312046FFF7A4FE002803DB6A
:103FC0002078FFF75BFD002038BD6FF07700FBE73E
:103FD0006FF07300F8E700BFD802002000200E50F9
:103FE000B406002083DE1B4310E90400B8E9040096
:103FF00034900400F8B5044616461D469DF8187026
:1040000011F061F8E0B9184A131993F854300C33E1
:1040100002EBC30142F833604D60F7B132462B46E4
:1040200021461248FFF7FAFDA400114F3B59D3B1C6
:10403000FFF706FFB042A94115D200233B5112E021
:104040000C4C40F2BB2322460B490C480AF0F2FE0E
:1040500040F2BB2120460AF0E4FE32462B462146C0
:104060000248FFF7DBFDF8BDD802002000200E500B
:1040700000210E5010E90400E4E90400349004002B
:1040800070B505460C46164611F01DF8B8B9124930
:104090004B1993F854C00CF10C0C01EBCC0251F805
:1040A0003C005368201843F1000341F83C00536082
:1040B0003346224629460948FFF7E4FD70BD084C07
:1040C00040F219332246074907480AF0B3FE40F28E
:1040D000193120460AF0A5FED802002000200E501B
:1040E00010E90400E4E90400349004004A78202A2E
:1040F00005D80B7843EA0223C0F80035704710B5A5
:10410000064C40F2D6232246054906480AF092FEA4
:1041100040F2D62120460AF084FE00BF04EA0400E3
:1041200038EA04003490040000B583B08DF8040030
:104130008DF8051001A9034811F00FF803B05DF8E0
:1041400004FB00BF00B0045070B5044643691BB3C4
:104150009847054648B100F1FF03FE2B0CD84542B5
:10416000FF2D00DDFF25E3681D70E268537843F002
:1041700001035370684270BD084E2123324608493E
:1041800008480AF057FE2A46216807480AF052FEFE
:10419000212130460AF045FE0025E6E760EA0400EA
:1041A00084EA0400349004009CEA040004280CD83B
:1041B000DFE800F0030D05070900064870470648D0
:1041C00070470648704706487047064870470648DB
:1041D000704700BFC4EA0400E8EA0400F8EA0400FB
:1041E00004EB040014EB0400D4EA040030B108B579
:1041F00011F0B8F920B1037823B108BD0248704727
:104200000148FAE70048F8E728B5040010B504466D
:10421000EDF7A6FC034A012103480BF001F9204603
:1042200010F0BBFF24EB0400248904002DE9F047C3
:1042300082B000AF05460C46EFF31188402383F3AC
:104240001288BFF36F8FDFF8E491D9F80860FFF7A9
:10425000ADFF99F81010E94601233B7103237B71F0
:104260008AB0EC461CF1100221D04FF0160E5AB164
:104270007346BEF1040F03DDDFF8B4A1CCF814A03F
:10428000082B01DDCCF8185001233B7003237B7011
:10429000D2B17346BEF10C0F01DDCCF81C00102B1F
:1042A00001DDCCF820100CF1240300210AE06FF0AE
:1042B000004EDCE701F10800384410F8080C03F860
:1042C000010B01310129F5D9BEF1150F50DD16237F
:1042D0004AB10521397100217971B9710121F97152
:1042E0007868CCF81000002121F0010121F00201D2
:1042F00021F0040121F03801012060F38811C3F39B
:104300000A0363F35321C1F3130100234948EDF776
:1043100093FDCD461CB1E369C3F308035BBB304694
:10432000FFF764FFE94601233B7103237B718AB0E9
:10433000EC461CF1100224D04FF0120E52B173461D
:10434000BEF1040F02DD3C49CCF81410082B01DD4E
:10435000CCF8186001233B7003237B70F2B1BEF1EF
:104360000C0F01DDCCF81C000CF12003002113E040
:104370006FF01B03ACE7314A01212E480BF050F8D7
:10438000CDE76FF0004ED9E701F10800384410F88E
:10439000080C03F8010B01310129F5D9BEF1110F09
:1043A00033DD12234AB10421397100217971B971C9
:1043B0000121F9717868CCF81000002121F0010189
:1043C00021F0020121F0040121F03801012060F305
:1043D0008811C3F30A0363F35321C1F313010023CC
:1043E0001448EDF729FDCD4621462846FFF70EFF7C
:1043F000042D0DD088F31188BFF36F8F3046EFF78F
:104400006FFF0837BD46BDE8F0876FF01B03C9E7B3
:104410000B4C872322460B490B480AF00BFD0B4837
:104420000AF008FD872120460AF0FBFC1CE400206E
:1044300034EB04002489040080EB04005CEB0400EE
:1044400098EB0400BCEB040034900400DCEB0400A7
:1044500010B586B0B823104C03FB004400EB800C71
:104460000E4B03EB8C030E4A0592012204920F229D
:10447000039200220292019200930A4B4FF4A07221
:10448000094901EB8C11204602F0FCFB237C23F050
:104490000403237406B010BD486100201CE4002012
:1044A00014EC04008D4B0300C82901200C4B00E0E4
:1044B0001C330C4A934203D80A4A9342F8D37047FC
:1044C00010B5094CCC232246084909480AF0B2FC31
:1044D00008480AF0AFFCCC2120460AF0A2FC00BF3D
:1044E0000C7D0400D07D04001CEC040040EC0400B2
:1044F0003490040064A0040038B505460B4B53F813
:10450000204002E02368984708346B1C074A52F8A1
:104510002330A34209D960680028F3D0037E13F04A
:10452000010FF1D1FFF710FEEEE738BD840605005C
:1045300008B553EA020102D103F074FD08BD024937
:10454000183004F029FAF9E78D75030010B586B02C
:10455000294C14E0636A0593236A0493E369039387
:10456000A36902936369019323690093E368A268D6
:104570006168206802F086FB23685C6530341F4B5D
:104580009C4206D81D4B9C42E4D303F059FA1A4CC6
:104590000EE01B4C442322461A491B480AF04AFCF1
:1045A0001A480AF047FC442120460AF03AFC30340D
:1045B000124B9C420ED8114B9C4219D2A26AE36A5C
:1045C000B3F1FF3F08BFB2F1FF3FF0D02068FFF723
:1045D000AFFFECE70A4C682322460A490A480AF072
:1045E00029FC0A480AF026FC682120460AF019FC3A
:1045F00003F0A6FA06B010BD4886040078860400D1
:104600001CEC040058EC04003490040064A0040086
:1046100008B50A4B01221A700320FFF76DFF11F055
:10462000F9F80420FFF768FFFFF790FFE9F770F94A
:10463000034A938923F00103938108BD9DE800207C
:104640000062002008B50146014A0248EFF710FE5B
:10465000114603000062002010B50446FFF7F8FE83
:10466000B8230A4903FB0411094A04EB840302EB53
:104670008303D9601C74074B03EBC42303F5006369
:1046800004EB840402EB8402536010BD48610020F7
:104690001CE40020C821012070B586B003F034FB73
:1046A000104D114B5D61114B0593012304930024C0
:1046B00003940294019400940D4B4FF400620D4951
:1046C000284602F0DFFA06462B7C23F004032B7405
:1046D000284602F0B5FE2046FFF7BEFF304606B082
:1046E00070BD00BF006200201CE4002088EC0400C4
:1046F00011460300082B012008B50020FFF7FCFE3F
:104700001A4B03F5006282F3088883F30A88184C79
:10471000E02384F822302023E37700232376637696
:10472000A37684F82030626A42F4E022626284F860
:104730002330EFF75FFCEFF7BDFD4FF0FF33A362CF
:10474000E362F0F713F9EFF749FEEDF73DF9094899
:1047500002F09EFBFFF7AAFE0120FFF7CDFE02202C
:10476000FFF7CAFEFFF798FFFFF76CFFC821012093
:1047700000ED00E09063002010B50F4C05E0A2684A
:104780006168204610F011FD18340C4B9C4204D88F
:104790000A4B9C42F3D3002010BD094C252322462E
:1047A000084909480AF046FB08480AF043FB25215E
:1047B00020460AF036FB00BF240800202408002011
:1047C00094EC040004ED04003490040064A00400A0
:1047D000F8B504460E4600F11405EFF311874023A7
:1047E00083F31288BFF36F8F284604F027F880B157
:1047F000284604F04DF831462046EBF725F804F141
:104800000C0003F033FA98B13946284610F023FF24
:10481000F8BD144C84232246134914480AF00AFBBD
:10482000294613480AF006FB842120460AF0F9FACB
:10483000284604F013F820B187F31188BFF36F8F77
:10484000E6E7084C4FF4997322460A4907480AF0F4
:10485000F1FA294608480AF0EDFA4FF4997120461A
:104860000AF0DFFAEC9D04001C9E04003490040062
:10487000349E04004C9E0400649E040010B50F4C4E
:1048800000200F4B9C4209D80D4B9C4214D220466D
:1048900010F095FC00280FDB2034F2E7094CA2232E
:1048A0002246094909480AF0C5FA09480AF0C2FA3D
:1048B000A22120460AF0B5FA10BD00BFA4070020CF
:1048C0002408002020ED040048ED0400349004008A
:1048D00064A00400836863B14268036813605A608F
:1048E000002303604360027C22F0020202748360B2
:1048F000704710B5054CA4232246054905480AF027
:1049000099FAA42120460AF08CFA00BF68ED040051
:1049100094ED0400349004002DE9F04383B0044684
:104920000E4690461F4600F10805EFF3118940231B
:1049300083F31288BFF36F8F284603F07FFFF0B137
:10494000284603F0A5FF216900293AD031600968A3
:104950002161E3690133E36101B3204610F061FC9A
:1049600008B30024284603F079FF002841D089F3DA
:104970001188BFF36F8F204603B0BDE8F083254C4C
:1049800084232246244925480AF054FA294624481B
:104990000AF050FA842120460AF043FA62699342F1
:1049A000DBD10024DEE71F4CF72322461E491B48BB
:1049B0000AF040FA1D480AF03DFAF72120460AF0B5
:1049C00030FA57EA080304D1002333606FF00B0478
:1049D000C8E7CDF80080019722464946284602F0F4
:1049E00025FE04460028C6D1114B9B685B693360E5
:1049F000C1E7084C4FF4997322460E4907480AF064
:104A000019FA29460C480AF015FA4FF49971204614
:104A10000AF007FAEC9D04001C9E04003490040088
:104A2000349E040020ED0400ACED040028EE0400E8
:104A30001CE400204C9E0400649E04002DE9F0411B
:104A400004460D4610F0EDFB10B304F10806EFF339
:104A50001187402383F31288BFF36F8F304603F032
:104A6000EDFE28B3304603F013FF23697BB32369BF
:104A70002B602561E369013BE361304603F0EEFE04
:104A8000002859D087F31188BFF36F8FBDE8F081FC
:104A9000324C40F21F132246314932480AF0CAF91B
:104AA00031480AF0C7F940F21F1120460AF0B9F95F
:104AB0002E4C842322462E492A480AF0BBF931465F
:104AC0002C480AF0B7F9842120460AF0AAF9EFF33E
:104AD0001183402282F31288BFF36F8F83F3118812
:104AE000BFF36F8FD3B1D4F800804445BFD0B8F185
:104AF000000FBCD04046FFF7EDFE08F1180004F0AF
:104B00003FF80023C8F8B430C8F81450404602F00B
:104B100097FC3946304610F09EFDB7E7164CBB2394
:104B2000224616490F480AF085F915480AF082F91D
:104B3000BB2120460AF075F90C4C4FF499732246BC
:104B4000104908480AF076F931460F480AF072F920
:104B50004FF4997120460AF064F900BF20ED04007B
:104B60008CF804003490040044EE0400EC9D040032
:104B70001C9E0400349E040068ED040068EE0400EE
:104B800000ED04004C9E0400649E040008B50D4B2B
:104B90009B6893F90E30002B09DBEFF31183402360
:104BA00083F31288BFF36F8F0AF0A2FEF5E7064C7D
:104BB0001C232246054906480AF03CF91C212046E0
:104BC0000AF02FF91CE4002080EE0400A4EE04009B
:104BD00034900400EFF31183402282F31288BFF374
:104BE0006F8F0BB100BF704710B5074C632322468F
:104BF000064907480AF01EF906480AF01BF9632126
:104C000020460AF00EF900BF80EE0400CCEE04004E
:104C100034900400F0EE0400836863B142680368D6
:104C200013605A60002303604360027C22F002029A
:104C300002748360704710B5054CA42322460549D1
:104C400005480AF0F7F8A42120460AF0EAF800BF68
:104C500068ED040094ED0400349004002DE9F04761
:104C600082B00446884616461D469DF828A0EFF3FC
:104C7000058313B155EA02033ED104F10807EFF3AF
:104C80001189402383F31288BFF36F8F384603F0F6
:104C9000D5FD00283ED0384603F0FAFD626A23694C
:104CA0009A4280F08B80EFF31183402282F31288C6
:104CB000BFF36F8F83F31188BFF36F8F002B38D052
:104CC0002568AC4243D0002D41D02846FFF7A4FF11
:104CD00005F1180003F054FFE26841466869E0F707
:104CE000AFFA0024C5F8B440284602F0A9FB4946B3
:104CF000384610F0B0FC6EE0484C992322464849F3
:104D000048480AF097F848480AF094F89921204654
:104D10000AF087F8454C84232246454941480AF069
:104D200089F8394643480AF085F8842120460AF07C
:104D300078F8414CBB23224640493A480AF07AF8B9
:104D400039480AF077F8BB2120460AF06AF8206A51
:104D50006569A84218D3A1694B1E984214D80B1A52
:104D6000E268934210D3BAF1000F18D1E3699D4273
:104D700022D0E069801AE0614146E0F761FA636A97
:104D80000133636200241EE0244CB42322462C49E4
:104D900024480AF04FF8B42120460AF042F8414670
:104DA000E0F74EFA236AE26813442362A269934251
:104DB000E5D163692362E2E7E161DAE755EA0603D8
:104DC0000DD16FF02204384603F048FDA0B189F3FD
:104DD0001188BFF36F8F204602B0BDE8F087194BF2
:104DE0009B68C3F8148000960195224649463846D0
:104DF00002F01CFC0446EEE70C4C4FF4997322467B
:104E0000114908480AF016F8394610480AF012F815
:104E10004FF4997120460AF004F800BF20EF040017
:104E2000B8EC04003490040000ED0400EC9D040094
:104E30001C9E0400349E040068ED040068EE04002B
:104E400044EF04001CE400204C9E0400649E040017
:104E50002DE9F04383B00446894616461D46EFF31C
:104E6000058313B155EA020325D104F10807EFF3D6
:104E70001188402383F31288BFF36F8F384603F005
:104E8000DDFC40B3384603F003FD636A93BB55EA8B
:104E9000060340F09C806FF02205384603F0DEFCEC
:104EA000002800F0A58088F31188BFF36F8F284693
:104EB00003B0BDE8F083574C4FF497732246564930
:104EC000564809F0B7FF564809F0B4FF4FF4977100
:104ED000204609F0A6FF534C8423224652494F48EE
:104EE00009F0A8FF3946514809F0A4FF8421204663
:104EF00009F097FFE268E1694846E0F7A1F9E36944
:104F0000E2681344E361A26993423FD0636A013BC4
:104F10006362EFF31183402282F31288BFF36F8F35
:104F200083F31188BFF36F8F002B32D02668B44211
:104F30005AD0002E5AD03046FFF76EFE06F1180008
:104F400003F01EFE206A6369984230D3A3695A1E9B
:104F500090422CD81B1AE268934228D37169E0F77B
:104F60006FF9236AE26813442362A26993422BD04B
:104F7000636A013363620025C6F8B450304602F01C
:104F80005FFA4146384610F066FB90E76369E361DB
:104F9000BCE7274CBB2322462649204809F04AFF9C
:104FA0001F4809F047FFBB21204609F03AFF194C82
:104FB0004FF4A47322462049184809F03BFF4FF4F0
:104FC000A471204609F02DFF63692362D0E71B4BD3
:104FD0009B68C3F8149000960195224641463846D6
:104FE00002F024FB054662E7002556E7002554E75A
:104FF0000C4C4FF4997322461149084809F01AFFE6
:105000003946104809F016FF4FF49971204609F00F
:1050100008FF00BF20EF0400B8EC04003490040047
:1050200000ED0400EC9D04001C9E0400349E04006E
:1050300068ED040068EE040044EF04001CE4002066
:105040004C9E0400649E0400836863B14268036858
:1050500013605A60002303604360027C22F0020266
:1050600002748360704710B5054CA423224605499D
:10507000054809F0DFFEA421204609F0D2FE00BF5A
:1050800068ED040094ED0400349004002DE9F04133
:1050900082B0EFF3058100292ED1044616461D4645
:1050A000EFF31187402383F31288BFF36F8F7848A3
:1050B00003F0C4FB00282DD0754803F0E9FBE1683C
:1050C000002936D1002940F08180724B9B6893F90A
:1050D0000E3023610131E1606E4B9B68A3606C4828
:1050E00003F0BCFB002873D087F31188BFF36F8FE8
:1050F000002002B0BDE8F081674C73232246674967
:10510000674809F097FE674809F094FE732120462E
:1051100009F087FE644C842322466449604809F004
:1051200089FE5B49624809F085FE8421204609F02A
:1051300078FEA268574B9B689A42C3D055EA060195
:1051400057D092F90E80414693F90E0010F087F87F
:1051500080456ADC4FF000080096019522463946EA
:105160004B4802F063FA0028C3D0EFF311854023C7
:1051700083F31288BFF36F8F454803F05FFB00286D
:1051800059D0434803F084FBA368002B64D0236804
:105190009C425FD0002B5DD0216993F90E0010F086
:1051A0005EF80146204610F065F8002857D1B8F1A6
:1051B000000F54D1364803F051FB002856D085F338
:1051C0001188BFF36F8F6FF00A0092E7236980E7C1
:1051D000354C4FF4997322463649314809F02AFE7E
:1051E0002B49354809F026FE4FF49971204609F005
:1051F00018FE274803F032FB30B187F31188BFF364
:105200006F8F6FF00F0074E7274C4FF499732246AD
:105210002849234809F00EFE1D49274809F00AFED7
:105220004FF49971204609F0FCFD0146204610F02C
:1052300021F8804690E71C4C842322461B491848DD
:1052400009F0F8FD12491A4809F0F4FD84212046BE
:1052500009F0E7FD2169A5E7B8F1000FAAD02946BA
:105260000B4810F0F8F96FF00A0042E70E4C4FF4CB
:10527000997322460F490A4809F0DCFD04490E489B
:1052800009F0D8FD4FF49971204609F0CAFD00BF1E
:1052900040E400201CE40020ECEF040010F00400C7
:1052A0003490040024F00400EC9D04001C9E0400D3
:1052B000349E04004C9E0400649E0400F8B5EFF395
:1052C000058393B904468368002B00F0A080534AFD
:1052D0009268934240F09E80C368A3B1012B1FD90E
:1052E000013BC36000263046F8BD4D4CEA23224600
:1052F0004C494D4809F09EFD4C4809F09BFDEA21C0
:10530000204609F08EFD464C4FF4817322464849F1
:10531000454809F08FFD4FF48171204609F081FD69
:10532000EFF31187402383F31288BFF36F8F414857
:1053300003F084FA68B33F4803F0AAFA21692046D3
:105340000FF098FFEFF31183402282F31288BFF32E
:105350006F8F83F31188BFF36F8F4BB32568A5421E
:1053600034D035B12846FFF76FFE05F1180003F081
:1053700007FCA5602E1E18BF01264DBB0023E3606D
:105380002C4803F06BFA88B387F31188BFF36F8F53
:10539000A9E7294C842322462849234809F04AFDDD
:1053A0002449274809F046FD8421204609F039FDAB
:1053B000244CBB23224624491B4809F03BFD2348CB
:1053C00009F038FDBB21204609F02BFD0025D0E770
:1053D00095F90E3023610026C5F8B460284602F026
:1053E0002FF83946134810F036F97CE7124C4FF489
:1053F0009973224616490C4809F01CFD0D491548C1
:1054000009F018FD4FF49971204609F00AFD6FF07C
:10541000150668E74FF0FF3665E700BF1CE4002083
:10542000ECEF040010F004003490040024F00400B9
:105430004CF0040040E40020EC9D04001C9E04009D
:10544000349E040068ED040068EE040000ED0400E2
:105450004C9E0400649E0400836863B14268036844
:1054600013605A60002303604360027C22F0020252
:1054700002748360704710B5054CA4232246054989
:10548000054809F0D7FCA421204609F0CAFC00BF5A
:1054900068ED040094ED0400349004002DE9F04719
:1054A00004468846164699469DF8205000F10807A4
:1054B000EFF3118A402383F31288BFF36F8F3846CE
:1054C00003F0BCF950B3384603F0E2F90DB1D4F85B
:1054D0000480EFF31183402282F31288BFF36F8FB1
:1054E00083F31188BFF36F8F3BB304F10C02E568BF
:1054F000AA4230D07DB32846FFF7AEFF05F1180071
:1055000003F03EFB314628460FF0FBFE514638467D
:1055100010F0A1F800242046BDE8F087264C842333
:1055200022462649264809F085FC3946254809F0D7
:1055300081FC8421204609F074FC234CBB232246C5
:1055400022491F4809F076FC214809F073FCBB2171
:10555000204609F066FCB9F1000F10D1002333603A
:105560003246414620460FF0A7FE0024384603F09D
:1055700075F980B18AF31188BFF36F8FCBE70820EC
:1055800003F0B6FF20B14660012202600646E7E75D
:105590006FF00B04EAE7084C4FF4997322460D496B
:1055A000074809F047FC39460B4809F043FC4FF423
:1055B0009971204609F035FCEC9D04001C9E040006
:1055C00034900400349E040068ED040068EE04008A
:1055D00000ED04004C9E0400649E04002DE9F0419F
:1055E00082B004461746984600F10805EFF311868D
:1055F000402181F31288BFF36F8F284603F01EF914
:10560000E0B1284603F044F92068002838D0036848
:1056100023F003032360626890421ED001210FF043
:1056200078FE0446284603F019F9C0B186F31188C4
:10563000BFF36F8F204602B0BDE8F081274C842372
:1056400022462749274809F0F5FB2946264809F054
:10565000F1FB8421204609F0E4FB6360DEE71F4C88
:105660004FF49973224621491E4809F0E3FB29466D
:105670001F4809F0DFFB4FF49971204609F0D1FB78
:1056800058EA07031AD1284603F0E8F828B186F350
:105690001188BFF36F8F0024CCE7104C4FF499733F
:1056A000224612490F4809F0C5FB2946104809F067
:1056B000C1FB4FF49971204609F0B3FB0097CDF878
:1056C000048004F10C023146284601F0AFFF18B9FE
:1056D000084B9B685C69ADE70024ABE7EC9D0400D8
:1056E0001C9E040034900400349E04004C9E040070
:1056F000649E04001CE4002070B5044600F1080517
:10570000EFF31186402383F31288BFF36F8F28468F
:1057100003F094F888B1284603F0BAF80021206815
:105720000FF0F7FD0446284603F098F8A0B186F381
:105730001188BFF36F8F204670BD104C8423224622
:105740000F49104809F076FB29460F4809F072FB13
:105750008421204609F065FB084C4FF499732246DA
:105760000A49084809F066FB2946094809F062FB26
:105770004FF49971204609F054FB00BFEC9D0400E2
:105780001C9E040034900400349E04004C9E0400CF
:10579000649E0400836863B14268036813605A60C2
:1057A000002303604360027C22F0020202748360E3
:1057B000704710B5054CA42322460549054809F059
:1057C00039FBA421204609F02CFB00BF68ED040042
:1057D00094ED04003490040070B50446EFF3118694
:1057E000402383F31288BFF36F8F344803F026F809
:1057F00020B3324803F04CF8EFF31183402282F3D8
:105800001288BFF36F8F83F31188BFF36F8F23B3B9
:105810002568AC422FD075B32846FFF7BBFF05F1D2
:10582000180003F0ADF90023C5F8B430284601F0A4
:1058300007FE314621480FF00EFF70BD204C842337
:1058400022462049204809F0F5FA1C491F4809F072
:10585000F1FA8421204609F0E4FA1D4CBB232246CC
:105860001C49194809F0E6FA1B4809F0E3FABB2184
:10587000204609F0D6FAA368E26893420BD00122D1
:105880001344A3600D4802F0E9FF30B186F311889C
:10589000BFF36F8FD1E70022F2E7094C4FF4997301
:1058A00022460E49084809F0C5FA04490C4809F097
:1058B000C1FA4FF49971204609F0B3FA44E400208C
:1058C000EC9D04001C9E040034900400349E0400EF
:1058D00068ED040068EE040000ED04004C9E040036
:1058E000649E0400F0B583B0044616461D46EFF3EF
:1058F000058111B155EA02031DD1EFF31187402351
:1059000083F31288BFF36F8F354802F097FF00B31F
:10591000334802F0BDFFA16800293AD00139A160E7
:105920002F4802F09BFF18B387F31188BFF36F8FE6
:10593000002003B0F0BD2B4C882322462A492B4877
:1059400009F078FA2A4809F075FA8821204609F00A
:1059500068FA284C842322462749244809F06AFA29
:105960001F49264809F066FA8421204609F059FAB1
:10597000204C4FF49973224621491C4809F05AFAE9
:105980001749204809F056FA4FF49971204609F05A
:1059900048FA55EA06031BD1114802F05FFF30B107
:1059A00087F31188BFF36F8F6FF00F00C1E7114CC1
:1059B0004FF49973224612490C4809F03BFA084902
:1059C000104809F037FA4FF49971204609F029FA86
:1059D0000096019522463946014801F027FEA8E7C6
:1059E00044E4002064F0040084F0040034900400D7
:1059F00000ED0400EC9D04001C9E0400349E040095
:105A00004C9E0400649E040000B583B0064B0093D6
:105A10004FF0FF334FF400620449054800F0EEFCFC
:105A2000002003B05DF804FB9C060500083301204C
:105A3000B862002080B338B50D4604461C4B9A6806
:105A4000D0F8B8309A421BD000231A46D4F8D4308C
:105A5000C3F38001C3F3C00013F0010F1FD001B1E5
:105A600002B300B109B300232B60D4F8C03073B186
:105A70001D60C4F8C05020460FF0E8FC012038BD7E
:105A80000FF06AFD08B90123DFE70023DDE7C4F862
:105A9000C050C4F8BC50EEE76FF0150070476FF0CF
:105AA0001200ECE76FF00F00E9E76FF00F00E6E798
:105AB0001CE4002070B50D46C36813F0020F30D10E
:105AC000044613F0040F31D10B68B3B1E36813F04F
:105AD000010F22D0A3689BB12B60022621462868C3
:105AE000FFF7A8FF00281EDBE36843F00403E36030
:105AF0002B68A3609EB1304617E083680B60E5E732
:105B00000B4C40F2571322460A490B4809F092F910
:105B100040F25711204609F084F90126DEE73046AD
:105B200001E06FF00F0000232B6070BD0020FAE74A
:105B3000E0F0040004F104003490040070B582B079
:105B40000446A0F11006EFF31185402383F3128879
:105B5000BFF36F8F324802F071FEF8B1304802F0A7
:105B600097FE0023019322696369B3F1004F08BFD8
:105B7000012A22D154F8043C23F0080244F8042CF2
:105B800013F0080F33D1264802F068FE002835D004
:105B900085F31188BFF36F8F02B070BD214C842351
:105BA00022462149214809F045F91D49204809F0BC
:105BB00041F98421204609F034F9194802F04EFEDB
:105BC00020B185F31188BFF36F8FE5E7154C4FF4D3
:105BD000997322461749154809F02CF910491648BF
:105BE00009F028F94FF49971204609F01AF9A369D0
:105BF000019301A93046FFF75DFFC4E7094C4FF45C
:105C0000997322460B49094809F014F904490A48D6
:105C100009F010F94FF49971204609F002F900BF1C
:105C200050E40020EC9D04001C9E0400349004000D
:105C3000349E04004C9E0400649E040038B5044663
:105C40000D460830012200210FF092FB6560002311
:105C50002360054B5B681BB11C60034B5C6038BD67
:105C6000014B5C601C60FAE748E4002010B5C36893
:105C700023F00203C360134B1C687CB1236803B19B
:105C80000CB100210FE02346FBE722460D480FF040
:105C900097FB04F10800FFF79FFD10BD2346F0E7D6
:105CA0001A461C461346002CF7D062688242ECD09C
:105CB0002146002BF4D01A68002AF2D0002BF0D134
:105CC0001A46EEE748E40020F0B585B0054694E0BA
:105CD000864C842322468649864809F0ABF88649DB
:105CE000864809F0A7F88421204609F09AF8D5F8EB
:105CF000D43023F00402C5F8D42013F0040F12D1DD
:105D000012F0100F18D00023C5F8D4307A4802F0F2
:105D1000A5FD00B386F31188BFF36F8F05B0F0BD0A
:105D2000C5F8C03086E005F1CC04002201212046F0
:105D300002F07EFB0028F8D1002302934FF0FF32DF
:105D40004FF0FF33CDE9002305F1C40231466A4824
:105D500002F0D6FB51E0654C4FF499732246684936
:105D6000644809F067F86449664809F063F84FF43D
:105D70009971204609F055F85C4C4FF4997322460E
:105D80005F495C4809F056F85B495E4809F052F8F3
:105D90004FF49971204609F044F85B4C40F2F3232C
:105DA00022465A49534809F045F840F2F32120466B
:105DB00009F037F84D4C842322464D494D4809F0EF
:105DC00039F84D494D4809F035F88421204609F04D
:105DD00028F820460FF05EFB5FE02046FFF746FF05
:105DE0005FE00024444802F039FD002869D086F3C2
:105DF0001188BFF36F8F002C74D1EFF3118640230D
:105E000083F31288BFF36F8F3B4802F017FD002821
:105E10003FF45EAF384802F03BFDD5F8BC40002CA3
:105E20003FF465AF2368C5F8BC30D5F8C020944274
:105E30003FF476AFD5F8D43043F00203C5F8D43040
:105E4000E36843F00102E26023F0040343F001033E
:105E5000E3606768284802F001FD00288CD086F3D3
:105E60001188BFF36F8F002F97D02046B847EFF30C
:105E70001186402383F31288BFF36F8F1E4802F010
:105E8000DDFC002896D01C4802F002FDE36823F0F8
:105E90000103E36013F0100F9BD1E36813F0020FCE
:105EA0009BD1D5F8D43023F00203C5F8D43013F4D5
:105EB000807F96D1D5F8BC300BB1012492E7002445
:105EC00090E70A4C4FF4997322460D49094808F0AF
:105ED000B1FF09490B4808F0ADFF4FF49971204616
:105EE00008F09FFF01F018FF87E700BFEC9D04005A
:105EF0001C9E04003490040050E40020349E0400F2
:105F00004C9E0400649E0400E0F0040020F10400B4
:105F100008B58446084653EA02010CD0C16841F036
:105F20000801C160DCF8001081620549103002F000
:105F300033FD012008BD6146FFF7BCFDFAE700BF55
:105F40003D5B030010B538B189B1002202604260A8
:105F50008260C260416010BD0A4C9C2322460A49FF
:105F60000A4808F067FF9C21204608F05AFF054CBC
:105F70009D2322460649054808F05CFF9D212046E6
:105F800008F04FFFE0F0040038F104003490040002
:105F900020F1040010B504461030012200210FF05A
:105FA000E7F904492046FFF7CDFFE36843F010030B
:105FB000E36010BD0754040038B5C36803F005035F
:105FC000002B14BF0124002409D085684DB10A4676
:105FD000014628460FF083FA28460FF037FA20468C
:105FE00038BD064C40F2C11322460549054808F069
:105FF00021FF40F2C111204608F013FFE0F0040039
:106000004CF104003490040070B50446EFF311869F
:10601000402383F31288BFF36F8F1A4802F00EFCFF
:1060200080B1184D284602F033FCE46804F01F04E8
:10603000284602F013FCA0B186F31188BFF36F8FDE
:10604000204670BD104C842322461049104808F0A9
:10605000F1FE0C490F4808F0EDFE8421204608F0BF
:10606000E0FE094C4FF4997322460B49084808F0AA
:10607000E1FE2946094808F0DDFE4FF499712046FB
:1060800008F0CFFE50E40020EC9D04001C9E0400AC
:1060900034900400349E04004C9E0400649E04006E
:1060A00070B582B0019009B30C464B685BB3EFF357
:1060B0001186402383F31288BFF36F8F284802F0C4
:1060C000BDFB68B3264D284602F0E2FB01A920463D
:1060D000FFF7F0FC0446284602F0C0FB78B386F3D5
:1060E0001188BFF36F8F204602B070BD1D4C40F287
:1060F0007D1322461C491D4808F09CFE40F27D118C
:10610000204608F08EFE174C4FF4BF732246184904
:10611000164808F08FFE4FF4BF71204608F081FE4C
:10612000144C842322461449104808F083FE0C497D
:10613000124808F07FFE8421204608F072FE0D4CC4
:106140004FF4997322460E49084808F073FE294619
:106150000C4808F06FFE4FF49971204608F061FE7C
:1061600050E40020E0F0040038F104003490040012
:1061700064F10400EC9D04001C9E0400349E0400A5
:106180004C9E0400649E040008B5014601480FF0CF
:10619000C4F908BDB8620020F8B568B30C460546DE
:1061A000C36813F4807F34D10FF0D6F900283DD1B5
:1061B000002C48D0EFF31187402383F31288BFF3FC
:1061C0006F8F3C4802F03AFB002849D0394E3046E8
:1061D00002F05EFB21462846FFF7EEFE05463046FC
:1061E00002F03CFB00284AD087F31188BFF36F8F81
:1061F000002D55D12846F8BD2F4C40F2CD13224634
:106200002E492F4808F016FE40F2CD11204608F026
:1062100008FE294C4FF4E77322462A49284808F023
:1062200009FE4FF4E771204608F0FBFD224C40F2D6
:10623000CF1322462449224808F0FCFD40F2CF113A
:10624000204608F0EEFD1C4C4FF4E87322461F492F
:106250001B4808F0EFFD4FF4E871204608F0E1FD1F
:106260001B4C842322461B49154808F0E3FD1149C5
:10627000194808F0DFFD8421204608F0D2FD144CB7
:106280004FF49973224615490D4808F0D3FD314665
:10629000134808F0CFFD4FF49971204608F0C1FD76
:1062A00004F110004FF0FF324FF0FF33FFF71AFBFD
:1062B000A0E700BF50E40020E0F0040038F1040043
:1062C0003490040084F10400D8960400B4F1040072
:1062D000EC9D04001C9E0400349E04004C9E0400AF
:1062E000649E040070B508B30446C36813F4807F4D
:1062F00029D1EFF31186402383F31288BFF36F8F08
:10630000274802F09BFA58B3254D284602F0C0FA00
:1063100020460FF086F80446284602F09FFA70B334
:1063200086F31188BFF36F8F204670BD1D4C40F27D
:106330002B2322461C491D4808F07CFD40F22B21EE
:10634000204608F06EFD174C4FF40B732246184997
:10635000164808F06FFD4FF40B71204608F061FD00
:10636000144C842322461449104808F063FD0C495C
:10637000124808F05FFD8421204608F052FD0D4CC4
:106380004FF4997322460E49084808F053FD2946F8
:106390000C4808F04FFD4FF49971204608F041FD7C
:1063A00050E40020E0F0040038F1040034900400D0
:1063B00084F10400EC9D04001C9E0400349E040043
:1063C0004C9E0400649E040010B520B1D822002128
:1063D00006F0F2FC10BD064C40F226332246054979
:1063E000054808F027FD40F22631204608F019FD47
:1063F000E0F004004CF1040034900400F0B589B0E2
:106400000E9D002843D0044600294DD0D0F8D4007A
:1064100010F0010F55D10020C4F8BC00C4F8C00032
:1064200004F1C400C4F8C400C4F8C80004F1CC00EE
:10643000C4F8CC00C4F8D000002D4FD02879002833
:106440004ED10120C4F8D4004FF0FF364FF0FF3793
:10645000CDE9066700200490039302900190009418
:10646000214B204600F0D6FC55B1296811B12046D9
:1064700000F0F6FB6B791BB1A38943F00103A38104
:10648000204601F0CFFDC4F8B84009B0F0BD174C6C
:1064900040F2533322461649164808F0CBFC40F22E
:1064A0005331204608F0BDFC104C4FF45573224682
:1064B0001149104808F0BEFC4FF45571204608F011
:1064C000B0FC0A4C40F2553322460C49094808F00A
:1064D000B1FC40F25531204608F0A3FC0120B1E7A1
:1064E00040F20110AEE700BFC95C0300E0F0040019
:1064F000FCF104003490040004F20400C8F104002C
:1065000070B584B000283AD00D4604460FF024F848
:10651000002841D1EFF31186402383F31288BFF3A3
:106520006F8F394802F08AF9002842D0364802F0CD
:10653000AFF9D4F8D43013F0060F04D11DB9D4F854
:10654000BC20002A44D043F00402C4F8D4201DB17A
:1065500043F00C03C4F8D43020460EF077FF00233C
:1065600002934FF0FF324FF0FF33CDE9002304F1E7
:10657000CC023146244801F0C3FF04B070BD234C67
:1065800040F2863322462249224808F053FC40F26A
:106590008631204608F045FC1C4C40F287332246E9
:1065A0001D491C4808F046FC40F28731204608F09F
:1065B00038FC1A4C842322461949164808F03AFC44
:1065C0001149184808F036FC8421204608F029FCBF
:1065D0000D4802F043F928B186F31188BFF36F8F9D
:1065E0000020CAE70D4C4FF4997322460E49094822
:1065F00008F020FC04490D4808F01CFC4FF4997188
:10660000204608F00EFC00BF50E40020E0F004003B
:10661000FCF1040034900400D8960400EC9D0400C2
:106620001C9E0400349E04004C9E0400649E0400E2
:1066300038B558B10C460546A9B13022002106F004
:10664000BBFB6C604FF48073EB6038BD0C4C40F2C8
:106650000F4322460B490C4808F0ECFB40F20F4177
:10666000204608F0DEFB064C4FF4826322460749C1
:10667000054808F0DFFB4FF48261204608F0D1FBAB
:10668000E0F004000CF204003490040020F1040057
:10669000F0B583B0019010B30C4616461D4659B3B1
:1066A000EFF31187402383F31288BFF36F8F2D48D8
:1066B00002F0C4F868B32B4802F0EAF8E36813F07C
:1066C0001E0F35D00024274802F0C8F8002837D024
:1066D00087F31188BFF36F8F204603B0F0BD224CC3
:1066E00040F2864322462149214808F0A3FB40F2AC
:1066F0008641204608F095FB1B4C40F2874322461A
:106700001C491B4808F096FB40F28741204608F0E0
:1067100088FB194C842322461849154808F08AFB47
:106720001049174808F086FB8421204608F079FBC1
:1067300032462B46214601A8FFF7EAFB0446C2E792
:106740000D4C4FF4997322460E49094808F072FB2C
:1067500004490D4808F06EFB4FF49971204608F08B
:1067600060FB00BF50E40020E0F004004CF10400A6
:10677000349004000CF20400EC9D04001C9E040004
:10678000349E04004C9E0400649E040008B501463B
:106790000148FFF77DFF08BDB86200202DE9F041F8
:1067A00082B0019040B30C4617461D4689B3EFF303
:1067B0001188402383F31288BFF36F8F2B4802F0B8
:1067C0003DF898B3294E304602F062F820460EF0AC
:1067D0006AFE3A462B46214601A8FFF799FB04467C
:1067E000304602F03BF880B388F31188BFF36F8F17
:1067F000204602B0BDE8F0811D4C40F2A94322467C
:106800001C491D4808F016FB40F2A941204608F03B
:1068100008FB174C40F2AA4322461849164808F0D4
:1068200009FB40F2AA41204608F0FBFA144C8423ED
:1068300022461449104808F0FDFA0C49124808F0A5
:10684000F9FA8421204608F0ECFA0D4C4FF49973C4
:1068500022460E49084808F0EDFA31460C4808F087
:10686000E9FA4FF49971204608F0DBFA50E4002071
:10687000E0F004004CF10400349004000CF2040039
:10688000EC9D04001C9E0400349E04004C9E0400F9
:10689000649E040008B501460148FFF77FFF08BD6C
:1068A000B862002070B5E8B10446EFF311864023CA
:1068B00083F31288BFF36F8F214801F0BFFFF0B15F
:1068C0001F4D284601F0E4FF20460EF000FE04466E
:1068D000284601F0C3FF08B386F31188BFF36F8F1A
:1068E000204670BD174C40F2CB432246164917484C
:1068F00008F0A0FA40F2CB41204608F092FA144C7E
:10690000842322461349114808F094FA0C4912488E
:1069100008F090FA8421204608F083FA0C4C4FF4DA
:10692000997322460D49094808F084FA29460C4813
:1069300008F080FA4FF49971204608F072FA00BF0F
:1069400050E40020E0F004000CF204003490040055
:10695000EC9D04001C9E0400349E04004C9E040028
:10696000649E04002DE9F04168B30C4606460029F8
:1069700036D00EF0F1FD054600283ED1EFF3118828
:10698000402383F31288BFF36F8F3B4801F056FF1B
:1069900000283FD0384801F07BFFF36803F01F0365
:1069A000002B14BF0127002743D1334801F056FFC5
:1069B000002847D088F31188BFF36F8F002D52D184
:1069C0003846BDE8F0812D4C40F2DC4322462C498C
:1069D0002C4808F02FFA40F2DC41204608F021FA5A
:1069E000264C40F2DD4322462749264808F022FA89
:1069F00040F2DD41204608F014FA204C40F2DE431C
:106A0000224622491F4808F015FA40F2DE4120468E
:106A100008F007FA1E4C842322461E49194808F044
:106A200009FA15491C4808F005FA8421204608F0A7
:106A3000F8F930460EF04BFD214630460EF01BFDB6
:106A40000546B2E7124C4FF49973224613490D489C
:106A500008F0F0F90849124808F0ECF94FF4997180
:106A6000204608F0DEF904F108004FF0FF324FF045
:106A7000FF33FEF737FFA3E750E40020E0F0040007
:106A80000CF2040034900400B4F10400D896040021
:106A9000EC9D04001C9E0400349E04004C9E0400E7
:106AA000649E0400836863B14268036813605A609F
:106AB000002303604360027C22F0020202748360C0
:106AC000704710B5054CA42322460549054808F037
:106AD000B1F9A421204608F0A4F900BF68ED040034
:106AE00094ED040034900400F8B50546EFF31187E7
:106AF000402383F31288BFF36F8F484801F09EFE56
:106B0000D8B1464801F0C4FEEFF31183402282F36E
:106B10001288BFF36F8F83F31188BFF36F8FDBB1E0
:106B20002C68A54234D034B12046FFF7BBFF04F1F6
:106B3000180002F025F800262DE0394C8423224667
:106B40003849394808F076F93449384808F072F97C
:106B50008421204608F065F9354CBB23224635498F
:106B6000314808F067F9344808F064F9BB21204641
:106B700008F057F92E4CBB2322462E492A4808F02C
:106B800059F92D4808F056F9BB21204608F049F97B
:106B90000024D0E7002404B301360023C4F8B43045
:106BA000204600F04DFCEFF31183402282F312885F
:106BB000BFF36F8F83F31188BFF36F8F002BD9D092
:106BC0002C68A542E6D0002CE5D02046FFF76AFFEE
:106BD00004F1180001F0D4FFDDE7CEB90F4801F051
:106BE0003DFE20B187F31188BFF36F8F14E00C4C8A
:106BF0004FF49973224611490B4808F01BF90749D5
:106C00000F4808F017F94FF49971204608F009F978
:106C1000394602480EF01FFD3046F8BD54E400200E
:106C2000EC9D04001C9E040034900400349E04007B
:106C300068ED040068EE040000ED04004C9E0400C2
:106C4000649E040008B553EA020102D101F0EAF99A
:106C500008BD0249183001F09FFEF9E78D75030069
:106C600010B5044640B11F2204F17C0006F060F923
:106C7000002084F89B0010BD014B9C68F3E700BF27
:106C80001CE400202DE9F04F85B004460E4617465F
:106C90001D46DDF838B0DDF83CA0DDF84090DDF8A9
:106CA0004480B8F10F0F5DD008F110031E2B5DD8A2
:106CB00004F15803A365E365129B04224146204674
:106CC0000EF052FC3A46314620460EF030FC0746A4
:106CD000CDF80890CDF804A0CDF800B02B460246C0
:106CE00031462046EDF7A2FA00236365A566C4F895
:106CF0006CB0C4F870A0C4F87490EFF31186402310
:106D000083F31288BFF36F8F364801F097FD002898
:106D100040D0344D284601F0BBFD334B1A6AA267C0
:106D20001C62284601F09AFD002842D086F31188A3
:106D3000BFF36F8F139B002B4CD01F22194604F119
:106D40007C0006F0F5F8002384F89B30264B9B6806
:106D5000002B43D0D3F8A830C4F8A830384605B08B
:106D6000BDE8F08F214B9D429ED1A1E7204C40F21F
:106D70004B2322461F49204808F05CF86FF00F03B0
:106D80000E2241461D4808F055F840F24B2120469E
:106D900008F047F81A4C842322461A49164808F08E
:106DA00049F81049184808F045F88421204608F0B1
:106DB00038F8134C4FF49973224614490E4808F0E2
:106DC00039F82946124808F035F84FF499712046F1
:106DD00008F027F8002384F87C30B7E7C4F8A8301F
:106DE000BCE700BF68E400201CE400208D4B0300DA
:106DF00024F2040048F2040034900400C8F20400B5
:106E0000EC9D04001C9E0400349E04004C9E040073
:106E1000649E040070B586B00446109E119DEFF389
:106E20000580B8B9002005900E9804900D98039045
:106E30000C9802900B9801900A9800902046FFF75A
:106E400021FFB5F1FF3F08BFB6F1FF3F12D1204649
:106E500006B070BD0A4C40F21733224609490A4871
:106E600007F0E8FF094807F0E5FF40F21731204638
:106E700007F0D7FF32462B462046FFF7E3FEE6E752
:106E800024F2040010F0040034900400FCF204002A
:106E90000123037483810023C0F89C30C0F8A03024
:106EA000C0F8A830014B9860704700BF1CE4002078
:106EB000014628B1154B9B681B7C13F0090F15D0B8
:106EC000124A9368C3F8B0106FF00A01C3F8B41007
:106ED0000F494B6843F080534B60002383F31188C4
:106EE000BFF36F8F9368D3F8B400704710B5094CA7
:106EF000D92322460849094807F09CFF084807F0B3
:106F000099FFD921204607F08CFF00BF1CE4002028
:106F100000ED00E024F3040050F30400349004007A
:106F2000BCF30400836863B14268036813605A606D
:106F3000002303604360027C22F00202027483603B
:106F4000704710B5054CA42322460549054807F0B3
:106F500071FFA421204607F064FF00BF68ED040024
:106F600094ED040034900400037C90F91020002A72
:106F70007DDB13F01F0F7AD110B543F0800303744B
:106F80003B4A90423ED013F0010F46D1394A52F8A5
:106F9000183F934255D083B190F90E1093F90E200B
:106FA000914202D0521A002A42DC1946314AD26973
:106FB000934202D01B68002B40D12E4BDA6903F1BB
:106FC0001801016042601060D8612A4B53F8184FD5
:106FD0009C4238D0002C36D0264B9B68002B35D0F5
:106FE0001A7C12F01F0F05D1DA897F2A02D9A26913
:106FF000002A39D0A34202D0204601F077FB1D4B76
:107000005C6110BD1C4C522322461C491C4807F0F1
:1070100011FF5221204607F004FF174C532322464C
:107020001849174807F006FF5321204607F0F9FEDC
:107030005A684260036010605860C6E70029AAD110
:10704000BBE70023A7E70B4BDC68C5E70E4CEA2340
:1070500022460E490A4807F0EDFE0D4807F0EAFE09
:10706000EA21204607F0DDFE024A5361C9E7704776
:10707000486100201CE40020E4F3040008F404004C
:10708000349004002CF4040048F4040074F4040068
:1070900000ED040010B5037C90F91020002A1DDBE0
:1070A0002C4B9A6853F8184F9C423ED0002C3CD091
:1070B00082420BD0002A3BD0137C13F01F0F05D166
:1070C000D3897F2B02D9A369002B3FD0A24202D0E3
:1070D000204601F00BFB1F4B5C6110BD03F07F03EA
:1070E00003741D4A90420AD013F0010F12D1426876
:1070F000036813605A60002303604360D0E7174CB5
:107100005A2322461649174807F094FE5A21204672
:1071100007F087FE114C5B2322461349114807F004
:1071200089FE5B21204607F07CFE0A4BDC68BFE746
:107130000E4CEA2322460E490A4807F07BFE0D4812
:1071400007F078FEEA21204607F06BFE014B5A61FA
:10715000C3E700BF1CE4002048610020E4F3040002
:1071600008F40400349004002CF4040048F40400F3
:1071700074F4040000ED040038B504460D46F9B976
:10718000EFF30583E3B91B4B5A699B689A4217D00A
:1071900001F064FB18B12846FFF78AFE18E0164D8F
:1071A00040F26D132A461549154807F043FE214663
:1071B000144807F03FFE40F26D11284607F031FEFB
:1071C000204601F04BFB20B185F31188BFF36F8F90
:1071D00038BD094D4FF499732A460849084807F00D
:1071E00029FE2146074807F025FE4FF499712846ED
:1071F00007F017FE1CE40020EC9D04004C9E0400E8
:1072000034900400649E04002DE9F84305460E46C0
:10721000564B9C68237C13F0600F2BD013F0200F8B
:1072200032D008271F4225D13B43237413F0800F2F
:107230002CD1082F51D04FF000094C4B53F8188F28
:10724000984567D0B8F1000F64D0484B9B68434520
:1072500002D0404601F04AFA444BC3F81480102F84
:1072600008D0204608F03AFB204601F019FBB9F19E
:10727000000F53D13E4801F0F1FA002852D086F3B6
:107280001188BFF36F8F6BE01027CBE703F07F030C
:107290002374384A94420AD013F0010F12D1626865
:1072A000236813605A60002323606360C1E7324C97
:1072B0005A2322463149324807F0BCFD5A21204664
:1072C00007F0AFFD2C4C5B2322462E492C4807F0DB
:1072D000B1FD5B21204607F0A4FDA36813B1204651
:1072E000FFF720FE04F1180001F04AFC04F15800F9
:1072F0000EF077F91D4B9B689C4202D04FF00009BD
:107300009BE7EFF3058313B94FF0000995E74FF0C2
:10731000010992E7154BD3F80C8096E71A48FFF75E
:10732000B7FDA7E7194C4FF4997322461849144842
:1073300007F080FD0E49174807F07CFD4FF4997166
:10734000204607F06EFDEFF31184402383F312888B
:10735000BFF36F8FFDF73EFC84F31188BFF36F8F8F
:107360002B7C13F0600FEED1BDE8F8831CE4002005
:1073700058E4002048610020E4F3040008F404000D
:10738000349004002CF4040090630020EC9D040071
:107390004C9E0400649E0400B3F1FF3F08BFB2F1AD
:1073A000FF3F00D1704708B50249183001F0F4FAE8
:1073B00008BD00BF8D75030010B5204B9A68DB69CE
:1073C0009A4205D01368516812680A60516006E05D
:1073D0000023F8E7194AD269934212D01B6883B19F
:1073E000164A906890F90E1093F90E209142F1D050
:1073F000521A002AEEDD5A6842600360106058603D
:1074000008E00E4B9A68D96903F1180010605160CA
:107410000A60DA61094B53F8184F9C420AD04CB10C
:10742000064B9B689C4202D0204601F05FF9034B5B
:107430005C6110BD014BDC68F2E700BF1CE400207A
:1074400070B50546EFF31186402383F31288BFF32E
:107450006F8F1E4801F0F2F920B100241B4801F0A3
:1074600017FA17E01A4C842322461A491A4807F0E3
:10747000E1FC1649194807F0DDFC8421204607F09D
:10748000D0FC124801F0EAF970B186F31188BFF31D
:107490006F8F0124CCB928460EF071F80028F0D186
:1074A0002846FFF761FDECE7094C4FF4997322463B
:1074B0000B49094807F0BEFC04490A4807F0BAFC2A
:1074C0004FF49971204607F0ACFC70BD58E40020E1
:1074D000EC9D04001C9E040034900400349E0400C3
:1074E0004C9E0400649E040070B50546EFF31186BF
:1074F000402383F31288BFF36F8F1D4801F09EF97C
:1075000020B100241A4801F0C3F917E0194C842374
:1075100022461949194807F08DFC1549184807F00B
:1075200089FC8421204607F07CFC114801F096F983
:1075300060B186F31188BFF36F8F0124BCB9AB68CB
:10754000002BF2D02846FFF7EDFCEEE7094C4FF494
:10755000997322460B49094807F06CFC04490A4814
:1075600007F068FC4FF49971204607F05AFC70BD93
:1075700058E40020EC9D04001C9E0400349004009C
:10758000349E04004C9E0400649E040070B5A0F17B
:107590001805EFF31186402383F31288BFF36F8F32
:1075A0001B4801F04BF988B10024194801F070F92B
:1075B00064BB28460EF03CF8154801F04FF9A0B125
:1075C00086F31188BFF36F8F0124F1E7114C8423F8
:1075D00022461149114807F02DFC0D49104807F0CB
:1075E00029FC8421204607F01CFC0A4C4FF49973B7
:1075F00022460C49094807F01DFC05490A4807F0D6
:1076000019FC4FF49971204607F00BFC70BD00BFC8
:1076100058E40020EC9D04001C9E040034900400FB
:10762000349E04004C9E0400649E0400F8B5344B64
:107630009D68344B1D60344B984223D004460F465E
:107640001646EFF31183402383F31288BFF36F8F45
:107650002D4801F0F3F810B32B4801F019F9DDE9DA
:1076600006233146264880680DF0D6FF204601F0FB
:10767000F5F818B3244801F0F1F880B33846FFF765
:1076800017FCF8BD214C40F2B9232246204921487D
:1076900007F0D0FB40F2B921204607F0C2FB1E4C98
:1076A000842322461D491B4807F0C4FB16491C4889
:1076B00007F0C0FB8421204607F0B3FB164D40F2D3
:1076C0006D132A461749134807F0B4FB21461648A4
:1076D00007F0B0FB40F26D11284607F0A2FB0E4CFC
:1076E00040F26D1322460F490A4807F0A3FB0649F2
:1076F0000D4807F09FFB40F26D11204607F091FB0B
:107700001CE400205CE4002058E40020E4F30400C2
:107710009CF4040034900400EC9D04001C9E0400C2
:10772000349E04004C9E0400649E0400F8B5054697
:10773000EFF31187402383F31288BFF36F8F204844
:1077400001F07CF828B100261D4801F0A1F80024C2
:1077500018E01C4C842322461B491C4807F06AFB96
:1077600017491B4807F066FB8421204607F059FBA8
:107770000024134801F072F870B187F31188BFF349
:107780006F8F0126CEB92C68A542F1D0002CF0D025
:107790002046FFF7C7FBECE70A4C4FF499732246EB
:1077A0000C490A4807F046FB05490B4807F042FB25
:1077B0004FF49971204607F034FB2046F8BD00BF16
:1077C00058E40020EC9D04001C9E0400349004004A
:1077D000349E04004C9E0400649E04002DE9F8438E
:1077E00004460D46EFF31189402383F31288BFF35B
:1077F0006F8F7A4801F022F828B10027774801F00E
:1078000047F800265EE0764C842322467549764888
:1078100007F010FB7149754807F00CFB84212046E6
:1078200007F0FFFA03F07F032374714A944259D0A2
:1078300013F0010F61D16268236813605A6000235E
:107840002360636069B2A173237C43F080032374D7
:1078500013F0010F5CD1674A52F8183F93426BD086
:1078600073B193F90E20914202D0521A002A5ADCC9
:107870001846604AD269934202D01B68002B58D147
:107880005C4BDA6903F11801216062601460DC610D
:10789000584B53F8187F9F4250D0002F4ED0554B75
:1078A0009B689F4202D0384600F020FF514B5F6139
:1078B0004A4800F0D3FF00287CD089F31188BFF339
:1078C0006F8F0127002F40F08680237C03F01F027A
:1078D000002A0CBF01260026A4D013F0020F30D1DD
:1078E000A573E5E7444C5A23224644493E4807F035
:1078F000A1FA5A21204607F094FA3F4C5B23224616
:107900003F49394807F096FA5B21204607F089FA8B
:10791000394C532322463A49334807F08BFA532116
:10792000204607F07EFA5A686260236014605C604B
:10793000AEE7002894D1A3E7002391E72D4BDF6841
:10794000ADE7A16869B16268236813605A600023DB
:107950002360636068B2A0730B68994212D1002360
:1079600010E0284CA423224627491F4807F062FA5A
:10797000A421204607F055FA1A464F68BB4213D09F
:107980001B686BB983B193F90E209042F4D0121AA0
:10799000002AF1DD5A686260236014605C6087E74A
:1079A000002AEFD11346EDE74B68216063601C604D
:1079B0004C607DE70A4C4FF49973224613490A48FC
:1079C00007F038FA0549124807F034FA4FF4997174
:1079D000204607F026FA3046BDE8F88358E4002038
:1079E000EC9D04001C9E040034900400349E0400AE
:1079F000486100201CE40020E4F3040008F40400C3
:107A00002CF4040068ED040094ED04004C9E040086
:107A1000649E040008B5034650B9EFF305823AB9F5
:107A2000064A51699268914202D0FFF741FA03E099
:107A300083F31188BFF36F8F08BD00BF1CE40020E3
:107A400038B5EFF31185402383F31288BFF36F8FAE
:107A50002F4800F0F3FE20B100242D4800F018FF5D
:107A600033E02C4C842322462B492C4807F0E2F9C2
:107A700027492B4807F0DEF98421204607F0D1F989
:107A8000284C40F23B3322462749244807F0D2F9DC
:107A9000264807F0CFF940F23B31204607F0C1F904
:107AA000204C4FF44F73224621491C4807F0C2F97D
:107AB0001E4807F0BFF94FF44F71204607F0B1F9A7
:107AC00085F31188BFF36F8F012404BBEFF30583A7
:107AD000002BD5D1174B9A68D37B012BE0D0013B0B
:107AE000D3730B4800F0BAFE0028E9D1094C4FF4DB
:107AF000997322461049094807F09CF904490F4838
:107B000007F098F94FF49971204607F08AF938BDCB
:107B100058E40020EC9D04001C9E040034900400F6
:107B2000349E0400E4F3040010F0040000ED0400AF
:107B3000D8F404001CE400204C9E0400649E040061
:107B400038B5EFF31185402383F31288BFF36F8FAD
:107B50003A4800F073FE00282CD0384800F098FE18
:107B6000374B9B68DA7B002A33D0EFF3058100297D
:107B70003FD10132DA73324A52F8184F944248D05A
:107B8000002C46D0002B47D01A7C12F01F0F05D1D5
:107B9000DA897F2A02D9A269002A4BD09C4202D0FE
:107BA000204600F0A3FD264B5C6129462348FFF7E1
:107BB000E3FA38BD234C842322462349234807F0A7
:107BC00039F91E49224807F035F98421204607F08B
:107BD00028F9204C40F24D3322461F491B4807F03C
:107BE00029F91E4807F026F940F24D31204607F0EA
:107BF00018F9184C40F24E3322461949134807F041
:107C000019F9164807F016F940F24E31204607F0F0
:107C100008F90B4AD468B5E7124CEA232246124908
:107C20000A4807F007F90D4807F004F9EA21204651
:107C300007F0F7F8024A5361B7E700BF58E40020A5
:107C40001CE40020EC9D04001C9E04003490040001
:107C5000349E0400E4F304000CF5040000ED04007D
:107C600010F0040048F4040074F4040070B50446F5
:107C7000EFF31186402383F31288BFF36F8F1B4805
:107C800000F0DCFD88B1194D284600F001FE2046C9
:107C90000DF0E5FC0446284600F0E0FDA0B186F3B7
:107CA0001188BFF36F8F204670BD114C842322468C
:107CB0001049114807F0BEF80C49104807F0BAF80F
:107CC0008421204607F0ADF8094C4FF49973224601
:107CD0000B49094807F0AEF829460A4807F0AAF808
:107CE0004FF49971204607F09CF800BF58E400203B
:107CF000EC9D04001C9E040034900400349E04009B
:107D00004C9E0400649E040008B502480DF0C2FCBD
:107D100008BD00BF30E4002038B5EFF30583C3B9D8
:107D2000EFF31184402383F31288BFF36F8F3F4832
:107D300000F084FDE8B13D4800F0AAFD3C4B9A6894
:107D4000DB699A4224D01368516812680A60516056
:107D500025E0384C4FF4906322463749374807F006
:107D600069F8374807F066F84FF49061204607F04D
:107D700058F8344C842322463349304807F05AF8E7
:107D80002A49324807F056F88421204607F049F87E
:107D90000023D9E7264AD269934212D01B6883B1E7
:107DA000234A906890F90E1093F90E209142F1D079
:107DB000521A002AEEDD5A68426003601060586073
:107DC00008E01B4B9A68D96903F1180010605160F4
:107DD0000A60DA61164B53F8185F9D4211D085B1E5
:107DE000134B9B689D4202D0284600F07FFC104B4D
:107DF0005D610E4800F032FD30B12046FFF758F8C3
:107E000038BD0B4BDD68EBE70E4C40F26D1322469C
:107E10000F490A4807F00EF804490E4807F00AF81F
:107E200040F26D11204606F0FCFF00BF58E4002030
:107E30001CE40020E4F3040010F00400349004007B
:107E400000ED0400EC9D04001C9E0400349E040020
:107E50004C9E0400649E04002DE9F041EFF305837D
:107E6000002B3AD105460C4651EA000345D0EFF30A
:107E70001188402383F31288BFF36F8F344800F0DA
:107E8000DDFC00283DD0324F384600F001FD314E78
:107E9000B068314B1860FFF7FDF8B0682A462346FA
:107EA0002E49183000F078FD0446B268137C43F088
:107EB00004031374384600F0D1FC88B34046FEF743
:107EC000F7FF244B9B689A6ADB6AB3F1004F08BF47
:107ED000002A36D00020BDE8F081214C4FF4936396
:107EE00022462049204806F0A5FF204806F0A2FFC0
:107EF0004FF49361204606F094FFFFF70DFF00203A
:107F0000E9E71B4C842322461A49174806F092FFE2
:107F10000F49194806F08EFF8421204606F081FFA4
:107F2000134C40F26D13224614490F4806F082FFAD
:107F30003946134806F07EFF40F26D11204606F0E8
:107F400070FF0DF0EAFB201A0028C4DC0020C2E715
:107F500058E400201CE400205CE400208D75030040
:107F6000E4F3040010F004003490040000ED040079
:107F7000EC9D04001C9E0400349E04004C9E0400F2
:107F8000649E040038B5EFF305839BBB04460D46A1
:107F9000FFF762FF02462046B5F1FF3F08BFB4F18C
:107FA000FF3F26D0D1174FEA411C4CEAD26C530157
:107FB0009B1A6CEB010C4FEA8C0C4CEA937C9B00F7
:107FC000981841EB0C01C90041EA5071C00047F616
:107FD0001123C01847F612224FF0000341F10001AF
:107FE000DDF7A4F9B0F1004F71F1000101D36FF09A
:107FF000004038BD074C40F2C643224606490748B8
:1080000006F018FF064806F015FF40F2C64120466C
:1080100006F007FFE4F3040010F0040034900400BD
:1080200000ED040038B50446EFF31185402383F3D7
:108030001288BFF36F8F224800F000FCB0B12048D7
:1080400000F026FC237C13F0040F1ED004F118006E
:1080500000F096FD237C23F0040323742046FEF7F2
:1080600083FF29461648FFF787F838BD154C84234F
:1080700022461549154806F0DDFE1149144806F060
:10808000D9FE8421204606F0CCFE0D4800F0E6FB28
:1080900020B185F31188BFF36F8FE6E7094C4FF4E9
:1080A000997322460B49094806F0C4FE04490A4860
:1080B00006F0C0FE4FF49971204606F0B2FE00BFF4
:1080C00058E40020EC9D04001C9E04003490040041
:1080D000349E04004C9E0400649E0400014B98688A
:1080E000704700BF1CE400202DE9F0470446868954
:1080F000EFF31187402383F31288BFF36F8FB048EB
:1081000000F09CFB00B306F001068046AC4800F08E
:10811000BFFB257C15F0080F25D1BA4604F158099C
:1081200020460DF02CFA002855D045F02005257486
:10813000EFF305838BB339462046FFF765F8002E31
:1081400040F05C81BDE8F0879E4C842322469E4926
:108150009E4806F06FFE9A499D4806F06BFE84210A
:10816000204606F05EFE964800F078FB20B187F3CB
:108170001188BFF36F8FE5E7924C4FF49973224655
:108180009449924806F056FE8D49934806F052FEF7
:108190004FF49971204606F044FE49468F4B98688B
:1081A0000DF0EFF9864800F059FB18B13846FEF79C
:1081B0007FFEC4E7834C40F26D1322468549834815
:1081C00006F038FE7E49844806F034FE40F26D1118
:1081D000204606F026FE45F00803237413F0800FB6
:1081E00037D1A36813B12046FEF79CFE04F11800B6
:1081F00000F0C6FC48460DF0F4F9784B9A689442BA
:1082000050D04FF00008754B53F8185F9D4250D086
:10821000002D4ED0AA4202D0284600F067FA6F4BDC
:108220005D61204607F05AFB204600F039FBB8F1AB
:10823000000F41D1694B9B689C4241D0604800F0DF
:108240000DFB002800F0AB8087F31188BFF36F8F20
:1082500075E705F07F0545F008052574604B9C42E5
:108260000AD015F0010F12D16268236813605A60BA
:10827000002323606360B4E75A4C5A2322465A49CC
:10828000524806F0D7FD5A21204606F0CAFD554C4B
:108290005B23224655494D4806F0CCFD5B21204624
:1082A00006F0BFFDEFF30583002BACD14FF00008C3
:1082B000A9E74A4BDD68ADE74D48FEF7E9FDB9E7B0
:1082C000EFF30583002BB9D1A38913F0010F1DD063
:1082D0003B4800F0C3FA88B387F31188BFF36F8F70
:1082E000002383F31188BFF36F8F0423184602DF46
:1082F000EFF3118A402383F31288BFF36F8F304866
:1083000000F09CFA58B32E4800F0C2FA2C4800F056
:10831000A5FA002832D05046FEF7CAFD314C4FF482
:10832000EE7322463349294806F084FD324806F0B0
:1083300081FD4FF4EE71204606F073FD214C4FF4A1
:10834000997322462349214806F074FD1C492248AE
:1083500006F070FD4FF49971204606F062FD194C4D
:10836000842322461849194806F064FD1449184828
:1083700006F060FD8421204606F053FD114C40F2CA
:108380006D1322461349114806F054FD0C4912485A
:1083900006F050FD40F26D11204606F042FD094CFA
:1083A0004FF4997322460B49084806F043FD0449EF
:1083B000094806F03FFD4FF49971204606F031FD63
:1083C00058E40020EC9D04001C9E0400349004003E
:1083D000349E04004C9E0400649E04001CE40020B3
:1083E00048610020E4F3040008F404002CF40400C5
:1083F0009063002040F504004CF50400084D40F265
:10840000A2532A460749084806F014FD21460748AA
:1084100006F010FD40F2A251284606F002FD00BF12
:10842000E4F3040070F50400349004007CF50400CB
:108430002DE9F04705460F469046EFF3118640239D
:1084400083F31288BFF36F8F264800F0F7F938B135
:1084500000248246234800F01BFA4FF0000917E081
:10846000214C842322462149214806F0E3FC1D4982
:10847000204806F0DFFC8421204606F0D2FC194893
:1084800000F0ECF9D0B186F31188BFF36F8F0124AF
:108490002CBB2C68A542F2D0002CF0D0C4F8B470EC
:1084A000C4F814802046FEF73DFD04F1180000F0EA
:1084B00067FB2046FEF758FDD146E0E70A4C4FF433
:1084C000997322460C490A4806F0B4FC05490B484A
:1084D00006F0B0FC4FF49971204606F0A2FC484625
:1084E000BDE8F08758E40020EC9D04001C9E0400C9
:1084F00034900400349E04004C9E0400649E0400EA
:108500002DE9104883B0089CDDE906BCCDE900BC2C
:10851000FFF78CF81CB1034B9B685B69236003B0C9
:10852000BDE810881CE400202DE9F04780460F4686
:1085300091461D46EFF3118A402383F31288BFF35F
:108540006F8F374800F07AF928B10024344800F0E2
:108550009FF900263CE0334C8423224632493348BD
:1085600006F068FC2E49324806F064FC842120465F
:1085700006F057FC002032E0044606E0044604E022
:10858000002402E0234620461C4690B12946B84705
:10859000064670B9002CF5D0D8F804309C4206D0BD
:1085A0002368002BEFD0002CEDD12346EBE700230E
:1085B000E9E7B9F1000F02D029463046C84718480C
:1085C00000F04CF9C0B18AF31188BFF36F8F01241A
:1085D0001CBBD8F800008045CCD00028CCD00028A7
:1085E000CCD0D8F804309842CAD00468002CCCD043
:1085F0000028CAD10446C8E70A4C4FF499732246B2
:108600000C490A4806F016FC05490B4806F012FC16
:108610004FF49971204606F004FC3046BDE8F0871F
:1086200058E40020EC9D04001C9E040034900400DB
:10863000349E04004C9E0400649E04000346027CA9
:1086400012F01F0F10D10B4A90420FD00A4A106847
:1086500078B1DA897F2A0BD893F90E20074B1B6873
:108660009A4206DA002070470020704700207047C9
:108670000020704748610020C006002064E400200C
:10868000D8B10346134A904217D302F11801884229
:1086900013D2811A104AA2FB0102120902EB420214
:1086A000B1EBC20F09D10B4A9B1ADB100A4A02FB3D
:1086B00003F30A4A0121D154704710B5084C3F23F7
:1086C00022460849084806F0B5FB3F21204606F03F
:1086D000A8FB00BF48640020ABAAAAAA60E400205F
:1086E0009CF50400C4F504003490040070B50C4BF4
:1086F0001E7CFFF7A3FF044606EB4603094D05EB7E
:10870000C305284600F03CFA074B00229A5504B9ED
:1087100070BD621ED3170549284600F03DF9F7E702
:108720001CE400204864002060E4002081860300EF
:1087300038B5EFF31185402383F31288BFF36F8FB1
:10874000344800F07BF820B3324800F0A1F8324BF7
:108750009C68324B1B68A3422AD0304B00221A601F
:108760002D4B1B7C2E4AD35C53B12046FFF766FF8E
:1087700030B1237C13F01F0F37D02046FFF7B6FF30
:10878000244800F06BF898B385F31188BFF36F8F1E
:1087900038BD244C842322462349244806F04AFB52
:1087A0001C49234806F046FB8421204606F039FB8D
:1087B0002046FFF79BFF174800F050F820B185F3E3
:1087C0001188BFF36F8FE3E7164C4FF4997322467D
:1087D0001849164806F02EFB0E49174806F02AFBEA
:1087E0004FF49971204606F01CFBFEF7E5FDC4E747
:1087F0000C4C4FF4997322460E490C4806F01AFBB4
:1088000004490D4806F016FB4FF49971204606F016
:1088100008FB00BF58E400201CE400205CE40020BA
:1088200060E40020EC9D04001C9E040034900400D1
:10883000349E04004C9E0400649E040003683BB117
:1088400003F00303044A127C934203D001207047D3
:1088500001207047002070471CE4002001680023BD
:108860000360EFF305832BB1084B9B681B7C13F06F
:10887000010F07D1054A137C926813438B4203D141
:108880000120704701207047002070471CE4002041
:10889000024A137C92681343036070471CE4002073
:1088A00038B50446EFF31185402383F31288BFF3F4
:1088B0006F8F2048FFF7C2FF50B11E48FFF7E8FF57
:1088C0001D4B1B6AA34213D19A6F1B4B1A6216E011
:1088D0001A4C842322461A491A4806F0ABFA154965
:1088E000194806F0A7FA8421204606F09AFA1346A2
:1088F00013B19A6FA242FAD10BB1A26F9A670D48D9
:10890000FFF7ACFF20B185F31188BFF36F8F38BD3F
:108910000A4C4FF4997322460C490A4806F08AFA29
:1089200004490B4806F086FA4FF49971204606F088
:1089300078FA00BF68E400201CE40020EC9D0400ED
:108940001C9E040034900400349E04004C9E0400DD
:10895000649E0400034B1868984200D070470020C2
:10896000FCE700BFC406002030B1044A52689042C0
:1089700001D0006870470020704700BFC406002087
:1089800008B5044B1B680BB1002008BDF9F744FD86
:10899000FBE700BF6CE400202DE9F04F83B0B3F19A
:1089A000FF3F08BFB2F1FF3F1CD0044690461E4671
:1089B000036803BB81604FF00009EFF3118A402385
:1089C00083F31288BFF36F8F6048FFF737FF019082
:1089D000F8B15E48FFF75CFF4FF0000BCDF800B038
:1089E0004B465CE04FF0000BCDF800B058460099C4
:1089F00003B0BDE8F08F564C6423224655495648D3
:108A000006F018FA554806F015FA6421204606F0DB
:108A100008FA534C8423224652494F4806F00AFA7A
:108A20004A49514806F006FA8421204606F0F9F931
:108A3000FFF7A6FF074618F1010B46F1000510EB02
:108A40000B0345EBE0752361656148490A68496895
:108A500013EB020B45EB01030093DDF804903EE0BD
:108A6000C91A65EB020201614261436863602060DC
:108A70001C60446005E03E4B5A68236062601460ED
:108A80005C60FFF767FF84423DD03048FFF7E6FEA9
:108A900000284AD08AF31188BFF36F8F0123002B7F
:108AA000A4D1C3460096002EC2DA304B19685B6829
:108AB00018EB010143EB06036FF00102521A4FF06D
:108AC000FF3161EB030310461946012A73F10003DD
:108AD00001DA01200021206161614FF00009FFF7F8
:108AE00039FF0028C7D001694569236962698B4253
:108AF00072EB050CB4DB5B1A62EB05022361626169
:108B0000FFF732FFEDE71B4B1B68002BBDD1B9F11E
:108B1000000F06D038460CF0E5FD0021F9F790FC77
:108B2000B3E7FFF72DFF0746F4E70D4C4FF49973B9
:108B300022461149084806F07DF904490F4806F01D
:108B400079F94FF49971204606F06BF970E4002032
:108B5000F4F7040018F804003490040000ED040059
:108B6000EC9D04001C9E0400349E04006064002000
:108B7000C40600206CE400204C9E0400649E0400A7
:108B80002DE9F0410446EFF31187402383F3128867
:108B9000BFF36F8F3048FFF751FE30B100252E48EC
:108BA000FFF776FE6FF0150627E02C4C8423224653
:108BB0002B492C4806F03EF927492B4806F03AF994
:108BC0008421204606F02DF9FFF7DAFE0CF08AFD2D
:108BD0000021F9F735FC464606E022696369B3F1E6
:108BE000004F08BF012A1CD01B48FFF737FEF0B129
:108BF00087F31188BFF36F8F0125A84645BB236813
:108C0000002BEAD0FFF7A6FE064620460CF053FDE7
:108C100000224FF00043C4E90423A642D4D02E46DC
:108C2000E2E700224FF00043C4E90423DCE70B4CE9
:108C30004FF4997322460D490A4806F0FBF806499D
:108C40000B4806F0F7F84FF49971204606F0E9F862
:108C50003046BDE8F08100BF70E40020EC9D0400C8
:108C60001C9E040034900400349E04004C9E0400BA
:108C7000649E040070B50D464E4B1860FFF76AFE07
:108C800004461AE04C4C4FF4997322464B494C4829
:108C900006F0D0F84B494C4806F0CCF84FF49971E7
:108CA000204606F0BEF84748FFF7F2FD414A136838
:108CB0009B1B1360FFF74EFE0446002C42D0266932
:108CC00061693C4B1A68D317B2428B413ADB3F4A89
:108CD000136851689B1941EBE671136051600022E3
:108CE0000023C4E9042320460CF0E5FC01224FF0E8
:108CF0000043C4E904233348FFF7B0FD0028C1D086
:108D000085F31188BFF36F8FA36820469847EFF370
:108D10001185402383F31288BFF36F8F2948FFF733
:108D20008DFD0028BFD1244C8423224628492448A5
:108D300006F080F82349274806F07CF88421204675
:108D400006F06FF844B1236962691A4909685B1A31
:108D500062EBE172236162611C4A164E306813684F
:108D600051681B1841EBE0711360516000243460BE
:108D700020460CF0B7FC2146F9F762FB1148FFF7DB
:108D80006DFD30B185F31188BFF36F8FFFF7D0FC15
:108D900070BD094C4FF4997322460849084806F003
:108DA00049F80849084806F045F84FF499712046FB
:108DB00006F037F86CE40020EC9D04004C9E0400A3
:108DC0003490040070E40020649E0400606400207D
:108DD0001C9E0400349E040010B5EFF31184402360
:108DE00083F31288BFF36F8F0B48FFF727FD20B185
:108DF0000948FFF74DFD204610BD084C842322464C
:108E00000749084806F016F80349074806F012F823
:108E10008421204606F005F870E40020EC9D040053
:108E20001C9E040034900400349E0400F8B5EFF357
:108E30001186402383F31288BFF36F8F1F48FFF71B
:108E4000FDFCC0B100271D48FFF722FD0024254688
:108E50008FBBFFF795FD1A4A14685568041945EB56
:108E6000E0751648FFF7FAFCA0B186F31188BFF34E
:108E70006F8F0127ECE7134C8423224612491348D5
:108E800005F0D8FF0D49124805F0D4FF8421204693
:108E900005F0C7FF0B4C4FF4997322460D490B4860
:108EA00005F0C8FF05490C4805F0C4FF4FF499715F
:108EB000204605F0B6FF20462946F8BD70E40020A4
:108EC00060640020EC9D04001C9E040034900400AB
:108ED000349E04004C9E0400649E04002DE9F84377
:108EE0000446EFF31186402383F31288BFF36F8F9C
:108EF0008748FFF7A3FC002853D08548FFF7C8FC3C
:108F0000354622696369B3F1004F08BF012A57D182
:108F1000A76AE26A57EA020105D0B2F1FF3F08BF33
:108F2000B7F1FF3F67D1236B01332363276ADFB1BA
:108F30007748FFF793FC002800F09E8086F31188A5
:108F4000BFF36F8F2046B847EFF31185402383F3BB
:108F50001288BFF36F8F6E48FFF770FC002800F097
:108F60009C806B48FFF794FC04F11803A469A342AA
:108F700000F0A280002C00F09F802046FEF7B4FA9B
:108F80000023C4F8B4306248FFF768FC002800F002
:108F9000AD8085F31188BFF36F8F2046FEF750FA3E
:108FA00016E05C4C842322465B495C4805F042FF96
:108FB00057495B4805F03EFF8421204605F031FF0C
:108FC0005348FFF74BFC28B186F31188BFF36F8F2E
:108FD000BDE8F8834F4C4FF49973224651494F48EE
:108FE00005F028FF4A49504805F024FF4FF49971D5
:108FF000204605F016FF013F42F1FF329046002A5D
:1090000014DB0CF08EFB013041F10001C01941EB83
:109010000801012871F100010BDA6FF001024FF035
:10902000FF3342492046FFF7B7FC7CE70027B846EC
:10903000E7E70CF076FB013041F10001C01941EB8C
:1090400008016FF0020383426FF000438B4103DAA3
:1090500000224FF00043E4E70CF063FB013041F1E4
:109060000003C01943EB08036FF00102121A4FF01E
:10907000FF3161EB0303D4E7264C4FF4997322468A
:109080002849264805F0D6FE2149274805F0D2FE9A
:109090004FF49971204605F0C4FE1E4C84232246ED
:1090A0001D491E4805F0C6FE19491D4805F0C2FEBF
:1090B0008421204605F0B5FE1548FFF7CFFB20B10F
:1090C00085F31188BFF36F8F82E7124C4FF49973C9
:1090D00022461449114805F0ADFE0D49124805F02D
:1090E000A9FE4FF49971204605F09BFE094C4FF400
:1090F000997322460B49094805F09CFE04490A4829
:1091000005F098FE4FF49971204605F08AFE00BFE5
:1091100074E40020EC9D04001C9E040034900400C4
:10912000349E04004C9E0400649E0400DD8E030007
:10913000F8B5064615461C46EFF31187402383F326
:109140001288BFF36F8F3648FFF778FB70B334484F
:10915000FFF79EFBB4F1FF3F08BFB5F1FF3F34D0EE
:10916000002C0BDB2B462146012D74F1000401DAA3
:10917000012300215A1E154641F1FF343046FFF706
:10918000FFFCDDE90623C6E90A23002333632A46F0
:10919000234624493046FFF7FFFB2148FFF75EFBDB
:1091A00068B387F31188BFF36F8FF8BD1E4C84231B
:1091B00022461E491E4805F03DFE19491D4805F08E
:1091C00039FE8421204605F02CFE1548FFF746FBAA
:1091D00020B187F31188BFF36F8FE6E7124C4FF48D
:1091E000997322461449124805F024FE0C4913488D
:1091F00005F020FE4FF49971204605F012FE0A4C4E
:109200004FF4997322460C49094805F013FE0449AE
:109210000A4805F00FFE4FF49971204605F001FE53
:1092200074E40020DD8E0300EC9D04001C9E04000D
:1092300034900400349E04004C9E0400649E04009C
:1092400070B50446EFF31186402383F31288BFF311
:109250006F8F4D48FFF7F2FA002832D04A48FFF7E7
:1092600017FB35462046FFF78BFC002838D1636A90
:10927000D3B14548FFF7F2FA00284BD086F31188A6
:10928000BFF36F8F636A20469847EFF31185402341
:1092900083F31288BFF36F8F3B48FFF7CFFA0028A4
:1092A00049D03948FFF7F4FA04F11800FEF73EFA06
:1092B00000284FD0FEF7C4F8294633480CF0CBF90C
:1092C00070BD324C842322463149324805F0B2FD4C
:1092D0002D49314805F0AEFD8421204605F0A1FD61
:1092E0002948FFF7BBFA20B186F31188BFF36F8FCF
:1092F000E6E7264C4FF4997322462849254805F0A5
:1093000099FD2149264805F095FD4FF499712046B5
:1093100005F087FD1D4C4FF4997322461F491D48E7
:1093200005F088FD18491E4805F084FD4FF4997139
:10933000204605F076FD154C842322461449154835
:1093400005F078FD1049144805F074FD842120468D
:1093500005F067FD0C48FFF781FA20B185F311880D
:10936000BFF36F8FACE7094C4FF4997322460B495A
:10937000084805F05FFD0449094805F05BFD4FF41E
:109380009971204605F04DFD74E40020EC9D040029
:109390001C9E040034900400349E04004C9E040083
:1093A000649E04002DE9F84F01F1FF3818EA010F1F
:1093B00030D106460D469A460023141D38D2002BA4
:1093C00068D145F0040B06F11407EFF3118940232F
:1093D00083F31288BFF36F8F3846FFF72FFA48B335
:1093E0003846FFF755FA224659463046D0470446DC
:1093F0003846FFF733FA60B389F31188BFF36F8FF4
:109400002CB144F8046B15B114EA080F32D1204690
:10941000BDE8F88F204C182322462049204805F04B
:1094200009FD204805F006FD1821204605F0F9FC4D
:109430000123C4E71C4C842322461C49184805F02C
:10944000F9FC39461A4805F0F5FC8421204605F060
:10945000E8FC154C4FF4997322461649104805F064
:10946000E9FC3946144805F0E5FC4FF499712046B3
:1094700005F0D7FC084E352332461049084805F060
:10948000D9FC2A4621460E4805F0D4FC3521304649
:1094900005F0C7FC0024BAE738F80400E09A04009D
:1094A00034900400FC9A0400EC9D04001C9E04000F
:1094B000349E04004C9E0400649E04005CF804008A
:1094C00090F8040070B506460C4615460CF044F8BA
:1094D00050B9064B9B68D3F8A80020B12B46224612
:1094E0003146FFF75FFF70BD0020FCE71CE4002061
:1094F00008B50146024A0020FFF7E4FF08BD00BF9F
:10950000FBEC03000268124B9A4215D1C269A3F129
:109510001023A3F1EF139A4210D18368012B0FD8C7
:10952000C36813B1026993420CD0436963B1826985
:1095300093420BD0002070470120704701207047F4
:1095400001207047012070470020704701207047BC
:1095500055AA00FF70B5114B9D68B5B12846FFF7BD
:10956000D1FF064698B9EB6813B10126304670BDAD
:109570002C69002CFAD02046FFF7C4FF48B9E368F5
:10958000AB4208D125462469F3E70126EEE7012620
:10959000ECE70126EAE70126E8E700BF78E40020CF
:1095A000002800F08F8038B50446474B1B68002B1D
:1095B00078D0454A9268002A74D0834256D8424AED
:1095C00052681344834251D9A0F120052846FFF781
:1095D00099FF00284DD154F8183C012B4CD10023A1
:1095E00044F8183C54F8143CCBB19A68002A46D190
:1095F0005A6854F81C1C0A4420325A6054F8143C2F
:1096000054F8102C1A6154F8144C236903B1DC602F
:1096100020220021284603F0CFFB2B46254628694F
:10962000002839D08268002A36D16B68426813441A
:1096300020336B6003692B616B6913B32BB3AA6989
:109640009A61AB690BB16A695A6143696B6182695E
:10965000AA61F3B19D61AB6903B15D612B6903B18F
:10966000DD602022002103F0A7FB16E0012003F0BB
:1096700029FC012003F026FC012003F023FC002339
:10968000CDE7AA69002AD9D1DFE7AA690E4BDA60D3
:10969000D7E70D4BDD60DEE72BB10B4B1B6913F0F9
:1096A000020F08D138BD084BDB68AB6103B15D61C7
:1096B000054BDD60F1E7FFF74DFF0028F2D00120F8
:1096C00003F000FC704700BF78E4002010B50446AA
:1096D000064B58690CF0A3F800B110BD2046FFF707
:1096E0005FFF024B58690CF0A2F8F6E778E400201F
:1096F00070B54A4BDC681D68002D00F089809D68BC
:10970000002D00F0858001FB00F600287BD00029A9
:109710007BD0B6FBF0F0884279D116F1040F79D8EE
:1097200016F0030F2DD026F00302043200E0A469E6
:1097300014B163689342FAD3002C6DD0A36813BBB5
:109740006168891A232928D80123A3606369EBB1D2
:10975000A2699A61A3690BB162695A6100236361CE
:10976000A3612E4B1B6913F0010F02D0FFF7F2FE2D
:1097700080B904F1200532460021284603F01CFB85
:1097800046E03246D4E7012003F09CFBA269234B5C
:10979000DA60DFE7012003F095FB02F120002318D7
:1097A0002039596000219960DC60216919611C4DE4
:1097B00025501C48D86101B1CB6061695961A0692D
:1097C0009861D1B18B61996901B14B610121A160AF
:1097D0006260236100236361A361104B1B6913F076
:1097E000010F02D0FFF7B6FE50B904F12005324652
:1097F0000021284603F0E0FA0AE00849CB60E2E7DE
:10980000012003F05FFB002502E0002500E00025B9
:10981000284670BD0025FBE72546F9E778E40020DF
:1098200055AA00FF669911EE38B504460D460A4B5D
:1098300058690BF0F4FF58B929462046FFF758FF46
:109840000446054B58690BF0F2FF18B9204638BDA5
:109850000024FBE70024F9E778E4002038B505464A
:109860000C46184B00221A605A609A60DA601A613E
:109870005A61154858610BF0CEFF1449144800F0A6
:109880003BF8232C1CD915F0030304D01C44043CE2
:10989000C3F104031D4422460021284603F08CFA3C
:1098A000084B1D605C609D60203C6C609A680949B3
:1098B00011609A68A1F11021A1F1EF11D161DA6074
:1098C00038BD00BF78E40020CC060020CD96030010
:1098D0002998030055AA00FF08B5024B1B6898475A
:1098E00008BD00BF3007002008B5024B1B68984731
:1098F00008BD00BF2C070020024B1860024B196006
:1099000000207047300700202C07002039B110B527
:1099100004460A46024B1B680021984710BD704759
:10992000A8060500114B0340B3F1607F0FD0B3F1DF
:10993000707F14D101F4E043B3F5005F12D1C1F39D
:10994000022101238B40012B06D900207047B1F57D
:10995000885FECD1002070476FF0860070476FF091
:10996000860070476FF08600704700BF0000C07F20
:109970008A4200F0B881F8B506460C46154601F05B
:10998000FE4CBCF1C06F18D0BCF1A06F7FD0AC4BC7
:109990009C4200F09580BCF1407F00F0A080A94B74
:1099A0009C4200F08A8124F0004323F47F03B3F14A
:1099B000106F00F088810020F8BD22F0FF02A2495C
:1099C0008A4219D001F580518A4215D0A1F58851FB
:1099D0008A4211D025F4FF7121F00101B1F1062F67
:1099E0000AD09A48824207D000F57450814203D0D1
:1099F000A0F58440814202D115F0FF0F05D19449B2
:109A00008D4202D0B5F1062F26D124F0FF018E48F9
:109A1000814219D000F58050814215D0A0F58850C0
:109A2000814211D024F4FF7020F00100B0F1062F24
:109A30000AD0864EB14207D006F57456B04203D024
:109A4000A6F58446B04207D114F0FF0004D040F0E0
:109A50000070804EB04217D08BB125F4FF7323F015
:109A60000103B3F1062F06D025F4FF6222F00702AE
:109A7000794B9A4203D125F4807524F48074AC426A
:109A800014BF0020012097E715460C46E4E702F0DA
:109A9000FE43B3F1A06F7FF47AAF82EA010333F49F
:109AA0007E137FF474AF11F4004F3FF474AFC1F331
:109AB0000544C2F3054294428CBF002001207BE79D
:109AC000A3F500439D4208D025F47E12634B9A42D1
:109AD00001D0002070E701206EE701206CE705F05F
:109AE000FE43B3F1407F7FF45AAF85EA040333F4B9
:109AF0007E177FF454AF31462046FFF713FF00284E
:109B000040F0F38015F47C111FD0C5F30542544B8F
:109B10002B40B3F1607F60D0B3F1707F00F0BA806A
:109B200014F47C1F00F0C48021B9C4F30543BB4288
:109B300000F0DD8014F4004F3FF431AFC4F305446E
:109B400094428CBF0020012036E7454B2B40B3F1F7
:109B5000607F04D0B3F1707F31D00A46D7E7EBB213
:109B600043F0007303F17E43033B122B0BD8DFE875
:109B700003F0320C0E0A0A10121416181A0A0A1CE4
:109B80001E20220A24000A46C1E71422BFE714223D
:109B9000BDE71C22BBE72022B9E73022B7E740220D
:109BA000B5E71C22B3E72022B1E71C22AFE7202251
:109BB000ADE73022ABE74022A9E74022A7E706F451
:109BC000E043B3F5005F01D00A46A0E7C6F30223E5
:109BD00001229A409BE7102299E7EBB243F0007311
:109BE00003F17E43033B122B9AD801A050F823F0D7
:109BF000AD9C03003D9C0300659C0300219B03007A
:109C0000219B0300699C03006D9C0300719C030071
:109C1000759C0300799C03007D9C0300219B03003D
:109C2000219B0300819C0300859C0300899C030009
:109C30008D9C0300219B0300919C030014276FE778
:109C40000093C0040002C0030003000600090006E0
:109C500000020006FF00000200400006000140056F
:109C60000000C07F14275BE71C2759E7202757E730
:109C7000302755E7402753E71C2751E720274FE7B8
:109C80001C274DE720274BE7302749E7402747E7C8
:109C9000402745E706F4E043B3F5005F7FF440AFAB
:109CA000C6F30220012303FA00F739E7102737E74C
:109CB000BA4214BF002001207EE6B5F1082F7FF4E0
:109CC00072AE012078E605F0FE43B3F1106F01D0CB
:109CD000002071E6074B2B4043F01063A34214BFF2
:109CE0000020012068E601207047002064E6012082
:109CF00062E600BF0000FFF62DE9F041002A71D0B6
:109D000006460D461F46144622F0FF033B4A934287
:109D10003BD002F58052934237D0A2F5885293424D
:109D200033D024F4FF7222F00102B2F1062F2CD0BE
:109D300033498B4229D001F574518A4225D0A1F5CF
:109D400084418A4221D004F0FE43B3F1407F43D0E6
:109D5000B3F1A06F43D02B4B9C4214BF00230123CF
:109D6000002B42D13B46224671682846FFF700FE91
:109D7000804600283CD13B462246B1682846FFF782
:109D8000F7FDC0B34046BDE8F08114F0FF02DAD021
:109D90001A498B4218D001F580518B4214D0A1F59D
:109DA00088518B4210D024F4FF7121F00101B1F1F0
:109DB000062F09D01248834206D0134B994203D094
:109DC000A3F584439942CDD142F000720D4B9A42E3
:109DD000C8D16FF08608D5E7C4F3C033C0E7C4F339
:109DE000C033BDE76FF08608CCE76FF08608C9E79F
:109DF0004FF00008C6E76FF08408C3E700030006D1
:109E000000090006FF0000020046000610B4C46806
:109E10000388428894B3A2B303F44F40B0F5824F55
:109E200004D0B0F5884F01D0002028E0DBB2222B0F
:109E300019D00DDC122B07D140F209239A4212D11E
:109E4000402918D900201AE0002018E0002016E070
:109E5000422B18DC272B0CDB273B0D4820FA03F3A1
:109E600013F0010FF2D00732B1EBD20F0DD3002067
:109E700005E0002003E06FF0860000E0002010BC49
:109E800070470020FBE70020F9E76FF08600F6E757
:109E90000102000C70B50D8800F0FE43B3F1407F65
:109EA00040F0A880044616462946FFF73BFDC8B996
:109EB00014F47C1F17D0C4F305433370032B40F216
:109EC0009C801946514A2240B2F1607F54D0B2F1D1
:109ED000707F00F081800022914200F29180202B5F
:109EE00000F2918070BD494B2340B3F1607F04D0F4
:109EF000B3F1707F31D00023DFE7E3B243F00073AA
:109F000003F17E43033B122B0BD8DFE803F0330C45
:109F10000E0A0A10121416181A0A0A1C1E20220A07
:109F200024000023C9E71423C7E71423C5E71C2333
:109F3000C3E72023C1E73023BFE74023BDE71C234D
:109F4000BBE72023B9E71C23B7E72023B5E730237D
:109F5000B3E74023B1E74023AFE705F4E043B3F5AF
:109F6000005F01D00023A8E7C5F30222012393403C
:109F7000DBB2A2E71023A0E7E4B244F0007404F1DE
:109F80007E44033C122C0BD8DFE804F0320C0E0A9E
:109F90000A10121416181A0A0A1C1E20220A24007B
:109FA000002299E7142297E7142295E71C2293E7F1
:109FB000202291E730228FE740228DE71C228BE799
:109FC000202289E71C2287E7202285E7302283E7C9
:109FD000402281E740227FE705F4E042B2F5005FCE
:109FE00001D0002278E7C5F302250122AA4073E7D9
:109FF000102271E76FF0860074E76FF0850071E75B
:10A000006FF086006EE76FF085006BE70000C07FA1
:10A0100070B504460D460F480BF001FCB0B906467A
:10A0200063692B60237F012B08D102232377094822
:10A030000BF0FDFB00B136B1304670BD00232B6044
:10A040006FF09606F3E76FF08F06F5E76FF08F0677
:10A05000F2E700BF1407002038B50E4C20460BF085
:10A06000DEFB0D4B5D7820460BF0E1FB0B480BF05F
:10A07000D6FB022D06D00024E4B208480BF0D7FB33
:10A08000204638BD044B1B78072B01D00024F3E792
:10A090000124F1E7E406002090E40020FC06002003
:10A0A000F0B583B005460F460BF02DFD044610B108
:10A0B000204603B0F0BD2E7914480BF0B0FB10BB66
:10A0C0006EB901A8394600F07FFA04460F480BF03C
:10A0D000AEFB30B1002CEBD16FF08F04E8E700202D
:10A0E000F0E7002CE4D13F68BE46AC46BCE80F0068
:10A0F000AEE80F009CE807008EE80700002ED7D1DD
:10A10000019B7B61D4E76FF08F04D1E71407002037
:10A1100060B138B50546064C20460BF080FB28465A
:10A120000BF0FEFD20460BF082FB38BD704700BFF0
:10A130001407002030B583B018B90024204603B0BE
:10A1400030BD01A900F092FA04460028F6D120485B
:10A150000BF065FB054620BB0198037F032B0FD056
:10A16000022B2FD1032303774368DAB2FF2A2CD0C6
:10A170001B0A17D0826A416A00F090FC054611E084
:10A180000CF012F9044612480BF051FB20B1002CE0
:10A19000D4D16FF08F04D1E7002CCFD16FF08704BA
:10A1A000CCE7254601980CF0FFF8044600B92C4690
:10A1B00007480BF03CFB0028C0D0002CBED16FF04C
:10A1C0008F04BBE76FF09605ECE76FF08405E9E7D5
:10A1D0001407002038B504460D46FFF73DFF28B1AF
:10A1E0002A46214603480CF033F938BD6FF0880049
:10A1F000FBE700BF94E4002010B521480BF00FFBF3
:10A20000204B1B7813F0040F03D023F004031D4AE6
:10A2100013701C4B1B7813F0020F1DD118480BF064
:10A2200006FB19480BF0FBFA164B5B78E3B9154CAB
:10A230000023637004216018FFF768FB12480BF0DD
:10A24000F6FA0F480BF0EBFA237813F0010F0FD159
:10A250000B480BF0ECFA10BD00F09AF9094A13789C
:10A2600023F002031370D9E708480CF0F6F8DEE794
:10A270000CF0C8F8237823F001032370E8E700BF4F
:10A28000FC06002090E40020E406002094E4002076
:10A2900038B5FFF7E1FE10B10024204638BD46482E
:10A2A0000BF0BDFA0446002877D1444B1B7813F01D
:10A2B000020F08D040480BF0BAFA68B1002C6ED1FA
:10A2C0006FF08F046BE000F05BF904463B4A1378B3
:10A2D00043F002031370EDE7002C60D136480BF019
:10A2E0009EFA00285ED1354B1B7813F0010F08D081
:10A2F00031480BF09CFA68B1002C50D16FF08F04FC
:10A300004DE00CF07BF804462C4A137843F001032F
:10A310001370EDE7002C42D127480BF080FA10B102
:10A320006FF08F043BE0254B1B7803F001052248BA
:10A330000BF07DFA10B16FF08F0430E020480BF085
:10A340006EFA90BB1D4B5B7803B93DB91C480BF00E
:10A350006EFA60B11CBB6FF08F0420E0194D2846E7
:10A360000CF071F80446022305F8033CEEE7B4B99B
:10A3700011480BF054FAD8B9104B1B7813F0040FA6
:10A3800003D143F004030D4A13700B480BF04FFA4E
:10A39000002882D06FF08F0401E06FF08F04FFF788
:10A3A0002BFF7AE76FF08F04F9E76FF08F04F6E781
:10A3B0006FF08F04F3E700BFFC06002090E400205C
:10A3C000E406002094E4002010B400F140420F2A7B
:10A3D0000CD82C24254B04FB02331C7F022C39D1D2
:10A3E0005A69824226D06FF08B002EE0421E6FF039
:10A3F00040439A422BD300F14043A3F580531C4ABB
:10A40000934202D800231A4603E06FF087001CE055
:10A4100001320F2A0CD84FF02C0C144B0CFB0233DA
:10A4200093F81CC0BCF1020FF2D15C698442EFD1F9
:10A430000F2A12D81A7F022A12D11A6AB2F1FF3FEC
:10A4400011D001321A620B60002010BC704700234B
:10A450001A46DEE76FF08B00F7E76FF08B00F4E74A
:10A460006FF09600F1E76FF09600EEE798E40020B9
:10A47000FFDFFF3F38B5064C20460BF0D0F9054B07
:10A4800093F8C05220460BF0D2F9284638BD00BFE1
:10A49000FC06002098E4002030B58FB0054600236C
:10A4A0000793089309930A930B930C930D930693C8
:10A4B00000200021CDE9040103930293686900F1B3
:10A4C0004043A3F580532D4A934253D804AA06A9CA
:10A4D0000BF0C8FF044600BB6A69089B0C9213F09E
:10A4E000FF0F04D123F0FF0343F001030893069B01
:10A4F000089313F0FF0F01D100230C930023019365
:10A50000009307AADDE9040100F01CFA044610F1EB
:10A510008A0F05D008B96FF0960420460FB030BD01
:10A5200003A907A800F040F904460028F5D10399D3
:10A5300028460BF0B5FB04460028EED102AB019390
:10A54000AB6A00936B6A07AADDE9040100F0FAF92F
:10A55000044658B9029BAB620DF11C0CBCE80F001D
:10A560000FC59CE8070085E80700D6E728460BF0F2
:10A57000CCFBD2E76FF08B04CFE700BFFFDFFF3FDC
:10A58000024B012283F8C0220020704798E400208B
:10A5900038B500259DB10B4B002283F8C02238BD91
:10A5A0002C23084803FB04000123036203230377E1
:10A5B0000BF0B6FB01340F2CF2D90135EAE72C463B
:10A5C000F9E700BF98E40020F8B507460E46FFF70C
:10A5D00051FF00283ED000252A4600E001320F2A14
:10A5E00011D82C241F4B04FB02331C7F64B1002DB7
:10A5F000F4D1022CF2D1196A0029EFD1197900297E
:10A60000ECD01D46EAE7002383B11A7F3ABB012252
:10A610001A7747B1134A9A1A9210134901FB02F2B2
:10A6200002F180423A6033600020F8BD6DB12B7FAB
:10A63000022B05D12B6AB3F1FF3F01D001332B620E
:10A6400028460BF06DFB38B92B46002BDDD16FF09F
:10A650008C0001E06FF0880000233360E5E76FF0C5
:10A660009600F9E798E40020A38B2EBA70B5064651
:10A670000C4600230B60FFF7FDFE00285AD030483F
:10A680000BF0CDF8002858D121463046FFF79CFE4C
:10A69000054610F18C0F09D029480BF0C8F800B11D
:10A6A0000DB1284670BD6FF08F05FAE721460020F6
:10A6B000FFF78AFF054618B121480BF0B8F8F0E71C
:10A6C00023685E61236801225A602068FFF7E4FE78
:10A6D000054688B120680BF023FB15F18C0F20D0C4
:10A6E0000023236016480BF0A2F80028D9D0002DD3
:10A6F000D7D16FF08F05D4E7206808300BF045FE06
:10A7000023681A7F012A01D102221A772268137F57
:10A71000022B09D1136AB3F1FF3F08D00133136252
:10A72000E0E76FF08705DBE76FF09605D8E76FF09D
:10A730009605D5E76FF08805B3E76FF08F05B0E7B2
:10A740001407002010B504460A480BF068F868B9F1
:10A7500020460BF029FE044606480BF068F800B1CD
:10A760000CB1204610BD6FF08F04FAE76FF08F0434
:10A77000F7E700BF1407002008B519464368002218
:10A780000A60074AB2EB132F04D04FEA132C054B93
:10A790009C4502D100F018FC08BD6FF08600FBE775
:10A7A000004E80004B4E800008B5436800220A60CE
:10A7B000074AB2EB132F04D04FEA132C054B9C45EC
:10A7C00002D100F001FC08BD6FF08600FBE700BF7E
:10A7D000004E80004B4E8000F8B504460D461646EC
:10A7E0001F464068000A05D00E4B984214D06FF007
:10A7F000860015E0238813F4804F06D03B462046A0
:10A8000000F0A6FF10F1860F0AD13B4632462946DA
:10A8100020460BF094FC03E03B46204600F098FFF6
:10A82000F8BD00BF4B4E8000F0B585B004460D4624
:10A8300016461F4643681A49B1EB132F1FD01A0A58
:10A84000184B9A421BD042BB0C9B02930B9B01936B
:10A850000A9B00933B463246294600F009FF10F15F
:10A86000860F18D10C9B02930B9B01930A9B0093BC
:10A870003B463246294620460BF025FA0BE00C9B5E
:10A8800002930B9B01930A9B00933B463246294659
:10A89000204600F0EDFE05B0F0BD6FF08600FAE74F
:10A8A000004E80004B4E800010B582B044685FEAD5
:10A8B000142C05D00A4CA4450AD06FF0860005E0A0
:10A8C000059C0194049C00940BF050FA02B010BD5A
:10A8D000059C0194049C00940BF0E8FFF6E700BF90
:10A8E0004B4E8000F0B583B004460D4616461F4619
:10A8F00043681249B1EB132F14D01A0A104B9A4235
:10A9000003D012B16FF0860016E0099B0193089BFB
:10A9100000933B4632462946204600F05FFE10F188
:10A92000860F09D1099B0193089B00933B46324651
:10A930002946204600F052FE03B0F0BD004E8000D4
:10A940004B4E800030B583B054680A4DB5EB142FE0
:10A9500004D04FEA142C084CA44507D1079C01945D
:10A96000069C009400F036FF03B030BD6FF08B0002
:10A97000FAE700BF004E80004B4E800030B587B034
:10A9800044685FFA83FC4CF0007C0E4DAC4512D05D
:10A99000240A14B10C4DAC4210D10E9C04940D9CB1
:10A9A00003940C9C02940B9C01940A9C00940BF061
:10A9B000FAFD07B030BD6FF08500FAE76FF0860052
:10A9C000F7E700BF050000024B4E8000F0B583B0F2
:10A9D0000546089E4C68F0B240F000700C4FB8423B
:10A9E0000FD0240A14B10B4884420DD1009605F112
:10A9F00008000BF0BBFD08B103B0F0BD05232B60D0
:10AA0000FAE76FF08500F7E76FF08600F4E700BF24
:10AA1000050000024B4E8000F0B583B00546089E4D
:10AA20004C68F0B240F000700C4FB8420FD0240ACE
:10AA300014B10B4884420DD1009605F108000BF0CB
:10AA4000A0FD08B103B0F0BD05232B60FAE76FF05D
:10AA50008500F7E76FF08600F4E700BF050000020D
:10AA60004B4E800010B586B044685FEA142C02D0CB
:10AA7000094CA4450DD104930C9B03930B9B0293AB
:10AA80000A9B0193099B0093089B0CF0C7F806B042
:10AA900010BD6FF08600FAE74B4E800008B54268A3
:10AAA000044BB3EB122F02D10BF039FF08BD6FF04E
:10AAB0008500FBE74B4E8000002209E0930003F184
:10AAC000A34303F54043054951F8221019600132B0
:10AAD00040F2C6439A42F1D9704700BFAC06050068
:10AAE00008B5482004F0EAFE024B0722C3F8082309
:10AAF00008BD00BF0080045008B50C4B186802F078
:10AB000007F80B4A1368591C116023B1074B1868EA
:10AB100002F018F808BD074AD2F8003443F00703E2
:10AB2000C2F80034482004F0C4FEEFE738070020E4
:10AB30005CE700200080045008B5154B186801F050
:10AB4000E7FF144A1368013B136023B1104B1868E8
:10AB500001F0F8FF08BDFFF7C3FF0F4BD3F8002447
:10AB600022F00702C3F800240022C3F80021D3F822
:10AB70000011C3F80421D3F80411C3F80821D3F855
:10AB80000831064B4FF48072C3F88821DEE700BF1E
:10AB9000380700205CE700200080045000E100E05E
:10ABA00010B5134B1A68134B9A421DD0FFF7A4FF40
:10ABB00001F048FCFFF780FF01F088FC68B901F064
:10ABC0003FF9044668B90BF09EFF0446FFF7B4FF57
:10ABD0005CB9074B074A1A6007E000F019F8044611
:10ABE000F4E7FFF7A9FF00E00024204610BD00BFF6
:10ABF00034070020117365004269044B1344022B93
:10AC000001D8012070470020704700BFFF3F00803F
:10AC10000A2846DC10F1550F35DB00F155035F2B98
:10AC20003CD8DFE803F0383B3B3B3B3B3B3B3B3B0B
:10AC30003B3B603B3B3B3B3B3B3B63603B3B3B3BF2
:10AC40003B3B3B3B3B3B3B3B3B3B3B3B3B3B3B3B54
:10AC50003B3B3B3B3B3B3B3B3B3B69663B3B3B3BEB
:10AC60003B3B3B3B3B3B3B3B3B3B3B6C3B3B3B3B03
:10AC70003B3B3B3B3B3B3B3B7E663B833B3B3B3B6E
:10AC80003B3B6C3B3B6C6FF086007047002070478D
:10AC90006FF0860070476FF0930070476FF086008A
:10ACA00070476D2840DC64281ADB64380928EFD827
:10ACB00001A353F820F000BF1DAD030091AC0300C9
:10ACC00091AC03008DAC030005AD030017AD03008C
:10ACD00011AD030091AC030091AC03000BAD030078
:10ACE0006FF0860070476FF0840070476FF0890046
:10ACF00070476FF0920070476FF0880070476FF0F8
:10AD0000940070476FF0850070476FF08C007047BB
:10AD10006FF0930070476FF0860070476FF09800F7
:10AD200070476FF0850070476FF08600704700BF76
:10AD3000F8B505460E4617461C461C2118460CF071
:10AD400030FF6B682549B1EB132F07D01A0A244B4B
:10AD50009A4221D0266067600020F8BD3378214AEE
:10AD60002261214AE260666113F003030CD00233D2
:10AD700003F00303012B28D86B880733DB086360DB
:10AD80001A4B23600020E8E76B880733DB08636019
:10AD9000174B23600020E0E72846FFF72DFFB8B9E6
:10ADA0000023224642F8183F6261E36023616A692A
:10ADB000104B9A4204D077B1266067600020CCE740
:10ADC000202363600A4B2360C7E76FF08400C4E769
:10ADD0006FF08500C1E76FF09600BEE74B4E800034
:10ADE000004E8000FDBB0300CB6A04000000002081
:10ADF0004000815104C0FF7F074B0022C3F810219F
:10AE0000C3F80C21C3F80021C3F80421C3F80821BA
:10AE1000C3F81421704700BF0050045038B50546F0
:10AE20000C46FFF7E9FF01232B60236843B9104B61
:10AE3000D3F80C3123B90E4BD3F80831002BF4D0E2
:10AE4000236853B90B4B9C420CD0A3F58473D3F801
:10AE5000083153B94FF0FF3400E00024FFF7CCFF76
:10AE6000204638BD4FF0FF34F8E76FF00204F5E7F5
:10AE7000005004500851045038B531B304460D4613
:10AE80004B6913F00F0F12D100210120F9F74CF993
:10AE90000F48C0F80045C0F804550E49FFF7BEFF43
:10AEA000044600210846F9F73FF9204638BD0A4C10
:10AEB0005523224609490A4803F0BCFF094803F01C
:10AEC000B9FF5521204603F0ACFF6FF00104ECE719
:10AED0000050045000510450C0F8040014F904005C
:10AEE0003490040040F9040008B5044BC3F8000591
:10AEF00003490448FFF792FF08BD00BF005004500B
:10AF0000045104500450045010B50446002101209F
:10AF1000F9F70AF9064BC3F8004506490648FFF75A
:10AF20007DFF044600210846F9F7FEF8204610BDD3
:10AF300000500450085104500850045071B110B52D
:10AF40000C46084BC3F8000507490848FFF766FFA1
:10AF500018B9044BD3F80835236010BD6FF0010019
:10AF6000704700BF00500450105104500C50045062
:10AF70004369144A934210D0013A934216D902F51C
:10AF8000FF427E321A44012A13D80388B3F5105FBA
:10AF900015D102230B6000207047028847F212137C
:10AFA0009A4209D102230B60002070476FF086009F
:10AFB00070476FF0860070476FF0860070476FF043
:10AFC0008600704701C0FF7F10B54268B0F800C02E
:10AFD0004388284CB4EB122F10D04FEA122E264A89
:10AFE000964544D10CF44F42B2F5824F09D0BCF5DE
:10AFF000885F38D002230B60002010BDFFF7B8FF38
:10B00000FBE744F21210844503D00733DB080B60E2
:10B01000F2E7B2F5844F13D0B2F5884F14D0B2F5F1
:10B020008E4F17D05FFA8CF2422A16D05FFA8CFC52
:10B03000BCF1410F14D00733DB085B00013301E0A2
:10B040000733DB080B60D7E70733DB0803EB430369
:10B050000133F7E70733DB08F4E70833DB08F1E7F0
:10B060000733DB08EEE70733DB080B60C4E76FF05C
:10B070008600C2E7004E80004B4E80002DE9F04173
:10B0800094B080460021084601F05EF9074610BBE7
:10B090000DF1270424F01F0400262F2E27D8244D5D
:10B0A0000122102128460BF0F4F910230193A21974
:10B0B00000922A462021A5F1200000F055FF054608
:10B0C00068B910361B4A136B516B013341F1000113
:10B0D00013635163E1E7FFF79BFD074623E0002080
:10B0E00001F020F92846FFF793FD07461BE00020FA
:10B0F00001F018F9B8F1000F04D030224146204683
:10B100000BF0B4F9DFF82CC0654626460FCE0FC50C
:10B1100096E80F0085E80F000CF12005203494E834
:10B120000F0085E80F00384614B0BDE8F08100BF7D
:10B13000886400206864002010B58CB03021684617
:10B140000BF0E2F998B96846FFF798FF044610B192
:10B1500020460CB010BD30230022194668460CF082
:10B1600015FD044B00200021C3E90C01F0E76FF04E
:10B170009204EDE7686400201A4B9A6B1A4B9A42CE
:10B180002ED010B58CB0194B186801F0C1FC4023CB
:10B190000022194613480CF0F9FC302168460BF0E8
:10B1A000B3F9044640B1114B186801F0CBFC2046BE
:10B1B000FFF72EFD0CB010BD6846FFF75FFF08B12A
:10B1C0000E24F0E730230022194668460CF0DEFC1E
:10B1D000044B01200021C3E90C01034A9A63E2E712
:10B1E0000020704768640020B4A5B4A53C07002087
:10B1F0002DE9F0418CB005460E4690460DF127072B
:10B2000027F01F0702F10F04240922B100297FD083
:10B21000B2F5803F7FD8414B186801F079FC404A75
:10B22000136B526B13431FD03D4B1A6B5B6BA4180F
:10B2300043F100034FF0FF32A2424FF6FF729A41F2
:10B2400003D2FFF779FF0546C8B90021084601F08F
:10B250007BF8044640B3314B186801F073FC20467C
:10B26000FFF7D6FC05464FE02846FFF785FF054669
:10B270000028D9D0294B186801F064FC44E0274B22
:10B28000186801F05FFC3FE03B5D33550134AC4290
:10B29000FAD3A8EB05082E44214A136B516B0133F6
:10B2A00041F1000113635163B8F1000F21D045460D
:10B2B000102D28BF10251B4C0122102120460BF019
:10B2C000E8F810230193009722462021A4F12000E2
:10B2D00000F04AFE04460028D9D0002001F022F8F0
:10B2E0000E4B186801F02EFC2046FFF791FC054636
:10B2F0000AE0002001F016F80020FFF7BFFE054627
:10B30000064B186801F01EFC28460CB0BDE8F08121
:10B310006FF08605F8E76FF08605F5E73C0700203B
:10B32000686400208864002070B5049C04F0FE4529
:10B33000B5F1407F11D10568002D7BD1046014F474
:10B340007C1515D0C4F30545456024F47E143C4DAE
:10B35000AC4272D100F0C4F870BD3A4C1A232246B8
:10B3600039493A4803F066FD1A21204603F059FD99
:10B37000374E2640B6F1607F0DD0B6F1707FE3D135
:10B380000E8806F4E04CBCF5005FDDD1C6F3022662
:10B390000125B540D8E7E6B246F0007606F17E46D4
:10B3A000033E122ED0D80FF2080C5CF826F000BF36
:10B3B00031B40300FDB3030001B4030049B303003B
:10B3C00049B3030005B4030009B403000DB403003E
:10B3D00011B4030015B4030019B4030049B303000A
:10B3E00049B303001DB4030021B4030025B40300D6
:10B3F00029B4030049B303002DB403001425A3E7C7
:10B400001425A1E71C259FE720259DE730259BE714
:10B41000402599E71C2597E7202595E71C2593E70C
:10B42000202591E730258FE740258DE740258BE7E4
:10B43000102589E76FF088008EE76FF085008BE7B5
:10B440000002C00354F90400ACF904003490040075
:10B450000000C07F03684BB15AB110B523F47E13CE
:10B46000064CA34207D10BF0E0F810BD6FF0880046
:10B470007047002070476FF08500F6E70002C003B8
:10B4800070B50446006800B30D461E4601B36368FC
:10B49000934220D820F47E10104B984204D06FF0D5
:10B4A00096000023336070BD20460BF052F900284F
:10B4B000F7D1626804F10C012846D9F7C1FE636830
:10B4C000336020460BF068F8EDE76FF08800EAE79C
:10B4D0006FF08600E7E76FF08900E4E70002C00341
:10B4E0002DE9F0410E4611461C4673683288B2F5CC
:10B4F000105F3ED105461B0A0F2C05D8214A934206
:10B5000002D04B3A934237D1202C38D805F5B27788
:10B5100022463846D9F794FE05F5A47843462246DC
:10B5200039463046FFF704FC044610B12046BDE81A
:10B53000F08105F164060121304600F005FF78B97D
:10B54000414605F150000BF0B8FB0446304600F0D0
:10B55000E9FE4CB91023AB60002385F84C30E5E7D9
:10B56000FFF756FB0446E1E72046FFF751FB044690
:10B57000DCE76FF08504D9E76FF08604D6E76FF05B
:10B580008604D3E74B4E8000602A20D8F8B50446E5
:10B590000E4615460F4B186801F0BAFA20460BF01C
:10B5A00094FA074668B1204600F028FB0446094B90
:10B5B000186801F0C7FA04B127463846FFF728FBA0
:10B5C000F8BD2A4604493046D9F73AFEEBE76FF05A
:10B5D00089007047400700200000002030B583B08C
:10B5E000069D079CBBB18646084611461A46ECB13B
:10B5F000BEF800C00023236065B32CF0FF0CBCF53F
:10B60000E24F1ED0BCF5824F27D100942B460BF0A1
:10B610003DFF03B030BD124C202322461149124891
:10B6200003F008FC2021204603F0FBFB0C4C2123F7
:10B6300022460E490C4803F0FDFB2121204603F071
:10B64000F0FB0194009513460A460146704601F04E
:10B6500073F9DEE76FF08600DBE76FF08500D8E76F
:10B66000FCF9040070C304003490040060FA040084
:10B670002DE9F04184B00A9F0B9C0C9D23B39846A2
:10B680006CB3002D36D0B0F800C000262E602660C6
:10B69000002F48D04668330ADFF89CE0BEEB162F37
:10B6A00033D0002B42D12CF0FF0CBCF5E24F33D04D
:10B6B000BCF5824F3DD102950194009743460BF0B3
:10B6C00099FE04B0BDE8F0811C4C782322461C4949
:10B6D0001C4803F0AFFB7821204603F0A2FB174C77
:10B6E000792322461849174803F0A4FB7921204604
:10B6F00003F097FB114C7A2322461449114803F0BA
:10B7000099FB7A21204603F08CFB02950194009767
:10B7100043460BF057F8D4E702950194009743464F
:10B720000BF040FECDE76FF08600CAE76FF08500B2
:10B73000C7E76FF08500C4E74B4E8000FCF90400BA
:10B740006CFA04003490040078FA04008CFA0400C7
:10B7500070B599B18E46E3B1B0F800C04468260ACE
:10B76000174DB5EB142F1FD00EBB1AB32CF0FF0CE6
:10B77000BCF5E24F21D10BF09CFD70BD114CEA23CA
:10B7800022461149114803F055FBEA21204603F0F7
:10B7900048FB0C4CEB2322460D490C4803F04AFBB6
:10B7A000EB21204603F03DFB0BF03FF8E5E76FF09F
:10B7B0008500E2E76FF08600DFE76FF08500DCE7E9
:10B7C0004B4E8000FCF904006CFA04003490040035
:10B7D00078FA040010B582B0094C041961F1000C2C
:10B7E000032C7CF1000C07D3059C0194049C00946D
:10B7F0000BF0A4F902B010BD6FF08500FAE700BFAE
:10B80000FF3F0080037813F00F0F40F08E8070B57B
:10B8100082B004460D464388C3F3C113022B06D001
:10B82000032B06D0012B40F08380012202E003228B
:10B8300000E002224A4B13436B6013F0FF0F01D16B
:10B8400000236B61237803F03003102B04D0E378DE
:10B850005B080022164609E041F201032B804FF4F9
:10B86000C0736B80002068E05B0801324BB113F0BD
:10B87000010FF9D0062A5ED83A4951F822100E433A
:10B88000F2E7019601A80BF04EF8019BAB6023682C
:10B89000C3F38533242B13D0382B17D0142B4ED160
:10B8A0004FF410532B80304BEB60A378C3F302139B
:10B8B000013B052B46D8DFE803F0182A2D3045342C
:10B8C0004FF410532B80294BEB60EEE7A37803F085
:10B8D0007003302B05D047F212132B80244BEB6002
:10B8E000E3E747F241132B80F8E780236B8023784E
:10B8F00013F0300F29D12B88B3F5105F27D116F044
:10B90000010F27D116F0020F27D1002015E0C02328
:10B910006B80ECE7FF236B80E9E74FF480736B806B
:10B92000E5E74FF4C0736B80E1E76FF08800704784
:10B930006FF0910001E06FF0830002B070BD6FF016
:10B940009200FAE76FF09800F7E70020F5E76FF054
:10B950009600F2E76FF09600EFE76FF09600ECE7E5
:10B96000004B4E80C8190500004440040002C0038B
:10B970000000020938B505460C4600230B604369F8
:10B98000C3F301330A7863F305120A70D3B213F0DC
:10B99000300308D1826812F0010F40F0E08012F00D
:10B9A000020F40F0DF80102B15D0EB6803F0FE4251
:10B9B000B2F1A06F08D0794A934218D0784A9342E6
:10B9C0002DD0784A93421ED02B7DF82B40F0D680A4
:10B9D00000239C4648E06388022262F3C813638018
:10B9E000A378052262F30613A370002038BD2368F4
:10B9F000142262F3933323602B88B3F5105FE7D0F2
:10BA00006FF08500F2E72368242262F3933323600A
:10BA10002B88B3F5105FDBD06FF08500E6E7284692
:10BA20000AF090FF002800F0A0802B8803F44F421A
:10BA3000B2F5824F13D0B2F5884F10D0B2F5824FD5
:10BA400003D0B2F5884F40F09380DBB2412B40F039
:10BA500092802368382262F393332360B8E7D9B227
:10BA60001229EBD1F5E70133062B10D8AA684E490D
:10BA700051F823001042F6D0E2780121994041EAC2
:10BA8000520161F34702E2704CEA000CEBE7AB684D
:10BA900033EA0C0375D16B88FF2B40D00BD9B3F57B
:10BAA000807F42D0B3F5C07F12D1A378062262F323
:10BAB0000613A37014E0802B0DD0C02B05D1A37802
:10BAC000022262F30613A3700AE06FF085008DE78F
:10BAD0006FF085008AE7A378012262F30613A37052
:10BAE0006B69C3F30133227863F305122270D3B27A
:10BAF00013F0300F06D1AB6813F0010F44D113F0EF
:10BB0000020F44D12B79022B23D017D8012B12D14D
:10BB10006388012262F3C8136380002066E7A3787C
:10BB2000032262F30613A370DAE7A378042262F318
:10BB30000613A370D4E76FF0860057E7032B01D0FC
:10BB4000FF2B27D16388022262F3C8136380002091
:10BB50004CE7638843F4C0736380002046E76FF0CE
:10BB6000860043E76FF0860040E76FF085003DE711
:10BB70006FF085003AE76FF0850037E76FF08500DA
:10BB800034E76FF0850031E76FF086002EE76FF045
:10BB900086002BE76FF0860028E700BF00444004D2
:10BBA000000002090002C003C8190500F8B56029A9
:10BBB0001DD805460C460F4B186800F0A9FF284613
:10BBC0000AF083FFFFF724F8064628B1094B1868EE
:10BBD00000F0B8FF3046F8BD074F224639462846E8
:10BBE000D9F72EFB602138460BF0DBFFEEE76FF054
:10BBF0008906EFE7400700200000002008B5037821
:10BC000013F0030F02D10AF07EFF28B96021034828
:10BC10000BF0C7FF002008BD0220FCE70000002059
:10BC200043681F4AB2EB132F36D1D9B2032930D063
:10BC300010B584B003AA02A90AF0EBFE68B900248B
:10BC400000E00134039BA34209D902982044FFF786
:10BC50004BF90028F5D06FF0840004B010BD9DF8BA
:10BC6000042022F003028DF80420D2B263F3840290
:10BC70008DF80420029B8DF8053001A8FFF7BEFF68
:10BC8000039902980AF0D6FE0028E6D10AF0EDFEEC
:10BC9000E3E76FF0840070476FF08B00704700BFE0
:10BCA0004B4E80002DE9F04788B004460D461646FD
:10BCB0001F460AF0DAFE814618B1484608B0BDE8D2
:10BCC000F08707A92046FFF755FE81460028F4D1EA
:10BCD0009DF81C30C3F30113012B3CD0032B17D06C
:10BCE000002B40F090802388B3F5105F40F08E80E9
:10BCF000A7F11002102A00F28C804D4BD34013F0B4
:10BD0000010F02D0DFF82CA129E06FF08609D4E7FB
:10BD1000412F1BD018D8202F0ED8102F7CD3A7F17D
:10BD20001002434BD34013F0010F02D0DFF808A1FB
:10BD300015E06FF08609C0E7302F02D1DFF8F8A0D8
:10BD40000DE06FF08609B8E7612F68D10136013F39
:10BD5000DFF8E4A003E0302F64D1DFF8E0A00F3774
:10BD60004FEA17180024444506D228190AF0C1FBEF
:10BD700000285AD00134F6E71F2F08D80024009479
:10BD800001940294039404940594069421E041469E
:10BD900028460AF04FFE81460028EFD08DE74FF08D
:10BDA000FF330693BDF81E30C3F3C1130493B318D9
:10BDB000EC46B05859689A68DB68ACE80F006946F1
:10BDC0002819FFF759F878B91C2168460BF0E9FEED
:10BDD000013444450CD222010AEB04130593002CD4
:10BDE000DDD1079B0693DDE70AF03FFE6FF0920975
:10BDF0001F2F7FF662AFB9F1000F7FF45EAF0AF03C
:10BE00005BFE814659E76FF0860956E76FF08509BA
:10BE100053E76FF0860950E76FF086094DE76FF042
:10BE200086094AE76FF0860947E76FF08A0944E719
:10BE300001010100400081510000002010840450E5
:10BE400030B591B0002301930293039304930593BB
:10BE500006930793F8200AF04CFB18B9F9200AF072
:10BE600048FB58B320220DEB02010020FFF7C0F978
:10BE7000044610B1204611B030BD4FF480740094D8
:10BE800068460AF050FD009B03930D4B04934FF45A
:10BE90001053ADF80430ADF806400A4B02930A4B3C
:10BEA000069308AD20232A46F82101A8FFF7FAFEE1
:10BEB0000446202128460BF074FEDBE70024D9E776
:10BEC0000010C004014B4E80F800FF7F30B583B0F6
:10BED0000D4614466A4601A90AF094FDA8B9BDF8BA
:10BEE0000230C3F3C113022B05D0032B05D0012B65
:10BEF0000DD1012202E0032200E00222054B134390
:10BF00002B60019B23600023636003B030BD6FF0A2
:10BF10008600FAE7004B4E8020F0004323F47F03B5
:10BF2000B3F1106F0DD00E4B034043F010630D4A78
:10BF3000934212D0A2F5803293420BD06FF086006C
:10BF40007047074B034043F01063064A9342EAD11F
:10BF5000002070476FF0850070476FF085007047D4
:10BF60000000FFF60000020930B583B04FF4807482
:10BF70000194234C01AD2560224DA5601125E5609B
:10BF800004F110056560206141F00051A16140F6A7
:10BF90001101E16104F120016161226243F000536B
:10BFA000A3622123E36201216162174B069A1A60A2
:10BFB000079A42F000529A6059602022DA60BFF37B
:10BFC0005F8F4FF0A3421460BFF35F8FBFF35F8FAB
:10BFD0001361BFF35F8FBFF35F8F03235363BFF31F
:10BFE0005F8FBFF35F8F9363BFF35F8F4FF0FF30BF
:10BFF00001E00AF0F8FEB0F1FF3FFAD003B030BD27
:10C0000070E700200400002060E7002000294DD0E8
:10C0100038B504460D460B68002B41D0AB684BB9D0
:10C020006B68103B102B44D8254A22FA03F313F017
:10C03000010F41D02561EB681BB168699847002862
:10C040002DD1204B236001236360AB689A01D2B2EB
:10C050009B081B0703F0E0431A43112342F480328C
:10C0600004F1780104F1140000F02EF8AB6893B9E4
:10C07000A3692A681A606B68A26943F00053936051
:10C0800023689A69A3699268DA60A3691033A3618F
:10C090006368013363600020A0601023E36038BD53
:10C0A0008B68002BBAD16FF02100F8E76FF0210008
:10C0B00070476FF04100F2E76FF04100EFE700BF1B
:10C0C00001010100E41905004160026100F1140260
:10C0D000826000F11002C2600A6042680349916008
:10C0E0004268D36043681033436070470400002007
:10C0F000BFF35F8F094B1B6BBFF35F8FC3F342022C
:10C10000052A04D013F00C0F04D0002070476FF004
:10C11000510070474FF0FF30704700BF0010805152
:10C12000BFF35F8F054A1368BFF35F8F43F00103CE
:10C13000BFF35F8F1360BFF35F8F704700108051B4
:10C14000BFF35F8F094A1368BFF35F8F43F48071B9
:10C15000BFF35F8F1160BFF35F8F23F48073BFF372
:10C160005F8F1360BFF35F8F704700BF0010805177
:10C17000BFF35F8F114B5B68BFF35F8F032B1AD93F
:10C1800010B5044600230EE0BFF35F8F0B4AD2F8D0
:10C190008010BFF35F8FBFF35F8F103242F8231020
:10C1A000BFF35F8F0133032BEED90AF0A5FF012304
:10C1B0006360002010BD4FF0FF30704700108051C9
:10C1C00070B505460C46002303604360FEF794FCFF
:10C1D00001232B70FFF7B4FFBFF35F8F204BDB68A9
:10C1E000BFF35F8F9B08013BA4B3226812B19A4250
:10C1F00029D81346A668606808B94FF40070E5684E
:10C2000005B9F1252269BFF35F8F15498B60BFF334
:10C210005F8FBFF35F8F0E64BFF35F8FBFF35F8FDE
:10C220004D64BFF35F8FBFF35F8F4863BFF35F8FD2
:10C2300042F4802242F00102BFF35F8F0A60BFF335
:10C240005F8F002070BDFEF777FC00232B706FF02E
:10C250003F00F7E700224FF40070F1251646D2E7C1
:10C26000001080510378002B38D070B506460D467B
:10C270001446FFF73DFFE0B97368ABB1BFF35F8FC2
:10C28000194B9B68BFF35F8F0133B4EB031F28D8B2
:10C29000BFF35F8F144B5B68BFF35F8FB4EB830F0B
:10C2A00011D94FF0FF3004E03046FFF761FF00285E
:10C2B000E4D070BD05F8012B120A0133013C032BB9
:10C2C00001D8002CF6D1002CF3D0BFF35F8F064BC2
:10C2D000D3F88020BFF35F8F0023F0E76FF02000DA
:10C2E00070476FF03F00E4E700108051BFF35F8FAD
:10C2F0004FF0A3430022DA61BFF35F8FBFF35F8F7C
:10C300004FF0FF321A63BFF35F8FBFF35F8F3422AA
:10C31000DA61BFF35F8F024B0122C3F80423704739
:10C320000080045010B5044608B1037843B1FEF70D
:10C3300003FC044B186800F005FC0CB100232370CB
:10C3400010BD00BF4007002070B582B005460C4606
:10C35000FEF7D2FB14F0010404D001A800F072F93A
:10C36000064668B90F4B186800F0D2FB0DB10123E7
:10C370002B70FFF7BBFF34B90026304602B070BD0A
:10C38000FEF7DAFBF9E701980BF0F4F80646042112
:10C390000DEB01000BF005FC002EEED02846FFF758
:10C3A000C1FFEAE74007002010B51F4BD3F800316A
:10C3B0009BB91D4BD3F8083143B300F0D7F80AF00E
:10C3C000BEFE194B0022C3F80821D3F80831012121
:10C3D000164B18680BF0A4FB10BDBFF35F8F4FF036
:10C3E000A343996ABFF35F8FBFF35F8F4FF0FF32B4
:10C3F0001A63BFF35F8F0C4B0022C3F80021D3F800
:10C4000000310B4B18680BF08BFBE5E7094C502310
:10C4100022460949094802F00DFD094802F00AFDCB
:10C420005021204602F0FDFC00800450440700200B
:10C430004807002098FA04008CF8040034900400A7
:10C4400000FB040008B5074B18680BF053FB064BC4
:10C4500018680BF04FFB002211464820E7F79CFEBE
:10C4600008BD00BF480700204407002008B5054B61
:10C470001B780BB9002008BD034B18680AF04EFE6C
:10C48000F9E700BF9DE800204807002008B5024BEF
:10C4900018680AF043FE08BD44070020094BDB6C16
:10C4A0000BB10948704710B5064C182120460AF018
:10C4B0004CFE04F14C010AF079FE0123E3640248CA
:10C4C00010BD00BFA0E70020ECE7002008B50D4B31
:10C4D0000D4A1A6002F5C0425A601B61FFF7DEFF89
:10C4E00068B1084B1B6DB3F5007F05DC4FF400729B
:10C4F000044B9A60002008BD4FF48062F8E70E20DC
:10C50000F9E700BFA0E700200020805110B50446E5
:10C51000124B186800F0FCFA114B1A6822605A6836
:10C5200062609A68A26023610E4A12689A660023CC
:10C53000A364FEF7E1FA0C4B0422C3F8042301E0E4
:10C54000FFF7A4FF20460AF003FE0028F8D120469A
:10C550000AF009FE0028F3D110BD00BF4C070020EF
:10C56000A0E70020101A0500008004500048704722
:10C57000A0E7002010B50446084B0422C3F80823A6
:10C58000FEF7DAFA2369064A12689A6600236364A2
:10C59000044B186800F0D6FA10BD00BF00800450AC
:10C5A000101A05004C070020254B0340B3F5806F9F
:10C5B0002BD013DC402B2BD009DDB3F5807F2DD0A1
:10C5C000B3F5007F2CD0802B2CD10B231EE0102B39
:10C5D00020D0202B20D0CBB1022317E0B3F5804F21
:10C5E00022D00ADCB3F5805F20D0B3F5005F1FD006
:10C5F000B3F5006F1ED1062308E0B3F5004F1BD042
:10C60000B3F5803F1AD1032300E011231846704789
:10C610000A23FBE70C23F9E70923F7E70823F5E7EB
:10C620000723F3E70223F1E71423EFE70523EDE700
:10C630000423EBE70223E9E70F23E7E70223E5E71B
:10C64000F0FF010010B50446104B186800F060FAC6
:10C650000F4B1B6873B10E4A1368013B0D4951F82B
:10C660002310216013600024084B186800F06AFA58
:10C67000204610BD802207490020FEF7B9FD18B9F9
:10C68000034B20221A60E6E70224EDE75007002062
:10C690000CE8002010E80020B0F5807F15D009D903
:10C6A000B0F5C07F15D040F2092398420AD06FF050
:10C6B00086007047E02802D06FF0860070476FF068
:10C6C000850070476FF085007047034B0B600020BA
:10C6D00070476FF085007047A41B050070B582B0ED
:10C6E00004460D4616460E4B19680AF059FD6B4676
:10C6F0000022294620460BF0ADF808B102B070BD0B
:10C7000020460BF037F80346019A009930460AF0AC
:10C71000A1FF20460BF00BF920460AF036FDEDE7AD
:10C72000741C050008B5222817D88C4612280ED391
:10C73000A0F11203102B29D8DFE803F020282828C5
:10C74000280C2828280C2828282828280C006FF0D6
:10C7500086001DE06FF085001AE0422819D82728CE
:10C7600009D32738C0B20C4BC34013F0010F0AD0D5
:10C770006FF085000CE06FF0860009E0114660461E
:10C78000FFF78AFF04E06FF0860001E06FF086009B
:10C7900008BD6FF08600FBE71102000C1238C0B232
:10C7A0001E2805D8034B23FA00F000F00100704763
:10C7B000002070472102214238B50546084611463F
:10C7C00002F1070C1A78042A15D14FEADC0C4FEA63
:10C7D0004C0C0CF1010C049A62450FD1094C2C4011
:10C7E00044F01064084A944201D0002038BD1A4633
:10C7F0000AF02DFDFAE76FF08600F7E76FF086008C
:10C80000F4E700BF0000FFF60000020970B5B0F8C1
:10C8100000E00EF44F43B3F5824F05D0B3F5884FD7
:10C8200002D04FF0000C01E05FFA8EFCC5680EF4F8
:10C83000E04E002310E003EB83042C4800EB84005F
:10C84000C6681BE003EB8304284800EB84004068C3
:10C85000146884421FD00133122B2DD803EB8300C0
:10C86000224C14F820006045F5D1BEF5804FE2D08F
:10C8700003EB83041D4800EB8400866810680028E1
:10C88000E0D18E42DED103EB8304184800EB840034
:10C8900040681060D6E78E421DD103EB8303134A34
:10C8A00002EB83031B7C23B1BCF1420F07D00020B5
:10C8B00004E06FF0850001E06FF0860070BD0C4B66
:10C8C0009D420BD003F20B139D4209D00A339D42C7
:10C8D00008D10020F2E76FF08600EFE70020EDE7D7
:10C8E0000020EBE76FF08600E8E700BF281A05009C
:10C8F00000080006A0F1120C5FFA8CFCBCF11E0FC0
:10C9000015D808B596460B4A22FA0CF212F0010F20
:10C9100002D16FF0850008BD1946042201F8012BF1
:10C92000029A704600F092F8FEF772F9F3E76FF0A2
:10C9300085007047210000402DE9F04385B0054691
:10C940000F469846B0F80290048804F44F43B3F5BC
:10C95000824F04D0B3F5884F01D0002400E0E4B248
:10C96000494620460AF08FFC06460C9B98421BD88D
:10C9700003AA49462046FFF7D5FE78B96A680C4BF2
:10C98000B3EB122F0DD0039B009343463A46494622
:10C990002046FFF7AFFF08B90D9B1E6005B0BDE84C
:10C9A000F0836FF08500F9E76FF08900F6E700BFCC
:10C9B000004E80002DE9F04385B00446884691463C
:10C9C0001F46214B19680AF0EBFB00260EE0039B83
:10C9D000029A414620460AF0F8FE20460AF0A7FFD8
:10C9E00020460AF0D2FB054648BB0136092E19DC69
:10C9F00001AB0022414620460AF02CFF0546F0B963
:10CA000020460AF0B7FE05460246019948460AF05C
:10CA1000ECFD002FDBD02B46039A029938460AF032
:10CA200019FEDAE720460AF0E1FE064620460AF043
:10CA3000A1FE02460C9B716830680AF0FCFD284696
:10CA400005B0BDE8F08300BF8C1C05002DE9F04760
:10CA500096B007468A461546D2F8048003AC2046B5
:10CA6000FFF754FD294BD3F80090494620460AF0C1
:10CA700097FB002622E0494603A80AF091FB6B468B
:10CA80000022294603A80AF0E5FE0446C8B942463A
:10CA9000394600980AF0FBFD03AC029B019A294637
:10CAA00020460AF092FE20460AF041FF20460AF096
:10CAB0006CFB044606280BD0062C11D1002EDEDDBF
:10CAC000D9E703A8FFF756FD204616B0BDE8F0876A
:10CAD00001360A2EF0D103A8FFF74CFD6A24F3E7D4
:10CAE0001CB103A8FFF746FDEEE703A80AF07EFE9F
:10CAF00005464246016850460AF0D7FD424669683D
:10CB00000AEB08000AF0D1FDEBE700BF8C1C050022
:10CB100010B54FF0FF324FF0FF33F8F7B7FA00B916
:10CB200010BD054C172322460449054802F082F93E
:10CB30001721204602F075F918FB040060FB040081
:10CB40003490040010B5F8F7B9FB00B910BD054CDE
:10CB50001F2322460449054802F06CF91F21204694
:10CB600002F05FF918FB040060FB0400349004003D
:10CB70002DE9F04383B005460C46914600F10C06C2
:10CB8000EFF31187402383F31288BFF36F8F304692
:10CB9000FBF754FEF0B13046FBF77AFEAB6803EAD0
:10CBA00009085C4004EA0902534000930022019204
:10CBB0006B4610492846FBF7B7FC009B019A23EA15
:10CBC0000203AB603946304608F045FD404603B0ED
:10CBD000BDE8F083084C842322460849084802F047
:10CBE00029F93146074802F025F98421204602F050
:10CBF00018F900BFCD7B0400EC9D04001C9E0400CE
:10CC000034900400349E04002DE9F04F85B00546B1
:10CC10000C461646DDF83890DDF83C80EFF30583CE
:10CC200013B158EA090304D19CB9204605B0BDE808
:10CC3000F08F4A4C40F2211322464949494802F0FC
:10CC4000F9F8494802F0F6F840F22111204602F0C6
:10CC5000E8F806F001030293FBF740FA039005F1B0
:10CC60000C07EFF3118B402383F31288BFF36F8F10
:10CC70003846FBF7E3FD00B33846FBF709FE16F034
:10CC8000020F01D00023AB60D5F808A0029A5146EC
:10CC900020460AF092FF029078B316F0040F02D0FB
:10CCA0002AEA0003AB603846FBF7D8FDA0B18BF34E
:10CCB0001188BFF36F8F029CB7E72C4C8423224668
:10CCC0002B49284802F0B6F839462A4802F0B2F853
:10CCD0008421204602F0A5F8244C4FF49973224693
:10CCE0002549204802F0A6F83946244802F0A2F867
:10CCF0004FF49971204602F094F858EA09031AD1CA
:10CD00003846FBF7ABFD28B18BF31188BFF36F8F6B
:10CD1000029C8AE7154C4FF4997322461649114834
:10CD200002F088F83946154802F084F84FF49971FA
:10CD3000204602F076F8039B1C661C465E66CDF822
:10CD40000090CDF804802A4659463846FAF76EFC22
:10CD500008B9246E69E7029C67E700BF6CFB04001A
:10CD600084F004003490040000ED0400EC9D040005
:10CD70001C9E0400349E04004C9E0400649E04002B
:10CD8000EFF305832BB900238360C360006040602C
:10CD9000704710B5054C3A2322460549054802F074
:10CDA00049F83A21204602F03CF800BF6CFB040031
:10CDB00010F004003490040070B586074FD084183A
:10CDC000844604E003F8011B9D0704D09C4664459B
:10CDD0006346F7D170BD013A0244A2EB0C02032A6C
:10CDE0002FD9CCB20F2A04EB042404EB044438D925
:10CDF000A2F110069C464FF0000E350901350EF1E8
:10CE0000010EAE45CCE90044CCE902440CF1100C13
:10CE1000F5D326F00F06103312F00C0F02F00F05B9
:10CE200033441AD02A1F1C60032A05D9A5F1080231
:10CE30005C60032A88BF9C6005F0030225F00305AF
:10CE40002B44541E002AC5D0C9B21970002CC1D081
:10CE5000012C597018BF997070BD2A46F1E703463E
:10CE6000BDE71546DEE700BF20F0030110F0030028
:10CE7000C0F1000051F8043B00F1040C4FEACC0C67
:10CE80006FF000021CBF22FA0CF213434FF0010CAA
:10CE90004CEA0C2C4CEA0C4CA3EB0C0222EA0302E9
:10CEA00012EACC1204BF51F8043B0430F4D0C2F1B2
:10CEB000000102EA0102B2FA82F2C2F11F0200EBA3
:10CEC000D2007047044608B500F040FE2046E7F760
:10CED000E7FD00BF032A30B412D941EA00048446BA
:10CEE0000B46A40721D11946604653F8044B5CF861
:10CEF000045BA54219D1043A032AF4D860461946C6
:10CF0000541E7AB1431E0139021901E09A4209D038
:10CF100013F8010F11F801CF6045F7D0A0EB0C001A
:10CF200030BC7047002030BC7047541EEAE700BF99
:10CF300038B540EA010304469B0701D1032A0ED805
:10CF400020464B1E4AB113F8011F013A00F8011B9D
:10CF50000029F7D10AB1FFF72FFF204638BD8C46D4
:10CF6000DCF8005061460CF1040CA5F1013323EA12
:10CF7000050313F0803FE4D1043A40F8045B032A30
:10CF8000EED86146DDE700BF71B1034601EB000C4E
:10CF900001E0634506D01A46013311780029F8D123
:10CFA000101A7047181A704708467047F8B50F4BAB
:10CFB0001E68B3789B0715D50546776802E0B84729
:10CFC00000280BDB15F8014B31462046002CF6D12A
:10CFD0000A20B847002801DB2046F8BDB37843F0AB
:10CFE0000403B3704FF0FF30F8BD00BF2000050010
:10CFF0000CB430B58BB00D4620220446002102A8A7
:10D00000FFF7DAFE0222134B002D06948DF80A205A
:10D0100003931DDB10D0013D2C440FAA0E9902A8EA
:10D020000794019200F0A0F8069B00221A700BB042
:10D03000BDE8304002B070470FAA0E9902A80794CD
:10D04000019200F091F80BB0BDE8304002B070479B
:10D050000024E2E76DDB030030B58E4603F01F01CC
:10D06000844608296CD0C3F1370310291046DCB27E
:10D070004AD04FEA9C024FEA5C0542EA8E7245EACA
:10D08000CE754FEA5E015FFA8CF312EB050C41EBB3
:10D090009E014FEA1C1242EA017212EB0C0C41EBAA
:10D0A00011114FEA1C2242EA016212EB0C0241EB21
:10D0B00011214FEA124C4CEA014C1CEB020C41EBE3
:10D0C000114111EB0C0C41F100014FEADC0C4CEA70
:10D0D000417C4FEAD10E0CEB8C02A3EB4203DBB296
:10D0E000A3F10A02092B03F13001D2B222D91CF1BB
:10D0F000010C04EB02014EF1000E092A01F130028D
:10D100002ED900F8012BB4E70CF00F034FEA1C12E4
:10D110004FEA1E11092B04EB030542EA0E728E46FC
:10D1200088BFEBB294460A4303F1300300F8013B99
:10D13000EAD130BD5CEA0E0300F8011B99D130BD85
:10D1400010460CF007034FEADC0C30334CEA4E7CFF
:10D150004FEADE0E00F8013B5CEA0E03F1D130BD70
:10D16000263300F8013B84E72DE9F04F83788BB03C
:10D17000D0F804909E0740F130810B4680460C4663
:10D1800013F8010B002800F0D683002600920CE073
:10D190001C4641460136C8470028C0F21881234684
:10D1A00013F8010B002800F01A812528F0D16578CA
:10D1B0000234252DEDD04FF0000BDA465F461F2FCD
:10D1C0005DD97F2F00F28A80A5F13003092B11D899
:10D1D0007D0600F132810AEB8A0A14F8015B47F000
:10D1E000200703EB4A0AA5F13003002D00F0E1808F
:10D1F000092BF0D92A2D00F00E812E2D00F06C8124
:10D20000A5F14C032E2B00F22581DFE813F061001D
:10D2100023012301230123012301230123012301EE
:10D2200023012301230123012301230123012301DE
:10D2300023012301230123012301230123012301CE
:10D2400023012301230151012301610023015D0119
:10D250002301230123012301230123012301CD0005
:10D2600023012301230123012301CD0047F00207FD
:10D2700014F8015B47F00407002D00F09A80A5F137
:10D280002003102BA0D801A252F823F071D2030082
:10D29000C9D10300C9D10300E7D30300C9D10300FA
:10D2A000C9D10300C9D10300A9D30300C9D1030028
:10D2B000C9D10300C9D103006DD20300C9D1030055
:10D2C00007D40300C9D10300C9D10300F7D3030079
:10D2D00014F8015B47F42077002D6AD0A5F14C03C8
:10D2E0002E2B00F2B78001A252F823F0D1D2030016
:10D2F00055D4030055D4030055D4030055D403007E
:10D3000055D4030055D4030055D4030055D403006D
:10D3100055D4030055D4030055D4030055D403005D
:10D3200055D4030055D4030055D4030055D403004D
:10D3300055D4030055D4030055D4030055D403003D
:10D3400055D4030055D4030055D4030055D403002D
:10D3500055D4030055D4030055D40300A9D40300C9
:10D3600055D40300D1D2030055D40300C1D4030027
:10D3700055D4030055D4030055D4030055D40300FD
:10D3800055D4030055D4030055D403008DD50300B4
:10D3900055D4030055D4030055D4030055D40300DD
:10D3A00055D403008DD5030014F8015B002D7FF4E4
:10D3B00006AF002541462520C847002807DB284640
:10D3C0004146C847002806F10206BFF6E8AE98F8C5
:10D3D000023043F0040388F802304FF0FF36304645
:10D3E0000BB0BDE8F08F14F8015B47F01007002D7B
:10D3F0007FF445AFDDE714F8015B47F00107002D2E
:10D400007FF43DAFD5E714F8015B47F00807002D26
:10D410007FF435AFCDE70099780651F8042B40F141
:10D42000C18014F8015B002D00F03482A5F13003B7
:10D4300093460091092B3FF6DDAE0BEB8B0B14F8F6
:10D44000015B03EB4B0B002DB3D0A5F13003092B8F
:10D45000F3D9CFE645F02002A2F16503612A18BF97
:10D46000022B94BF01230023BBF1000FC0F2948074
:10D47000002B3AD1A5F16303122B00F2BC81DFE847
:10D4800013F0FE00A300BA01BA01BA01BA01A30069
:10D49000BA01BA01BA01BA01BA01D1015901BA01FE
:10D4A000BA014501BA010801F80548BF47F4007701
:10D4B00014F8015B47F48077002D7FF40FAF78E715
:10D4C0003D0648BF47F4007714F8015B47F080073A
:10D4D000002D7FF403AF6CE77B0680D414F8015B6A
:10D4E00047F04007002DB0D163E7009B03F1070B25
:10D4F0002BF0070B0BF108034FF0070B0093B54B14
:10D500003907D44618D4D34516D24D461F46D146C6
:10D5100002E0934508D2924641462020A8470028C1
:10D520000AF1FF32F5DA52E7CC4601363B46A9460E
:10D5300066449446A6EB0A06019403EB0B074C469F
:10D540001D46E246994605E015F8010BA047002864
:10D55000FFF63DAFBD424146F6D14B46AAEB0B0A62
:10D56000A146019CF31A1D442E46AA444D4605E0EF
:10D57000A847002806F10106FFF629AFAAEB06032B
:10D5800041462020002BF3DCA94608E614F8015B95
:10D59000002D7FF416AE0CE727F040074FF0000B8C
:10D5A000BFB265E7002AC0F2178114F8015B47F0AB
:10D5B0002007002D00F06E81A5F130039246009106
:10D5C000092B7FF608AE15E63A06009B00F11B8199
:10D5D0001A46F90552F8043B019200F1AE811A4651
:10D5E000DB1727F01001002B89B20091C0F28B816C
:10D5F00052EA030140F0228207F0400302937B06C7
:10D6000003D5BBF1000F00F070810020014604AA91
:10D610000A230392FFF720FD039A831A029A002A35
:10D6200000F06881009A9B45594622F00102B8BF7C
:10D63000194692B20092DDF800C040F206470CF0A5
:10D6400008001CEA070F024600F00E820131002894
:10D6500000F06381AAEB010A02934146009B751C0E
:10D6600013F0020F14BF2B20202013F4806F18BF7B
:10D670002D20C8470028029B80F29480A7E60099DD
:10D680004FF0010B04AB51F8042B8DF810200091E2
:10D6900036E727F010070A23BFB217F080024ED0FA
:10D6A00017F40071009A00F09080073222F0070210
:10D6B000516852F8080B019207F0400C50EA010241
:10D6C000CDF800C048D162461AB1BBF1000F00F09E
:10D6D000138104AA002100200292FFF7BDFC029AE8
:10D6E0000099831A002900F0DB8027F017019B4581
:10D6F00089B2009140F3A280002D40F0BF8039072D
:10D7000040F1C681AAEB0B0A35464EE0009D55F864
:10D71000043B002B00F0B08017F0400F1846019337
:10D7200014BF59464FF0FF31FFF72EFC019B834693
:10D730000095E5E647F0100710237825ADE700993E
:10D7400051F8040B019117F48071B5D017F40071F2
:10D7500066D0C0B21146AFE704AA0292FFF77CFC84
:10D76000029A0099831A00295FD127F00601FF066B
:10D7700089B2009140F19880009A02F00802002DD1
:10D7800040F09980591C002A00F0E280AAEB010ABF
:10D79000302041460093C847002806F10105009B50
:10D7A000FFF615AE9B4540F352810BEB05064F4645
:10D7B0009946F61A01E0B5426ED041463020B8478E
:10D7C000002805F10105F6DA01E652F8040B019292
:10D7D00072E700BF98FB040014F8015BC2F1000A75
:10D7E00047F02807002D55D0A5F130030091092BF3
:10D7F0007FF6F1ACFEE4782A7FF4DCADC5F1780366
:10D8000043F0100349E7B80540F19D80073323F04A
:10D8100007031A465B68114651F8082B0191E0E6B0
:10D8200080B249E70823002537E727F007015B4569
:10D8300089B20091C0F22481F9069DD4390740F1E4
:10D840004381AAEB030AD518234693464C462F463C
:10D85000994605E017F8010DA0470028FFF6B7AD7F
:10D86000BB454146F6D14B465A46A14635441C4677
:10D87000019BAD1A009377E69A4B4DE75A4601F0AB
:10D88000080081B2002800F08880AAEB0B0A354618
:10D89000934687E700918CE54B4604AAB946D2E748
:10D8A00027F01607B9B2009111F0080167D0AAEB72
:10D8B000030A354676E7991C002A56D0AAEB010ADE
:10D8C000414630200093C8470028FFF680AD009BFA
:10D8D000002D48D0284641460093C847002806F14D
:10D8E0000205009BBFF65EAF71E527F01107BBB2E2
:10D8F0000093002319469EE617F0080300F0878086
:10D90000002304AA9FE7504241F48062009207F08E
:10D91000400263EB4301029279E65FEACC7760460E
:10D9200045D58A45AAEB010040F3838003EB000B49
:10D930001046824690E6064651E5BA0572D55AB2BF
:10D9400043F3C0134DE653F8042B0193D31748E675
:10D95000009AD0076AD55145AAEB010274DA03EBAD
:10D96000020BAA46ACE7751C1CE7009AD20775D5D6
:10D970005145AAEB01005FDB82469B46A0E7009879
:10D98000C00767D59A45AAEB03000EDD03EB000B39
:10D99000002966D04FF0000A92E70098C7076AD5C1
:10D9A000D345AAEB0B00F1DB04AA82464BE78A457C
:10D9B0007FF750AECDE9023433464C462E468946B9
:10D9C0000D461F4602E0524508DA15464146202022
:10D9D000A047002805F10102F5DAF8E438462F46A1
:10D9E000354649460646AAEB020A009AA146013688
:10D9F000761A3E44D706DDE902343FF561AF1146A1
:10DA000040F2064211427FF427AE3546CAE6BAF12B
:10DA1000000F5BDD27F017079B46BBB2594600930A
:10DA20005B46C7E71AB243F3C033DAE55145C1DBC1
:10DA3000ACE69B4682460FE61021A7E7194607F0A1
:10DA4000400310460293E2E592469B4638E72E4695
:10DA500004AAF8E69A450ADD1946ABE75145A9DB69
:10DA60002CE735468A469DE65A468B4609E7AAEBDF
:10DA7000030A354696E6D3452ADA5946934699E78E
:10DA800075B927F01702380792B200923FF53AAE07
:10DA9000594600258A458DDCAAEB010A354681E608
:10DAA000FA061AD538070BF102013FF507AF5145C9
:10DAB00080DBAAEB010A302041460093C8470028CA
:10DAC000009BBFF607AF82E41946E3E704AABAE673
:10DAD000AAEB0B0A3546934664E600995A4601F0D4
:10DAE0000800CEE690FB0400F0B589B004460D4670
:10DAF00016460021202268461F46FFF75DF90223E3
:10DB0000002D04948DF802300F4B019315DB0CD0DF
:10DB1000013D3A46314668462C440594FFF724FB04
:10DB2000049B00221A7009B0F0BD3A46314668469F
:10DB30000594FFF719FB09B0F0BD3A463146684637
:10DB4000FFF712FBECE700BF6DDB030038B5054CB7
:10DB5000054DAC4204D054F8043D9847AC42FAD18C
:10DB600038BD00BF0000000000000000D1E9043211
:10DB7000934202D05A1C0A6118707047704708B56A
:10DB800003468C4600681979DA8842EA0C02DFF70E
:10DB90003BFC08BD2DE9F04F9DB0269D279F002836
:10DBA00000F0FA8016460446002A00F0F8800029AA
:10DBB00014BF01230023019300F0C5800846ECF751
:10DBC0000FFD109055EA070300F0C08073880293A0
:10DBD000338B0393738B0493B38B0593F38B06936F
:10DBE000738C0793337808933379099373790A9385
:10DBF000B379002B00F0AF8001231193F379002B50
:10DC000000F0AC8001231293337A002B00F0A9803E
:10DC100001231393737A0B93B37A0C93F37A0D93D6
:10DC2000337B0E9396F80DB096F80EA0F37B002B85
:10DC300000F09A8001231493337C002B00F097802E
:10DC400001231593737C002B00F09480012316931D
:10DC5000B37C002B00F0918001231793F37C002B01
:10DC600000F08E8001231893337D002B00F08B8011
:10DC700001231993737D002B00F0888001231A93F0
:10DC8000B37D002B00F0858001231B9396F8209034
:10DC900096F8218096F824300F932F2632460021E3
:10DCA0002046FFF789F8019B23706670109BA370D4
:10DCB0006560A760029BA381039BE381049B238291
:10DCC000059B6382069BA382079BE382089B2376C6
:10DCD000099B63760A9BA376119BE376129B2377BD
:10DCE000139B63770B9BA3770C9BE3770D9A84F8C8
:10DCF00020200E9A84F8212084F822B084F823A0F2
:10DD0000149A84F82420159A84F82520169A84F809
:10DD10002620179A84F82720189A84F82820199A20
:10DD200084F829201A9A84F82A201B9A84F82B2038
:10DD300084F82C9084F82D800F9B84F82E300020DE
:10DD40001DB0BDE8F08FFF2310933BE700F06AFCA5
:10DD500005460F463AE7002311934FE7002312933D
:10DD600052E70023139355E70023149364E700233D
:10DD7000159367E7002316936AE7002317936DE76F
:10DD80000023189370E70023199373E700231A9375
:10DD900076E700231B9379E76FF01500D0E76FF06B
:10DDA0001500CDE7F0B58DB004462622002102A86B
:10DDB000FFF702F81CB300F035FC06460D4602A83A
:10DDC00005F0E2FA034618B983B118460DB0F0BD6C
:10DDD00002AF262200213846FEF7EEFF384605F056
:10DDE00046FA031EF0DD6FF00403EEE7009601959E
:10DDF00002AA00212046FFF7CDFE0346E5E76FF0BB
:10DE00001503E2E700B583B00346B0FA80FC4FEAA1
:10DE10005C1C8DF804C0012814BF002301238DF879
:10DE200005300B788DF8063091F901308DF8073008
:10DE300001A9104605F08CF903B05DF804FB00B5AC
:10DE400089B08DF804000B88ADF806304B88ADF82A
:10DE500008308B88ADF80A30CB88ADF80C308B6871
:10DE60000493CB6805930B7C8DF818304B7C8DF8B0
:10DE7000193091F912308DF81A30CB7C8DF81B30A7
:10DE80000B7D8DF81C304B7D8DF81D3001A910469F
:10DE900005F0A9F909B05DF804FBD8B138B50C4616
:10DEA0000546D1B100212046DFF7E6FDC0B1236869
:10DEB0006068A168E268C5F80E30C5F81200C5F8C0
:10DEC0001610C5F81A202369C5F81E30A38A6B8482
:10DED000002038BD6FF0150070476FF01500F8E7AF
:10DEE0006FF01500F5E720B1032905D881700020F7
:10DEF00070476FF0150070476FF01500704740B124
:10DF00000A46014642B108B50C310120FFF77AFFFD
:10DF100008BD6FF0150070476FF01500704740B1F5
:10DF200008B50A4641B100F10E018078FFF787FF7E
:10DF300008BD6FF0150070476FF01500F8E72DE988
:10DF4000F047DDF82080099F002858D016461D466E
:10DF50000446002956D00AB9002B56D00846ECF7E3
:10DF60003FFB814658EA070314D04FF0280A524677
:10DF700000212046FEF720FF0123237084F801A032
:10DF800084F80290E670C4F80480A7603EB10020D7
:10DF9000BDE8F08700F046FB80460F46E5E72B78AA
:10DFA00023736B786373AB78A373EB78E3732B798C
:10DFB00023746B796374AB79A374EB79E3742B7A74
:10DFC00023756B7A6375AB7AA375EB7AE3752B7B5C
:10DFD00023766B7B6376AB7BA376EB7BE3762B7C44
:10DFE00023776B7C6377D5F81220D5F81630C4F808
:10DFF0001E20C4F822306B8BE3840020C8E76FF04A
:10E000001500C5E76FF01500C2E76FF01500BFE718
:10E010002DE9F047DDF82080099F002840D0164602
:10E020001D46044600293ED00AB9002B3ED00846C2
:10E03000ECF7D6FA814658EA07032CD04FF01F0AB6
:10E04000524600212046FEF7B7FE0223237084F8D3
:10E0500001A084F80290E670C4F80480A76046BB73
:10E060002B78A3766B78E3762BB36B68E3606B89D0
:10E070002382AB896382EB89A3822B8AE3826B8A3A
:10E080002383AB78237795F9033063772B7AA377D3
:10E090000020BDE8F08700F0C5FA80460F46CDE7C6
:10E0A0006FF01500F5E76FF01500F2E76FF015005F
:10E0B000EFE70020EDE70020EBE738B10278012A16
:10E0C00006D84378062B05D80120704700207047FA
:10E0D000002070470020704740780138C0B2012806
:10E0E0008CBF00200120704710B51446032822D8A9
:10E0F000DFE800F0020913170B78003B18BF01237B
:10E100001370002010BD0846FFF7E6FF18B1032387
:10E1100023700020F6E70223FAE70423137000209F
:10E12000F0E70846FFF7D8FF18B106232370002058
:10E13000E8E70523FAE76FF08500E3E704380228F3
:10E1400002D80131C8B27047002070478900062804
:10E1500012D8DFE800F0041306080A0C0E000520B0
:10E160007047062070470E207047481C7047C81D36
:10E17000704701F10F00704700207047032070477F
:10E18000052803D0062803D10E20704706207047CB
:10E1900000207047062811D8DFE800F004120608B6
:10E1A0000A0C0E00072070470820704710207047A7
:10E1B000032070470A2070471220704700207047E4
:10E1C0000520704710B50C46FFF7E4FFC4EBC4040C
:10E1D0002044033010BDF0B54A684E78117801F044
:10E1E0000F050909547892F902E0177992F803C0F3
:10E1F0004CEA072C5279067045708170C47080F823
:10E2000004E0A0F805C0C271F0BD00B583B004F011
:10E2100065FF0090BDF90020BDF90230ADF8042083
:10E22000ADF8063000209DF8043063F307009DF838
:10E23000053063F30F209DF8063063F317409DF817
:10E24000073063F31F6003B05DF804FB2DE9F04F66
:10E2500083B08146084690461E469DF830A00D9D2D
:10E260000021FFF773FF0746002423E007EB840B30
:10E27000CB445846FFF7C9FF00902246514640461E
:10E28000F3F728F88DF804009BF8031001F00F0352
:10E290008DF8053009098DF80610C4EBC402AB18DF
:10E2A0000098A850BDF804109DF8062099809A7136
:10E2B0000134E4B2B442D9D303B0BDE8F08F2DE904
:10E2C000F04F8BB006460C4690469946149D476821
:10E2D0000846FFF755FF17F800A0062C25D8DFE801
:10E2E00004F004273F49637B9A0073788DF814305B
:10E2F0003B7803F00F028DF815201B098DF81630BE
:10E3000097F901308DF81730BB788DF818303A79CD
:10E31000FB7843EA0223ADF8193005982860BDF870
:10E3200018209DF81A30AA80AB710BB0BDE8F08FB1
:10E3300073788DF814303B7803F00F028DF81520B8
:10E340001B098DF8163097F901308DF81730BB781E
:10E350008DF81830059828609DF818302B71E4E787
:10E3600005AC31462046FFF736FF234603CB286035
:10E370006960DAE70DF10C0831464046FFF72BFFE4
:10E3800005AC98E8030084E80300B81DFFF73DFFE3
:10E39000079007F10A00FFF738FF08900FCC2860BC
:10E3A0006960AA60EB60C0E773788DF814308DF86F
:10E3B00015A08DF81690BDF814205FFA89F32A8015
:10E3C000AB7003350195CDF800A04B46424621467F
:10E3D0003846FFF73BFFA8E70DF10C0B31465846D6
:10E3E000FFF7F9FE05AB9BE8030083E803008DF817
:10E3F0001CA08DF81D9003CB286069601B882B81C1
:10E400000A350195CDF800A04B46424621463846D4
:10E41000FFF71CFF89E70DF10C0B31465846FFF75B
:10E42000DAFE05AE9BE8030086E80300B81DFFF79F
:10E43000ECFE079007F10A00FFF7E7FE08908DF861
:10E4400024A08DF825900FCE28606960AA60EB604B
:10E4500033882B8212350195CDF800A04B464246F9
:10E4600021463846FFF7F2FE5FE740B310B5044699
:10E4700041B352B30868A388984229D2246854B3A0
:10E480001B1A022B2AD904EB000C9CF802C0033B98
:10E490009C4526D804EB000C14F800E09CF80140E1
:10E4A0009CF802300CF1030082F800E05470937085
:10E4B00050600A68134403330B60002010BD6FF0F6
:10E4C000150070476FF01500F8E76FF01500F5E7DD
:10E4D0006FF03C00F2E76FF04C00EFE76FF04C009C
:10E4E000ECE76FF04C00E9E70238C0B2012801D92F
:10E4F000002070470131C8B27047002864D02DE970
:10E50000F04784B00C461646994607460846FFF782
:10E51000D4FD00285BD0042E5CD80DF10B022146FF
:10E520003878FFF7E1FD40BB9DF80BA0314650461F
:10E53000FFF704FE804608B1002E4ED0BC7841465D
:10E540005046FFF703FE84424AD134B17B68002B6A
:10E5500049D0002401E00134E4B2444510D27D6882
:10E560009DF80B00FFF70CFE2246295C3046F2F7BF
:10E57000B1FE0028EFDA6FF0150004B0BDE8F087B7
:10E580009DF80BA041465046FFF71CFE04460C9B2D
:10E59000002BF2D00D9B984228D88DF80CA08DF856
:10E5A0000D008DF80E90BDF80C205FFA89F30C99E0
:10E5B0000A808B70CD1C0095434632465146384642
:10E5C000FFF77DFE2046D8E76FF0150070476FF02B
:10E5D0001500D2E76FF01500CFE76FF01500CCE71C
:10E5E0006FF04C00C9E76FF04C00C6E76FF00B000E
:10E5F000C3E7034690B199B102791AB100888A88BD
:10E60000904207D001221A718A881A8000225A800B
:10E61000588870475A8801325A80F9E700207047BD
:10E620000020704708B505F062FB08BD08B507F08B
:10E6300078F802464B0143EAD0634001801A63EB4D
:10E6400001039B0043EA9073800010EB020C43EB44
:10E650000101C90047F6122200234FEACC0041EA2B
:10E660005C71D6F763FE08BD38B5431EDBB2032BE1
:10E670000ED805460024012C07DC2946E0B2DFF75E
:10E6800049FA034610B90134F5E70023184638BDAE
:10E690000023FBE708B54FF0FF304FF0FF31DFF705
:10E6A000B3FAF8E708B5DFF709FA00B108BD6FF073
:10E6B0000100FBE730B103220270022242706FF0CA
:10E6C000010070476FF01500704700207047012867
:10E6D00007D008B5022800D008BD0846E0F7F4FFCF
:10E6E000FAE7704708B5036D23B1436D1960006DFB
:10E6F000F7F772F808BD00B583B002460B466846CE
:10E7000007F049F8009A019B13430CBF0120002039
:10E7100003B05DF804FB10B50446DFF70FFC18B139
:10E720002046EBF7AFFC10BD0020FCE770B5A0B0B1
:10E7300005460E4614465822002102A8FEF73CFB6F
:10E7400011238DF808308DF809602846FFF7E3FFA4
:10E750000490A0B100220023CDE9002323463246D5
:10E76000294618A8FFF754FC58B12CB123788DF82E
:10E77000183063788DF8193002A8DFF717FC20B045
:10E7800070BD18A800F025F9EFE730B597B0044642
:10E790000D46582200216846FEF70EFB10238DF827
:10E7A00000308DF801502046FFF7B5FF029010B100
:10E7B0006846DFF7FBFB17B030BD70B5A4B0064666
:10E7C0000C4615465822002102A8FEF7F5FA0D2343
:10E7D0008DF808308DF809403046FFF79CFF049013
:10E7E00090B174B94DB100220023CDE900232A462F
:10E7F000314618A8FFF7CEF940B115B12B798DF845
:10E800001D3002A8DFF7D2FB24B070BD18A800F0BD
:10E8100085F8EB7C83F001038DF81B30AB7D8DF820
:10E820001C30EAE708B50020DFF79EFC08BD10B5F4
:10E8300096B00446582200216846FEF7BDFA01232F
:10E840008DF80030ECB163690BB12369E3B10DF1D0
:10E85000100CA646BEE80F00ACE80F009EE80700CB
:10E860008CE80700E3683BB118680B909A889B79A5
:10E87000ADF830208DF832306846DFF719FB16B05E
:10E8800010BD6FF01500FAE76FF01500F7E730B52F
:10E8900097B00446582200216846FEF78DFA0423FB
:10E8A0008DF80030DCB1A44604AD2034AE46DCF86F
:10E8B0000000DCF80410DCF80820DCF80C30AEE8CE
:10E8C0000F000CF1100C7546A445EFD1DCF80000E8
:10E8D000CEF800006846DFF7EBFA17B030BD6FF0F6
:10E8E0001500FAE72DE9F04194B007460E461546AB
:10E8F0001C46502200216846FEF75EFA8DF804702F
:10E900008DF805608DF806508DF807401A9B02932C
:10E910006846E0F789F814B0BDE8F08130B595B0ED
:10E920000446502200216846FEF746FA01238DF87E
:10E930000030A4460DF1040E20347546DCF80000CA
:10E94000DCF80410DCF80820DCF80C300FC50CF102
:10E95000100CAE46A445F0D1DCF80000DCF8041041
:10E96000DCF80820AEE80700BCF80C209CF80E305C
:10E97000AEF800208EF802306846E0F755F815B082
:10E9800030BD30B595B00446502200216846FEF7F0
:10E9900013FA02238DF80030A44601AD2034AE46B0
:10E9A000DCF80000DCF80410DCF80820DCF80C309F
:10E9B000AEE80F000CF1100C7546A445EFD1DCF861
:10E9C0000000DCF8041003C56846E0F72DF815B028
:10E9D00030BD30B595B00446502200216846FEF7A0
:10E9E000EBF903238DF800300DF1040C2068616809
:10E9F000A268E368ACE80F0020696169A269ACE82D
:10EA00000700A28BA37FACF800208CF80230684688
:10EA1000E0F70AF815B030BD30B595B00446502285
:10EA200000216846FEF7C8F906238DF80030ADF8DE
:10EA300004406846DFF7F8FF15B030BD6FF0850081
:10EA40007047002070476FF08500704700B583B0B5
:10EA5000002100910B460A46FFF744FF03B05DF822
:10EA600004FB00B583B00B460092002201460A2049
:10EA7000FFF738FF03B05DF804FB00B583B0024632
:10EA80000B46684606F087FE009A019B13430CBFB5
:10EA90000120002003B05DF804FB08B5E0F720FA80
:10EAA00008BD70B596B004460D46164658220021A2
:10EAB0006846FEF781F909238DF8003001968DF83C
:10EAC00010502046DFF73AFA08B916B070BD20465C
:10EAD000EBF7D8FA02906846DFF768FAF5E7C90065
:10EAE00004310844704700B5CB00023330F803E02E
:10EAF000A2EB010C891A01EB5E011FFA8CFC4FEAB4
:10EB00004C0E20F803E0D300023389B24FEA410EE5
:10EB100020F803E020F832C0C35A02EB530220F879
:10EB200032105DF804FB00B5C900023130F801E095
:10EB30004FEAC20C0CF1020C30F80C305B0803EB0E
:10EB40005E034FEA430E20F801E030F80C1002EBB0
:10EB5000510220F832305DF804FB0439081AC0086D
:10EB6000704708B500EBC1035A885208B2FA82F226
:10EB7000C2F11F02E0F7E6FD08BD08B500EBC103D6
:10EB80005A885208B2FA82F2C2F11F02E0F71AFE66
:10EB900008BDF8B504460D46CF0000EBC1035E8802
:10EBA00001EB560600EBC6035B8813F0010F0CD097
:10EBB000E65BAE1B04EBC6035B8813F0010F12D0BB
:10EBC00029462046FFF7D9FFF8BD01223146E0F77C
:10EBD0008DFD31462046FFF7C4FF324629462046C8
:10EBE000FFF7A1FFE4E7002231462046E0F77EFD73
:10EBF00031462046FFF7B5FF2A4631462046FFF74B
:10EC000092FF3546DCE7F8B50446B1FA81F3C3F16B
:10EC1000230250F82270B7B1C3F11F060320321D42
:10EC200054F82250EA0004EBC50CBCF802C0B1EB6A
:10EC30005C0F12D92244D288351D44F825200138B2
:10EC400001D0BA42EBD1E568C3F120020123934021
:10EC50005B421D400CD12846F8BD002229462046C3
:10EC6000E0F744FD324629462046E0F76BFDF2E727
:10EC700095FAA5F6B6FA86F6331D54F8235000220D
:10EC800029462046E0F732FD324629462046E0F785
:10EC900059FDE0E7F8B5056859B301F007040B34F6
:10ECA000E40804EBD104AB689C4228BF1C46214613
:10ECB0002846FFF7A8FF0746E8B1C60005EBC003EA
:10ECC0005B88B4EB530F09D3AB195A8842F00102A9
:10ECD0005A8039462846FFF702FFF8BD0444224611
:10ECE00001462846FFF7FFFE21462846FFF745FF6D
:10ECF000EAE70020F1E70020EFE708B51146FFF74B
:10ED0000C9FF08BD10B50C4611461A46029BA04724
:10ED100010BD4038C0B23A288CBF00200120704797
:10ED200070B5144668B10D46194606462BB9104613
:10ED3000FEF79AF883B2013399B22A462046B047CB
:10ED400070BD1046FEF790F80130F9E75BB32DE98E
:10ED5000F04782B00746884691461D461A785E788D
:10ED60009C78DB7804EB820404EB43042C444FF0E2
:10ED7000000A0AE014F8013B45F823402046FEF75C
:10ED800073F8013004440AF1010AB245F2D305F1E7
:10ED9000080300936B684A4641463846FFF7B2FFC6
:10EDA00002B0BDE8F0876FF0150070472DE9F04123
:10EDB0000446884600273E4607E0702D18D02846B6
:10EDC000FFF7A7FFB8B9252D0ED014F8015B75B178
:10EDD000002EF8D04745F0D02846FFF79AFF0028CC
:10EDE000F1D001370026EEE786F00106EDE70026B8
:10EDF0003046BDE8F0810026FAE70020704708B5EC
:10EE000000F085FA08BD0FB400B583B004A951F82D
:10EE1000040B0191FFF7F3FF03B05DF804EB04B0BE
:10EE20007047002383F31188BFF36F8F04231846C4
:10EE300002DF70470FB400B583B004A951F8040B8A
:10EE40000191FFF7DCFF03B05DF804EB04B07047FD
:10EE5000036913F0080F08D1C3680268934207D80A
:10EE6000436A9B1A0B6001207047002008607047BE
:10EE70009B1A0B6000207047036913F0080F07D13D
:10EE8000826843689A4203D89B1A0B60002070473F
:10EE9000436A82689B1A0B600120704710B582B0EC
:10EEA000044601A9FFF7D4FF20B1E368019A134497
:10EEB000013B0193606A019BC01A013802B010BD8A
:10EEC00038B5036913F0040F00D138BD0446856AD4
:10EED000FFF7E4FFA84238BF2846A062F5E7C36801
:10EEE0001944036913F0010F04D1426A914204D31B
:10EEF000891A02E0426A013A1140C16023F0080316
:10EF00000361704710B4002323F0010343F00203B0
:10EF100061F39F03026A046842F8243003680B44DB
:10EF2000026912F0010F04D1446AA34204D31B1BEF
:10EF300002E0446A013C23400360C468A3420AD053
:10EF400043681944036913F0010F08D1436A9942D9
:10EF500008D3C91A06E042F008020261F0E7436AEA
:10EF6000013B1940416010BC70472DE9F04F83B060
:10EF70000446019117469846056AC66805EB860B5C
:10EF800015F8263003F00303022B24D000210023C0
:10EF90003B60C8F8003019BB236913F0020F75D02D
:10EFA000E36958469847824615F8269019F00109FA
:10EFB0006ED015F8263013F0020F3BD0019BBBB981
:10EFC00062685244236913F0010016D1616A8A42D3
:10EFD00016D3521A14E055F82610C1F39D01D6E756
:10EFE0002046FFF77CFFE368A3604FF001094FE084
:10EFF00019462046FFF786FFE2E7616A01390A40B9
:10F000006260E168A268914206D0A2682260E26074
:10F0100043F0080323613BE0524420B9616A8A420D
:10F0200004D3521A02E0616A01390A40A2604FF02B
:10F030000009EAE701462046FFF751FFE368A360B5
:10F04000019B23B1236A2268002143F82210019B0F
:10F050005344C8F8003022681344226912F0010FAB
:10F0600004D1616A8B4204D35B1A02E0616A013900
:10F070000B40236042F00802226115F8263023F08D
:10F08000010305F82630C7F800B001E04FF0000991
:10F09000484603B0BDE8F08F30B45318046914F04B
:10F0A000010F04D1456AAB4204D35B1B02E0456A01
:10F0B000013D2B4005689D4214D0002323F001033D
:10F0C00043F0020362F39F03046A44F8213043686B
:10F0D0001344026912F0010F09D1426A934209D325
:10F0E0009B1A07E0016024F00804046103E0426A0F
:10F0F000013A1340436030BC704701F00701838B35
:10F1000023F007030B43838370472DE9F041064644
:10F110000F469046816821B10C683CB131B90C466C
:10F1200004E00C4602E0234621461C4669B14D68C6
:10F1300043463A463046A847002CF4D02368002BBB
:10F14000F2D0002CF0D12346EEE7BDE8F081838BAE
:10F1500013F0070303D102680AB103207047022BA2
:10F1600003D0012B06D000207047C28B002AF8D1B3
:10F170000420704703680BB10520704700207047DA
:10F1800050B110B50C4651B1081D00F054F810B93B
:10F19000A368032B06D810BD6FF0150070476FF001
:10F1A0001500F8E76FF01500F5E72DE9F041074687
:10F1B0000C4616461D461946201DE2F7F9F828B1FF
:10F1C00080462B46324621463846C047BDE8F0818E
:10F1D0002DE9F04180460C4617461E4605E0656065
:10F1E00033463A464046FFF7E0FF216829B10D68F3
:10F1F000256063688B42F3D1F1E7BDE8F08170B11F
:10F2000038B50C46054669B10B6873B14B687BB1E4
:10F2100020220021FDF7D0FD2C61002038BD6FF0C9
:10F22000150070476FF01500F8E76FF01500F5E76F
:10F230006FF01500F2E7024658B1436803F003038C
:10F24000012B03D0032B07D1036843B1002090604A
:10F2500070476FF0150070476FF0150070476FF042
:10F26000150070477047037813F0040F01D0002099
:10F2700070470368C3F34A2000EB1350173020F0A7
:10F28000070080087047002070470120704708B5CC
:10F2900004F031FD08BD08B520EAE072D1174B013A
:10F2A00043EAD2634FEA421CBCEB020C63EB010E53
:10F2B0004FEA8E1343EA9C634FEA8C10B0EB0C00CC
:10F2C00063EB0E03DB0043EA5073C000801841EB90
:10F2D00003010018494140F2E733C0184FF47A7235
:10F2E0004FF0000341F10001D6F720F8F8F74AFE8D
:10F2F00008BD08B500220023E1F742FA08BD08B5B1
:10F30000E1F766FC08BD08B5E1F7E2FC08BD00B511
:10F3100085B00391029000200190009003460246C0
:10F320000146E2F749FE05B05DF804FB08B501208F
:10F33000E2F7CEFA08BD08B5E2F794FB08BD08B5C0
:10F34000E1F72EFBE2F74EFC08BD0020704708B540
:10F350004368DA71E2F724FDE2F7AAFA08BD91B139
:10F3600070B514460D46536896689B1B8B420CD3B0
:10F3700013680A4601469819D5F762FFA3682B4423
:10F38000A360284670BD002070476FF01B00F9E7AE
:10F3900070B588B10E4614461946054633B1103093
:10F3A000C2F34A23120D1844D5F74AFF2C606E6051
:10F3B0002846E2F791FC70BDE2F78AFAFBE72DE9F7
:10F3C000F04383B006460F4615461C4603F101097B
:10F3D0004FEA890808F1170020F007008008E2F7DB
:10F3E00039FB002201928DF8049068B100F1140CF1
:10F3F000019B0361964605E055F82E304CF8043B1E
:10F400000EF1010EA645F7D3002267F3881268F3C8
:10F41000532200233146FFF7BBFF03B0BDE8F08362
:10F4200000B583B00192012301AAFFF7C8FF03B022
:10F430005DF804FB00B583B00092019302236A4695
:10F44000FFF7BDFF03B05DF804FB00B585B0019286
:10F450000293069B0393032301AAFFF7B0FF05B0B5
:10F460005DF804FB08B5E2F7E7FC08BD2DE9F041C3
:10F4700080460768856843681C685E6805E0324618
:10F4800021462846B847241A0544002CF7D1D8F85D
:10F49000043000221A60BDE8F08138B504460D46FC
:10F4A0000A2805D029462046E2F70CFE002038BD88
:10F4B0000D20E2F707FEF5E708B513460122E2F753
:10F4C00087FE08BD08B513460022E2F781FE08BD9D
:10F4D00038B505460C4601F00101FFF7F3FF214660
:10F4E0002846E2F721FF38BD2DE9F04383B080467E
:10F4F0000E4615461F46DDF828902C46102D28BFD5
:10F500001024CDF800903B46224631464046E2F7B3
:10F510001FFF26442D1BF0D103B0BDE8F0832DE979
:10F52000F04389B006460C469046D1F808900F8803
:10F53000C7F382170878C0F3C2050846E2F7B6FDA4
:10F54000011E1BDA0023214651F8105BC5F34A2542
:10F550006288C2F30B12481905B90021CDF8188052
:10F56000059204900391029700220192009249466D
:10F570003046E2F74FFF09B0BDE8F0832846E2F7D6
:10F5800035FC0346DFE72DE9F041804607688568D2
:10F5900043681C685E6805E0324621462846B84745
:10F5A000241A0544002CF7D1D8F8043000221A6040
:10F5B000BDE8F08143681B685B68196100207047F3
:10F5C00008B543681B685A68012111751868FFF770
:10F5D000DAFF08BD08B543681B681868E2F776FFD4
:10F5E00008BD38B50C4643681D686B681869E2F7BA
:10F5F00047F903460F2221462868984738BD10B5C1
:10F6000086B01824ADF810402824ADF8124000242C
:10F61000ADF814402A24ADF816400824029404AC36
:10F620000194BDF82040009402F07CFE06B010BDAD
:10F63000F0B587B004460D4616461F4600F0DCFCC8
:10F64000ADF81600022302930DF116030193BDF8E5
:10F65000303000933B4632462946204602F062FE97
:10F6600007B0F0BD70B58AB015461C46BDF83860CD
:10F670002122002101A8FDF79FFBAEB9202C16D84E
:10F6800001AE224629463046D5F7DAFD254604F17B
:10F6900028030DEB0304002304F8243C3046E7F76D
:10F6A00011FB28460AB070BD6FF00605F9E76FF050
:10F6B0000C05F6E72DE9F04184B004460D461646E8
:10F6C0001F46E7F71FFB8046FDF7CEFB80B2029096
:10F6D000CDF80480BDF8283000933B4632462946D9
:10F6E000204602F01FFE04B0BDE8F081704770476D
:10F6F000704730B587B00D466946002400940194E8
:10F70000029403940494059401950292ADF80C3090
:10F71000EEF75CFF07B030BD08B51838E3F76AFABA
:10F7200008BDF0B585B004460D4617461E46E2F703
:10F7300069FF78B10146C031022302930191BDF8FF
:10F740002830009333463A462946204602F0EAFD27
:10F7500005B0F0BD6FF00100FAE7F0B585B00446E2
:10F760000D4617461E46E2F74DFF78B10146BE3101
:10F77000022302930191BDF82830009333463A46A4
:10F780002946204602F0CEFD05B0F0BD6FF0010025
:10F79000FAE738B50C461546EAF774FC2060A580F8
:10F7A0000023237301226273A373E3800834D4E837
:10F7B000EF2FC4E8E13F0029F9D138BD10B5044668
:10F7C000006808B1EAF788FC0023236023736373A1
:10F7D000A373A360E3800834D4E8EF2FC4E8E13FCB
:10F7E0000029F9D110BD08B500230122E3F722FD5D
:10F7F000003818BF012008BD08B500230122E3F737
:10F8000019FD40B100F10803D3E8EF1F0131C3E84F
:10F81000E21F002AF8D108BD034660B10833D3E8DF
:10F82000AF2F42B1D3E8EF1F0139C3E8E21F002A2E
:10F83000F8D1002070476FF01500704708B5FDF74C
:10F84000BBFA08BD08B5D5F7FBFC08BD08B50146F5
:10F850000068E4F72FF808BD08B5E4F747F8E4F7C7
:10F860002FFD08BD0020704708B500231370CB1E84
:10F87000092B1AD8DFE803F005090D111919191918
:10F8800019141146E4F7CAFA12E00021E4F794F9DA
:10F890000EE00021E4F73AFA0AE0E4F79BF807E00B
:10F8A0001146E4F70FF9002002E0E4F719F900200F
:10F8B00008BD08B500B2E4F73BFC08BD08B500B2CE
:10F8C000E4F744FC08BD08B500210120E3F7F2FF8E
:10F8D00008BDD0F89C3083F30B8870476FF085002B
:10F8E000704761B662B680F31188BFF36F8F7047BF
:10F8F00072B6002383F31188BFF36F8FBFF34F8F6E
:10F9000030BF62B6BFF36F8F704772B6002383F3C8
:10F910001188BFF36F8FBFF34F8F20BF80F3118823
:10F92000BFF36F8F62B6704740E800F010F4803F7D
:10F9300001D0C0B270476FF01500704708B50B6872
:10F9400023F01F0C0B7A03F01F0ECA6822F01F026F
:10F950005B0942EA430242F001024CEA0E01E4F77D
:10F9600067FD08BD43681F2B08D913F01F0F07D18F
:10F97000036813F01F0F05D0002070470020704768
:10F98000002070470120704770B504460E46FFF70F
:10F99000CBFF05463444601EFFF7C6FF854201D108
:10F9A000284670BD6FF01505FAE710B584B00B68F6
:10F9B00000934C68B1F808C09DF808206CF304026D
:10F9C0008DF808204989D2B261F347128DF80820DA
:10F9D00023F01F032344013B23F01F0303936946D5
:10F9E000E4F780FD04B010BD08B50B69496998477C
:10F9F000002008BD08B5E5F75BF8002008BD38B564
:10FA00000446037F1B3323F00303028B521A856ADB
:10FA100003FB0255E5F772F8A872237FEB722846C4
:10FA200038BD70472DE9F04104460D4617461E4685
:10FA3000807AE5F76FF8436A1B68D3F800803A468E
:10FA4000334629462046C047BDE8F08138B5044614
:10FA5000807AE5F75FF80546616951B1637A13F082
:10FA6000010F04D1436A1B689B6820469847002316
:10FA700063612146284605F070FC38BD10B5044688
:10FA8000807AE5F747F8037F1B3323F00303826A8C
:10FA9000A41AB4FBF3F010BD70B504460D46807A8D
:10FAA000E5F738F8436A5A689E682E601568204664
:10FAB000FFF7E4FF00FB065070BD08B5416A896896
:10FAC000E5F74AF808BD8160016092B2C280828089
:10FAD0007047D0F800C042688368C1F800C04A602F
:10FAE0008B60704738B50D4614461146E5F71AFB92
:10FAF00022462946D5F7A4FB38BD10B50C46012196
:10FB0000E5F710FB047010BD10B50C460221E5F7B7
:10FB100009FB0470240A447010BD10B50C46012185
:10FB2000E5F740FB047010BD10B503681C78012197
:10FB3000E5F758FB204610BD10B503681C8802216C
:10FB4000E5F750FB204610BD08B5E5F787FB08BD7B
:10FB500030B589B0054608461E226946E5F7F6FB32
:10FB6000EC46BCE80F0028606960AA60EB60BCE866
:10FB7000070028616961AA61BCF80030AB832846A0
:10FB800009B030BD08B504F09CFD08BD10B584B0C7
:10FB90000B46144669461A889B78ADF800208DF80C
:10FBA00002300023CDF80330CDF80730CDF80B300C
:10FBB0008DF80F306A46FFF7E5FF08B104B010BDBD
:10FBC000BDF800209DF802302280A370F6E710B542
:10FBD00082B00C4601AA0331FFF7D8FF48B90322CF
:10FBE00001A92046FDF776F9B0FA80F0400902B08D
:10FBF00010BD0020FBE770B588B00C4603780A788A
:10FC0000934208D1012B15D0022B17D0E3B94088BD
:10FC10004B88C01A0CE06946E5F774FC04AE314627
:10FC20002046E5F76FFC102231466846FDF752F991
:10FC300008B070BD40684B68C01AF9E71022013166
:10FC40000130FDF747F9F3E76FF01500F0E700B575
:10FC50000346042A0DD0102A1BD0022A2BD10022E1
:10FC6000027048780A7842EA00225A8001205DF842
:10FC700004FB01201870CA7891F802C04CEA022CEB
:10FC800091F801E00A7842EA0E2242EA0C425A60F8
:10FC9000EDE70246022002F8010BD1F800E0D1F8AE
:10FCA00004C08868C968C3F801E0C2F804C0906065
:10FCB000D1600120DBE70020D9E710B5044601231D
:10FCC00000F8013B0621F3F7B9F818B9A37963F0FE
:10FCD0003F03A37110BD0B6803608A888B79828013
:10FCE0008371037823F00203037070470078C0F338
:10FCF0004000704738B50446807AE4F70BFF0546AC
:10FD0000616951B1637A13F0010F04D1436A1B6832
:10FD10009B6820469847002363612146284605F0EA
:10FD20001CFB38BD08B5FFF7E5FF0A20E5F726FC08
:10FD300008BD438A1BB9C3681BB10020704700206F
:10FD40007047012070471070C0F307235370030CF5
:10FD50009370000ED0701171C1F3072353710B0C17
:10FD60009371090ED171704700B5C379817941EA69
:10FD700003214279037943EA0223C27890F802C052
:10FD80004CEA022C90F801E0027842EA0E2242EAA4
:10FD90000C4043EA01415DF804FB00207047D0F8B5
:10FDA000A0307BB15A7C12F0010F0BD012F0100F73
:10FDB00002D01B7C102B02D00323437204E00423E7
:10FDC000437201E002234372827A407A82428CBFFE
:10FDD000002001207047053815280ED8DFE800F014
:10FDE0000B0D0D0D0D0D0D0D0D0F0F0D0D0D0F0D3F
:10FDF0000D0D0D0D0D0F03207047022070470120DF
:10FE0000704770477047B2F801C0034623F870CBC3
:10FE1000D1F800C0C0F870C0B1F804C08979A3F867
:10FE200004C09971B2F8173040F2E24101FB03F3CC
:10FE3000C0F88830B2F81930A0F89030B2F81B3012
:10FE4000A0F89230D378C3700023037370472DE974
:10FE5000F04104460E4615469846171D3846FFF7F2
:10FE600045FF78B139463046FFF735FFD5F81130F8
:10FE7000C4F80130B5F81530A4F80530012323701B
:10FE8000BDE8F0813946404600F0F2FA036833607D
:10FE900082888379B280B3716B682360BA88BB793A
:10FEA000A280A371ECE770B5C468B4F80160237850
:10FEB00003B170BD0F213046EAF746FB054640B15D
:10FEC000E37803730121EAF72DFA2846EAF704F9EB
:10FED000EFE7E1783046E5F789FCEAE701F01F0239
:10FEE00001239340490900EB8100D0E8EF2F42EA5B
:10FEF0000301C0E8EC1FBCF1000FF6D103EA0200D9
:10FF0000003818BF0120704701F01F0C012303FACD
:10FF10000CF352B1490900EB8100D0E8EF2F1A43EE
:10FF2000C0E8E12F0029F8D17047490900EB8100B2
:10FF3000DB43D0E8EF2F1A40C0E8E12F0029F8D1C9
:10FF4000704710B50C46F7F77BFD2046E6F712FA2E
:10FF50000446F7F7F5FD204610BD002070470288E3
:10FF600043889A4217D8052A17D9B3F5486F16D88F
:10FF70008188B1F5FA7F14D2C088A0F10A0292B24A
:10FF800040F6764C62450ED801FB0333B3EB800F8D
:10FF90000BD20120704700207047002070470020DE
:10FFA00070470020704700207047002070472928C4
:10FFB0001ED8DFE800F0201D1D1D1D1F151D1D1D75
:10FFC0001D1D1D1D1D1D1D1D1B1D1D1D1D1D191D67
:10FFD0001D1D1D1D1D1D1D1D1D1D1D1D1D1D1D1757
:10FFE00002207047052070470620704707207047A1
:10FFF00009207047012070470020704708B5F0F7CE
:020000024000BC
:100000003BFB18B1438A1BB9002008BD0020FCE768
:100010000120FAE710B582B0FFF7BFFE48B9002211
:10002000114640F60340E6F7EBFE044648B9E5F713
:1000300093FC01AA002141F20300E6F7E1FE044629
:1000400010B1204602B010BD0198E5F735FC0198CB
:10005000E4F74CFF01AA002141F20100E6F7D0FECF
:1000600004460028EDD10198E5F7EEFB0198E4F78E
:100070003DFF01AA002141F20200E6F7C1FE04465D
:100080000028DED10198E5F7FDFB0198E4F72EFF8B
:10009000D7E710B582B001AA002142F20300E6F7CB
:1000A000AFFE044610B1204602B010BD0198E5F73E
:1000B000DFFB0198E4F71AFFF5E770B505460C463B
:1000C0004FF0FF304FF0FF31E6F7E8FA68B106462F
:1000D00002210C30E5F726F8057044700022314605
:1000E00042F27400E6F78CFE70BD6FF06800FBE72B
:1000F00038B504464FF0FF304FF0FF31E6F7CEFA47
:1001000078B1054606210C30E5F70CF8236803604A
:10011000A3888380002229464FF60640E6F770FE4A
:1001200038BD6FF06800FBE710B5E7F799FA0446B1
:1001300008B1204610BDEBF74BF904460028F8D172
:10014000E6F7B0FDF5E770B505460C464FF0FF3019
:100150004FF0FF31E6F7A2FA68B1064603210C30F2
:10016000E4F7E0FF058084700022314640F206404B
:10017000E6F746FE70BD6FF06800FBE708B5E7F7ED
:100180004DFB08BD08B5C068037813B9FFF7F6FF4B
:1001900008BD1846E5F754FCFAE738B504464FF0B9
:1001A000FF304FF0FF31E6F779FA68B105460221DA
:1001B0000C30E4F7B7FF238803800022294642F27F
:1001C0001600E6F71DFE38BD6FF06800FBE7F8B5D6
:1001D00006460F4614464FF0FF304FF0FF31E6F76A
:1001E0005DFA78B1054606210C30E4F79BFF3388B1
:1001F0000380478084800022294642F22200E6F7ED
:10020000FFFDF8BD6FF06800FBE770B505460C46D2
:100210004FF0FF304FF0FF31E6F740FAC0B106462D
:100220000E210C30E4F77EFF0023036043608360FF
:10023000838105802388438063888380A388C3806B
:10024000E3880381314642F22000E6F785FD70BD68
:100250006FF06800FBE708B5F7F7F2FB002000211C
:10026000E7F7B0FD20B9EAF77FFAF7F769FC08BDB8
:10027000E6F74CFDF9E71830D0E8AF3F13F4807F84
:1002800000D17047D0E8AF3F13F0800FF9D00123C1
:100290000B70F6E738B504464FF0FF304FF0FF31F2
:1002A000E6F7FCF988B1054607210C30E4F73AFF80
:1002B00023680360A288A379828083710022294683
:1002C00042F22800E6F79CFD38BD6FF06800FBE7BE
:1002D00070B586B004460D46072201310130FCF7A7
:1002E000F9FD0646694600230093019302930393A8
:1002F0000493ADF814302E3410222046FCF7EAFDAA
:10030000034638B1102205F12E012046FCF7E2FD2C
:1003100030B9012303F0010026B128B906B070BD41
:100320000023F7E70120F9E70120F7E71830D0E8CC
:10033000EF3F23F02003C0E8E23F002AF7D17047E7
:1003400000B501F01F0201239340490900EB810031
:10035000D943D0E8EF2F02EA010CC0E8EECFBEF19E
:10036000000FF6D103EA0200003818BF01205DF843
:1003700004FB10B504460D211830FFF7E1FF00B96A
:1003800010BD0121204600F0D6FAF9E708B500F1CA
:100390001803D3E8AF2F12F4807F00D108BDD3E853
:1003A000EF1F41F40051C3E8E21F002AF7D10021FA
:1003B00000F0C1FAF2E778BB70B50D4614464FF075
:1003C000FF304FF0FF31E6F769F9064638B32721D1
:1003D0000C30E4F7A7FE2B680360AA88AB79828013
:1003E000837125686168A268E368C0F80750C0F8A7
:1003F0000B10C0F80F20C0F813300022C0F81720EF
:10040000C0F81B20C0F81F20C0F82320314642F25C
:100410002700E6F7F5FC70BD6FF0150070476FF030
:100420006800F8E708B5037A13F0040F00D108BD9F
:100430000146024612F82E0B0131FFF7BCFFF6E72A
:1004400038B504464FF0FF304FF0FF31E6F726F99C
:1004500058B1054621460C30FFF74FFB00222946D4
:1004600042F22D00E6F7CCFC38BD6FF06800FBE7E8
:1004700038B910B50C4631B1F0F780F828B1013029
:1004800010BD002070470846FAE72046F8E700282C
:1004900046D070B50C460546002944D000F118033B
:1004A000D3E8AF2F12F0020F28D04FF0FF304FF0FB
:1004B000FF31E6F7F3F80646C0B307210C30E4F746
:1004C00031FE6A78034603F8012B2268C0F8012048
:1004D000A2889A800022314642F23500E6F790FC6D
:1004E00058B905F109039C4205D02268C5F80920D6
:1004F000A288A5F80D2001232B7270BD0A68C0F8F0
:1005000009208A88A0F80D2001220272D3E8EF1F8B
:1005100041F01001C3E8E21F002AF7D10020ECE708
:100520006FF0150070476FF01500E6E76FF0680098
:10053000E3E7A0B110B582B0044606216846F2F7A1
:100540007DFC08B102B010BD9DF8053003F03F03FB
:100550008DF8053069462046FFF799FFF2E76FF006
:100560001500704708B50021FFF7E0FE08BD08B58B
:10057000037A13F0010F03D113F0020F06D108BD67
:1005800023F001030372E7F7FDFDF8E723F0020310
:100590000372E7F7ABFEF2E74069B0FA80F040097A
:1005A000704710B50268816802EBC10E52F8313015
:1005B000C46803EBC403B0F810C05B7802339C45F9
:1005C00009D0836841688B4213D052F83330C06839
:1005D00003EBC00010BD002303820134DEF80430B9
:1005E0009C4201D0C460ECE70023C360013181600C
:1005F000E7E70020EEE700207047034610F4004FC5
:100600000BD1072013F4803F01D000F0FD0013F45C
:10061000003F01D000F0FB0070470620F2E710B564
:100620004FF0000EC0F800E0C0F804E0C0F808E0A9
:10063000C0F80CE0C0F810E0C0F814E001604260BF
:1006400096451CD24FF0000C01E00CF1010C01EBBF
:10065000CE035B6863450FD951F83E3003EBCC0302
:100660005B78446923440233436140F27264A342DD
:10067000EBD96FF0150010BD0EF1010EE0E7002080
:10068000F9E71830D0E8EF3F23F00103C0E8E23F7C
:10069000002AF7D1704700B501F01F0201239340F3
:1006A000490900EB8100D943D0E8EF2F02EA010CA1
:1006B000C0E8EECFBEF1000FF6D103EA0200003829
:1006C00018BF01205DF804FB2DE9F04F87B080468C
:1006D000894611461A466846FFF7A1FF8246002860
:1006E00042D101260FE06846FFF756FFB8BB002352
:1006F000637001E001236370002259464846E6F723
:100700007FFBA8BB3E466846FFF746FF074658BB3F
:10071000059DFB2D28BFFB252C1D4FF0FF304FF012
:10072000FF31E5F7BBFF8346E0B121460C30E4F72B
:10073000F9FC044698F80130037000238370EAB294
:10074000011D6846E8F74EF8E070002ECBD06846F1
:10075000FFF722FF0028CDD003236370CCE70223EC
:100760006370C9E76FF0680A504607B0BDE8F08FC4
:100770008246F9E72DE9F04782B0064688461546DD
:100780001F4600F11803D3E8AF3F13F4006F02D106
:100790001F2A00D91F2505F1040A4FF0FF304FF042
:1007A000FF31E5F77BFF814630B351460C30E4F76B
:1007B000B9FC044652460021FCF7FEFAE31C009304
:1007C0000A9B3A46E9B2201DE8F75EF8054678B97B
:1007D00073782370032363700123A37000224946BA
:1007E0004046E6F70DFB0546284602B0BDE8F08717
:1007F0004846E4F77BFBF7E76FF06805F4E708B5D8
:1008000013460A4642F23701E8F798F808BD08B5E2
:1008100013460A4642F23801E8F790F808BD70B571
:1008200082B004461D469DF81C309DF8206003B13F
:100830004EB900910192012269462046FFF7DFFF81
:100840000346A0B94EB10095069B0193012269466B
:100850002046FFF7DCFF034648B91834D4E8EF3FE1
:1008600043F00403C4E8E23F002AF7D1002318460E
:1008700002B070BD01F01F0C012303FA0CF352B15A
:10088000490900EB8100D0E8EF2F1A43C0E8E12FBF
:100890000029F8D17047490900EB8100DB43D0E81B
:1008A000EF2F1A40C0E8E12F0029F8D170472DE959
:1008B000F04186B005460E4614464FF0FF304FF02B
:1008C000FF31E5F7EBFE98B3074646B301210C3044
:1008D000FFF713F907F10C0801214046FFF70DF966
:1008E00069784046FFF709F9F4B121884046FFF7DF
:1008F0000BF9DCB1A1784046FFF7FFF8009608231A
:1009000005F1180203A93846E5F7B6FE002239467C
:1009100042F23900E6F774FA06B0BDE8F081002132
:100920000C30FFF7EAF8D5E70021DFE70021E2E726
:100930006FF06800F0E708B50022FFF7B8FF08BDC8
:1009400008B52030F5F7AEFF08BD38B338B504461A
:10095000FFF7F6FF04F11805D5E8AF3F13F4807FE9
:1009600001D1002038BD07212846FFF794FE50B979
:10097000D5E8AF3F13F4007F0BD10022114620468B
:10098000FFF795FFEEE72046FFF7ECFDE7F7CEFB1C
:10099000EEE700212046E8F7F7F9EEE76FF01500E3
:1009A000704770B584B0089ED0B1864600F1180C2F
:1009B000DCE8AF4FC4F3C024DCE8AF5FC5F38025AB
:1009C0000CB145B17AB90295019400967046FFF7D3
:1009D00026FF04B070BD002EF5D06FF08500F8E75B
:1009E0006FF01500F5E76FF08500F2E7036813F488
:1009F000805F02D043F480630360036813F4005FF8
:100A000002D043F40063036070470B4639B11168AC
:100A1000196041688A4209D0002313607047136847
:100A2000036041688A42F7D14360F5E74360F3E72A
:100A300008B50A460368002101E019461B682BB17E
:100A40009342FAD1FFF7E1FF012000E0002008BD4A
:100A5000C36842699B1A052B01D000207047012012
:100A60007047002070478078012814BF00200120C3
:100A70007047D0F8B000003818BF01207047D0F898
:100A8000A4304BB1D0F8A83043B1D0F8AC300BB1A2
:100A900000207047012070470120704701207047F7
:100AA000437A8372704710B50446E8F70DFE01469D
:100AB0002046E4F709FEE6F729F910BD08B5243809
:100AC000E8F736FF08BD00B501F01F02012393408F
:100AD000490900EB8100D943D0E8EF2F02EA010C6D
:100AE000C0E8EECFBEF1000FF6D103EA02000038F5
:100AF00018BF01205DF804FB437B072B0ED110B516
:100B00000446D0F8AC30984708B9012010BDBC3479
:100B1000D4E8AF3F022BF9DC0020F7E70120704753
:100B200001F01F0201239340490900EB8100D0E846
:100B3000EF2F42EA0301C0E8EC1FBCF1000FF6D131
:100B400003EA0200003818BF0120704701F01F0CB3
:100B5000012303FA0CF352B1490900EB8100D0E8FC
:100B6000EF2F1A43C0E8E12F0029F8D17047490957
:100B700000EB8100DB43D0E8EF2F1A40C0E8E12F03
:100B80000029F8D170472DE9F04180460E46144601
:100B9000032A25D8DFE802F002020302F2B9304648
:100BA000FFF756FF054606F10C0704213846E4F727
:100BB000F9FAB8F80030AD0005F004052C4343EA1B
:100BC00004330380338A043B438005213846FEF713
:100BD000A4FF3046E6F75AF8BDE8F0810025E2E7C9
:100BE0006FF01500F8E7F8B506460C46032A1BD847
:100BF000DFE802F002180218002704F10C050421B6
:100C00002846E4F7CFFA338843EA07330380238A80
:100C1000043B438002212846FEF77FFF2046E6F78B
:100C200035F8F8BD0127E8E76FF01500F9E708B5DA
:100C300002F022F908BD08B5E9F716F88068B0FAA5
:100C400080F0400908BD10B504460AE0E6F75EF8FA
:100C500010BD2046E8F7ACFE2046E9F705F8F4F7AA
:100C6000BBFD61690029F1D00B686361A2698A420A
:100C7000EFD1A361EDE710B50446006918B1E4F7C0
:100C800035F90023236110BD70B504460D461646A4
:100C90000121E9F705F9324629462046E9F770F9BE
:100CA00070BD38B504460088FFF74DFA054610B907
:100CB000637B072B01D0284638BD08212046E9F781
:100CC00031FBF8E7F8B506460D461746002403E069
:100CD0006046E9F701FA0134AC421BD2C82000FBA0
:100CE0000460E9F7CFF984460028F4D0437B012B58
:100CF00006D05AB2002AEBD0073BDBB2012BE7D873
:100D0000BCF80030BB4201D16046F8BD6046E9F74F
:100D1000E3F9E0E74FF0000CF6E710B50446E8F71A
:100D2000E5FE2046EAF7D0FD2046E8F743FD10BD7A
:100D300010B50446D0F8A03043B1E27882B9588AA1
:100D400000F02100003818BF012010BD00F1700133
:100D5000007AEFF791FC03460028EED10020F4E77B
:100D6000588A00F02400003818BF0120EDE7034640
:100D70008278012A08D1C07A38B1D3F8A0300BB1FB
:100D8000187C7047002070470020704738B5837882
:100D9000012B1BD10446437B072B1AD1CA0901F052
:100DA0007F0511F0800F05D1437A9D4214D9837AD3
:100DB0009D4213D90F21201DFFF7C8FEA5722046C2
:100DC000FFF735FF08B1637AA37238BD6FF01500E5
:100DD000FBE76FF07F00F8E70020F6E70020F4E77C
:100DE0008378012B01D1407A70470020704738B5D5
:100DF000037A8B421ED104461546072200F170018A
:100E00002846FCF767F8B8B1E3784BB1072204F144
:100E100077012846FCF75EF8B0FA80F040090AE056
:100E2000072204F17E012846FCF754F8B0FA80F05E
:100E3000400900E0002038BD0120FCE710B588B073
:100E400004468B78012B14D000238DF80030EC463B
:100E5000BCE80F0020606160A260E360BCE80700AE
:100E600020616161A261BCF80030A383204608B014
:100E700010BD08461E2269467030E8F7A1FEE6E77D
:100E800070B505460C464FF0FF304FF0FF31E5F7E7
:100E900005FCC8B106460E210C30E4F743F90022E8
:100EA00002604260826082812B88038023884380B5
:100EB00063888380A388C380E3880381314642F23C
:100EC0001300E5F79DFF70BD6FF06800FBE70B4670
:100ED00039B11168196041688A4209D00023136052
:100EE00070471368036041688A42F7D14360F5E7B1
:100EF0004360F3E708B50A460368002101E019469C
:100F00001B682BB19342FAD1FFF7E1FF012000E00B
:100F1000002008BD006B003818BF01207047838C8B
:100F2000403B9BB23F2B05D8008D0B8A984228BFCF
:100F300018467047088A704701207047704770470D
:100F400010B5D0F8B0406CB1443C5CB12046FFF71E
:100F5000E1FF38B92046EAF795FA646C002CF4D02A
:100F6000443CF2E7204610BD00234364836470478D
:100F700010B50C4643685B6998472046E3F7B6FF17
:100F800010BD38B5044654F8445BF6F759FD2146C8
:100F900005F1B000FFF7AEFFF6F7D2FD38BD70B532
:100FA000054646680368E3B1FFF7EBFF02E0204621
:100FB000E3F79CFF05F1300000220023F4F70EFB5D
:100FC000044640B1A369002BF1D06FF06D02E169D6
:100FD00028689847EBE773680BB1284698470023C9
:100FE0002B60EB680BB128469847336A0BB1284653
:100FF000984770BD10B50446F6F722FD224652F818
:10100000441BD1F8B03000E01B6813B19A42FBD109
:10101000012333B96364D1F8B43043B11A60C1F825
:10102000B420F6F78DFD2068E9F7CCF810BDC1F8C3
:10103000B420C1F8B020F4E710B401F10803002493
:101040008C60846B2CB1236083630860CA6010BC21
:10105000704783634363F8E710B5406B38B10838D5
:1010600010F1080408D0846834B1083C04E0044658
:1010700002E0234620461C4640B1FFF790FF002CBB
:10108000F7D0A368002BF5D0083BF3E710BD38B5C7
:101090000D46406B38B1083810F1080408D0846858
:1010A00034B1083C04E0044602E0234620461C46D6
:1010B00058B143689B680BB129469847002CF4D07F
:1010C000A368002BF2D0083BF0E738BD406B10B1AD
:1010D000083800E0184650B1838C8B4207D010F1DD
:1010E0000803F7D080680028F5D00838F3E7704788
:1010F00002B1704708B589B2FFF7E8FF18B142683E
:10110000926902B1904708BD38B50C460521FFF73A
:10111000DDFF00231A462146EAF7AEFA054608B974
:10112000284638BD2046E3F7E1FEF9E72DE9F8430C
:10113000804617461C469DF82060B21C0120EAF745
:1011400079FA88B1054600F10C0902214846E3F717
:10115000E9FF078024B1324621464846FEF7C2FC2B
:1011600029464046FFF7D0FFBDE8F883406B10B139
:10117000083800E0184650B1838A8B4207D010F13E
:101180000803F7D080680028F5D00838F3E77047E7
:1011900070B506460C46EAF741F9014608221220CE
:1011A000EAF748FA88B1054608210C30E3F7BAFFA0
:1011B0002388038063884380A3888380E388C38077
:1011C00029463046FFF7A0FF70BD6FF00B00FBE72C
:1011D00070470B4639B11168196041688A4209D0DD
:1011E0000023136070471368036041688A42F7D197
:1011F0004360F5E74360F3E708B50A46036800215A
:1012000001E019461B682BB19342FAD1FFF7E1FFC9
:10121000012000E0002008BD002070470346408DFB
:101220005B8B984228BF184670470346006820B180
:1012300002681A605968884200D070475A60FCE71B
:1012400020B119B1884206D8012070470AB10023A5
:1012500013800020704702B110800020704710F109
:10126000FF0F01D20E2070474042C0B2704710B449
:10127000D468237823B902312170012010BC704753
:1012800002318B4205D0038A023B038200201061A9
:10129000F4E70120F2E7D06803781BB9043101704C
:1012A0000120704704318B4206D091680B8A043BC1
:1012B0000B82002010617047012070474068704722
:1012C00038B50446807AE3F725FC0546616951B1DB
:1012D000637A13F0010F04D1436A1B689B682046B0
:1012E0009847002363612146284604F036F838BD4C
:1012F00008B5EAF78FFC08BDF8B505460C46FFF7C0
:101300008DFFA368002203E0B3F810C062445B685D
:10131000002BF9D1904219D36C65A668A360F6F74B
:101320008FFB31462846FFF7E3FF074630B1A66042
:1013300000236B65F6F704FC3846F8BD2846FFF736
:101340006DFF0146204601F0A4F9F3E76FF079073D
:10135000F2E738B5D1E8AF3F13F0010F06D00446ED
:10136000043854F8043C0BB1226D02B138BD5D68FD
:10137000002DFBD02A685A6099688D420ED029460C
:10138000FFF7BAFF0028F1D054F8043C5A682A60ED
:101390005D609A68002AE9D19D60E7E79A60EEE710
:1013A0002DE9F8430746846A84B3A03C14F1A005F4
:1013B00003D0D4F8A05005B1A03D4FF00008464638
:1013C00029E08EB12146381DFFF72FFF0646D8B120
:1013D00001462046FFF790FF48B37B6833607E608C
:1013E000BB6873B1A0461AE0B8F1000FEAD02046FE
:1013F000FFF712FF81464046FFF70EFF8145E1D11E
:101400000DE0BE60A0460AE0A04608E02546D4E70D
:101410002B462C461D4654B1636D002BD1D0002DB8
:10142000F6D0D5F8A030002BF3D0A03BF1E7BDE813
:10143000F88308B500220023F4F7D0F808BD70B592
:1014400004460D4601462846FFF7F3FF68B10646FD
:1014500001462046FFF74CFF044608B9204670BD00
:101460003146284603F079FFF8E76FF00104F5E70D
:10147000F8B50446061F50F8045C00F14C03D3E8AD
:10148000EF1F21F00401C3E8E21F002AF7D13DB1AC
:10149000236D33B104F154013046FFF7D0FFC0B9DA
:1014A000F8BD6F68002FF5D03B686B60AA68BA4240
:1014B0000DD039463046FFF71FFF0028F0D06B688B
:1014C0003B606F60AB68002BE4D1AF60E2E7AB60DC
:1014D000EFE705F10C013046FFF7B1FFE0E72DE93A
:1014E000F8438146846A54B3A03C14F1A00503D0AC
:1014F000D4F8A05005B1A03D002637460EE009F112
:101500000C012046FFF79BFF0646E0B1CDB1D5F8B0
:10151000A03003B1A03B27462C461D469CB116F1D6
:10152000020FECD1002FEAD02046FFF775FE80466F
:101530003846FFF771FE8045E1D13C46E6E7254697
:10154000DAE72B46E7E7BDE8F88338B504460D46F1
:10155000836A43B105F1A003A26AC5F8A020A36283
:10156000E26A3AB138BD0C3003F0E2FE0023236298
:101570006362EFE7E362F5E7F0B583B00646144631
:101580004FF495720146206800F0BBFF207518B13A
:101590000025284603B0F0BD05463146206801F01D
:1015A0007BF828B1237A33B1182B17D02B4603E0F0
:1015B00008232375EDE70223B7680193638A00933C
:1015C000238AE26831462068B847002802DB238A74
:1015D000984205D0FFF743FE2075DAE70423EBE7D6
:1015E000002323750125D4E701F01F020123934056
:1015F000490900EB8100D0E8EF2F42EA0301C0E87F
:10160000EC1FBCF1000FF6D103EA0200003818BF4E
:101610000120704738B504460D46EAF7FBFA00B9D9
:1016200038BD294604F1580003F08BFEF8E730B5C9
:1016300085B005460C4601F10C00FEF77DFA034625
:10164000E268218A02910192002100910A4628460F
:10165000EAF748FF05B030BD30B585B005460C4609
:1016600001F10C00FEF768FA0346E268218A029154
:10167000019200220092132212212846EAF732FF3B
:1016800005B030BD2DE9F84F07468B469246984687
:10169000146814B3256805B114B14FF0000921E0B6
:1016A0002546FAE7628B72B3B8F804300BEB0301FE
:1016B0008A422AD1228A1344B8F806108B4226DCCB
:1016C000E1684046FEF70EFA224649465046FFF7CB
:1016D00080FD2046E3F70AFC09E02546DDE72E46BB
:1016E0002C46354664B1238BBB42DBD0A146002D8E
:1016F000F5D02E68002EF3D0002DF1D12E46EFE765
:101700000020BDE8F88F0020FBE70720F9E70D2057
:10171000F7E708B5CB681978EAF7DAFF08BD00B536
:1017200083B0CA681388528800920D220C21EBF70F
:1017300019F903B05DF804FB00B583B0CB681B88D2
:10174000002200920B220A21EBF70CF903B05DF89E
:1017500004FB70B582B00446CB681D885E880DF12D
:10176000060231462846FFF76BFD30B13246294666
:101770002046EBF7D3F902B070BD0123BDF8062077
:1017800004212046EAF788FE0020F4E72DE9F8431B
:1017900006460F461446D2F8008093684BB1A36802
:1017A0001D78012D13D0022D2ED000252846BDE82E
:1017B000F883506801210C30E3F7B4FCA060336873
:1017C0001B7813B901230370E9E70223FBE73368B1
:1017D00093F80090B9F1000F01D00025E6E76068AA
:1017E00004210C30E3F79EFCE06007803268E36878
:1017F00052885A804046FFF711FD63681B8AC01A61
:101800000428D3D84D46D1E733681B78022B01D08A
:101810000025CBE7606812210C30E3F783FCE06021
:101820000780E3683268D2F80150D2F80500D2F898
:101830000910D2F80D20C3F80250C3F80600C3F80F
:101840000A10C3F80E204046FFF7E8FC63681B8AC5
:10185000C01A122801D80025A8E70125A6E72DE91E
:10186000F04F87B080468946144603921E46DDF845
:1018700040B043680593FFF7D1FC2346002202E005
:10188000198A0A445B68002BFAD1904204D80025DB
:10189000284607B0BDE8F08F0398E3F7ADFB074695
:1018A0004FF0000A7EE0198A0A445B68002BFAD1E7
:1018B000821A7C8AFB6879695B1AE41A3B8AE41A0B
:1018C000A2422CD3002C2DD0D9F80450F9683A8AC2
:1018D0000096A3B20A4449460598A847051E52DB64
:1018E000BBF1000F05D0119A29463846D847002889
:1018F0005ED00495294607F10C00E3F713FCAA44D7
:101900003544AEB24046FFF789FC039B002242E01B
:101910001A8A14445B68002BFAD1041BD2E7039B9C
:101920000024F8E7039B987AE3F7F4F800220023F9
:10193000FEF7C3F8074650B10146039D2846E3F77A
:10194000A7FB4046FFF76AFC22462B4604E05546BB
:101950009EE7198A0A445B68002BFAD1821A7B8AB7
:10196000F9687D69491B5B1A398A5B1A9A4208D368
:101970001C46A9E71A8A14445B68002BFAD1031BA2
:10198000F6E7039BF9E7BAF1000F81D055467FE7F0
:10199000198A0A445B68002BFAD1904208D9049B4B
:1019A000A34205D14046FFF739FC039B00227DE7A7
:1019B00055466DE72DE9F04182B007461446D2F84E
:1019C0000080D8F804600023137395220146304646
:1019D00000F097FD207320B10025284602B0BDE835
:1019E000F08105463946304600F054FED8B14046F5
:1019F000FFF714FCA268138AC31A012BEDDD022144
:101A000002F10C00E3F78EFB0646002301930093DE
:101A1000A388A26839464046FFF721FF002805DB6E
:101A200030800125D9E708232373D6E7FFF717FC99
:101A30002073D2E72DE9F04182B007461446D2F870
:101A40000080D8F8046000231373952201463046C5
:101A500000F057FD207320B10025284602B0BDE8F4
:101A6000F08105463946304600F014FE10B90823CF
:101A70002373F2E7002301930093A388A2683946F9
:101A80004046FFF7ECFE002801DB0125E5E7FFF704
:101A9000E6FB2073E1E770B50668B36A53B1A03B7B
:101AA00013F1A00403D0D3F8A04004B1A03C00225D
:101AB000114604E01C46FAE7254623462C468BB126
:101AC000834207D05D8DA94238BF29465B8B9A427D
:101AD00038BF1A46002CEFD0D4F8A050002DECD01F
:101AE000A03DEAE7438D8B4202D8448B944209D94A
:101AF000408B824238BF0246994238BF194630684F
:101B0000ECF7F4FE70BD70B504460D46FFF784FB9C
:101B100000BBEB681D88ABB2162B1DD903212046F4
:101B2000EAF7A6FD0646C8B102210C30E3F7FAFA3F
:101B30006FF00D0303700123437031462046FFF719
:101B400069FD4FF4F973638365852046FFF7A3FFB2
:101B5000002070BD0620FCE70420FAE70E20F8E71D
:101B600030B583B005460C46042104F10C00E3F7C0
:101B700057FB01884288237C0093E3682846EBF7F3
:101B800001F803B030BDF0B589B0054608460C7CBD
:101B9000043CE4B2022C01D0102C42D104210C30C0
:101BA000E3F73EFB068847882246011D01A8FEF7A1
:101BB0004EF8C8B30DF1160239463046FFF740FB28
:101BC000F0B100238DF818304FF42053ADF81A30DF
:101BD00006A901A8FEF70FF858B100238DF81C30B4
:101BE00042F60103ADF81E3007A901A8FEF703F87D
:101BF00078B93B46324601A92846EAF7D1FD11E003
:101C00000123BDF8162010212846EAF745FC0020E4
:101C100008E01023324619462846EAF73DFC00202A
:101C200000E0042009B0F0BD0E20FBE7F0B589B05C
:101C3000054608460C7C043CE4B2022C01D0102C72
:101C400052D104210C30E3F7EBFA0688478822468C
:101C5000011D01A8FDF7FBFF002847D00DF116027A
:101C600039463046FFF7ECFAC0B10121686800F050
:101C7000C9FC58B900238DF8183042F60203ADF8BC
:101C80001A3006A901A8FDF7B6FF80B93B463246D7
:101C900001A92846EAF7B8FE09B0F0BD0123BDF856
:101CA000162008212846EAF7F7FB0020F4E7002376
:101CB0008DF81C3042F60303ADF81E3007A901A8C9
:101CC000FDF799FF0028E1D0012E03D14FF6FF73F5
:101CD0009F42DBD0032105F15000FFF785FC08B9D6
:101CE0001220D9E70020D7E70420D5E70E20D3E75C
:101CF0002DE9F04387B007460C46062104F10C009D
:101D0000E3F78EFA05884688B0F80480D4F80C9082
:101D10000DF10E0231462846FFF792FAD0B10023AA
:101D20008DF81030ADF812808DF814304FF4205338
:101D3000ADF8163005A904A8FDF75DFF98B9237C1E
:101D400000934B46324629463846EAF7A3FE07B0D1
:101D5000BDE8F0830123BDF80E2006213846EAF7DE
:101D60009BFB0020F3E70A232A4606213846EAF7C0
:101D700093FB0020EBE708B5EBF788FE08BD38B50C
:101D8000EAF7B6F9F0B1806AC0B1A03810F1A0044A
:101D900003D0D0F8A04004B1A03C002502E0A03B55
:101DA00020461C4678B1FFF739FAA84200D905460B
:101DB00034B1D4F8A030002BF1D1F1E70446ECE7C0
:101DC0002346EDE70025284638BD08B500230A8ADA
:101DD000C968EBF70DFA08BD70B5054655F80469FA
:101DE00050F8043C3BB1044669B1036D1BB11B7C48
:101DF00013F0010F00D170BD0523002211462846C3
:101E0000EBF7F6F9F7E73046ECF796FD737A012B1E
:101E1000F1D0236D002BEED01B7C13F0010FEAD024
:101E20002846EAF7E5F903460028E4D000221146E7
:101E30002846EBF7DDF9DEE710B50446014651F818
:101E4000A00B2830FFF7D8F902E01846E3F74EF868
:101E500004F1580000220023F3F7C0FB03460028DA
:101E6000F3D1636D33B16FF0670300221146204652
:101E7000EBF7BEF9002344F8503BD4E8EF3F23F0E2
:101E80000103C4E8E23F002AF7D110BD38B504468B
:101E900050F8045C25B10438FFF7CEFFAB6A03B1FC
:101EA00038BD2846EBF766F92068ECF761FDF7E7E7
:101EB0000120704708B5EAF71BF9A0B1836A13B196
:101EC000A03B00E0A03B73B103F15002D2E8EF0F5A
:101ED00020F00800C2E8E10F0029F7D1D3F8A030C4
:101EE000002BEFD1EFE708BD08B50421FFF73EF95D
:101EF00030B103464C33D3E8AF0FC0F3C00008BD88
:101F00000020FCE770B50E4615461C46E9F75AFE60
:101F1000C66005610123C380047570BD0023B3EB67
:101F2000510F10D200B510F803C0CA1A013A10F8C8
:101F300002E000F803E000F802C00133B3EB510FF8
:101F4000F1D35DF804FB7047036813F4805F02D09F
:101F500043F480630360036813F4005F02D043F42A
:101F6000006303607047B0F800C0624512D300B54B
:101F7000B1F800E0734509D9624500D202800A88B1
:101F8000934205D90B8001205DF804FB0020FBE79C
:101F90000120F9E7624500D202800A88934202D903
:101FA0000B80012070470120704710B5002301E02D
:101FB00001339BB2022B19D84FEAD30CB2EBD30FEB
:101FC00012D900EB0C04247A03F0070E24FA0EF465
:101FD00014F0010FECD011F80C4024FA0EF414F0B8
:101FE000010FE5D1002016E0002300E0002393421A
:101FF00010D26BB9C41894F808C011F803E00EF0C1
:10200000070E4CEA0E0C84F808C001339BB2EEE7D1
:10201000012000E0012010BD106000207047FF2863
:1020200001D8C0B270470E20704770B5049CA668F6
:102030003EB105460846FFF7F2FF02462146284614
:10204000B047A37D013BDBB2A375E26812B10BB9C7
:102050002046904770BD1060918000207047F0B519
:1020600089B006683578002D66D107461446738816
:10207000B3F5245F1AD014D903F55643FF339BB24E
:10208000042B5FD8ADF80A1002220DF10A01204698
:10209000EBF706FA00283ED06FF01503C4F8903134
:1020A0004BE0A3F520539BB2032B49D8ADF80A109F
:1020B00002220DF10A012046EBF7F2F920B16FF090
:1020C0001503C4F8903138E07388ADF80A30022265
:1020D0000DF10A012046EBF7E3F978B97E6800209C
:1020E0000090132303AA3946B047021E0BDB03A955
:1020F0002046EBF7D5F948B901251EE06FF015032E
:10210000C4F8903119E0C4F8902116E06FF015037F
:10211000C4F8903111E07388ADF80A3002220DF155
:102120000A012046EBF7BCF908B9012505E06FF07C
:102130001503C4F8903100E00125284609B0F0BD30
:102140000125FAE70125F8E7002303604360836077
:10215000704700238360704708B5EBF749FA08B170
:10216000FFF7F2FF002008BD01F01F02012393409A
:10217000490900EB8100D0E8EF2F42EA0301C0E8F3
:10218000EC1FBCF1000FF6D103EA0200003818BFC3
:102190000120704700B501F01F0201239340490957
:1021A00000EB8100D943D0E8EF2F02EA010CC0E830
:1021B000EECFBEF1000FF6D103EA0200003818BFDF
:1021C00001205DF804FB08B539B100210C30FFF7A0
:1021D000CBFF80F00100C0B208BD00210C30FFF73A
:1021E000D9FFF9E708B5FFF7EEFF08BD08B5022AE9
:1021F00003D0EBF705FB022008BD00231A4600F1CF
:102200007001007AEBF77EFAF5E738B5044615461B
:10221000FFF74EFE48B93DB904F17001207AEBF7A3
:10222000E7F908B1FFF795FF38BD2046EBF7BAF99B
:102230000028F0D0027A12F0010FECD00121FFF754
:10224000D1FFE8E7994222D838B505460C469142BD
:102250001FD3049B23B101681846FDF7CCFCD0B90D
:10226000059B2BB1EB68059A934201D0012011E048
:10227000069B1B88013B069A1380089A2146284634
:10228000079B9847069B1B8823B9002002E000208B
:102290007047012038BD0120FCE7F8B507460D4620
:1022A0000026344603E01046E7F716FF0134012C00
:1022B00014D804EB840305EB4301013115F8130036
:1022C000E8F772FC02460028F0D004EB840305EB2B
:1022D00043031B89B342E6D91E46E4E7AB8A9E421C
:1022E00005D0AE82AB6913B1314638469847F8BD88
:1022F00070B50446EBF756F950B1054604F1700687
:102300003146207AFDF77AFE18B92846EBF7A8FB8C
:1023100070BD236FC5F80130B288B379A5F80520E8
:10232000EB71F5E710B5BDF80810BDF81040A142FB
:102330000FD810465CB1039A72B1641AA342A8BFC9
:1023400023469CB22246039B1944D2F779FF2046CC
:1023500010BD6FF00600FBE76FF00D00F8E7F0B579
:1023600087B004460D4616461F4600238DF81430EC
:10237000EBF718F910B1037A8DF8143001230293AA
:1023800005AB0193BDF8303000933B4632462946F9
:102390002046FFF7C7FF07B0F0BD70B586B0BDF8A7
:1023A0002850CC68267846B1013410260296019454
:1023B0000095FFF7B7FF06B070BD6488ADF8164012
:1023C000022402940DF1160401940095FFF7AAFF70
:1023D000F1E7F0B587B005460C4616461F46C968BA
:1023E000EBF72AF990B10389ADF816300223029376
:1023F0000DF116030193BDF8303000933B46324691
:1024000021462846FFF78EFF07B0F0BD0023ADF848
:102410001630EBE7B8B110B582B0044600238DF852
:10242000043042F60303ADF8063001A90068FDF759
:10243000E2FB50B9E368988840B92046EBF760FBAF
:10244000013080B202E000207047002002B010BDD1
:102450002DE9F0418AB005460C4616461F46D1F8D4
:102460000C8098F806308DF814300846FFF7D2FF3C
:10247000ADF81500D8F800100B7893B94B88ADF87B
:1024800017300523029305AB0193BDF8403000934C
:102490003B46324621462846FFF744FF0AB0BDE8D6
:1024A000F081D1F801C0D1F80500D1F80920D1F8A8
:1024B0000D30CDF817C0CDF81B00CDF81F20CDF89A
:1024C00023301323DEE708B5EBF748FC08BD10B551
:1024D00082B0044600238DF8043042F60303ADF8C1
:1024E000063001A90068FDF786FB10B1204602B056
:1024F00010BD2046EBF758FCF9E708B5FFF73FFCA5
:1025000008BD38B5054612F0010F05D04B8A03F01F
:1025100095037BB34B687BB312F0020F05D04B8A57
:1025200003F4957353B38B6853B34C8AC4F30E040E
:10253000144014F4DE7F25D0EB7A73B114F0300F21
:1025400011D114F4C07F21D0D5F8A03003B35B7C47
:1025500013F0100F1ED0002015E02846FEF7E8FB10
:1025600090B10F200FE02846FEF73AFC0228E8D889
:10257000052008E0022006E0022004E0032002E03B
:10258000032000E0002038BD0520FCE70020FAE72A
:102590000520F8E70520F6E7F8B505460E4614468F
:1025A00094226168FFF7ADFF18BB012261682846DD
:1025B000EBF740FC00B3A28902321B212846EAF760
:1025C0005FFD0746D8B1A18902310C30E2F7AAFDC0
:1025D00020F8026BA289A168D2F732FE012362695A
:1025E00021693846FFF78EFC39462846EAF7C0FED7
:1025F000F8BD4FF0FF30FBE76FF01500F8E76FF024
:102600000B00F5E72DE9F04106460D46EAF7CAFF53
:1026100000283CD00746037A13F0010F03D10124B0
:102620002046BDE8F08100F10C08D8E8AF4F14F067
:102630000104F5D10DB92C46F2E701214046FFF720
:10264000A9FD0446D8B93046FFF732FC04460028FD
:10265000E6D03046FFF748FC04460028E0D0D8E832
:10266000EF3F23F00203C8E8E23F002AF7D13046EB
:10267000FFF720FC01213846FFF7B4FDD0E73046D4
:10268000FFF718FC01213846FFF7ACFDC8E701242D
:10269000C6E770470120704701207047C06898B1B5
:1026A00010B582B0144600238DF804304FF4C053A7
:1026B000ADF8063001A9FDF79EFA10B92368013381
:1026C0002360012002B010BD012070470120704737
:1026D00001380E2815D8DFE800F008160A080C0AA1
:1026E0000C140E1008080E0E120001207047042072
:1026F0007047052070470620704707207047082064
:1027000070470920704703207047431E082B0CD8E0
:10271000DFE803F00D09050D0E09070B0900022083
:1027200070470A2070470820704700207047032038
:1027300070470346007D5B7B984228BF1846704770
:1027400007280DD8DFE800F00F0E040C0C06080A6D
:1027500006207047292070471820704712207047C4
:102760001F207047052070470720704707207047DB
:1027700007207047C07A00F001007047807C00F0AD
:102780000100704770B506460C46FFF7F3FF05469B
:102790003046FFF7F3FF2DB1002308B123B9022320
:1027A000637070BD0323F8E70123F9E70720704742
:1027B00007207047D0E8EF3F43F48043C0E8E23F92
:1027C000002AF7D1002070474B0900EB8300D0E8C6
:1027D000AF0F01F01F01084100F00100704770B514
:1027E000031DD3E8AF3FC3F3C03513F4004F32D11C
:1027F0000446D0F8A030DBB1D4F8A03063B35A8AD5
:1028000012F0240F28D0A17A022903D9587C10F0A5
:10281000010F21D0032921D9597C11F0010F1BD0C0
:1028200012F0200F18D01B7C102B15D1012513E0BE
:1028300000F170063246017A2020EDF761FEC4F8FF
:10284000A0000028D8D13246217A0420EDF758FEA6
:10285000C4F8A000D0E70025284670BD0125FBE79D
:1028600091B3F8B504460D464E8A16F0240F2DD0CC
:102870000F7CFFF75EFF87422AD816F0200F07D1A2
:102880006B7C13F0010F17D0237A53B900201EE0A0
:10289000231DD3E8AF3FC3F3401013F0200FEFD157
:1028A00015E0231DD3E8AF3F13F0200F04D1237AA6
:1028B000013BDBB2012BE9D96B7C13F0010F09D18D
:1028C000237A4BB1012002E0012070470120F8BDBE
:1028D0000020FCE70120FAE70020F8E710B50446E5
:1028E000D0F8EC309B7A032B16D007D8013BDBB233
:1028F000012B01D8002010BD0820FCE7042B1CD1BF
:10290000FFF717FF102801D00620F4E7231DD3E8B6
:10291000AF3F13F0200F12D0237A63B1231DD3E809
:10292000AF3F13F0200F0CD1237A013BDBB2012B18
:1029300001D90020DFE70320DDE70820DBE70320E3
:10294000D9E70020D7E70430D0E8AF0FC0F3C000CC
:10295000704738B50446031D0025D3E8EF2FC3E8C0
:10296000E15F0029F9D104F59C70F3F79BFF257214
:10297000D4E8EF3FC4E8E25F002AF9D1D4E8EF3FA2
:1029800043F00203C4E8E23F002AF7D138BD70B536
:1029900006460C4600F17005072209682846FAF73A
:1029A00099FA00B170BD63681A6832679A889B799A
:1029B000A6F8742086F87630D6F8A030002BF1D037
:1029C000A2689342EED062681168C3F80110918842
:1029D0009279A3F80510DA71E4E700B501F01F025F
:1029E00001239340490900EB8100D943D0E8EF2F40
:1029F00002EA010CC0E8EECFBEF1000FF6D103EA07
:102A00000200003818BF01205DF804FB70B50646CF
:102A10000C4610220D21ECF797F9B0B105461021B4
:102A20000C30E2F77FFBD4F800C06168A268E3686D
:102A3000C0F800C041608260C36000231A46294686
:102A40003046ECF7A7F9002070BD0820FCE738B548
:102A5000044610220421ECF777F9C8B1054610218D
:102A60000C30E2F75FFBD4F827C0D4F82B10D4F871
:102A70002F20D4F83330C0F800C041608260C360BA
:102A800000231A4629462046ECF784F9002038BD79
:102A90000820FCE738B5044606220221ECF754F979
:102AA00090B1054606210C30E2F73CFBD4F811301A
:102AB0000360B4F81530838000231A462946204667
:102AC000ECF768F9002038BD0820FCE700294ED05B
:102AD00010B50B46021DD2E8EF1F21F08001C2E8BD
:102AE000E41F002CF7D11C68D3F804E0D3F808C029
:102AF000D968C0F89740C0F89BE0C0F89FC0C0F804
:102B0000A3101C69D3F814E0D3F818C0D969C0F831
:102B1000A740C0F8ABE0C0F8AFC0C0F8B310D2E82F
:102B2000AF3F13F4806F0BD1D2E8AF3F13F4803F77
:102B300010D1D2E8AF3F13F4007F15D1002010BDB3
:102B4000D2E8EF3F43F40073C2E8E13F0029F7D138
:102B50000020F4E7D2E8EF3F43F40073C2E8E13F1E
:102B60000029F7D10020EAE7ECF73AFAE7E70B2073
:102B7000704708B5CA68D0F8EC30DB78012B01D07B
:102B8000002008BD031DD3E8EF1F21F48031C3E806
:102B9000EC1FBCF1000FF6D1D2F800E0D2F804C06F
:102BA0009168D268C0F8B7E0C0F8BBC0C0F8BF10E9
:102BB000C0F8C320D3E8AF2F12F0800F0ED1D3E8B6
:102BC000AF2F12F4806F13D0D3E8EF1F41F40071E0
:102BD000C3E8E21F002AF7D10020D2E7D3E8EF1FB5
:102BE00041F40071C3E8E21F002AF7D10020C8E7D2
:102BF000ECF7F6F9C5E710B50446031DD3E8EF1F5F
:102C000041F08001C3E8E21F002AF7D10820EBF76A
:102C100061FF08B1002010BD2046ECF7CFFAFAE7BB
:102C200010B5D0F8EC40D4F8A03063B1D4F8A0309F
:102C30008BB15A8A12F0240F0FD05B7C13F0020F75
:102C40000DD1002010BD04F17001207AEDF7C6FB14
:102C5000C4F8A000EAE70120F4E70120F2E7012030
:102C6000F0E7F8B50646EBF7BBFE002860D0044657
:102C7000051DD5E8AF3F13F0100F5CD1D5E8AF3F8D
:102C800013F0080F5AD1D5E8AF3F13F0020F58D117
:102C9000EBF7A0FFA0B3D6F8A030CBB32046ECF7FB
:102CA00071FB002850D101220B212046ECF74CF893
:102CB000074600284BD001210C30E2F733FA0646D4
:102CC00008212046EBF7DAFF307000231A46394618
:102CD00004F1EC00E8F7D0FC064628BBD5E8EF3F4E
:102CE00043F40043C5E8E23F002AF7D1D4E8EF3FC0
:102CF00043F00203C4E8E23F002AF7D13046F8BDB2
:102D00003046FFF76CFD0028C5D16FF01506F5E7DA
:102D100006F17001307AEDF761FBC6F8A0000028DB
:102D2000BCD16FF00B06E9E73846E2F7DFF8E5E7DC
:102D30006FF07F06E2E76FF00406DFE76FF00F0643
:102D4000DCE76FF00F06D9E76FF06806D6E76FF0A3
:102D50006806D3E72DE9F047044691461E46BDF8C4
:102D60002070EBF73DFE002800F08180804617B907
:102D700059EA06031CD0D4F8A030002B42D04FB93A
:102D800059EA060306D1D4F8A01019B14B8A13F002
:102D9000200F4AD108F10403D3E8AF3F13F4004FEA
:102DA0005FD14046FFF7D5FD00252846BDE8F087F6
:102DB00000F1040ADAE8AF3F13F0080FDBD0DAE8DD
:102DC000AF3FC3F3400513F0020FD4D0FFF7B1FCBF
:102DD0000446024608F147010998D2F731FA0F2C50
:102DE00008D9DAE8EF3F43F00203CAE8E23F002ADD
:102DF000DBD0F6E7C4F110020021099B1819F9F79E
:102E0000DBFFEEE704F170052A46217A2020EDF77A
:102E100077FBC4F8A0000028B1D12A46217A01200E
:102E2000EDF76EFBC4F8A000A9E70C7C22461E312A
:102E30000998D2F705FA0F2C0BD908F10408D8E845
:102E4000EF3F43F00203C8E8E23F002AF7D1012533
:102E5000ABE7C4F110020021099B1819F9F7ACFF88
:102E6000EBE7022206212046E7F722FE99E700253C
:102E70009BE76FF08500704708B5C378012B02D13E
:102E8000FFF7EFFE08BD6FF01500FBE738B504460D
:102E90000820EBF71FFEC0B10546031DD3E8EF1F66
:102EA00021F48071C3E8E21F002AF7D121462846A9
:102EB000FFF70CFE014640B12846ECF771FE04E036
:102EC00001462046ECF76CFE55B10720EBF702FEF9
:102ED000044628B1ECF772F905460028F4D0EFE774
:102EE00038BD2DE9F04104460E46A0F1EC08054638
:102EF00055F8E87901212846FFF76FFD10B11EB99A
:102F0000FB7AC3B9BDE8F081D5E8AF3F13F0080FF5
:102F1000F8D03046FDF74BF8FFF7F7FB0146D5E850
:102F2000EF3F43F00403C5E8E23F002AF7D14046F3
:102F3000ECF7AEFDE6E7D5E8AF3F13F0080F30D071
:102F4000D5E8AF3F13F0200F15D014F8043C13F070
:102F5000080F04D014F8033C13F0080F25D114F81F
:102F6000043C23F0080304F8043C14F8033C23F069
:102F7000080304F8033C14F8033C13F0010F1DD1BF
:102F800013F0020F3AD113F0040F21D0A4F1EC0397
:102F9000D3E8EF1F41F48061C3E8E21F002A17D095
:102FA000F6E74046FFF7D5FCACE7D5E8EF3F43F442
:102FB0000033C5E8E23F002AD1D0F6E7A4F1EC03E4
:102FC000D3E8EF1F41F04001C3E8E21F002AF7D128
:102FD000D5E8EF3F43F00403C5E8E23F002AF7D10C
:102FE0004046ECF7B7FA00288CD134F8043C002BAB
:102FF00088D100214046ECF74BFD83E7A4F1EC03B8
:10300000D3E8EF1F41F48071C3E8E21F002ADFD04C
:10301000F6E770B50446A0F1EC0650F84C3BD3F847
:10302000A050F3F73FFCE83CD4E8AF3F13F0080FA3
:1030300004D1D4E8AF3F13F0020F14D0082130467A
:10304000ECF726FD45B16B8A1BB16B7C13F0020FC8
:1030500002D02846EDF78AFB4FF4B87200213046C3
:10306000F9F7AAFE70BDD4E8AF3F13F4004FE9D0E2
:10307000E4E70B4639B11168196041688A4209D00A
:103080000023136070471368036041688A42F7D1D8
:103090004360F5E74360F3E708B50A46036800219B
:1030A00001E019461B682BB19342FAD1FFF7E1FF0B
:1030B000012000E0002008BD00B583B00021008899
:1030C000EDF796FB019010B101A8EDF7A5FB03B059
:1030D0005DF804FB08B5E8F7ABF808BD82B082786C
:1030E0004178037843EA012343EA0242C3F30B0326
:1030F000120B83F40063A3F5006382F40062A2F56F
:103100000062ADF80430ADF8062000209BB263F3F6
:103110000F0093B263F31F4002B0704738B5044606
:103120004FF0FF304FF0FF31E3F7B8FA68B10546D2
:1031300002210C30E1F7F6FF2388038000222946A4
:1031400042F28A00E3F75CFE38BD6FF06800FBE7EF
:1031500070B505460C464FF0FF304FF0FF31E3F7F6
:103160009DFAF0B1064605210C30E1F7DBFF2B8814
:10317000038094F903300371A378C3700023837034
:1031800023780BB10123837063781BB1837843F0FC
:10319000020383700022314642F28D00E3F730FED5
:1031A00070BD6FF06800FBE770B505460C464FF048
:1031B000FF304FF0FF31E3F771FA88B10646042182
:1031C0000C30E1F7AFFF2B8803802378837063789E
:1031D000C3700022314642F29400E3F711FE70BD45
:1031E0006FF06800FBE770B505460C464FF0FF3006
:1031F0004FF0FF31E3F752FA002835D00646172189
:103200000C30E1F78FFF2A88028022788270628872
:10321000A0F80320A288A0F80520E288A0F80720E3
:103220002289A0F80920E268C272C2F30721017363
:10323000120C427322698273C2F30721C173120C0C
:103240000274227D4274627D8274A27DC274E27D2A
:103250000275227E4275627E82750022314642F2FC
:103260009300E3F7CDFD70BD6FF06800FBE730B56C
:1032700083B0044601AA002142F28900E3F7C0FDB1
:1032800000287FD1019BDB681D785A7822705A880C
:1032900062801A7922715A7962719A7902F0010278
:1032A000A2719A79C2F34002E271DA7902F0010266
:1032B00022725A7A22739A7A6273DA7AA2735A7AEB
:1032C0004AB11A7A12F0010F02D00122627204E0B0
:1032D0000222627201E0002262729A7A4AB11A7A7C
:1032E00012F0020F02D00122A27204E00222A272A6
:1032F00001E00022A272DA7A4AB11A7A12F0040FBF
:1033000002D00122E27204E00222E27201E0002215
:10331000E2729A8902F00102E273DA8902F0010294
:1033200022741A7CC2F3400262741A7CC2F38002D7
:10333000A274B3F81120C2F34002E274B3F8112072
:10334000C2F380022275B3F81120C2F3C002627585
:10335000B3F813202283B3F815206283B3F8172043
:10336000A283B3F81920E283DA7E84F820201B7F41
:1033700084F821300023638484F824300198E1F735
:10338000B5FD284603B030BD30B583B0044601AA70
:10339000002142F2A500E3F733FD002840F08780CA
:1033A000019BDB681D785A7822705A8862801A79EE
:1033B00022715A7962719A7902F00102A2719A79A6
:1033C000C2F34002E271DA7902F0010222725A7A03
:1033D00022739A7A6273DA7AA2735A7A4AB11A7AA3
:1033E00012F0010F02D00122627204E00222627226
:1033F00001E0002262729A7A4AB11A7A12F0020F40
:1034000002D00122A27204E00222A27201E0002294
:10341000A272DA7A4AB11A7A12F0040F02D00122AB
:10342000E27204E00222E27201E00022E2729A8972
:1034300002F00102E273DA8902F0010222741A7CBE
:10344000C2F3400262741A7CC2F38002A274B3F821
:103450001120C2F34002E274B3F81120C2F38002DB
:103460002275B3F81120C2F3C0026275B3F81120BF
:10347000C2F30012A275B3F813202283B3F815200B
:103480006283B3F81720A283B3F81920E283DA7EAF
:1034900084F820201A7F84F82120B3F81D2062844C
:1034A000DB7F84F824300198E1F720FD284603B043
:1034B00030BD0023B3EB510F10D200B510F803C09C
:1034C000CA1A013A10F802E000F803E000F802C05E
:1034D0000133B3EB510FF1D35DF804FB70472DE9D5
:1034E000F04196B00E4614461D461C9F0DF104088F
:1034F000202201464046EDF739FF2022314609A837
:10350000EDF734FF8DF8445012AD102221462846C5
:10351000EDF72CFF3B46412241462846EDF7FEFFE2
:10352000044618B1204616B0BDE8F0811021384697
:10353000FFF7BFFFF6E72DE9F04796B00746924642
:1035400098461F9E209C219D0DF10409102248469B
:10355000EDF70CFF1022514605A8EDF707FF1022EA
:10356000414609A8EDF702FF03221E990DA8EDF7C9
:10357000FDFE314611F8013B8DF83730D6F80100D9
:103580000E908B88ADF83C3006220EA8EDF7EEFECB
:10359000214611F8013B8DF83E30D4F80130CDF8CA
:1035A0003F308B88ADF8433006220DF13F00EDF738
:1035B000DDFE12AC102239462046EDF7D7FE2B4631
:1035C000412249462046EDF7A9FF044618B120469E
:1035D00016B0BDE8F08710212846FFF76AFFF6E72E
:1035E000036813F4805F02D043F4806303600368D0
:1035F00013F4005F02D043F4006303607047006976
:1036000001EB41018900403108447047406801EBFB
:10361000410100EB81007047006900EB41107047E9
:10362000EFF31182402383F31288BFF36F8F036897
:1036300013F0C00301D08B4207D1012303600020A7
:1036400082F31188BFF36F8F70474FF0FF30F7E7B9
:10365000EFF31182402383F31288BFF36F8F036867
:1036600003F0C00C03F00703012B08D08C4509D0F0
:103670004FF0FF3082F31188BFF36F8F7047016006
:103680000020F7E76FF07700F4E7EFF311824023B3
:1036900083F31288BFF36F8F036803F0C00343F016
:1036A0000203036082F31188BFF36F8F7047F8B590
:1036B00006460C46FFF7A3FF05684768002340F85D
:1036C000083BFFF7E2FF1DB13A4621463046A847C6
:1036D000F8BD2DE9F041064690461F46CDB2294679
:1036E000FFF78DFF044606990830FFF7B1FF002869
:1036F00009DBC4F80080676029463046FFF786FF83
:10370000036898470020BDE8F08110B582B080249E
:103710000094FFF7DEFF02B010BD10B51446C9B229
:10372000FFF77AFF0021A04710BD10B50446002125
:10373000FFF765FF836813F0070F00D010BD00216D
:103740002046FFF7B4FFF9E708B50120EFF782FC48
:1037500008BD08B50120EFF7A5FC08BD08B580221B
:10376000EEF726F808BD08B520EAE072D1174B0144
:1037700043EAD2634FEA421CBCEB020C63EB010E3E
:103780004FEA8E1343EA9C634FEA8C10B0EB0C00B7
:1037900063EB0E03DB0043EA5073C000801841EB7B
:1037A00003010018494140F2E733C0184FF47A7220
:1037B0004FF0000341F10001D1F7B8FDF4F7E2FB4F
:1037C00008BD08B51046F2F707F808BD08B500F0C7
:1037D000D7FF08BD08B500F0CEFF08BD40F272600B
:1037E000704708B508461146F6F7F4FC00B908BD65
:1037F0006FF00400FBE708B5F6F74AFD00B908BD15
:103800006FF00400FBE70B4639B11168196041689D
:103810008A4209D00023136070471368036041682F
:103820008A42F7D14360F5E74360F3E708B50A46FB
:103830000368002101E019461B682BB19342FAD1BD
:10384000FFF7E1FF012000E0002008BD38B5054684
:103850000C460321A047002806DB01212846A0478B
:10386000002800DB002038BD10F1860FFBD1F4E703
:103870008068003818BF0120704710F0100F04D185
:1038800010F0200F03D10020704703207047012063
:10389000704743685B68DB680B60002070474368D3
:1038A0005B6802EA010021EA020158609960002089
:1038B000704743685B6859600020704743685B68E5
:1038C00099600020704743685B681A6821EA02002B
:1038D00011405860996000207047B0F5800F07D004
:1038E000B1F1C06F0DD0B1F1007F08D00120704759
:1038F000B1F1007F01D005207047042070470220FD
:103900007047032070470020704708B5F0F786F82D
:1039100008BD08B500690430EEF70AF908BD00B526
:1039200083B0019001A8EEF74DF9019B203350F8C8
:10393000230000F0010003B05DF804FB2DE9F04125
:1039400082B00190884615461C46089F099E01A832
:10395000EEF738F9019A02F1200350F82310B8F17C
:10396000000F31D04FF0010C8DB302234CEA030C51
:103970007CB30C234CEA030C6FB34FF470634CEA36
:10398000030C56B34FF440334CEA030C21EA0C010C
:10399000B8F1000F23D098F8003015B32D786D00E2
:1039A0002B4304B32478A4002343F7B13C782402CA
:1039B0002343E6B13478240423430B43203240F8F8
:1039C000223002B0BDE8F0814FF0000CCCE70023BC
:1039D000CCE70023CEE70023D1E70023D4E7002380
:1039E000DBE70025DCE70024DEE70024E0E7002435
:1039F000E2E710B500F01F044009EEF785F830B19A
:103A0000014600690122A2400430EEF719F910BD09
:103A100008B511468068EFF7B3FF08BD00B54368ED
:103A2000136001E008331360136890F808C0D0F801
:103A300004E00EEBCC0C634505D293F805C08C4531
:103A4000F0D1002001E06FF001005DF804FB10B53B
:103A500082B001900C4601A8EEF7DAFA019A203202
:103A600050F8223023F0E04343EA047340F8223058
:103A700002B010BD00B583B0019001A8EEF7C8FAFE
:103A8000019A01239340836003B05DF804FB00B505
:103A900083B0019001A8EEF7BBFA019A012393408D
:103AA000436003B05DF804FB08B511B9FFF7E2FF0E
:103AB00008BDFFF7ECFFFBE738B505460C460321D0
:103AC000A047002806DB01212846A047002800DB8C
:103AD000002038BD10F1860FFBD1F4E74B788A78CF
:103AE00013438A881343CA8813430A8913434A89B4
:103AF00013430A781343C0F86C35704743681B685A
:103B0000D3F83031704743681B68D3F88004C3F89A
:103B10008004704743681B68D3F830310BB900202C
:103B200070470120704743681B68C3F83C17C3F80F
:103B300040270022C3F83021D3F8302101221A6532
:103B4000704742681368D3F84C0150B1926A1278FA
:103B50000A700020C3F84C01D3F84C2101229A626C
:103B600070474FF0FF30704741680A68D2F8003262
:103B700043F48023C2F800320823C2F800354B6AB0
:103B8000C2F83C370023C2F8403701231365D2F84E
:103B90003031002BFBD00020C2F80005704708B57B
:103BA00020EAE072D1174B0143EAD2634FEA421C8C
:103BB000BCEB020C63EB010E4FEA8E1343EA9C63ED
:103BC0004FEA8C10B0EB0C0063EB0E03DB0043EA12
:103BD0005073C000801841EB03010018494140F2C6
:103BE000E733C0184FF47A724FF0000341F100013F
:103BF000D1F79CFBF4F7C6F908BD70B5064612E094
:103C000075B1EFF31184402383F31288BFF36F8FF4
:103C10003046FFF77FFF98B984F31188BFF36F8FA9
:103C20000120FFF7BCFF64243046FFF773FF054611
:103C30000028E5D1012000F0B2FD013CF4D1DFE71E
:103C4000204670BD10B582B0044601AAFFF7E6FE1B
:103C5000002805DB019B226819791868EEF738FA0D
:103C600002B010BD10B5044600220121C620E0F7C5
:103C700093FAC620FBF71DFE00212046EEF748FB15
:103C800010BD38B545682C680021E868FFF7DAFFF9
:103C90000823C4F800352B7A5BB9AB6AC4F8043743
:103CA0000123C4F808370022C4F84C21D4F84C2171
:103CB000A36238BD08B5FFF7E4FF08BD012904D1B0
:103CC00008B5FFF7F7FF002008BD6FF085007047CB
:103CD00010B50446F5F780F801462046F4F7CAFF10
:103CE00010BD08B50220EDF77FFE002008BD08B525
:103CF000F0F7A6F808BD08B5F0F7A2F808BD0378FC
:103D00003E2B01D0002070478378022B0ED00D2B64
:103D10000ED1C378012B01D000207047838813F0A7
:103D2000100F01D10020704701207047012070471B
:103D30000020704770B504460D464FF0FF304FF03D
:103D4000FF31EEF7D5FB064608B1304670BD294677
:103D50002046EFF741F80646EEF7D4FBF5E708B545
:103D6000EEF712FD08BD08B5BCF792FFBCF79CFF4B
:103D7000D1F70FFBD1F70FFBD1F70FFBBCF7A0FF7B
:103D8000BCF7ACFFD1F70DFBD1F71BFBD1F707FB5D
:103D900008BD38B50B8AC3B10C4601F10C00FBF726
:103DA000C3FE012808D0022812D12046EEF7D2FD2A
:103DB000054635B1284638BD2046EEF7E5FD0546F7
:103DC000F7E72046E1F792F8F4E76FF01505F1E721
:103DD0006FF01505EEE710B54FF0FF304FF0FF31F3
:103DE000EEF786FB044608B1204610BDBCF73EFF47
:103DF000044628B9EEF786FB0020E1F739FCF3E72B
:103E0000EEF780FBF0E70F2303700423437082700A
:103E10000123C370818070474FF00E0C80F800C002
:103E2000427001228270A0F8031043717047002095
:103E300070478F230370CC23437030238370EC23AF
:103E4000C370C02303710123437100238371C371C5
:103E5000704701207047002303604360037943F0FB
:103E600020030371DBB243F040030371704700236A
:103E70000380037843F001030370DBB243F00203D5
:103E80000370DBB243F020030370437843F0010377
:103E90004370DBB243F002034370DBB243F0040330
:103EA0004370704708B5427810F8033B43EA022399
:103EB0001BB240F20642934205D040F21D429342AB
:103EC00004D0012001E0BFF7A9FE08BDBFF75AFFEB
:103ED000FBE708B50346033093F801C01B7843EABB
:103EE0000C231BB240F6634C63452CD001F1060154
:103EF00010DC40F6034C63451CD040F62D4C634566
:103F00001BD040F60142934202D1BCF725FF08BD09
:103F10000120FCE740F67B4C634517D040F67C4C13
:103F2000634505D1137802331370D4F7DDFCEEE757
:103F30000120ECE7D1F722FAE9E713780333137095
:103F4000D4F781F8E3E7BCF719FFE0E7137804330F
:103F50001370D4F7A6FCDAE708B503460330063140
:103F600093F801C01B7843EA0C231BB2A3F500535E
:103F7000013BA52B00F2A781DFE813F0A600A90002
:103F8000B000A501B700BA00A501BD00C000C30084
:103F9000A501A501A501A501A501A501A501A501F1
:103FA000A501C600A501C900CC00D200A501D90019
:103FB000DF00E500A501A501A501A501A501ED0012
:103FC000A501F300A501A501F600F900FC00FF0022
:103FD000A501A501060109010C01130119011C012C
:103FE000A501A5011F0128012E013101340137016E
:103FF000A5013E01A501A501A501A501A501A501F8
:10400000A501A501A501A501A501A501A501A50180
:104010004101A501A5014801A501A501A501A50131
:10402000A501A501A501A501A501A501A501A50160
:10403000A501A501A501A501A501A501A501A50150
:10404000A501A501A501A501A501A501A501A50140
:10405000A501A501A501A501A501A501A501A50130
:10406000A5015A01A5014B015101A501A50154016A
:10407000A501A501A501A5012201A501A501A50193
:10408000A501A501A501A5019E019B015D0164019A
:104090006701A5016D01730176017C017F01820139
:1040A00085018B01A501A501A501A501A501A5011A
:1040B000A501A501A501A501A501A501A501A501D0
:1040C000A501A5018E019501BCF762FEFCE0137805
:1040D000033313700846BFF797FDF5E013780833F4
:1040E00013700846D4F74DF9EEE0D3F7FEFFEBE08E
:1040F000BFF7A2FFE8E0D4F750FBE5E0D4F743FABE
:10410000E2E0D4F78DFBDFE0D4F7D5F8DCE0D4F7BC
:1041100028F9D9E0137810331370D3F7C0FFD3E038
:104120001378083313700846D3F787FFCCE0137871
:1041300002331370D4F795FBC6E013780233137083
:10414000D4F7A0FBC0E01378083313700846FFF7DC
:1041500070FE0020B8E0137802331370D3F7D5FF58
:10416000B2E0BFF7CBFDAFE0D3F7F3FEACE0D3F79F
:1041700013FFA9E0D3F743FFA6E0137801331370D0
:104180000846D3F74AFF9FE0D3F729FF9CE0D3F717
:104190001DFF99E01378083313700846D3F7E9FF41
:1041A00092E0137804331370D4F70BF88CE0BFF768
:1041B000BDFD89E0D4F744F886E0D4F7CFFA83E078
:1041C000137801331370D4F7FCF87DE013780133D2
:1041D0001370D4F729F977E0D4F704FB74E0D4F72F
:1041E0005AFA71E0D4F77FFA6EE013780233137055
:1041F0000846D4F76EFA67E0D4F743F964E0137821
:10420000023313700846D3F739FF5DE0D3F7C2FFDE
:104210005AE0137805331370D4F7A8FB54E0D4F7B1
:10422000CCFB51E0137802331370D4F7E3FB4BE07F
:10423000D4F7D9FC48E013781C3313700846D4F740
:10424000F4FC41E0D4F7B1FD3EE013780233137083
:10425000D4F725FF38E0137802331370D4F7E8FD64
:1042600032E0BFF7C1FF2FE0137802331370D4F7A9
:1042700029FE29E0C0F70CF826E0D4F735FF23E04B
:10428000C0F7AAF920E0137802331370C0F712FACE
:104290001AE0D4F75DFF17E0137822331370084655
:1042A000D4F717FD10E0137802331370D4F7B7FE7C
:1042B0000AE0BFF78FFD07E01378073B137008464D
:1042C000D4F767F800E0012008BD08B503460330C5
:1042D000063193F801C01B7843EA0C234FF60B4CD0
:1042E000634518D94FF6165C634576D84FF6035CE4
:1042F000634522D3A3F57D43033B132B69D8DFE845
:1043000003F047684A6868684D53685068686856A3
:104310005968685F6865B3F57C4F0CD9A3F57C4399
:10432000013B0A2B57D8DFE803F00A1156565629ED
:10433000565619222C0001204CE001204AE0137847
:104340000C3313700846D1F745F843E01378403337
:1043500013700846FFF78BFD00203BE01378581CD4
:104360001070173313700846D1F74FF832E0137806
:10437000203313700846D1F76CF82BE0D1F743F8DF
:1043800028E01378013313700846D1F77FF821E055
:10439000D4F7CDFB1EE0BFF7BFFE1BE0D1F78CF8D2
:1043A00018E0D4F7ADFB15E0D4F753FB12E0D4F7D7
:1043B0006EFB0FE0137803331370D4F774FB09E03E
:1043C000137804331370D1F77BF803E0BFF7ACFE2A
:1043D00000E0012008BD0120FCE70120FAE710B54C
:1043E000044632220021F8F7E7FC237843F020034B
:1043F0002370A37843F08003A370637943F04003F4
:104400006371DBB243F080036371A37A43F004036A
:10441000A372A37B43F00803A373DBB243F0200332
:10442000A373E37B43F00203E373A37D43F0040330
:10443000A375637E43F001036376DBB243F00203AE
:104440006376DBB243F004036376DBB243F0100320
:104450006376DBB243F020036376DBB243F0800384
:104460006376A37E43F00103A376DBB243F002033D
:10447000A376E37E43F00803E376DBB243F0200348
:10448000E376DBB243F04003E376DBB243F0800334
:10449000E376237F43F002032377DBB243F0040388
:1044A0002377DBB243F00803237794F8203043F0FE
:1044B000100384F82030DBB243F0200384F820306E
:1044C00094F8213043F0400384F8213094F82230EE
:1044D00043F0010384F82230DBB243F0080384F890
:1044E0002230DBB243F0100384F82230DBB243F019
:1044F000200384F82230DBB243F0400384F82230FA
:1045000094F8233043F0020384F82330DBB243F005
:10451000040384F82330DBB243F0080384F823302B
:10452000DBB243F0100384F82330DBB243F0200306
:1045300084F82330DBB243F0400384F8233094F84E
:10454000243043F0020384F82430DBB243F0040348
:1045500084F8243094F82E3043F0040384F82E308D
:1045600094F8243043F0080384F82430DBB243F09D
:10457000100384F82430DBB243F0200384F82430A5
:10458000DBB243F0400384F8243094F8253043F044
:10459000010384F8253094F8263043F0800384F832
:1045A000263094F8273043F0040384F8273094F839
:1045B0002C3043F0080384F82C30DBB243F01003B6
:1045C00084F82C30DBB243F0800384F82C30DBB26B
:1045D00043F0020384F82C30237B43F0040323735D
:1045E000DBB243F008032373237C43F040032374BE
:1045F000DBB243F080032374237D43F02003237553
:1046000094F8313043F0040384F83130237D43F0D3
:1046100040032375DBB243F08003237594F83130F7
:1046200043F0080384F83130237E43F0800323767F
:10463000637F43F001036377DBB243F002036377E8
:10464000DBB243F00403637794F82F3043F00403A4
:1046500084F82F30DBB243F0080384F82F3010BD0C
:1046600008B50346881D93F801C01B7843EA0C2364
:104670001BB2A3F58053013B082B20D8DFE803F0E1
:10468000050B121F1F1F1F1F19001378083313700B
:10469000D3F7C7FC14E0137840331370FFF79FFE85
:1046A00000200DE0137808331370FFF7D4FB0020CF
:1046B00006E0137806331370D3F7FAFC00E001200C
:1046C00008BD08B50323D8F78AFA002008BD08B54D
:1046D000EEF7CAFB002008BD08B5F5F7D9FD00B913
:1046E00008BD002383F31188BFF36F8F042318469E
:1046F00002DF6FF00400F3E701207047684620F006
:1047000007018D4601B5CFF74BFEBDE80140854658
:104710007047684620F007018D4601B5D0F790F943
:10472000BDE8014085467047684620F007018D4688
:1047300001B5CFF743FEBDE801408546704710B58F
:10474000EEF79CFB044608B1204610BD0122002173
:104750008520DFF721FD01220021E520DFF71CFD88
:10476000012200218A20DFF717FDEDE708B5D7F712
:10477000E4FF002008BD08B50020EEF76BFC08BD83
:1047800008B50020EEF78EFC08BD704708B5CEF7DF
:104790001DFD08BD08B503460020984708BD08B5B3
:1047A00000F0E5FC08BD03460168D1B100B501E0A9
:1047B000196899B1B1FA81F0C0F11F00012282405D
:1047C00021EA0202D3E8EFCF8C4504D1C3E8EE2FF3
:1047D000BEF1000FF6D1EBD15DF804FB6FF00B00DA
:1047E000FAE76FF00B0070470368CB4013F0010F3E
:1047F00011D100B5026801238B401343D0E8EFCFFD
:10480000944504D1C0E8EE3FBEF1000FF6D1F1D1DE
:1048100000205DF804FB6FF01500704710B401F53F
:10482000A27150F8214024F4473424F47C7440F8F9
:10483000214050F8214041F6F07C0CEA021C1B0498
:1048400003F440334CEA030C44EA0C0440F82140E2
:1048500010BC704700B5A2F5807E4FEA9E0E4FF067
:10486000010C0CFA0EFC1CEA010F0DD0815809B99D
:1048700000200AE00021815082581BB11A684CEADE
:1048800002021A60012000E000205DF804FB10B570
:1048900004460846EEF7A6FD083004EB4004A08865
:1048A00000F0010010BD10B504460846EEF79AFD71
:1048B000083004EB4004A088C0F3401010BD10B5D0
:1048C00004460846EEF78EFD083004EB4004A0884D
:1048D00010F01C0018BF012010BD10B5044608469A
:1048E000EEF780FD083004EB4004A088C0F34000E0
:1048F00010BD38B504460D46FFF7EFFF30B129462D
:104900002046FFF7D0FF18B1012000E0002038BD9D
:104910000020FCE708B5FFF7E0FF80F00100C0B21F
:1049200008BD7047704710B504460846EEF75AFDBB
:10493000083004EB4004A088400B10BD032894BF4E
:10494000002001207047002204E04FF0FF338B422B
:104950000FD00132222A0AD802F1080300EB4303E8
:104960009B8813F4807FF0D0C3F34323EFE700204C
:1049700070470120704703460020002808DD4FF0F3
:10498000FF30704703EBC004A468944206D10AE0EC
:1049900010B403EBC00464688C42F3D001300028EB
:1049A000F7DD4FF0FF3010BC704710B504460846E5
:1049B000EEF718FD083034F8103013F4807F04D07F
:1049C000C3F3432304EBC30010BD0020FCE7C16028
:1049D0000261704790F87400003818BF01207047DA
:1049E000F8B504460D461646FFF7DFFF20B107680D
:1049F000426831462846B847A3681BB1E268314691
:104A000028469847F8BD00B583B0019001A8EEF79D
:104A100027FDC068019BD84000F0010003B05DF89D
:104A200004FB38B504460D460846EEF7DBFC0830BB
:104A300004EB4004A388C3F38203042B09D0052BA5
:104A400001D1022006E02846FFF7DDFF18B1032060
:104A500000E0032038BD0220FCE72DE9F04182B0E0
:104A60000190884615461C46089F099E01A8EEF74E
:104A7000F7FC019A02F1200350F82310B8F1000F5F
:104A800031D04FF0010C8DB302234CEA030C7CB300
:104A90000C234CEA030C6FB34FF470634CEA030C25
:104AA00056B34FF440334CEA030C21EA0C01B8F141
:104AB000000F23D098F8003015B32D786D002B43EC
:104AC00004B32478A4002343F7B13C7824022343A1
:104AD000E6B13478240423430B43203240F82230DB
:104AE00002B0BDE8F0814FF0000CCCE70023CCE72A
:104AF0000023CEE70023D1E70023D4E70023DBE740
:104B00000025DCE70024DEE70024E0E70024E2E7FC
:104B10002DE9F04184B004460D4616461F4608466E
:104B2000EEF760FC80463EB329462046FFF7F2FED2
:104B300028B129462046FFF7B6FE00283CD1294679
:104B40002046FFF7BCFE10B17378012B34D001234F
:104B50008DF80F30002301930096B31C721C0DF1E9
:104B60000F012846FFF779FF08F1080304EB430320
:104B70009A8842F003029A80002F34D029462046BA
:104B8000FFF7C8FE88BB3E78236806F5A2720021B5
:104B900043F8221043F8221008F1080304EB430302
:104BA0009A8822F02002D204D20C9A807B7833B902
:104BB000002004B0BDE8F0816FF01500F9E7BA7885
:104BC00000922A4631462068EEF7B0FB08F108084B
:104BD00004EB4804A3887603B6B2334343F02003C2
:104BE000A3800020E5E70020E3E76FF01500E0E791
:104BF00000B585B08DF80F100DF10F030193002162
:104C000000910B460A46FFF728FF05B05DF804FB4C
:104C100038B504460D46FFF746FEB8B12946204692
:104C2000FFF778FE90B129462046FFF77CFE226808
:104C300001238340C2F81833226800F5A27052F8AD
:104C4000203023F0030342F8203003E000212846FF
:104C5000FFF7CEFF38BD00B583B0019001A8EEF795
:104C6000FFFB019B203350F82300C0F3014003B049
:104C70005DF804FBF8B507460E4614461D4610467F
:104C8000FFF75CFE60B9022D1DD002213046FFF710
:104C9000AFFF032C1BD0022D17D0032D1DD0F8BD64
:104CA000224631463846FFF79BFE3046FFF7D3FFDA
:104CB000A842F4D100213046FFF79AFF294630463A
:104CC000FFF796FFEBE70321E0E7012CE5D1224651
:104CD00031463846FFF784FEE1E7022CDFD1F6E7E4
:104CE00000B583B0019001A8EEF7BAFB0123019A49
:104CF0009340036203B05DF804FBF0B583B0074650
:104D00000D4616460024019409E0E0B2EEF726FCB9
:104D1000024601AB29463846FFF79CFD0134B442F8
:104D2000F3D315F4003F02D1019803B0F0BD01ABFD
:104D30004FF4A27229463846FFF78CFDF4E708B518
:104D400090F87500EEF758FBFFF72DFD08BD2DE933
:104D5000F0410546884616461F46EEF77DFC1EB319
:104D60003A4631462846FFF706FE041E15DB05EBE2
:104D7000C4035E609F604046EEF734FB083005EBED
:104D80004005AB88E4B26402A4B2234343F48073C9
:104D9000AB8000242046BDE8F08105F16000FFF7FC
:104DA00002FD041EE3DAF5E70024F3E72DE9F04302
:104DB00085B005460E4617460846EEF713FB044637
:104DC000D7F80080B8F1000F20D031462846FFF711
:104DD00090FD00283FD100238DF80E308DF80F3064
:104DE0000193009343460DF10F020DF10E01304681
:104DF000FFF733FE04F1080205EB4202938823F02B
:104E000002039BB2938043F0010393807B68B3B1AC
:104E100093F80080D3F8049031462846FFF75DFDF3
:104E2000E0B1B9F1000F5FD1083405EB4404A38869
:104E300023F01C039BB2A38043EA8803A380BA68D3
:104E4000002A57D05368126831462846FFF77FFF83
:104E500005B0BDE8F0836FF01500F9E704F1080331
:104E600005EB43039A8822F02002D204D20C9A80E8
:104E7000B9F1000FD8D0B8F1030F38D87B685B6860
:104E800093F80090B8F1000F08D12B6809F5A279CA
:104E9000002243F8292043F82920C5E74046FFF7C0
:104EA00041FD0346296809F5A27C51F82C2022F027
:104EB000030241F82C20324649462868FFF7AEFC31
:104EC00009F1300305EB43039E8004F1080205EB72
:104ED000420293884FEA49391FFA89F943EA0903E4
:104EE00043F0200393809FE76FF01500B0E76FF069
:104EF0001500ADE70020ABE770B504460D46FFF79F
:104F0000D2FC58B1266829462046FFF70CFD00F573
:104F1000A270002346F8203046F82030294620466B
:104F2000EEF79AFB2846EEF75DFA083004EB4004F2
:104F30000023A38070BD38B505460C46FFF7A7FCDB
:104F400060B121462846FFF763FE21462846FFF759
:104F5000D3FF2046EEF7C2FA002038BD6FF01500EF
:104F6000FBE710B50C4690F87500EEF745FA2146C0
:104F7000FFF73AFC10BD70B582B004460D4690F8BC
:104F80007500EEF73FFA94F87430B3B9064646223E
:104F9000002104F11400F7F70FFF3368009300239A
:104FA0002A464FF400312068EEF790FB012384F885
:104FB00074302366002002B070BD6FF07700FAE70E
:104FC000F8B507460D46144618E094FAA4F3B3FA70
:104FD00083F301229A4024EA020403F1300235F8F7
:104FE000126003F5A27357F82300C0F30140FFF7E6
:104FF00098FC024631462846FFF7F2FC002CE4D12B
:10500000F8BDF8B504460E4691F87100EEF7FAF9CE
:105010000746D4F81413C9B2026841F4003120469F
:10502000FFF76BFE054610F4003F05D12A463146D6
:105030002046FFF7C5FFF8BD3A4631462046EEF759
:1050400079FB25F40035F1E7D0F8103543F0020381
:10505000C0F81035C1B1D0F8482712F0010205D1CF
:10506000D0F8483743F00103C0F84837D0F840374C
:10507000D0F8443713F0804FF8D12AB9D0F8483728
:1050800023F00103C0F8483770470346002004E0CE
:1050900003F001021044C0B25B08002BF8D1704746
:1050A00010B501248440EEF7D5FC2040003818BF2D
:1050B000012010BD012303FA00F000F06700003862
:1050C00018BF0120704710B50446FFF7F3FF28B161
:1050D0002046FFF7E5FF20B1002010BD4FF0FF3064
:1050E000FBE76FF01500F8E7002367210AE091FA6B
:1050F000A1FCBCFA8CFC012202FA0CF221EA0201AA
:105100000133DBB28342F2D391FAA1F0B0FA80F01E
:10511000704770B505460C461E46002201E001327C
:10512000D2B20B2A0ED84FEA820C0CF580714FEAEE
:105130009C0C012303FA0CFC14EA0C0FEFD00023A3
:105140006B50ECE7E420FAF7B4FB0EB1C5F824434A
:1051500070BD08B5EEF7FCFD08BD10B50446EEF7CE
:10516000C5FFD4F8003413F0010FFAD010BD00B918
:10517000704708B5FAF7E8FC08BD60B1C3685A7813
:1051800012F0010F03D01B781BB1002070470020E4
:1051900070470120704700207047EFF311834023D0
:1051A00083F31288BFF36F8FFEE710B500F10C0494
:1051B000C460046100244461DAF758FC10BD70B487
:1051C000846914B3C36844EA030212F003021FD1D6
:1051D00041690025A4FB011686B9E5B95B180FD219
:1051E000E5B9002101611B1B416991420AD901699E
:1051F0001960036181695B1A0132F5E70125ECE76B
:105200000125EDE7002070BC70476FF01500FAE74C
:105210006FF01500F7E76FF01500F4E76FF0150079
:10522000F1E7C368C91A0CD48269436902FB03F32E
:105230008B4208D9B1FBF2F302FB131129B1002014
:10524000704700207047002070470120704710B55C
:1052500082B001240094EFF701FD02B010BD884236
:1052600000DA014611F1800F01DB084670476FF04C
:105270007F00704708B5806890F90E308B4201D1ED
:10528000002008BDF2F7AAFAFBE703460020986069
:10529000D8601B605B6070470B6803F003030B6012
:1052A000426832B1136803F003030B43136041609B
:1052B000704741600160704708B591B18C4609683C
:1052C00003291AD921F00301136803F003030B43E8
:1052D0001360DCF8003003F003031343CCF8003014
:1052E00008BD0168136803F003030B4313600260F9
:1052F0004368002BF4D14260F2E71146FFF7CCFF80
:10530000EEE708B50022C0F8B4204161F2F798F842
:1053100008BD60B1036813F0030F08D010B54468EE
:1053200009B9204610BD00F06CFA2046FAE7704734
:10533000002303604360836000F10C03C3600361DA
:10534000704700B583B00A46012300930023194635
:10535000F0F7A4F803B05DF804FB00B583B00A468B
:10536000002100910B46F0F799F803B05DF804FBBB
:105370003AB18A4208D38160C26000604060002078
:1053800070476FF0150070476FF0150070470B46BF
:1053900021B1096851B111601A6070470368136048
:1053A00002604368002BF8D142607047002313600D
:1053B000436813B11A6042607047426002607047F0
:1053C0000B4639B11168196041688A4209D000233F
:1053D000136070471368036041688A42F7D14360E5
:1053E000F5E74360F3E708B50A460368002101E0EA
:1053F00019461B682BB19342FAD1FFF7E1FF012058
:1054000000E0002008BD704708B5CB6823F0040217
:10541000CA6013F0040F00D108BDBC30FFF7E3FFF2
:10542000FAE710B50446C36813F0020F09D0E36829
:1054300013F01F0004D043F00202E26040F00200CB
:1054400010BD01468068FFF7DFFFF0E730B108B517
:1054500000221146C430F2F7EBFF08BD0020704770
:1054600008B5EFF31180402383F31288BFF36F8FE9
:10547000F2F7D0FA08BD10B50346C268C2F3400483
:1054800012F0020F01D1204610BD08461946F0F770
:10549000D5FBF8E708B5C36823F01003C3601030EC
:1054A000F0F79AF908BD08B50346C268C2F3C00018
:1054B00022F00801D96012F0080F00D108BD03F1F5
:1054C0001000F3F75DFBB0FA80F04009F6E710B585
:1054D0000446FFF7E8FF2046FFF7A3FF10BD70B5B5
:1054E00005460E4614461046F0F754FDF36813F0D7
:1054F000040F08D1D5F8BC302360C5F8BC40D5F8FE
:10550000C0303BB170BD2246314605F1BC00FFF70B
:105510003EFFF7E7C5F8C040F4E710B5F0F7C0FD6F
:10552000041E01DC204610BDFFF79AFFFAE7F8B52C
:1055300005460E46D41D24F007040F193946DEF740
:10554000EDF9073020F00700C5F89C60C5F8A040D1
:10555000C5F8A400381AF8BDEFF30580003818BF6D
:10556000012070477C30704710B400248460838130
:1055700002748173C4738461C46110BC70470020DD
:10558000704738B504460D46F1F784FD237C43F09F
:105590000203237425B3A5602B689D4207D1002325
:1055A00005E019466A68934215D01B687BB993B130
:1055B00094F90E1093F90E209142F2D0521A002A5B
:1055C000EFDD5A686260236014605C6008E00029C7
:1055D000EDD10B46EBE76B68256063601C606C6087
:1055E00038BD38B505460468844212D09CB12046C7
:1055F000F1F798FC04F11800F3F7C2FA0023C4F89D
:10560000B4302046F1F7B0FC2C68A542EED100245E
:10561000ECE70024EAE738BD70B5044616461D469F
:10562000FFF7AFFF32462B462046F1F7B5FE70BDBF
:10563000037C13F0280F0DD110B5044683680BB11D
:10564000F1F770FC237C23F0040323742046F1F768
:105650008BFC10BD704708B5F1F78EFD08BD38B55D
:1056600005460468844201D0002002E00024FBE7E4
:10567000012074B12046F1F755FC04F11800F3F74E
:105680007FFA2046F1F770FC2C68A542F0D1002487
:10569000EEE738BD031D43608360704708B5C3174C
:1056A0001F3043F10003400940EAC360C117F2F71D
:1056B000D3FB400108BD10B50446F3F755F948B1D6
:1056C00002460369416920691B18606941EB0001CA
:1056D000136151616268236813605A60002323607C
:1056E000636010BD10B50446F3F734F978B103696F
:1056F00042691B1B62EBE472B3F1004F72F10001CF
:1057000008DA002A01DB184610BD0023FBE76FF022
:105710000040F9E76FF00040F6E708B5F3F786FBC5
:1057200008BD08B5F3F782FB08BD70B50646B3F1B6
:10573000FF3F08BFB2F1FF3F09D015461C4653EAB0
:1057400002010CD100220023C0E9002305E04FF044
:10575000FF324FF0FF33C0E90023304670BD002B0D
:1057600009DA6FF00101891A4FF0FF3262EB03038F
:1057700001604360F1E7F3F759FB2B462246012D08
:1057800074F1000401DA01230022C01841EB020188
:1057900030607160E1E7F8B50546B3F1FF3F08BF3F
:1057A000B2F1FF3F0AD014461F4657EA02030CD15C
:1057B00000220023C0E900232846F8BD4FF0FF3245
:1057C0004FF0FF33C0E90023F6E7F3F72FFB034662
:1057D0000A46A042B94105D2E61A67EB02022E60E2
:1057E0006A60E9E700263246F9E701624262002377
:1057F000036300F118028261C26103604360436386
:10580000704730B108B5011F50F8040CEEF7E0FF07
:1058100008BD7047704708B5FFF737FD08BD08B5EC
:105820004FF0FF324FF0FF33EFF730FC08BD08B503
:10583000EFF744FD08BD00207047704710B50446DF
:1058400008B1F4F763F82046F4F74EF810BD00F401
:10585000E040B0F5805F06D0B0F5005F01D00020D9
:1058600070470120704701207047036823F003133D
:1058700023F47F430BB9002070476FF08600704718
:105880000B8813B10288934206D14B883BB1428802
:10589000934206D1002070476FF0860070470020C9
:1058A00070476FF086007047C26841880388002AFD
:1058B0007CD000297CD003F44F42B2F5824F02D055
:1058C000B2F5884F76D1DBB2123B302B75D8DFE8CA
:1058D00003F022747474741974747474747474742A
:1058E00074744474747474327474747474747474EA
:1058F0005474747474747474747474747474747488
:1059000074666600C0295BD0E1295BD0B1F5807F69
:105910005AD100207047C02959D0E02959D0B1F59B
:10592000807F58D0B1F5C07F57D040F2092399420B
:1059300055D100207047E92954D0EF2954D040F2C6
:105940001B13994252D040F29913994250D040F221
:105950003B2399424ED100207047E9294DD040F2B7
:105960001B1399424BD040F29913994249D040F20F
:105970003B23994247D100207047C02946D0E029F7
:1059800046D0B1F5807F45D0B1F5A07F44D0B1F5C8
:10599000C07F43D0B1F5007F42D100207047FF297E
:1059A00041D0B1F5E07F40D1002070470020704722
:1059B000002070476FF0850070476FF085007047DA
:1059C00000207047002070476FF08600704700206D
:1059D00070470020704700207047002070476FF02C
:1059E00086007047002070470020704700207047F5
:1059F000002070476FF0860070470020704700203D
:105A00007047002070476FF0860070470020704795
:105A1000002070470020704700207047002070472A
:105A20006FF086007047002070476FF08600704767
:105A300000231A4604E010F803C04CEA02020133C6
:105A40008B42F8D30AB1002070476FF08600704790
:105A5000994211D870B50C4616461D460A460146B5
:105A60003046CFF7EDFB2A1B00213019F7F7A4F9D8
:105A7000049B1C60002070BD6FF08900704752B11C
:105A800008B5944601B10023ACEB03022121184470
:105A9000F7F792F908BD70472DE9F04188461446A2
:105AA0001F46F4F7E3FD054650BBD8F80060318887
:105AB00001F4E043B3F5804F13D0B36834EA030335
:105AC00016D1EFB1B4F5006F0ED0B4F5005F0DD074
:105AD0002B463A4606F10800F4F70EF9054678B170
:105AE00008E024F00104E8E70125F1E70125EFE7EC
:105AF0006FF084050023C8F800303046F4F722FE2A
:105B00002846BDE8F08170B50446456846692846D8
:105B100000F068FC68B915F0FF0F0BD1AEB904F1C5
:105B20000800FFF7A2FE20B962884FF6F8739A4288
:105B30000ED870BD721E6FF040439A42EFD3B6F19B
:105B4000804FECD26FF08600F3E76FF08600F0E74D
:105B50006FF08500EDE72DE9F04389B00D4617465B
:105B60009846119EDDF84890139B00228DF81B206B
:105B7000E3B14FF480622B4607A9FFF78DFF04467F
:105B8000B8B1C9F8006000238DF81B30D9F8003097
:105B9000324621461098FFF772FF0798F4F7D2FDBE
:105BA00004B90446204609B0BDE8F0834FF4006212
:105BB000E1E70DF11B0207992846F4F76BF904465B
:105BC0000028DED19DF81B30B34202D96FF0890462
:105BD000D7E70798416A826ACDF810900393109B2B
:105BE0000293CDF8048000972B46F4F7C7FE0446D5
:105BF0000028CBD0C5E741F20623984217D8B0F56C
:105C0000905F09D241F2010398421CD0B0F5885F41
:105C100019D06FF085007047A0F5905080B26923CD
:105C2000C34013F0010F0ED16FF085007047B0F53F
:105C3000105F0DD180290ED0C0290ED0B1F5807F24
:105C40000DD10020704711F0070F0BD100207047D5
:105C50006FF08500704700207047002070476FF09C
:105C6000860070476FF08600704738B504460D46D1
:105C7000FFF7EDFD20B129462046FFF7BCFF38BDF8
:105C800004F44F43B3F5824F07D104F4E044B4F574
:105C9000E04FF4D06FF08500F1E76FF08500EEE79C
:105CA00038B5436A4BB904460D460120F3F714FE9C
:105CB000606228B1A562002038BD6FF08A00FBE762
:105CC0006FF08C00F8E7F8B504460088BAB10E46CC
:105CD0001F461546FFF7BBFDA0B1E900089B196000
:105CE0002088FFF788FF044608B12046F8BD2A4601
:105CF00031463846CFF7A4FA079B1D60F5E76FF0F1
:105D00008504F2E76FF08504EFE710B50446406ABA
:105D100010B1A16AFFF792FD00206062A06210BD81
:105D200038B50446FFF7F1FF0546237F012B0BD062
:105D30005AB292B1023BDBB2012B11D8236A012B7C
:105D400004D06FF0960501E0236A63B92C2200218C
:105D50002046F7F731F8284638BD6FF09605F5E78D
:105D60006FF09605F2E76FF09605EFE7F0B583B0B8
:105D70000D4617461E4604882046FFF768FD20B9E9
:105D800004F44F44B4F5824F09D1099B0093089B5A
:105D9000324639462846FFF75BFE03B0F0BD6FF090
:105DA0008500FAE7F0B585B0EAB10E461C46174605
:105DB00000232360012203A9FFF76EFE054610B100
:105DC000284605B0F0BD0398416A826A01940097A5
:105DD0003346F4F769FD05460398F4F7B3FC002D4C
:105DE000EED10546ECE76FF08905E9E7F0B585B03F
:105DF00012B30E461C46174600221A60134603A92A
:105E0000FFF74AFE054658B90398038813F4804FFC
:105E100009D16FF086050398F4F794FC05B905469F
:105E2000284605B0F0BD416A826A01940097334666
:105E3000F4F758FD0546EEE76FF08905F0E72DE928
:105E4000F04188B014461E4600230793059202884D
:105E50003360002C76D005460F46B4F1005F74D253
:105E600022F0FF02B2F5E24F4AD0B2F5824F47D09E
:105E700007A92846F4F714F9804600285BD1079B50
:105E80009B6A93B96B681B0A08D005AB224639465A
:105E90002846F4F771FC804600284CD105990798F4
:105EA000FFF7FEFE8046002845D1079A53880693E7
:105EB000536A06A9029102F128010191926A0092A7
:105EC000224639462846F4F7AFFC804698BB079A2D
:105ED000538843BBBDF818305380069A4FF6F873C9
:105EE0009A4226D8079C29462046FFF7C9FC8046DF
:105EF00008BB31462046F4F78BF88046F0B11AE033
:105F00002846FFF7D1FC8046C0B921462846F3F762
:105F10007DFF804690B921463846FFF789FD8046CF
:105F20000028A5D00AE0069A9342D6D06FF08608E2
:105F300001E06FF085080798F4F7EAF8404608B0EA
:105F4000BDE8F0816FF08608F8E76FF08508F5E7A7
:105F500003680BB90020704710B5044600F069FAD9
:105F600000232371627963F300026271236010BD24
:105F70002DE9F04184B004460025039505686DB114
:105F80006FF088052046FFF7E3FF0398F4F7DAFB8C
:105F900005B90546284604B0BDE8F0818846174695
:105FA0001E464FF4C27200210830F6F705FF0EB30B
:105FB0004FF480623B4603A94046FFF76DFD05465E
:105FC0000028DFD1221D03993846F3F763FF054609
:105FD0000028D7D1637966F3000363716EB103992A
:105FE0004A6A8B6A00972046F4F7F0FC0546002DBC
:105FF000CBD0C7E74FF40062DCE703994A6A8B6AAB
:1060000000972046F4F708FD0546F0E708B50123A0
:10601000FFF7AEFF08BD38B503686BB1044612B98F
:106020000025284638BD00F0EEF905460028F8D0D6
:106030002046FFF78DFFF4E76FF08805F1E72DE9C3
:10604000F0410446884615461E46036883B14379ED
:1060500013F0010F22D002791AB3AA4202D96FF0CD
:10606000890707E0334600F0D9F9074628B101E077
:106070006FF08807356000232371B8F1000F05D059
:1060800033682A4639464046FFF7F9FC2046FFF7B9
:106090005FFF07B907463846BDE8F0816FF0880713
:1060A000E8E76FF08807E5E710B584B001240394B2
:1060B000089C0294079C0194069C0094FFF74BFDFA
:1060C00004B010BD2DE9F04188B0044698460F9EFB
:1060D0000023079320F0004C2CF47F0CBCF1106FD0
:1060E00010D06FF0860531460E98F4F773F8109BC8
:1060F0001E600798F4F726FB05B90546284608B048
:10610000BDE8F0810846174623464FF4804207A9B0
:10611000FFF7C2FC05460028E5D10798416A826A6C
:10612000109B049303960E9B0293CDF80480009776
:106130002346F4F797FC05460028DAD0D3E738B5B4
:106140000C4615460088FFF782FB20B12946204601
:10615000F4F740F838BD6FF08500FBE72DE9F0411A
:1061600082B00022019203880A604288002A00F06F
:10617000FD8004460E46028802F4E042B2F5804FEC
:1061800000F0F78023F0FF03B3F5E24F5FD0B3F5E3
:10619000824F5CD001A92046F3F782FF0546002814
:1061A00079D1019B9B6A002B65D163681B0A40F083
:1061B000D180B4F80080678839464046FFF755FD26
:1061C0000546002868D147F20103984546D044F2BD
:1061D0000103984567D028F0FF03B3F5E84F65D079
:1061E000B3F5884F66D0B3F5EE4F00F0AF80B3F54E
:1061F0008E4F65D008F44F42B2F5824F63D0B2F5AE
:10620000884F60D0B2F5824F64D0B2F5884F61D02C
:10621000B3F5E24F65D0B3F5824F65D044F20D037C
:10622000984566D844F202039845C0F08C80A8F5E2
:106230008048A8F10208B8F10B0F00F28480DFE873
:1062400008F062826982827074828278827D204640
:10625000FFF72AFB054600289CD020E07F08013785
:10626000FF0807EBC7073B37009700990198FFF736
:1062700017FD054680B9019901F128038A6A496A28
:106280002046F4F7A9FA054600286BD1314601985B
:10629000F3F7BEFE054615B10198F3F739FF28461E
:1062A00002B0BDE8F081FF081037DDE70737FF08CF
:1062B0007F00D9E70737FF0807EB47070137D3E728
:1062C0000737FF08D0E75FFA88F142299AD10837EB
:1062D000FF08C9E75FFA88F2412A99D10737FF081A
:1062E000C2E70737FF08BFE70737FF087F0001371E
:1062F000BAE747F2020398452AD047F204039845CB
:1063000021D14027B0E77F094FF4A07303FB07F7C3
:106310002037A9E73F0A4FF4C07303FB07F7203784
:10632000A2E70737FF0818379EE70737FF081C3733
:106330009AE70737FF0802377F0095E70737FF081E
:1063400002377F0090E70737FF088DE720278BE7AC
:10635000202789E769462046F4F726FA05460028F3
:1063600083D099E70198FFF7D0FC95E76FF0860599
:1063700095E76FF0860592E7002303604360836032
:10638000C3600361436183617047036813F4805FF6
:1063900002D043F480630360036813F4005F02D00B
:1063A00043F4006303607047A0B108B50246017F63
:1063B0008B1EDBB2012B0FD8032905D0136A73B1F2
:1063C000013B1362002008BD036A012BF6D1FFF7E1
:1063D000A7FCF8E7002070476FF09600F3E76FF036
:1063E0009600F0E710F0FF0006D0FF2801D0002053
:1063F00070476FF0860070470020704708B5F4F7CB
:10640000CFFB08BD704708B50368052B03D10830E2
:10641000F5F720F808BD6FF08600FBE710B50468BB
:10642000052C03D10830F5F72BF810BD6FF086006E
:10643000FBE708B50368052B01D0002008BD083034
:1064400000F0AAF8FAE708B50020F4F795FE08BDB9
:1064500008B50020F4F7CCFE08BD08B5002000F018
:1064600083F808BD08B5D6F7BBFE08BD4FF0000C99
:1064700094450DD200B5037811F801EB83EA0E03C1
:1064800000F8013B0CF1010C9445F4D35DF804FBDA
:10649000704704E00139435C1A444254120A00294F
:1064A000F8D1704700B503F58073013A4FF0000E44
:1064B0000DE010F802C09C448B5CACEB030C4FEA7F
:1064C0001C23FF335FFA8CFC4EEA0C0E013A002AC3
:1064D000EFDADAB252EA0E0203D0FF2B07D800201F
:1064E00000E00020FF2B98BF01385DF804FB01207D
:1064F000F8E700B583B001A9F4F720FD003818BF14
:10650000012003B05DF804FBF0B583B007460E46EA
:106510001AE000216846F5F753FE044608BB2A46F8
:1065200039466846F5F79EFE044610F1520F13D027
:1065300014F1520FEDD0B4F1FF3FF0D0684600F0F7
:10654000E1FD74B9761B2F4456B13546202EA8BF05
:1065500020256FF05104EBE7684600F0D3FDE7E734
:106560003446204603B0F0BD0020704700B583B02C
:10657000DDF810C0CDF800C0F4F7D6FE03B05DF82A
:1065800004FB00B583B0DDF810C0CDF800C0F4F70F
:10659000CBFE03B05DF804FB08B54FF4C27101F007
:1065A00000FB002008BD2DE9F041E4B004460D4693
:1065B00016461F460DF10C084FF4C27200214046EA
:1065C000F6F7FAFB009733462A4621464046F4F791
:1065D000ABFE044630B103A8FFF7DEFF204664B0EF
:1065E000BDE8F0816B9A6A994046F4F733FF0446A0
:1065F0000028F0D16E9B6D9A6C994046F4F740FFED
:1066000004460028EAD0E6E708B590F84C3033B9E4
:10661000D0F854313BB1D0F85C01984708BD5030F8
:1066200000F0A8FCFAE70020F8E72DE9F04704465F
:106630000F4615468068904232D204F16408012169
:106640004046F5F781FE002838D12046FFF7DCFFF1
:106650000646002875D1A268102A00D092BB05F129
:10666000FF3929F00F09A5EB0905A368002B37D0E6
:10667000B9F1000F44D194F84C30002B4DD1404675
:10668000F5F750FE002E5FD1ADB12A4607EB0901A8
:1066900004F10C00CEF7D4FDA3685B1BA3600AE0F5
:1066A000C0F1100004F10C031844CEF7C9FDA36833
:1066B0005B1BA36000263046BDE8F087F4F7A8FA1C
:1066C0000646F8E704F10C00C2F1100339461844FD
:1066D000CEF7B6FDA3681F44ED1A0023A360BEE702
:1066E000102204F10C0104F1500000F0B4FB064646
:1066F0000028C4D11023A360012384F84C30B7E7ED
:106700004A46394604F1500000F0A5FB0646002831
:10671000B5D1012384F84C30ADE704F1500A50465E
:1067200000F07DFC06460028A9D1504600F0D3FCBD
:1067300006460028A3D1402104F10C0001F031FAF3
:106740009DE70025A9469AE73046F4F761FA064628
:10675000B1E7F8B54368102B31D8044600F1640660
:1067600001213046F5F7F0FD08BB2046FFF74CFF4E
:106770000546A8B9A268102A09D0C2F1100204F196
:106780000C0104F1500000F066FB054640B904F12D
:10679000500704F10C01384600F08EFB054648B165
:1067A0003046F5F7BFFD2846F4F732FAF8BDF4F7A6
:1067B0002FFAFBE7384600F08EFC0546F0E76FF055
:1067C0008600F3E72DE9F0418AB004460F461646ED
:1067D0001D4690F8148009A9F4F7F6FB844658B9D1
:1067E000099B109A93421DD833463A4641462046AB
:1067F000F5F758FA844618B160460AB0BDE8F08152
:10680000119B0193109B00932B4602AA4046002146
:1068100000F094F984460028EED1BDF80A20129BBE
:106820001A60E9E76FF0890CE6E72DE9F04192B0D4
:106830000446B0F800C040880730B0F5C47F2FD2BE
:106840000E4617461D464FEAD0082CF0FF03B3F55D
:10685000E24F1CD0BCF5105F06D0BCF5885F03D0BA
:1068600042F204039C451ED1424606A90020F4F7DB
:10687000BFFC48B905AB02930195009733464246E9
:1068800006A92046F4F7F4FE12B0BDE8F0812B46CD
:10689000424606A9204600F00CFD0028EAD0F3E7A6
:1068A0006FF08500F0E76FF08500EDE738B58446BE
:1068B00008461446BCF8002002F44F4EBEF5824F45
:1068C0001AD0BEF5884F17D04FF0000EBEF1120F50
:1068D00019D0B2F5885F16D0BCF802200732D40870
:1068E0000499B1EBD20F17D322461946F4F74CFEA8
:1068F00088B9059B1C600EE05FFA82FEAEF141058F
:10690000EDB2012DE2D8224601461846CEF798FC9A
:10691000059B1C60002038BD6FF08900FBE708B5BF
:10692000F5F77EF908BD036813F4805F02D043F4E5
:1069300080630360036813F4005F02D043F40063D4
:10694000036070478068C0F380307047C0F3025323
:10695000013B052B2AD8DFE803F0030606061619CB
:106960000123136006E0098844F21213994207D00C
:106970000223136000F03000202812D0002070475E
:1069800004231360F6E703231360F3E7098844F256
:106990001213994202D003231360EBE7062313601E
:1069A000E8E7136802331360002070476FF0980027
:1069B000704700B583B001464FF0FF3301930422C6
:1069C0000DEB0200F6F786FAB0FA80F0400903B04A
:1069D0005DF804FB10B50C46F4F7B0FA10F1030FA4
:1069E00007D0B0F1FF3F07D02046FFF7E2FF30B9F4
:1069F00010BD6FF08400FBE76FF08B00F8E76FF0DD
:106A00008B00F5E708B5C0B208601146FFF7E2FF5A
:106A100008BD30B583B00446154601AA4069FFF7AA
:106A2000F1FF08B103B030BD2A4621460198FFF7B7
:106A30008DFFF7E700B589B001AB00220192029209
:106A40000392049205920692079241EA002107916F
:106A5000012205921946BA20F4F70EFA10B909B0CE
:106A60005DF804FB6FF09200F9E7F0B583B001A97F
:106A7000BA20F4F763FAE0B9019E370AF6B20024AF
:106A800000E00134B4420DD2E5192846F4F73CFA8F
:106A90000028F6D02846FFF72CFD0028F1D16FF032
:106AA000920007E0BA20F4F72FFA18B16FF09200C5
:106AB00000E0002003B0F0BD08B5BA20F4F724FAD6
:106AC00000B908BD6FF09200FBE738B505460378C2
:106AD00013F0030306D0032B01D1002403E06FF071
:106AE00021000DE000242B78C3F38203A34206D9D2
:106AF00068782044F4F7F8F918B90134F3E7002076
:106B000038BD0220FCE708B5F820FFF7F2FC60B9B9
:106B1000F920FFF7EEFC40B9F820F4F7E5F938B9B1
:106B2000F920F4F7E1F930B908BD6FF09200FBE706
:106B30006FF09200F8E76FF09200F5E7F0B585B0DE
:106B400004460D4616461F4603A9FFF743FF844639
:106B500098B9B4F1F80345F1FF31022B71F100014E
:106B600053D3FFF782FF844638B9002E50D0314608
:106B700003A8F4F747FE844610B1604605B0F0BDA7
:106B800002A93046F4F720FA84460028F5D1029B8A
:106B90000A9A93423FD8328844F212139A4227D07D
:106BA000029A0B9B1A609DF80C30C3F301133A78DC
:106BB00063F301023A7001AA31460398FFF7C6FE5B
:106BC00084460028D9D13B78019A62F384033B7054
:106BD0007C70338803F44F42B2F5824F0FD0B3F587
:106BE000885FCAD10A993846F4F7E0FF8446C4E7C3
:106BF000042307F8013B0A9B013B0A93D0E70A995B
:106C00003846F4F7D3FF8446B7E76FF0860CB4E755
:106C10006FF0860CB1E76FF0890CAEE72DE9F04F0D
:106C200087B004460F4616469846DDF84CA0058806
:106C300005F44F43B3F5824F04D0B3F5884F01D02C
:106C4000002500E0EDB2B4F802B00023CAF800302D
:106C50001498F5F761F9814610BB238823F0FF03F0
:106C6000B3F5E24F20D105AA59462846F5F75AFD5B
:106C7000B0B9059B5B68B34219D12846F5F78EFD84
:106C8000C0B1CDF80CA0129B0293119B0193109BF5
:106C90000093434632463946059800F008FC814689
:106CA000484607B0BDE8F08F6FF08609F8E76FF04F
:106CB0008609F5E76FF08509F2E708B5F5F7A6F95B
:106CC00008BD03E000F11003436018468842F9D381
:106CD00001234B60CB6843F02003CB608B6843F00B
:106CE00000538B60704710B5044641681039104658
:106CF000FFF7E7FFA168103904F11400FFF7E1FF87
:106D0000E36803F15402BFF35F8F4FF0A3431A60AF
:106D1000BFF35F8FE2680432BFF35F8F1A61BFF386
:106D20005F8FBFF35F8F03225A63BFF35F8FBFF3A1
:106D30005F8F9A63BFF35F8F10BD38B5BFF35F8F6E
:106D40004FF0A344E569BFF35F8FBFF35F8F10235C
:106D50006363BFF35F8F012000F0E6FEBFF35F8F38
:106D600000236363BFF35F8FBFF35F8F4FF0A343D5
:106D7000DB6BBFF35F8F13F0400FF5D135B1BFF37D
:106D80005F8F4FF0A343DD61BFF35F8F38BD08B560
:106D9000F5F76CFB024630B9BFF35F8F4FF0A343AA
:106DA0009A6ABFF35F8FBFF35F8F4FF0A343DB6B34
:106DB000BFF35F8F03F0230312F0240F0BD17BB9D5
:106DC000BFF35F8F4FF0A3434FF0FF321A63BFF35F
:106DD0005F8F002008BDFFF7B0FF6FF01F00F9E7DD
:106DE0004FF0FF30F6E708B5FFF7D1FF08BD08B553
:106DF0000269136913B15069984708BD0020FCE788
:106E000008B5836823B9426A03681B691A4207D12F
:106E100000F1780270211430FFF765FF002008BDF3
:106E2000FFF7E5FF0028FAD16FF05300F7E738B518
:106E30000269D3686BB1044650699847054608B9A2
:106E4000284638BD2046FFF7D2FF0028F8D0054677
:106E5000F6E70025F4E708B5037D43B3B2F1807F80
:106E600017D24368062B1BD822B383691960836944
:106E70009A60036899698369C968D9608369103326
:106E80008361436801334360836813448360002057
:106E900008BDFFF7ACFF0028FAD16FF03F00F7E71D
:106EA000FFF7A5FF0028F3D16FF04400F0E76FF083
:106EB0002000EDE70020EBE7037D002B57D010B555
:106EC0008368C3B9836900F124021A6003681B68F0
:106ED0000133826943F00053936003689A69D26872
:106EE0001B6801331B0203F4F85384691343E36006
:106EF000836910338361826803681C68131923EA6D
:106F000004039B1A846954F8042C42EA032244F8CF
:106F1000042C846954F8082C1A4442F0005244F8B6
:106F2000082CC36802681268134423EA0203C2698A
:106F30001160C269C1689160C26902F11001C1614A
:106F4000C1688B420AD000211161C2689B1AC269D4
:106F500043F080439360C3691033C361436A02689E
:106F6000D26823EA02034362FFF74AFF10BD6FF0C5
:106F70002000704738B5037D002B4AD004460368D3
:106F80005B69002B48D0FFF752FF054608B1284641
:106F900038BD214651F8783B9B691B68626A04F151
:106FA0001400F5F791F80123636023699A689AB990
:106FB000A2691B68136023695B68A26943F00053F0
:106FC000936023689A69A3699268DA60A3691033B1
:106FD000A361636801336360236AA269C4331360E9
:106FE00023685B69A26943F00053936023689A6940
:106FF000A3695268DA60A3691033A361636801333F
:107000006360636A22681269134363620023A360AA
:10701000BDE76FF02005BAE76FF04705B7E708B5A1
:10702000037D002B40D083680268916899422DD877
:107030005168B3FBF1FC01FB1C33002B2DD1436ADB
:10704000D1680B43436253690F3323F00F03026A85
:10705000C169C4320A600168C26949699160C26944
:1070600002F11001C1610168496999420BD0002108
:107070001161026852699B1AC26943F080439360B0
:10708000C3691033C361FFF7BBFE08BDFFF7AFFE56
:107090000028FAD16FF05300F7E7FFF7A8FE0028A9
:1070A000F3D16FF04500F0E76FF02000EDE738B561
:1070B000037D6BB10546FFF796FE0446B0F1FF3F36
:1070C00004D02846FFF793FE00B10446204638BDA1
:1070D0006FF02004FAE7037D23B110B504464FF0AA
:1070E000FF3005E06FF0200070472046FFF7DFFF1C
:1070F000B0F1FF3FF9D010BD08B5F5F721F8F5F76D
:107100000FF808BD03780BB90020704710B504468E
:10711000F3F712FD00232370002010BD38B505469B
:107120004FF0FF3100F0EAFC04464FF0FF312846F3
:1071300000F0F2FC204638BD03685A50704708B58D
:1071400002220821FFF7F8FF08BD0368585870476E
:1071500008B50C21FFF7F9FFC0F3004008BD08B5E2
:10716000FFF7F6FF08BD08B541F22401FFF7EDFF78
:1071700000F4A020003818BF012008BD08B50C217C
:10718000FFF7E3FFF5F710FA08BD10B504462046F7
:10719000FFF7E5FF0028FAD12046FFF7EFFF10BD0B
:1071A0000369996670470369986E7047C0F30B03D3
:1071B0004B60482B28BF48238B60CB6001234B6179
:1071C00008238B6110F4003F01D10023CB6010F441
:1071D000803F02D100234B608B6000F47003B3F555
:1071E000700F01D000238B60002800DB7047002364
:1071F0004B618B61FAE7F0B5BDB004460E464568B9
:10720000059583682B44069301952BAB0293039558
:107210001AAB049307AF3846F5F778F932462146A2
:107220003846F5F75BFA044648B907A8F5F7A2F91E
:1072300029462BA800F0B5FC20463DB0F0BD3846ED
:10724000F5F798F92046F3F7E3FC0446F4E710B5A8
:1072500086B0CB1DDB0800240594019402940394AE
:107260000494541C029401935C1C224404920393E2
:1072700005AAF5F757FA08B106B010BD01A905989F
:10728000FFF7B9FFF8E7422811D841280CD2172898
:1072900005D0302803D0122801D000207047C81D27
:1072A000C0084000013070470731C808704700200F
:1072B00070472DE9F0478AB005468946164698463C
:1072C0004488099407344FEAD40A078807F44F43E7
:1072D000B3F5824F04D0B3F5884F01D0002700E00A
:1072E000FFB2202200216846F5F766FD0023C8F8AA
:1072F0000030B2454DD8B4F5847F4DD209AA31464D
:107300002846F5F783FA044618B120460AB0BDE8CE
:10731000F08708AA09993846F5F704FA04460028C8
:10732000F3D1A7F14103DBB2012B0CD93246494618
:10733000089800F031FB40BB2021684600F031FC8A
:10734000C8F800A0E1E752466946F3F751FF08B1DB
:107350000446DAE75146684600F0EAFBF8B9412FE7
:1073600005D0524669464846CDF76AFFE4E7BAF1D0
:10737000200F06D0BAF1380FF3D1684600F0FEFABC
:10738000EFE7684600F0EEFAEBE7F3F741FC04465E
:10739000BBE76FF08904B8E76FF08504B5E76FF0DD
:1073A0009304B2E72DE9F04182B01D46089F43885F
:1073B0000193BA4218D80E46144601AA2146F5F7A1
:1073C00025FA804618B1404602B0BDE8F081234658
:1073D00032463946284600F0C2FB40B1019A0A9B6A
:1073E0001A60099B1C60EEE76FF08908EBE76FF00D
:1073F0008608E8E72DE9F04194B0054614461F469B
:1074000043881393B0F800C00CF44F42B2F5824F9A
:1074100004D0B2F5884F01D0002601E05FFA8CF667
:10742000D5F80C8023460A46412102A800F097FBBC
:1074300030B31A9B9C4226D813AA21462846F5F75A
:10744000E5F9054668B9122E0FD0302E0DD0224630
:1074500002A93846CDF7F4FE139A1C9B1A601B9BB9
:107460001C60284614B0BDE8F081009402AB139A6A
:1074700031464046F5F7A0F90028E8D00546F0E788
:107480006FF08605EDE76FF08905EAE78B420BD3D5
:1074900010B584460C4610460A466146CDF7D0FE2C
:1074A000029B1C60002010BD6FF08900704730B552
:1074B000C7B00546229223911E9235A91F912092B2
:1074C00024A9219100241A941B941C941D9451000A
:1074D00001314A98884244D11978042944D14C9901
:1074E0008A4244D8591C1B911A92511C0B441D937B
:1074F0001C921AA92846FFF77EFE044610B12046CA
:1075000047B030BD07AC2046F5F700F81EAB00933E
:107510001AAB22AA29462046F5F74CFA054678B15F
:107520001E991F9800F03DFB2099219800F039FB2F
:107530002846F3F76DFB044607A8F5F71BF8DEE7CE
:107540001E9A03AC03921F9B0493209B0593219BDF
:1075500006934B99204600F048F8039A4D9B1A6019
:10756000DEE76FF08604CAE76FF08604C7E76FF0C6
:107570008904C4E730B59FB0024601AC1AAD46F6A7
:10758000110329462046F4F79FFD0023039A136058
:10759000039A9360039B103303932A4610212046DD
:1075A000FFF7A1FB4FF0FF3402E0FFF71CFC04469D
:1075B000B4F1FF3FF9D0742101A800F0F2FA20469F
:1075C0001FB030BDF8B50668971B96420BDC044629
:1075D0000D463946284600F04BF832466168E819F6
:1075E00000F055F8F8BDDDF72DFA08B5FFF7EAFF12
:1075F00008BDF8B507460C46154616688E420BDBEB
:10760000711A506800F034F86868361B2246394613
:10761000304400F04AF8F8BD891B324601446868DE
:1076200000F043F8F7E708B5FFF7E3FF08BD08B53A
:10763000FFF7F9FF08BD70B50E4614461D461A4601
:107640002146FFF7F4FF05F1080221463046FFF717
:10765000EEFF70BD70B5054616461C461A46FFF78C
:10766000C4FF2246314605F10800FFF7BEFF70BD9A
:1076700008B50A4603E0002300F8013B013A12B1C5
:1076800010F0030FF7D10021F5F796FB08BD08B500
:1076900004E011F8013B00F8013B013A12B110F08F
:1076A000030FF6D1CDF7CCFD08BD08B504E011F805
:1076B000013B00F8013B013A12B111F0030FF6D182
:1076C000CDF7BEFD08BD806C704770B582B0054631
:1076D000CDE900238668446804EB0614FFF763FDD8
:1076E000036813F0805F1DD09DF8003003F03F0366
:1076F0008DF8003043F020038DF800309DF80730FE
:1077000043F001038DF80730E868A0F10801201A62
:10771000FFF7AEFF083C082269462046FFF7B7FF97
:1077200002B070BD9DF8003043F001038DF80030C9
:107730009DF8073003F03F038DF8073043F0200336
:107740008DF80730A41BE968083904F10800FFF739
:107750008FFFE0E710B50446FFF725FDC26802B9C8
:1077600010BD42F4202242F4006200212046FFF7BF
:10777000E3FCF5E7C06870472DE9F8434568D0F8A9
:1077800008908E680B6813F4700F01D0BDE8F88381
:107790000C46FFF708FD036813F0805F03D06368B1
:1077A000A9EB03031D44204600F0CDF880460027D6
:1077B00008E0626831462846FFF769FF63681E44A7
:1077C0004D4401374745F4DBE0E770B50C46104601
:1077D0001E468D684A6805EB42052946FFF757FFAC
:1077E0006268A9183046FFF752FF70BD38B50546EC
:1077F000FFF7D9FC43686A68AC68016811F0805FE4
:1078000002D0E968611A0A44002108E001F1040C81
:1078100005EB8C0CCCF80420013122445B1033B111
:1078200013F0010FF9D00B29F0D9DDF70BF905F1B1
:10783000140038BD70B505460C461646FFF7B3FC7C
:107840000268013C42EA0422324304212846FFF741
:1078500073FC70BD2DE9F04F85B007468A46019252
:107860009B46FFF7A0FC814684687D68D7F80880B6
:107870003846FFF728FF28BB0646F4F70FFEDAF874
:10788000003013F0800F22D0C368DAF80410994258
:107890001FDCF960D9F8103013B1019A1A43019234
:1078A000DAF80020019B13431A463846FFF7C2FF5F
:1078B000D9F8003013F0805F12D0FB68A8EB030307
:1078C0001D440DE03846F4F755FE102417E04368D8
:1078D000DBE73846F4F74EFE0D2410E04544641013
:1078E00034B114F0010FF9D04BF826500136F5E70A
:1078F00051463846FFF740FFD9F810301BB92046F3
:1079000005B0BDE8F08F02A800F054F8044650B965
:10791000DDE902233846FFF7D8FE08210DEB010010
:1079200000F03FF9EBE73846F4F724FEE7E710B53F
:107930000446FFF70FFFBFF35F8F032208212046A5
:10794000FFF7FAFB10BD036813F4700F06D18368CC
:1079500033B1C368406893FBF0F070470020704774
:1079600000207047037823F007030370C37F03F000
:107970007F03C37743F04003C3777047037823F056
:1079800003030370002380F8383090F8373063F039
:107990007F0380F83730704708B50B464168806830
:1079A00008448A4203D31A4600F061F808BD6FF01C
:1079B0004000FBE710B50446F4F770FD436973B16E
:1079C0002046F4F73FFE034638B923686268134344
:1079D000F6D0201DF4F736FE0346184610BD6FF0B2
:1079E0000203FAE700231A4604E010F803C042EA53
:1079F0000C0201338B42F8D3B2FA82F0400970478F
:107A0000F8B504460F46164602781A400270FFF792
:107A1000E9FF054600233A4631462046FEF742FD7F
:107A20001DB9002804DA2846F8BD4FF0FF35FAE703
:107A30004FF0FF35F7E72DE9F04105460C461746B4
:107A40001E46224629460020F3F7D2FB804648B95D
:107A500033463A4621462846FFF7D2FFB0F1FF3FB2
:107A6000EFD001E04FF002084046BDE8F081C9B315
:107A7000F8B5844610468E46002300E001330CEB37
:107A800003051CF803400CB97345F7D373452CD09C
:107A90000EF1FF329A4207D01CF8022012F0010FBB
:107AA00026D04FF0FF0C08E0022CF5D86FF0530001
:107AB00017E04FEA4C0C5FFA8CFC14EA0C0FF8D17B
:107AC0006FEA0C0C5FFA8CF4AEEB0307C6180022C9
:107AD000714600F05BF823462A4639463046FFF7E8
:107AE000AAFFF8BD6FF0530070476FF05300F8E73E
:107AF0006620F6E708B5F5F743F908BD00B583B091
:107B00004FF0FF324FF0FF33CDE90023002200F0A9
:107B100087F803B05DF804FB08B500F07BF808BDFA
:107B200008B500F071F808BD08B5FDF7B7FD08BD50
:107B300082B000238DF8073008E010F803C09DF8EC
:107B4000072042EA0C028DF8072001338B42F4D360
:107B50009DF80700B0FA80F0400902B070478B42F0
:107B600012D800B500218E4606E012F801C000F8D8
:107B700001C04EEA0C0E01319942F6D3BEF100006D
:107B800018BF01205DF804FB002070478B4228BF1E
:107B90000B4602E000F8012B0B46591E002BF9D1D1
:107BA000704782B00190002303E0019A0020D05476
:107BB00001338B42F9D302B0704703460840012AD3
:107BC00000D070478342FCD00020FAE770B504462D
:107BD0000D46466E06F001020968006EFFF7EDFFE4
:107BE00080B1206616F0040F02D06A6802436A6012
:107BF00004F11800F0F7C4FF0023C4F8B4302046A5
:107C0000FDF716FD002070BD08B54FF0FF32F4F708
:107C1000AFFF08BD08B50A460021F4F7A9FF08BD6B
:107C200010B582B042B10222DDE90434CDE900345E
:0C7C3000F4F7EAFF02B010BD0022F5E7F7
:087C3C007E51FD7F01000000F4
:107C440031530200000000009123030000000000F3
:107C5400000000000C7D04007947030000000000D0
:107C64007D4803000000000000000000447D040083
:107C740000000000287D040000000000607D040076
:107C84003F470400000000006D47040000000000AE
:107C9400000000007C7D040000000000987D0400CA
:107CA400BD1A030000000000E33C040000000000D3
:107CB4002518020000000000D94A0200000000005C
:107CC40000000000B47D040031D101000000000078
:107CD400095A0300000000004D5402000000000097
:107CE400CF46040000000000D94604000000000054
:107CF4004166020000000000E925020000000000C7
:087D0400BD3002000000000088
:107D0C00A8E10400A0050500A48604005407002087
:107D1C005CDE00208919030000000000F4E204007E
:107D2C00B80505008086040058070020B8DE002046
:107D3C00851F03000000000000E30400CC050500D3
:107D4C00808604005A070020C4DE0020851F030033
:107D5C00000000000CE30400E00505008086040030
:107D6C005C070020D0DE0020851F0300000000000F
:107D7C00D8E10400000000007886040056070020BB
:107D8C0000000000F73704000000000018E30400B6
:107D9C0000060500C08604005E070020DCDE002023
:107DAC00653C040000000000C0E504000000000079
:107DBC005006050060070020E8DE0020392903008A
:047DCC0000000000B3
:107DD00000000000C7F8030000000000C7F803001F
:107DE00000000000C7F8030000000000C7F803000F
:107DF00000000000C7F8030000000000C7F80300FF
:107E000000000000C7F8030000000000C7F80300EE
:107E100000000000C7F8030000000000C7F80300DE
:107E200000000000C7F8030000000000C7F80300CE
:107E300000000000C7F8030000000000C7F80300BE
:107E400000000000C7F8030000000000C7F80300AE
:107E500000000000C7F8030000000000C7F803009E
:107E600000000000C7F8030000000000C7F803008E
:107E700000000000C7F8030000000000C7F803007E
:107E800000000000C7F8030000000000C7F803006E
:107E900000000000C7F8030000000000C7F803005E
:107EA00000000000C7F8030000000000C7F803004E
:107EB00000000000CD2F030000000000C7F8030001
:107EC00000000000C7F8030000000000C7F803002E
:107ED00000000000C7F8030000000000C7F803001E
:107EE00000000000C7F8030000000000C7F803000E
:107EF00000000000C7F8030000000000C7F80300FE
:107F000000000000C7F8030000000000C7F80300ED
:107F100000000000C7F8030000000000C7F80300DD
:107F200000000000C7F8030000000000C7F80300CD
:107F300000000000C7F8030000000000C7F80300BD
:107F400000000000C7F8030000000000C7F80300AD
:107F500000000000C7F8030000000000C7F803009D
:107F600000000000C7F8030000000000C7F803008D
:107F700000000000C7F8030000000000C7F803007D
:107F800000000000C7F8030000000000C7F803006D
:107F900000000000C7F8030000000000C7F803005D
:107FA00000000000C7F8030000000000C7F803004D
:107FB00000000000C7F8030000000000C7F803003D
:107FC00000000000C7F8030000000000C7F803002D
:107FD00000000000C7F8030000000000C7F803001D
:107FE00000000000C7F8030000000000C7F803000D
:107FF00000000000C7F8030000000000C7F80300FD
:1080000000000000C7F8030000000000C7F80300EC
:1080100000000000A9C3030000000000C7F803002F
:1080200000000000C7F8030000000000C7F80300CC
:1080300000000000C7F8030000000000C7F80300BC
:1080400000000000C7F8030000000000C7F80300AC
:1080500000000000C7F8030000000000C7F803009C
:1080600000000000C7F8030000000000C7F803008C
:1080700000000000C7F8030000000000C7F803007C
:1080800000000000C7F8030000000000C7F803006C
:1080900000000000C7F8030000000000C7F803005C
:1080A00000000000C7F8030000000000C7F803004C
:1080B00000000000C7F8030000000000C7F803003C
:1080C00000000000C7F8030000000000C7F803002C
:1080D00000000000C7F8030000000000C7F803001C
:1080E00000000000C7F8030000000000C7F803000C
:1080F00000000000C7F8030000000000C7F80300FC
:1081000000000000C7F8030000000000C7F80300EB
:1081100000000000C7F8030000000000C7F80300DB
:1081200000000000C7F8030000000000C7F80300CB
:1081300000000000C7F8030000000000C7F80300BB
:1081400000000000C7F8030000000000C7F80300AB
:1081500000000000C7F8030000000000C7F803009B
:1081600000000000C7F8030000000000C7F803008B
:1081700000000000C7F8030000000000C7F803007B
:1081800000000000C7F8030000000000C7F803006B
:1081900000000000C7F8030000000000C7F803005B
:1081A00000000000C7F8030000000000C7F803004B
:1081B00000000000C7F8030000000000C7F803003B
:1081C00000000000C7F8030000000000C7F803002B
:1081D00000000000C7F8030000000000C7F803001B
:1081E00000000000C7F8030000000000C7F803000B
:1081F00000000000C7F8030000000000C7F80300FB
:1082000000000000C7F8030000000000C7F80300EA
:1082100000000000C7F8030000000000C7F80300DA
:1082200000000000C7F8030000000000C7F80300CA
:1082300000000000C7F8030000000000C7F80300BA
:1082400000000000C7F8030000000000C7F80300AA
:1082500000000000C7F8030000000000C7F803009A
:1082600000000000C7F8030000000000C7F803008A
:1082700000000000C7F8030000000000C7F803007A
:1082800000000000C7F8030000000000C7F803006A
:1082900000000000C7F8030000000000C7F803005A
:1082A00000000000C7F8030000000000C7F803004A
:1082B00000000000C7F8030000000000C7F803003A
:1082C00000000000C7F8030000000000C7F803002A
:1082D00000000000C7F8030000000000C7F803001A
:1082E00000000000C7F8030000000000C7F803000A
:1082F00000000000C7F8030000000000C7F80300FA
:1083000000000000C7F8030000000000C7F80300E9
:1083100000000000C7F8030000000000C7F80300D9
:1083200000000000C7F8030000000000C7F80300C9
:1083300000000000C7F8030000000000C7F80300B9
:1083400000000000C7F8030000000000C7F80300A9
:1083500000000000C7F8030000000000C7F8030099
:1083600000000000C7F8030000000000C7F8030089
:1083700000000000C7F8030000000000C7F8030079
:1083800000000000C7F8030000000000C7F8030069
:1083900000000000C7F8030000000000C7F8030059
:1083A00000000000C7F8030000000000C7F8030049
:1083B00000000000C7F8030000000000C7F8030039
:1083C00000000000C7F8030000000000C7F8030029
:1083D00000000000C7F8030000000000C7F8030019
:1083E00000000000C7F8030000000000C7F8030009
:1083F00000000000C7F8030000000000C7F80300F9
:10840000987D0400FD3A040000000000C7F8030056
:1084100000000000C7F8030000000000C7F80300D8
:1084200000000000C7F8030000000000C7F80300C8
:1084300000000000C7F8030000000000C7F80300B8
:1084400000000000C7F8030000000000C7F80300A8
:1084500000000000C7F8030000000000C7F8030098
:1084600000000000C7F8030000000000C7F8030088
:1084700000000000C7F8030000000000C7F8030078
:1084800000000000C7F8030000000000C7F8030068
:1084900000000000C7F8030000000000C7F8030058
:1084A00000000000C7F803002C0500200B39040071
:1084B00000000000C7F8030000000000C7F8030038
:1084C00000000000C7F8030000000000C7F8030028
:1084D00000000000C7F8030000000000C7F8030018
:1084E00000000000C7F8030000000000C7F8030008
:1084F000535104009547040000000000C7F8030032
:1085000000000000C7F8030000000000C7F80300E7
:1085100000000000C7F8030000000000C7F80300D7
:1085200000000000C7F8030000000000C7F80300C7
:1085300000000000C7F8030000000000C7F80300B7
:1085400000000000C7F8030000000000C7F80300A7
:1085500000000000C7F8030000000000C7F8030097
:1085600000000000C7F8030000000000C7F8030087
:1085700000000000C7F8030000000000C7F8030077
:1085800000000000C7F8030000000000C7F8030067
:1085900000000000C7F8030000000000C7F8030057
:1085A00000000000C7F8030000000000C7F8030047
:1085B00000000000C7F8030000000000C7F8030037
:1085C00000000000C7F8030000000000C7F8030027
:1085D00000000000C7F8030000000000C7F8030017
:1085E00000000000C7F8030000000000C7F8030007
:1085F00000000000C7F803008D4704009547040001
:1086000000000000C7F8030000000000C7F80300E6
:1086100000000000C7F8030000000000C7F80300D6
:1086200000000000C7F8030000000000C7F80300C6
:1086300000000000C7F80300B40400200B39040058
:0886400000000000C7F8030070
:10864800701C0020A0E800200003000095E603004D
:108658000000000000000000000000000C00000006
:108668000000000010970400000000000000000057
:08867800E337040000000000DC
:10868000C51D0300933804009F380400B33804006C
:10869000BD380400C7380400B11C030013390400BE
:0486A00000000000D6
:1086A400511903005D3704000B370400000000007B
:0C86B40079170300000000000000000027
:0C86C000433B0400B9220300073B040008
:1086CC0005000000D1B402000600000009EA020017
:0886DC00040000007DC3020050
:1086E4000000000039360200000000000000000015
:1086F4000000000000000000000000000000000076
:108704000000000000000000000000000000000065
:108714006D34020000000000A132020000000000DD
:1087240000000000B9300400000000000000000058
:108734000000000000000000000000000000000035
:108744000000000000000000000000000000000025
:108754000000000000000000000000000000000015
:108764000000000000000000000000000000000005
:1087740000000000000000000000000000000000F5
:10878400BBE7030000000000F1DF0100000000006F
:1087940059DF01008BE703002DE703000000000010
:1087A400E9EF010089EF0100000000000000000073
:1087B4004DEF010000000000A3EA030000000000E8
:1087C40000000000000000000000000000000000A5
:1087D4000000000000000000000000000000000095
:1087E400E5D30100BDD3010000000000000000003B
:1087F4000000000000000000000000000000000075
:108804000000000000000000000000000000000064
:108814000000000000000000000000000000000054
:108824004C0305000800000068FD04000700000078
:0888340020FE04001200000008
:10883C00D4C30400030000007CD204000300000039
:10884C0018B5040003000000F4CB04000300000082
:10885C0068E004000300000060E004000300000076
:10886C0020B504000300000024C504000300000030
:10887C0080D50400030000008CBF0400030000003E
:10888C0000C30400030000003CDA040003000000F5
:10889C00F8CE04000300000024B304000300000021
:1088AC00E0E5040003000000CCE504000300000038
:1088BC00C8D9040003000000ACE004000300000071
:1088CC00A49D040003000000C8E1040003000000A4
:1088DC00B8F8040003000000D8A004000300000056
:1088EC0028A10400030000004CA3040003000000B6
:1088FC007CE604000300000058AF040003000000F5
:10890C0028B2040003000000C4B2040003000000FD
:10891C00F4E604000300000090EC040003000000E7
:10892C00E49B0400030000004CA6040003000000BC
:10893C00D4B20400030000007C9E0400030000007D
:08894C0024E304000300000015
:108954004CFD04008403002038A30400010000003F
:10896400040000000F0000000100000008000000E7
:1089740020000000680000007800000010000000E3
:108984000C0000000E000000500000007C000000FD
:10899400B0000000FFFFFFFFFFFFFFFFFFFFFFFF2F
:0489A400FFFFFFFFD3
:1089B0005B1800005CBE040064BE040068BE0400D6
:1089C0006CBE040070BE040074BE040078BE0400D7
:1089D0007CBE040080BE040084BE040088BE040087
:1089E0008CBE040090BE040094BE040098BE040037
:1089F0009CBE0400A0BE0400A4BE0400010300004D
:108A00000062746C650000000000000000000000BF
:108A10000000000000000000000000000000000056
:108A20000000000000000000000000000000000046
:108A3000000000010000000000A0105000820D5056
:108A400000040550050000000400000001000000C3
:108A50000102082526270102030328049042BE11C3
:108A6000B400500BEE03010204004C01E80B860435
:108A70000102030300000028000000200102FFFFA4
:108A8000FFFFFF030F141E28323C506478010203DD
:108A900003010100020700010204010001000001BE
:108AA00001000001000100000100010000000102BE
:108AB000080F141E28323C5064780000020B00009E
:108AC00001000B0002000A00050009000A0008006E
:108AD000140007001E000600320005004B000400D1
:108AE0006400030096000200FA000100F401000097
:108AF0000102030302030001F401FA00960064007E
:108B00004B0032001E0014000A00050002000100A4
:108B10000C0802170D0101020909010106020918DA
:108B2000180301010909838385030201230202243A
:108B30000910040405050B0B040B2B1B1B159A9A3B
:108B40001C021D16130501490D150508061B1B0FF8
:108B500001010000FEFEFEFEFEFEFEFEFEFEFEFE2B
:108B6000FEFEFEFEFEFEFEFEFE16FEFEFEFEFEFE0D
:108B7000FEFEFEFEFEFE1F1FFE26FEFEFEFEFE3079
:108B8000FEFEFE32FEFE32FEFE35FEFE3E3EFEFEE6
:108B9000FEFE3B3B60009006BE022C01D012CE05CB
:108BA00028049042BE1164005006AE027205DA43FA
:108BB000081300010202A201B003BE05EE0248063E
:108BC000A209C405F40B241226FEFEFEFE2E36304A
:108BD000FEFEFE32FEFEFEFEFE35FEFEFEFEFEFE4A
:108BE000FEFEFEFE2E010203030102030301020446
:108BF00012FEFEFEFEFEFEFEFEFEFE030303030368
:108C000003030303030303030303030314FEFE161A
:108C1000FEFEFEFEFEFEFEFE23FEFEFEFEFEFEFE4F
:108C2000FEFEFE2E363039FEFE32FEFEFEFEFE3524
:108C3000FEFEFEFEFEFEFEFEFEFE2E010203030011
:108C400028049042BE117205DA4308132C00D002AA
:108C5000CE010440100028049042BE112C00D00226
:108C6000CE01B400500BEE0364005006AE02B40017
:108C7000500BEE030102030328049042BE112804A6
:108C80009042BE110102030300010202A014002061
:108C90000200000B010000000700000000000000BF
:108CA00000000000000000000406080A0C0E10126C
:108CB0001416181C1E20222426282A2C2E3032346A
:108CC00036383A3C3E40424446484A4C4E021A50DE
:108CD0000000000028000000180000005001000003
:108CE0005001000000000000F023000024130000E9
:108CF00018790000E86700001C0C78051437A438C8
:108D00000000000040060000400600004006000091
:108D100040060000000098086B039C1858020000F1
:108D2000000000000000000000000000F023000030
:108D3000241300003CF000003CF0000000000000A4
:108D400048A3000014A000003CA5000068A6000095
:108D50000000000000000000000000000000000013
:108D6000000040060C033408600900000000000009
:108D700000000000E3A3C300B80000200200000BC5
:108D80000C1500200200000C0A1500200200000B48
:108D90000A1500200100000C701500200100000CD5
:108DA000010208FF7F00200018000A8007200298B7
:108DB00001AA800001020304020304040102030467
:108DC000010101020101010102030402E4E1D8D220
:108DD000C6C9B4B19C93878D6C6378724E4B272DB6
:108DE0001B1E363900206020406080000102000513
:108DF000040008080000000000000000000001015D
:108E0000010101010101010101010202020202024C
:108E1000030304040505060607070808090A0B0CE6
:108E20000D0E0F101112131415161718191A1B0016
:108E300010010000D200000030010000D800000046
:108E400001000000E400000002000000EA00000051
:108E500002000000EC00000003000000EE00000033
:108E600004000000F000000005000000F200000017
:108E700006000000F400000007000000F6000000FB
:108E800008000000F700000009000000F8000000E2
:108E90000A000000F90000000B000000FA000000CA
:108EA0000D000000FB0000000F000000FC000000AF
:108EB00011000000FD00000013000000FE00000093
:108EC00015000000FF000000180000000000000076
:108ED0001B000000010000001F0000000200000055
:108EE0002300000003000000280000000400000030
:108EF0002D00000005000000330000000600000007
:108F000039000000070000003F00000008000000DA
:108F100000100200FA000000000000000000000045
:108F20000338FDD87047000000000000000000007A
:108F30000338FDD8704700006F66660050726F639B
:108F40006564757265732025733A20737461747556
:108F500073203078253032782C20696E74657276F3
:108F6000616C2025752C20636F756E74202575004B
:108F7000435320636F6E66696775726174696F6EC3
:108F80002025752066726F6D2074686520696E6992
:108F9000746961746F723A207374617475732030F0
:108FA00078253032782C206D6F646520307825303C
:108FB00032782C2052545420747970652025750025
:108FC000574553545F544F504449522F7A65706847
:108FD00079722F696E636C7564652F7A6570687934
:108FE000722F647269766572732F6770696F2E686D
:108FF00000000000286366672D3E706F72745F701A
:10900000696E5F6D61736B202620286770696F5FE2
:10901000706F72745F70696E735F74292831554C7C
:10902000203C3C202870696E29292920213D2030D0
:1090300055000000415353455254494F4E2046417C
:10904000494C205B25735D20402025733A25640A36
:109050000000000009556E737570706F727465645E
:109060002070696E0A0000004C454420257520756B
:109070007064617465206661696C65643A2025647A
:109080000000000028666C616773202620282831C4
:10909000554C203C3C202832312929207C20283185
:1090A000554C203C3C202832322929207C20283174
:1090B000554C203C3C202832332929207C20283163
:1090C000554C203C3C202832342929207C20283152
:1090D000554C203C3C202832352929207C20283141
:1090E000554C203C3C2028323629292929203D3D59
:1090F0002030000009496E746572727570742066C4
:109100006C61677320617265206E6F742073757077
:10911000706F727465640A0028666C61677320263C
:1091200020282831203C3C203429207C2028312054
:109130003C3C203529292920213D20282831203C6C
:109140003C203429207C202831203C3C2035292912
:10915000000000000950756C6C20557020616E6431
:109160002050756C6C20446F776E2073686F756C3F
:1091700064206E6F7420626520656E61626C656448
:109180002073696D756C74616E656F75736C790AA7
:1091900000000000212828666C61677320262028C3
:1091A00031554C203C3C20283136292929202626BF
:1091B000202128666C6167732026202831554C20B9
:1091C0003C3C202831372929292026262028666C76
:1091D0006167732026202831203C3C203129292931
:1091E0000000000009496E7075742063616E6E6F37
:1091F0007420626520656E61626C656420666F72C2
:1092000020274F70656E20447261696E272C2027DD
:109210004F70656E20536F7572636527206D6F64A4
:10922000657320776974686F7574204F75747075F5
:10923000740A000028666C6167732026202831209C
:109240003C3C2031292920213D2030207C7C2028D5
:10925000666C6167732026202831203C3C2032292F
:1092600029203D3D2030000028666C616773202670
:1092700020282831554C203C3C20283138292920F1
:109280007C202831554C203C3C2028313929292983
:1092900029203D3D2030207C7C2028666C6167734E
:1092A0002026202831554C203C3C202831372929C4
:1092B0002920213D20300000094F757470757420FD
:1092C0006E6565647320746F20626520656E6162EF
:1092D0006C656420746F20626520696E69746961D1
:1092E0006C697A6564206C6F77206F72206869679B
:1092F000680A000028666C616773202620282831E0
:10930000554C203C3C202831382929207C2028310C
:10931000554C203C3C202831392929292920213D40
:1093200020282831554C203C3C2028313829292040
:109330007C202831554C203C3C20283139292929D2
:1093400000000000094F75747075742063616E6EC3
:109350006F7420626520696E697469616C697A65F1
:1093600064206C6F7720616E6420686967680A000A
:1093700050726F6365647572657320256C642C2070
:109380007375626576656E747320256C6420286140
:10939000626F7274656420256C642C207061727435
:1093A00069616C20256C64292C20737465707320AE
:1093B000256C64003F0000005374617465202573C0
:1093C0003A206661696C7572652025752C2073746E
:1093D0006F7020726561736F6E2025752C20484375
:1093E0004920737461747573203078253032782C7D
:1093F000206572726F7220256400000053746174DE
:109400006520257300000000506C616E6E6572204F
:109410006C6F67206C6576656C732072656A656336
:1094200074656420282564293A2064656661756C3A
:109430007473206B657074004C4544202575206959
:109440006E6974206661696C65643A202564000069
:109450004E6F20426C7565746F6F74682069646527
:109460006E746974792061646472657373000000BE
:10947000446576696365206E616D6520746F6F2049
:109480006C6F6E673A206174206D6F737420257560
:1094900020627974657320776974686F75742073BE
:1094A0007061636573000000446576696365206ED2
:1094B000616D652022257322206E6F7420617070AB
:1094C0006C6965643A2025640000000043535265CE
:1094D000666C6563746F72004E6F20706C616E6EA7
:1094E000657220636F6E66696775726174696F6E0D
:1094F000206C696E6B65643A206170706C79696E7E
:109500006720686F73746C657373206170706C6929
:10951000636174696F6E2064656661756C74730055
:10952000506C616E6E657220636F6E6669677572EE
:109530006174696F6E2072656A6563746564202862
:109540002564293A2068616C7465642C206E6F2054
:10955000726164696F20616374697669747900006F
:10956000506C616E6E657220636F6E6669677572AE
:109570006174696F6E2C204352432D333220307852
:109580002530387800000000426C7565746F6F7488
:109590006820696E6974206661696C65643A20258B
:1095A00064000000435320726F6C65207374617215
:1095B00074206661696C65643A20256400000000CF
:1095C0004164766572746973696E672061732022E5
:1095D0002573222C20636F6E66696720494420251D
:1095E000750000007363616E6E696E6700000000B5
:1095F0006164766572746973696E6700636F6E6E1D
:10960000656374696E670000656E63727970746576
:109610006400000077616974696E6720666F72206C
:1096200074686520696E69746961746F7200000006
:1096300072756E6E696E670073746F70706564002A
:109640006C696E6B206C6F737400000064697363E7
:109650006F6E6E6563746564000000003C77726E27
:109660003E206170705F6C6F673A202575206D65D4
:109670007373616765732064726F707065643A20FC
:1096800071756575652066756C6C00002F55736586
:1096900072732F79757365696E2F5265706F736978
:1096A000746F726965732F72657365617263682F79
:1096B000424C455F43532F636F6D6D6F6E2F6C6926
:1096C00062732F6170705F6C6F672F6170705F6C79
:1096D0006F672E6300000000216B5F69735F696E26
:1096E0005F69737228290000096170705F6C6F6791
:1096F0003A206E6F742066726F6D20616E20495340
:10970000520A00003C25733E2025733A20000000D9
:109710006170705F6C6F675F746872656164000090
:109720006572720077726E00696E6600646267002F
:109730005B25752E253033755D20252E2A730A0092
:10974000574553545F544F504449522F7A657068BF
:1097500079722F696E636C7564652F7A65706879AC
:10976000722F6B65726E656C2E680000216B5F69ED
:10977000735F7072655F6B65726E656C282900009F
:10978000096B5F63757272656E745F6765742063E1
:10979000616C6C6564207072652D6B65726E656CB2
:1097A0000A000000526F6C65206D65737361676518
:1097B0002025752064726F707065643A207175653C
:1097C00075652066756C6C005A65706879722063E7
:1097D0006F6E6669673A2069642025752C206D6F6D
:1097E0006465203078253032782C206D61696E20D8
:1097F00073746570732025752D25752C206D616936
:109800006E207265702025752C206D6F64652D307B
:109810002073746570732025752C20726F6C652021
:1098200025752C2052545420747970652025752C90
:109830002073796E63205048592025750000000080
:109840005A657068797220636F6E6669673A206D39
:109850006170207265702025752C20636873656CBB
:109860002025752C20336320736861706520257571
:109870002C203363206A756D702025752C20656E51
:1098800068203078253032782C20545F49503120C0
:1098900025752C20545F4950322025752C20545FAB
:1098A0004643532025752C20545F504D20257520AC
:1098B0007573000050726F6365647572657320651F
:1098C0006E61626C6564207768696C65206E6F7488
:1098D00020737461727465643B2064697361626CA7
:1098E000696E6700536574757020737461676520D5
:1098F00025752074696D6564206F75740000000023
:1099000063735F726F6C6500256C64205241532055
:1099100064617461206C6F7374206576656E747316
:10992000206D65726765643A206576656E74207196
:10993000756575652066756C6C000000436F6E740C
:10994000726F6C206576656E742025752064726F69
:10995000707065643A206576656E74207175657502
:10996000652066756C6C000063735F726F6C655F79
:109970006576656E747300005365636F6E64206373
:109980006F6E6E656374696F6E2069676E6F726566
:10999000640000004C696E6B2073656375726974B6
:1099A00079206661696C65643A2025642C206C65B9
:1099B00076656C20257500005363616E2073746FAB
:1099C00070206661696C65643A20256400000000BF
:1099D0006865617020636F7272757074696F6E2054
:1099E0002866726565206368756E6B206C696E6BA6
:1099F00061676529000000006865617020636F720F
:109A000072757074696F6E202866726565206C6966
:109A10007374206C696E6B6167652900686561709D
:109A200020636F7272757074696F6E20286E6F7428
:109A300020696E207573653F2920617420257000B0
:109A40006865617020636F7272757074696F6E20E3
:109A500028627566666572206F766572666C6F77D0
:109A60003F29206174202570000000006865617046
:109A700020636F7272757074696F6E20286C6566F2
:109A800074206E65696768626F723F292061742077
:109A9000257000006865617020636F727275707464
:109AA000696F6E2028646F75626C652066726565EB
:109AB0003F29206174202570000000005745535451
:109AC0005F544F504449522F7A65706879722F6CF9
:109AD00069622F686561702F686561702E63000090
:109AE00028616C69676E20262028616C69676E208A
:109AF0002D20312929203D3D2030000009616C696D
:109B0000676E206D757374206265206120706F77B9
:109B10006572206F6620320A000000006279746569
:109B200073202F203855203C3D20307837666666FC
:109B30005500000009686561702073697A652069C5
:109B40007320746F6F206269670A00006279746520
:109B500073203E20686561705F666F6F7465725F29
:109B60006279746573286279746573290000000056
:109B700009686561702073697A6520697320746F64
:109B80006F20736D616C6C0A000000006865617085
:109B90005F737A203E206368756E6B737A287369F1
:109BA0007A656F6628737472756374207A5F68656E
:109BB00061702929000000006368756E6B305F7367
:109BC000697A65202B206D696E5F6368756E6B5FC7
:109BD00073697A65286829203C3D20686561705F5B
:109BE000737A00006F735F68656170005745535466
:109BF0005F544F504449522F7A65706879722F6CC8
:109C000069622F6F732F63627072696E74665F7022
:109C100061636B616765642E630000007061636B54
:109C20006167656420213D202828766F6964202AB9
:109C30002930290009537472696E67207769746846
:109C400020746F6F206D616E7920617267756D652C
:109C50006E74730A00000000097374725F7074728E
:109C60005F706F735B5D20746F6F20736D616C6CE0
:109C70000A00000009756E6578706563746564207C
:109C800073697A652025750A0000000009746F6FFA
:109C9000206D616E7920666F726D617420617267EC
:109CA000730A0000696E5F7061636B6167656420B1
:109CB000213D202828766F6964202A293029000058
:109CC00028756E7369676E65642920636861722008
:109CD0002A207573656420666F72202525702061C7
:109CE0007267756D656E742E2049742773207265D6
:109CF000636F6D6D656E64656420746F206361735E
:109D00007420697420746F20766F6964202A206241
:109D1000656361757365206974206D617920636185
:109D2000757365206D69736265686176696F72200D
:109D3000696E206365727461696E20636F6E666917
:109D40006775726174696F6E732E20537472696ED9
:109D5000673A2225732220617267756D656E743AC9
:109D600025640000736370795F636E74203C207318
:109D7000697A656F66286370795F7374725F706F5C
:109D8000732900006B6565705F636E74203C2073FF
:109D9000697A656F66286B6565705F7374725F7052
:109DA0006F73290063627072696E74665F706163BD
:109DB0006B61676500000000574553545F544F5076
:109DC0004449522F7A65706879722F6C69622F6FDF
:109DD000732F6D7073635F706275662E6300000091
:109DE000657272203D3D20300000000057455354FD
:109DF0005F544F504449522F7A65706879722F69C9
:109E00006E636C7564652F7A65706879722F7370F4
:109E1000696E6C6F636B2E68000000007A5F737070
:109E2000696E5F6C6F636B5F76616C6964286C2927
:109E30000000000009496E76616C696420737069E6
:109E40006E6C6F636B2025700A0000007A5F737080
:109E5000696E5F756E6C6F636B5F76616C696428A9
:109E60006C290000094E6F74206D79207370696E43
:109E70006C6F636B2025700A000000007379735FBC
:109E80006765746F70740000574553545F544F50AA
:109E90004449522F7A65706879722F6C69622F7508
:109EA00074696C732F6F6E6F66662E63000000001E
:109EB0007374617465203D3D20282831554C203C49
:109EC0003C2028322929207C202831554C203C3C3C
:109ED000202830292929000065767420213D20455D
:109EE00056545F4E4F500000657674203D3D20452E
:109EF00056545F5245434845434B000073746174A8
:109F000065203D3D20305500217379735F736C6986
:109F100073745F69735F656D70747928266D6772FD
:109F20002D3E636C69656E74732900007472616EF6
:109F300073697420213D202828766F6964202A29BE
:109F4000302900007374617465203D3D202831552F
:109F50004C203C3C20283129290000006D67722DDF
:109F60003E72656673203D3D20300000737461745D
:109F700065203D3D202831554C203C3C202830298F
:109F800029000000574553545F544F504449522F05
:109F90007A65706879722F6C69622F7574696C7359
:109FA0002F6E6F746966792E630000005745535415
:109FB0005F544F504449522F7A65706879722F6907
:109FC0006E636C7564652F7A65706879722F6C6F3B
:109FD0006767696E672F6C6F675F6261636B656E41
:109FE000642E68006261636B656E6420213D2028E9
:109FF00028766F6964202A29302900006D73672054
:10A00000213D202828766F6964202A293029000004
:10A01000574553545F544F504449522F7A657068E6
:10A0200079722F7375627379732F6C6F6767696EBE
:10A03000672F6C6F675F636F72652E6300000000AF
:10A040006261636B656E64203C3D205F6C6F675F8F
:10A050006261636B656E645F6C6973745F656E6487
:10A060000000000009756E65787065637465642092
:10A070006C69737420656E64206C6F636174696FC2
:10A080006E0A00006C6F675F6261636B656E645F90
:10A09000636F756E745F6765742829203C202828DB
:10A0A0003332202F20335529202D202831202B20FA
:10A0B000302929006C6F6767696E67006C6F675F96
:10A0C0006261636B656E645F636F756E745F676515
:10A0D000742829203E2030006C6F67005745535488
:10A0E0005F544F504449522F7A65706879722F73CC
:10A0F00075627379732F6C6F6767696E672F6C6F0A
:10A10000675F6D676D742E63000000006C696E6B95
:10A11000203C3D205F6C6F675F6C696E6B5F6C69A4
:10A1200073745F656E6400006C6F675F6D676D745C
:10A13000000000004D657373616765202822257358
:10A1400022292064726F7070656420626563617596
:10A15000736520697420657863656564732073692D
:10A160007A65206C696D69746174696F6E20282549
:10A1700075290000574553545F544F504449522F9E
:10A180007A65706879722F7375627379732F6C6F4B
:10A190006767696E672F6C6F675F6D73672E63000B
:10A1A0006C656E203E3D203000000000706C656ED6
:10A1B000203E3D20300000004D65737361676520CF
:10A1C00064726F7070656420626563617573652089
:10A1D000697420657863656564732073697A6520A6
:10A1E0006C696D69746174696F6E2028257529002A
:10A1F000574553545F544F504449522F7A65706805
:10A2000079722F7375627379732F6C6F6767696EDC
:10A21000672F6C6F675F6F75747075742E630000C5
:10A220006F75745F6374782D3E636F6E74726F6CBC
:10A230005F626C6F636B2D3E6F6666736574203C66
:10A240003D206F75745F6374782D3E73697A650085
:10A250005B2530386C755D20000000005B253032D6
:10A26000753A253032753A253032752E25303375E2
:10A270002C253033755D20001B5B306D0000000025
:10A2800025732E0025733A20000000003C25733E04
:10A290002000000025732F006C6576656C203C3D26
:10A2A00020340000257320000D0A0000253032788C
:10A2B00020000000202020007C000000256300001A
:10A2C000657272203E3D2030000000001B5B313B78
:10A2D00033316D001B5B313B33336D0057455354B5
:10A2E0005F544F504449522F7A65706879722F73CA
:10A2F00075627379732F6C6F6767696E672F626120
:10A30000636B656E64732F6C6F675F6261636B650F
:10A310006E645F756172742E630000006465766917
:10A3200063655F69735F72656164792875617274D2
:10A330005F646576290000006C6F675F6261636B24
:10A34000656E645F75617274000000006C6F675F1A
:10A3500075617274000000002A2A2A20426F6F740F
:10A36000696E67206E524620436F6E6E656374207F
:10A3700053444B2076332E342E312D6232306638E2
:10A3800036313962613961202A2A2A0A0000000028
:10A390002A2A2A205573696E67205A657068797277
:10A3A000204F532076342E342E322D3333666136CF
:10A3B00061376161633661202A2A2A0A00000000A1
:10A3C0005241532D43502074696D656F75740000C0
:10A3D000574553545F544F504449522F6E72662F65
:10A3E0007375627379732F626C7565746F6F7468BF
:10A3F0002F73657276696365732F7261732F727242
:10A4000073702F7261735F727273702E630000003D
:10A4100061747472000000005065657220697320D9
:10A420006E6F742073756273637269626564207401
:10A430006F205241532D43502E000000506565722D
:10A44000206973206E6F7420737562736372696222
:10A45000656420746F207374617475732063686120
:10A4600072616374657269737469632E0000000021
:10A470005065657220686173206E6F7420656E612F
:10A48000626C6564205265616C2D74696D65206F26
:10A4900072204F6E2D64656D616E642072616E670F
:10A4A000696E6720646174612E0000004E6F7469EC
:10A4B0006679206F7665727772697474656E20664E
:10A4C00061696C65643A2025640000004E6F746910
:10A4D0006679207265616479206661696C65643AA9
:10A4E000202564004661696C656420746F20736583
:10A4F0006E6420696E6469636174696F6E3A2025C9
:10A500006400000050656572206163636573736960
:10A510006E67205241532D4350207768696C652047
:10A5200052525350206973206F7065726174696E66
:10A530006720696E207265616C2D74696D65206D90
:10A540006F64652E00000000496E76616C696420BE
:10A550006C656E6774682025640000005065657244
:10A56000206E6F7420737562736372696265642014
:10A57000746F2072616E67696E6720646174612018
:10A5800063686172616374657269737469632E00D4
:10A590004F70636F646520257820696E76616C6901
:10A5A00064206F7220756E737570706F727465645D
:10A5B00000000000727273702D3E636F6E6E0000BB
:10A5C000496E76616C6964204D54553A20256400CB
:10A5D00043616E6E6F7420616C6C6F636174652093
:10A5E0007365676D656E74206275666665720000DE
:10A5F00072616E67696E675F646174615F6E6F74CC
:10A600006966795F6F725F696E6469636174652002
:10A610006661696C656420657272202564000000C3
:10A620004661696C656420746F2073656E64207385
:10A6300065676D656E743A202564000042542052AF
:10A640004153205252535020575100007261735FA2
:10A650007272737000000000574553545F544F509E
:10A660004449522F6E72662F7375627379732F622D
:10A670006C7565746F6F74682F7365727669636546
:10A68000732F7261732F727273702F7261735F72A6
:10A69000645F6275666665722E630000636F6E6E3E
:10A6A0005F696E646578203C20282873697A655F4D
:10A6B0007429282828696E742973697A656F662859
:10A6C000636861725B31202D202832202A202128E6
:10A6D000215F5F6275696C74696E5F747970657310
:10A6E0005F636F6D70617469626C655F70285F5F36
:10A6F000747970656F665F5F2874785F706F7765D7
:10A70000725F6361636865292C205F5F747970658F
:10A710006F665F5F28262874785F706F7765725F59
:10A720006361636865295B305D292929295D2920DA
:10A730002D203129202B202873697A656F662874B3
:10A74000785F706F7765725F636163686529202F3A
:10A750002073697A656F66282874785F706F7765F3
:10A76000725F6361636865295B305D29292929006F
:10A77000636F6E6E5F696E646578203C2028287375
:10A78000697A655F7429282828696E742973697A43
:10A79000656F6628636861725B31202D2028322046
:10A7A0002A202128215F5F6275696C74696E5F746D
:10A7B000797065735F636F6D70617469626C655FFA
:10A7C00070285F5F747970656F665F5F2864726F71
:10A7D000705F70726F6365647572655F636F756ECD
:10A7E000746572292C205F5F747970656F665F5F96
:10A7F00028262864726F705F70726F63656475726B
:10A80000655F636F756E746572295B305D292929F8
:10A81000295D29202D203129202B202873697A6574
:10A820006F662864726F705F70726F6365647572B3
:10A83000655F636F756E74657229202F2073697A66
:10A84000656F66282864726F705F70726F636564ED
:10A850007572655F636F756E746572295B305D2913
:10A86000292929004F7574206F6620627566666518
:10A87000722073706163653A20617474656D7074E1
:10A88000656420746F2073746F7265202575206273
:10A89000797465732C206275666665722073697AB7
:10A8A000653A2025750000004661696C6564207476
:10A8B0006F20616C6C6F636174652062756666659C
:10A8C0007220666F722070726F63656475726520A6
:10A8D000257500002A726561645F637572736F721B
:10A8E000203C3D206275665F6C656E0072302F61A2
:10A8F000313A2020307825303878202072312F618D
:10A90000323A2020307825303878202072322F617A
:10A91000333A2020307825303878000072332F61A8
:10A92000343A2020307825303878207231322F693F
:10A93000703A2020307825303878207231342F6CEE
:10A94000723A2020307825303878000020787073F3
:10A95000723A202030782530387800004661756CD6
:10A9600074696E6720696E737472756374696F6E53
:10A97000206164647265737320287231352F7063AF
:10A98000293A20307825303878000000556E68610B
:10A990006E646C6564204952516E3A202564000053
:10A9A000535053454C20696E207468726561642071
:10A9B0006D6F646520646F6573206E6F7420696EBF
:10A9C0006469636174652050535000002A2A2A2A62
:10A9D0002A205553414745204641554C54202A2AA8
:10A9E0002A2A2A0020204469766973696F6E2062E2
:10A9F00079207A65726F00002020556E616C69675E
:10AA00006E6564206D656D6F727920616363657337
:10AA1000730000002020537461636B206F766572B1
:10AA2000666C6F772028636F6E746578742061722E
:10AA30006561206E6F742076616C69642900000086
:10AA400020204E6F20636F70726F636573736F7237
:10AA500020696E737472756374696F6E73000000A1
:10AA60002020496C6C6567616C206C6F6164206F9D
:10AA700066204558435F52455455524E20696E74C6
:10AA80006F205043000000002020496C6C65676116
:10AA90006C20757365206F6620746865204550537F
:10AAA000520000002020417474656D707420746F32
:10AAB000206578656375746520756E646566696E7A
:10AAC000656420696E737472756374696F6E0000DB
:10AAD0002A2A2A2A2A204465627567206D6F6E69CA
:10AAE000746F7220657863657074696F6E202A2AAE
:10AAF0002A2A2A0052657365727665642045786358
:10AB0000657074696F6E20280000000053707572C4
:10AB1000696F757320696E74657272757074202820
:10AB200049525120000000002A2A2A2A2A2025738F
:10AB300020256429202A2A2A2A2A00002A2A2A2AA9
:10AB40002A204D5055204641554C54202A2A2A2A65
:10AB50002A0000002020537461636B696E672065D2
:10AB600072726F722028636F6E74657874206172E0
:10AB70006561206D69676874206265206E6F74205E
:10AB800076616C69642900002020556E73746163DE
:10AB90006B696E67206572726F72000020204461DD
:10ABA0007461204163636573732056696F6C6174CF
:10ABB000696F6E0020204D4D464152204164647201
:10ABC0006573733A20307825780000002020496EA4
:10ABD000737472756374696F6E2041636365737318
:10ABE0002056696F6C6174696F6E00002020466C9E
:10ABF0006F6174696E672D706F696E74206C617A15
:10AC00007920737461746520707265736572766102
:10AC100074696F6E206572726F72000057455354ED
:10AC20005F544F504449522F7A65706879722F6192
:10AC30007263682F61726D2F636F72652F636F721D
:10AC40007465785F6D2F6661756C742E630000000B
:10AC5000212828285343425F54797065202A2920EF
:10AC6000282830784530303045303030554C292058
:10AC70002B20307830443030554C2920292D3E434C
:10AC80004653522026202831554C203C3C20283069
:10AC900055202B20345529292900000009537461BF
:10ACA000636B696E67206F72204461746120416339
:10ACB000636573732056696F6C6174696F6E20658C
:10ACC00072726F7220776974686F75742073746123
:10ACD000636B2067756172642C20757365722D6DCE
:10ACE0006F6465206F72206E756C6C2D706F696E6D
:10ACF00074657220646574656374696F6E0A0A0016
:10AD00002A2A2A2A2A20425553204641554C5420AB
:10AD10002A2A2A2A2A0000002020537461636B69C2
:10AD20006E67206572726F72000000002020507202
:10AD30006563697365206461746120627573206561
:10AD400072726F7200000000202042464152204182
:10AD50006464726573733A203078257800000000CF
:10AD60002020496D70726563697365206461746148
:10AD700020627573206572726F7200002020496E28
:10AD8000737472756374696F6E2062757320657277
:10AD9000726F72002A2A2A2A2A20484152442046E9
:10ADA00041554C54202A2A2A2A2A00002020427584
:10ADB00073206661756C74206F6E20766563746FA6
:10ADC00072207461626C652072656164000000002D
:10ADD00020204465627567206576656E740000000A
:10ADE00020204661756C7420657363616C617469C1
:10ADF0006F6E20287365652062656C6F772900008F
:10AE0000415243485F455843455054207769746820
:10AE100020726561736F6E2025780A00094661759E
:10AE20006C7420657363616C6174696F6E207769FF
:10AE300074686F75742046535220696E666F0A00FD
:10AE400009486172644661756C7420776974686F33
:10AE50007574204846535220696E666F20536861AE
:10AE60006C6C206E65766572206F636375720A0084
:10AE700065736620213D202828766F6964202A2981
:10AE8000302900000945534620636F756C64206EBD
:10AE90006F742062652072657472696576656420DE
:10AEA0007375636365737366756C6C792E20536874
:10AEB000616C6C206E65766572206F636375722EAF
:10AEC0000A000000574553545F544F504449522FD5
:10AED0007A65706879722F617263682F61726D2F65
:10AEE000636F72652F636F727465785F6D2F69721F
:10AEF000715F6D616E6167652E6300007072696FCE
:10AF0000203C3D20282831554C203C3C202833292A
:10AF100029202D203129000009696E76616C696451
:10AF2000207072696F7269747920256420666F726F
:10AF300020256420697271212076616C756573200B
:10AF40006D757374206265206C657373207468611D
:10AF50006E20256C750A0A006D7075004661696C7B
:10AF6000656420746F20616C6C6F63617465206E22
:10AF70006577204D505520726567696F6E20257585
:10AF80000A000000506172746974696F6E20257543
:10AF90003A20636F686572656E63652063686563F8
:10AFA0006B206661696C65642E000000496E7661F5
:10AFB0006C696420756E6465726C79696E67207265
:10AFC0006567696F6E20696E64657820257500007D
:10AFD000574553545F544F504449522F7A65706817
:10AFE00079722F617263682F61726D2F636F726562
:10AFF0002F6D70752F61726D5F6D70752E6300001F
:10B000002128726567696F6E5B6964785D2E647470
:10B010005F617474722026202831554C203C3C20FE
:10B0200028302929290000000952414D5F4E4F4325
:10B030004143484520776974682044545F4D454D2D
:10B040005F434143484541424C45206174747269F5
:10B05000627574650A0A000009436F6E6669677558
:10B0600072696E6720257520737461746963204D61
:10B07000505520726567696F6E73206661696C65F3
:10B08000640A0A00094D61726B696E67202575209C
:10B09000617265617320666F722064796E616D699B
:10B0A0006320726567696F6E73206661696C6564A1
:10B0B0000A0A0000095265717565737420746F2067
:10B0C000636F6E6669677572653A202575207265D3
:10B0D00067696F6E732028737570706F7274656422
:10B0E0003A202575290A0A00094661696C656420C1
:10B0F000746F20616C6C6F63617465204D505520D6
:10B10000726567696F6E732066726F6D2044540AB2
:10B110000A000000464C4153485F30005352414DF5
:10B120005F300000574553545F544F504449522FED
:10B130007A65706879722F6C69622F6C6962632F0F
:10B140007069636F6C6962632F6173736572742ECB
:10B15000630000006578697400000000574553548F
:10B160005F544F504449522F7A65706879722F6C42
:10B1700069622F6E65745F6275662F6275662E63F5
:10B18000000000006275662D3E6672616773203DA7
:10B190003D202828766F6964202A29302900000084
:10B1A000706F6F6C000000007265715F73697A6583
:10B1B000203C3D2073697A65000000006C6973745F
:10B1C000000000006F6C645F72656620213D2030D6
:10B1D000000000000962756620257020646F7562AA
:10B1E0006C6520667265650A000000006F6C645F24
:10B1F00072656620213D20307866660009627566BA
:10B200002025702072656620636F756E74206F76DE
:10B210006572666C6F770A00706172656E7400000B
:10B2200066726167000000006E65745F627566009B
:10B23000574553545F544F504449522F7A657068B4
:10B2400079722F6C69622F6E65745F6275662F620A
:10B2500075665F73696D706C652E63006275662D2F
:10B260003E6C656E203D3D20305500006E65745F7C
:10B270006275665F73696D706C655F7461696C722D
:10B280006F6F6D2862756629203E3D206C656E00EB
:10B290006275662D3E6C656E203E3D206C656E00CD
:10B2A0006E65745F6275665F73696D706C655F680B
:10B2B000656164726F6F6D2862756629203E3D205E
:10B2C0006C656E006E65745F6275665F73696D7044
:10B2D0006C650000736F63007075626C69630000D9
:10B2E00072616E646F6D0000253032583A2530323D
:10B2F000583A253032583A253032583A25303258AB
:10B300003A25303258202825732900007075626C68
:10B3100069632D696400000072616E646F6D2D6950
:10B320006400000062745F72706100004254204C3F
:10B330005720575100000000574553545F544F5059
:10B340004449522F7A65706879722F696E636C7503
:10B3500064652F7A65706879722F7379732F6279BB
:10B3600074656F726465722E68000000282870731F
:10B370007263203C2070647374202626202870732A
:10B380007263202B206C656E67746829203C3D2019
:10B390007064737429207C7C202870737263203E53
:10B3A0002070647374202626202870647374202B08
:10B3B000206C656E67746829203C3D207073726351
:10B3C0002929000009536F7572636520616E64203E
:10B3D00064657374696E6174696F6E206275666608
:10B3E000657273206D757374206E6F74206F76654F
:10B3F000726C61700A000000574553545F544F50FF
:10B400004449522F7A65706879722F696E636C7542
:10B4100064652F7A65706879722F626C7565746FD8
:10B420006F74682F6275662E68000000574553548C
:10B430005F544F504449522F7A65706879722F7368
:10B4400075627379732F626C7565746F6F74682F92
:10B45000686F73742F6275662E630000747970656F
:10B46000203D3D2042545F4255465F455654207C66
:10B470007C2074797065203D3D2042545F425546E2
:10B480005F41434C5F494E207C7C2074797065207D
:10B490003D3D2042545F4255465F49534F5F494E00
:10B4A0000000000009496E76616C6964206275666F
:10B4B0006665722074797065207265717565737444
:10B4C00065640A006D6574612D3E706172656E740D
:10B4D0000000000076696577000000006E65745F0B
:10B4E0006275665F68656164726F6F6D2870617206
:10B4F000656E7429203E2030000000002162745FD8
:10B500006275665F6861735F7669657728706172DE
:10B51000656E74290000000062745F627566000049
:10B5200062745F6461746100756E6B6E6F776E003C
:10B53000546F6F20736D616C6C20282575206279C3
:10B5400074657329206576656E74203078253032F5
:10B55000780000004E756D206F6620436F6E747228
:10B560006F6C6C657227732041434C207061636B74
:10B5700065747320213D2041434C2062745F636FEA
:10B580006E6E5F747820636F6E74657874732028B4
:10B59000257520213D20257529000000556E657810
:10B5A000706563746564207374617475732030789A
:10B5B00025303278202573004461746120627566FD
:10B5C000666572206F766572666C6F7720286C698D
:10B5D0006E6B2074797065203078253032782900C0
:10B5E000556E61626C6520746F206C6F6F6B207597
:10B5F0007020636F6E6E20776974682068616E6476
:10B600006C65202575000000556E61626C652074C4
:10B610006F206C6F6F6B757020636F6E6E20666F3E
:10B62000722068616E646C6520257500556E6B6EC6
:10B630006F776E20636F6E6E2068616E646C65203C
:10B6400030782530345820666F72207472616E73C2
:10B650006D697420706F776572207265706F727497
:10B660000000000048617264776172652065727243
:10B670006F722C20686172647761726520636F64F9
:10B68000653A202564000000657674206E756D5F54
:10B6900068616E646C657320283D25752920746F80
:10B6A0006F206C617267652028257A75203E202501
:10B6B000752900004E6F20636F6E6E656374696F4D
:10B6C0006E20666F722068616E646C65202575005F
:10B6D0007061636B65747320636F756E74206D6940
:10B6E000736D617463680000574553545F544F5045
:10B6F0004449522F7A65706879722F737562737935
:10B70000732F626C7565746F6F74682F686F7374D4
:10B710002F6863695F636F72652E630061746F6D7C
:10B7200069635F6765742826636F6E6E2D3E696E70
:10B730005F6C6C29000000004E6F20636F6D6D61BF
:10B740006E642073656E7420666F7220636D642072
:10B75000636F6D706C6574652030782530347800C7
:10B760004F70436F64652030782530347820636FE4
:10B770006D706C6574656420696E737465616420B6
:10B780006F66206578706563746564203078253055
:10B79000347800002162756600000000556E686113
:10B7A0006E646C6564206576656E74203078253033
:10B7B0003278206C656E2025753A202573000000D4
:10B7C0006576745F666C6167732026202831554C5E
:10B7D000203C3C20283029290000000062745F686A
:10B7E00063695F6576745F6765745F666C616773D4
:10B7F000286864722D3E65767429202620283155EC
:10B800004C203C3C2028312929000000556E6861FD
:10B810006E646C65642076656E646F722D737065FE
:10B820006369666963206576656E742030782530BB
:10B830003278206C656E2025753A20257300000053
:10B84000436F756C64206E6F74207375626D6974DC
:10B850002072785F776F726B3A20256400000000D9
:10B86000496E76616C696420484349206576656E4F
:10B87000742073697A65202825752900496E7661E0
:10B880006C6964204C45206D657461206576656E39
:10B89000742073697A65202825752900496E7661C0
:10B8A0006C69642062756620747970652025750066
:10B8B000496E76616C6964204843492041434C20BD
:10B8C0007061636B65742073697A6520282575291A
:10B8D0000000000041434C2064617461206C656E7F
:10B8E000677468206D69736D6174636820282575BD
:10B8F00020213D2025752900556E61626C652074FC
:10B900006F2066696E6420636F6E6E20666F7220B2
:10B9100068616E646C65202575000000556E6B6E65
:10B920006F776E20627566207479706520257500CA
:10B93000696E74657276616C2065786365656473A1
:10B94000207468652076616C69642072616E676539
:10B9500020257520757300006C6174656E63792015
:10B9600065786365656473207468652076616C69C9
:10B97000642072616E67652030782530347800006D
:10B98000737570765F74696D656F75742065786323
:10B9900065656473207468652076616C69642072E3
:10B9A000616E6765203078253034780062745F748A
:10B9B000785F70726F636573736F72004661696C54
:10B9C000656420746F207365742072657175697287
:10B9D0006564207365637572697479206C6576653A
:10B9E0006C0000004E6F206368616E676520746FA5
:10B9F00020656E6372797074696F6E207374617400
:10BA0000652028656E637279707420307825303235
:10BA1000782900005B305D00484349207472616EF4
:10BA200073706F72743A2025730000005344430012
:10BA30004964656E7469747925733A202573000032
:10BA40004964656E746974795B25645D3A20257379
:10BA5000000000004843493A2076657273696F6EB2
:10BA60002025732028307825303278292072657699
:10BA70006973696F6E203078253034782C206D61C1
:10BA80006E75666163747572657220307825303426
:10BA9000780000004C4D503A2076657273696F6EE5
:10BAA000202573202830782530327829207375625C
:10BAB0007665722030782530347800000925640AD4
:10BAC00000000000556E61626C6520746F20736524
:10BAD0006E6420746F2064726976657220286572C6
:10BAE000722025642900000009436F6E74726F6C28
:10BAF0006C657220756E726573706F6E73697665B2
:10BB00002C20636F6D6D616E64206F70636F646570
:10BB1000203078253034782074696D656F75742015
:10BB200077697468206572722025640A000000003D
:10BB30006F70636F646520307825303478207374BB
:10BB400061747573203078253032782025730000B9
:10BB500056656E646F722048434920657874656E3F
:10BB600073696F6E73206E6F7420617661696C61AA
:10BB7000626C6500485720506C6174666F726D3A54
:10BB800020257320283078253034782900000000E3
:10BB900048572056617269616E743A2025732028D7
:10BBA00030782530347829004669726D7761726586
:10BBB0003A202573202830782530327829205665A0
:10BBC0007273696F6E2025752E2575204275696C1C
:10BBD00064202575000000004661696C656420746E
:10BBE0006F207265616420737570706F7274656424
:10BBF0002076656E646F7220636F6D6D616E647325
:10BC0000000000004661696C656420746F207265F5
:10BC1000616420737570706F727465642076656EF0
:10BC2000646F722066656174757265730000000050
:10BC30004661696C656420746F207265616420449C
:10BC40004C45206D61782064617461206C656E00E4
:10BC500074785F6F63746574732065786365656479
:10BC600073207468652076616C69642072616E6708
:10BC7000652025750000000074785F74696D65208B
:10BC800065786365656473207468652076616C69A6
:10BC9000642072616E676520257500004E6F6E2D01
:10BCA0004C452063617061626C6520636F6E7472D5
:10BCB0006F6C6C65722064657465637465642100E3
:10BCC000436F6E74726F6C6C657220646F65732065
:10BCD0006E6F7420737570706F727420274C455F9F
:10BCE000524541445F4D41585F4144565F44415481
:10BCF000415F4C454E272E20417373756D696E6709
:10BD0000206D6178696D756D206C656E6774682053
:10BD100069732033312062797465732E000000004E
:10BD200041434C2042522F4544522062756666655D
:10BD30007273206E6F7420696E697469616C697AC0
:10BD40006564000048434920647269766572206921
:10BD500073206E6F74207265616479004661696C4E
:10BD6000656420746F20736574206465766963650B
:10BD7000206E616D65202825642900004254205200
:10BD800058205751000000004843492064726976EA
:10BD90006572206F70656E206661696C656420282D
:10BDA000256429006576742D3E7374617475732063
:10BDB0003D3D2030783030004E6F2070656E6469F4
:10BDC0006E6720636F6E6E20666F7220706565729D
:10BDD000202573004F7574206F6620636F6D6D6151
:10BDE0006E6420627566666572730000556E6162EE
:10BDF0006C6520746F20616C6C6F63617465206288
:10BE00007566666572000000556E657870656374CE
:10BE1000656420484F53545F4E554D5F434F4D501E
:10BE20004C455445445F5041434B4554532C20737B
:10BE30007461747573203078253032782025730052
:10BE4000556E636C65617265642070656E64696EC1
:10BE5000672073656E745F636D640000312E30621D
:10BE600000000000312E3100312E3200322E300021
:10BE7000322E3100332E3000342E3000342E31007B
:10BE8000342E3200352E3000352E3100352E320062
:10BE9000352E3300352E3400362E3000362E31004C
:10BEA000362E3200362E33005374616E6461726434
:10BEB00020426C7565746F6F746820636F6E747266
:10BEC0006F6C6C657200000056656E646F72207353
:10BED0007065636966696320636F6E74726F6C6C02
:10BEE000657200004669726D77617265206C6F61E2
:10BEF0006465720052657363756520696D6167657D
:10BF000000000000726573657276656400000000D1
:10BF10006E524635317800006E5246353278000058
:10BF20006E524635337800006E52463534487800FC
:10BF30006E524635344C7800496E74656C20436F00
:10BF400072706F726174696F6E0000004E6F726480
:10BF500069632053656D69636F6E647563746F7296
:10BF6000000000004E58502053656D69636F6E6489
:10BF70007563746F727300004573707265737369D3
:10BF8000662053797374656D7300000062745F6896
:10BF900063695F636F726500574553545F544F5038
:10BFA0004449522F7A65706879722F73756273797C
:10BFB000732F626C7565746F6F74682F686F73741C
:10BFC0002F69642E63000000636F6E666C69637492
:10BFD00020213D202828766F6964202A29302900F5
:10BFE000636F6E666C6963742D3E63616E64696431
:10BFF00061746520213D202828766F6964202A29F4
:10C00000302900007265736964656E7420213D20DB
:10C010002828766F6964202A2930290028636F6EEA
:10C02000666C6963742D3E63616E646964617465F6
:10C030002D3E737461746520262042545F4B455930
:10C04000535F49445F414444454429203D3D2030ED
:10C0500000000000636D6420646973616C6C6F772D
:10C06000656400005365742070726976616379209D
:10C070006D6F646520636F6D6D616E642069732000
:10C080006E6F7420737570706F7274656400000059
:10C090005265616420537461746963204164647201
:10C0A000657373657320636F6D6D616E64206E6F71
:10C0B0007420617661696C61626C65004661696CCF
:10C0C000656420746F2072656164207374617469A3
:10C0D0006320616464726573736573004E6F2073CF
:10C0E000746174696320616464726573736573203D
:10C0F00073746F72656420696E20636F6E74726F03
:10C100006C6C6572000000004661696C65642074A7
:10C110006F2064697361626C652061646472657329
:10C1200073207265736F6C7574696F6E0000000028
:10C130005265736F6C76696E67206C6973742073D7
:10C14000697A652065786365656465642E20537738
:10C1500069746368696E6720746F20686F73742EEA
:10C16000000000004661696C656420746F20636C98
:10C17000656172207265736F6C7574696F6E206C87
:10C18000697374004661696C656420746F20616432
:10C19000642049524B20746F20636F6E74726F6C11
:10C1A0006C6572004661696C656420746F2073650C
:10C1B000742070726976616379206D6F6465000028
:10C1C00062745F6465762E6C652E726C5F656E744A
:10C1D00072696573203E203000000000446973617D
:10C1E000626C696E67206164647265737320726546
:10C1F000736F6C7574696F6E206661696C6564201D
:10C200002865727220256429000000004661696C6F
:10C21000656420746F2072656D6F76652049524B9E
:10C220002066726F6D20636F6E74726F6C6C6572D6
:10C23000000000004F6E6C792072616E646F6D209B
:10C24000737461746963206964656E7469747920BC
:10C250006164647265737320737570706F72746556
:10C2600064000000496E76616C696420696E7075C7
:10C270007420706172616D657465727300000000F6
:10C280004661696C656420746F207265616420701A
:10C2900075626C6963206164647265737300000089
:10C2A00043616E27742073657420626F746820493F
:10C2B00044454E544954592026204E5250410000C6
:10C2C000556E61626C6520746F20736574206964BB
:10C2D000656E7469747920616464726573730000BB
:10C2E000556E61626C6520746F2073657420726195
:10C2F0006E646F6D2061646472657373000000008A
:10C3000062745F6964000000574553545F544F5096
:10C310004449522F7A65706879722F737562737908
:10C32000732F626C7565746F6F74682F686F7374A8
:10C330002F6164762E63000073747265616D2D3E0B
:10C3400072656D61696E696E675F73697A65203EBB
:10C350003D20726561645F6C656E0000546F6F20F4
:10C36000626967206164766572746973696E6720BB
:10C370006461746100000000616476206F72207354
:10C3800063616E20727370206461746120746F6FDA
:10C39000206C617267652028257A75203E206D61CA
:10C3A00078202575290000004661696C6564207459
:10C3B0006F2073746172742061647665727469733E
:10C3C000657200004E6F2076616C6964206164764E
:10C3D0000000000062745F61647600004661696C71
:10C3E000656420746F2067656E65726174652045B1
:10C3F0004343206B65792025640000004661696C29
:10C40000656420746F206578706F727420454343B3
:10C41000207075626C6963206B657920256400006B
:10C420004661696C656420746F206578706F727402
:10C43000204543432070726976617465206B65798D
:10C44000202564004661696C656420746F20646512
:10C450007374726F7920454343206B65792049449A
:10C46000202564004661696C656420746F20696DE5
:10C47000706F72742074686520707269766174657B
:10C48000206B657920666F72206B65792061677219
:10C4900065656D656E74202564000000526177202B
:10C4A0006B65792061677265656D656E7420666184
:10C4B000696C6564202564004661696C656420745C
:10C4C0006F2064657374726F7920746865206B6582
:10C4D00079202564000000007073615F696D706FE2
:10C4E00072745F6B657928292072657475726E6548
:10C4F00064207374617475732025640042757379C8
:10C5000020706572666F726D696E6720616E6F7400
:10C510006865722045434448206F70657261746994
:10C520006F6E000062745F6563630000646973632B
:10C530006F6E6E6563742D636F6D706C65746500EE
:10C540007363616E2D6265666F72652D696E6974C5
:10C55000696174696E670000696E69746961746904
:10C560006E672D66696C7465722D6C69737400005A
:10C570006164762D636F6E6E65637461626C6500D5
:10C580006164762D6469722D636F6E6E656374618C
:10C59000626C6500646973636F6E6E656374696E67
:10C5A0006700000028756E6B6E6F776E29000000C3
:10C5B000574553545F544F504449522F7A65706821
:10C5C00079722F7375627379732F626C7565746FEE
:10C5D0006F74682F686F73742F636F6E6E2E6300B5
:10C5E0006362203C3D205F62745F636F6E6E5F63C9
:10C5F000625F6C6973745F656E64000009496E76F2
:10C60000616C696420636F6E6E2073746174652061
:10C6100025750A006B5F63757272656E745F67657E
:10C62000742829203D3D206B5F776F726B5F7175B9
:10C630006575655F7468726561645F6765742874A9
:10C64000785F6E6F746966795F776F726B7175650D
:10C6500075655F67657428292900000074780000FB
:10C6600069735F61636C5F636F6E6E28636F6E6E7C
:10C670002900000050485920307825303278206E4B
:10C680006F7420737570706F7274656400000000C1
:10C690002162745F6275665F6861735F7669657752
:10C6A000286F757473696465290000004661696CC0
:10C6B000656420726561642072656D6F74652066C3
:10C6C0006561747572657320282564290000000077
:10C6D0004661696C6564204C452053657420504860
:10C6E00059202825642900004661696C656420741E
:10C6F0006F207365742064617461206C656E2028FE
:10C7000025642900094E6F20636F6E74726F6C6C24
:10C71000657220627566730A00000000094E6F2082
:10C72000545820636F6E746578740A0030207C7CE6
:10C7300020286275662D3E726566203D3D203129B8
:10C74000207C7C20286275662D3E726566203D3D0A
:10C75000203229006672616720213D202828766FEB
:10C760006964202A2930290009496E76616C696460
:10C7700020636F6E6E656374696F6E207479706587
:10C780002025750A0000000009636F756C646E2730
:10C7900074207375626D6974202865727220256437
:10C7A000290A0000556E65787065637465642066BB
:10C7B00069727374204C32434150206672616D651A
:10C7C00000000000556E6578706563746564204CE8
:10C7D0003243415020636F6E74696E756174696F86
:10C7E0006E0000004E6F7420656E6F756768206282
:10C7F000756666657220737061636520666F72206E
:10C800004C3243415020646174610000556E65787C
:10C810007065637465642041434C20666C61677386
:10C8200020283078253032782900000041434C2000
:10C830006C656E206D69736D617463682028257561
:10C84000203E202575290000636F6E6E00000000F9
:10C8500009496E76616C696420636F6E6E656374FE
:10C86000696F6E207265666572656E63650A0000A9
:10C870006F6C64203E20300009436F6E6E2072653D
:10C88000666572656E636520636F756E7465722090
:10C89000697320300A00000021636F6E6E5F747848
:10C8A0005F69735F70656E64696E67000974785FB5
:10C8B000636F6D706C6574655F776F726B20697301
:10C8C0002070656E64696E67207768656E20636F9F
:10C8D0006E6E206973206465616C6C6F6361746552
:10C8E000640A0000746D7020213D20636F6E6E003D
:10C8F0007072657620213D2026636F6E6E2D3E5F3F
:10C90000636F6E6E5F726561647900006E6F207494
:10C9100072616E736974696F6E2025730000000088
:10C92000496E76616C69642028257529206F6C64D6
:10C930002073746174650000636F6E6E2025702033
:10C940006661696C656420746F2065737461626CE4
:10C950006973682E205246206E6F6973653F000030
:10C960006E6F2076616C69642028257529207374A8
:10C97000617465207761732073657400696E636FFD
:10C980006D70617469626C652068616E646C6520AD
:10C99000257500002828636F6E6E29202626202822
:10C9A0002875696E747074725F74292861636C5F96
:10C9B000636F6E6E732929203C3D20282875696EAF
:10C9C000747074725F742928636F6E6E2929202633
:10C9D0002620282875696E747074725F7429286324
:10C9E0006F6E6E2929203C20282875696E7470743A
:10C9F000725F742928262861636C5F636F6E6E73A3
:10CA0000295B282873697A655F7429282828696E4C
:10CA1000742973697A656F6628636861725B312077
:10CA20002D202832202A202128215F5F6275696C21
:10CA300074696E5F74797065735F636F6D70617434
:10CA400069626C655F70285F5F747970656F665F9F
:10CA50005F2861636C5F636F6E6E73292C205F5F6C
:10CA6000747970656F665F5F28262861636C5F6309
:10CA70006F6E6E73295B305D292929295D29202D70
:10CA8000203129202B202873697A656F662861631D
:10CA90006C5F636F6E6E7329202F2073697A656FE8
:10CAA00066282861636C5F636F6E6E73295B305D0F
:10CAB000292929295D292920262620282828756941
:10CAC0006E747074725F742928636F6E6E292920EA
:10CAD0002D20282875696E747074725F742928611E
:10CAE000636C5F636F6E6E7329292920252073693B
:10CAF0007A656F66282861636C5F636F6E6E732959
:10CB00005B305D29203D3D203029000009496E76CB
:10CB1000616C69642062745F636F6E6E20706F6910
:10CB20006E7465720A00000054696D656F7574203B
:10CB30006469736361726465642E204E6F20626C59
:10CB40006F636B696E6720696E2073797377712EDE
:10CB50000000000009496E76616C696420636F6EA5
:10CB60006E20747970652025750A00004661746135
:10CB70006C206572726F7220282564292E2044690A
:10CB800073636F6E6E656374696E67202570000055
:10CB9000466F756E642076616C696420636F6E6E9B
:10CBA000656374696F6E2028257029207769746821
:10CBB000206164647265737320257320696E20257B
:10CBC00073207374617465200000000053656E6407
:10CBD000204C4520706172616D20757064617465D0
:10CBE000206661696C65642028657272202564295D
:10CBF0000000000062745F636F6E6E00574553540F
:10CC00005F544F504449522F7A65706879722F7380
:10CC100075627379732F626C7565746F6F74682FAA
:10CC2000686F73742F6C326361702E6300000000B4
:10CC300073203D3D20266C655F6368616E2D3E5F0D
:10CC40007064755F72656164790000004E6F2061E9
:10CC50007661696C61626C65204C3243415020639F
:10CC60006F6E7465787420666F7220636F6E6E20CD
:10CC700025700000496E76616C6964204C45206324
:10CC80006F6E6E20706172616D20727370207369B7
:10CC90007A652028257520213D20257A75290000F8
:10CCA000556E61626C6520746F20616C6C6F63619E
:10CCB0007465204C32434150206368616E6E656C30
:10CCC00020494400556E61626C6520746F20616C70
:10CCD0006C6F636174652062756666657220666F4D
:10CCE00072206F702030782530327800457870657A
:10CCF0006374696E6720757020746F2025642072DC
:10CD00006566732C20676F7420256400636F6E6EF8
:10CD10002D3E7374617465203D3D2042545F434F46
:10CD20004E4E5F434F4E4E45435445440000000075
:10CD3000616C7265616479206861766520766965E9
:10CD400077206F6E202570006669666F5F7064756E
:10CD5000203D3D207064750028666368616E2D3E3D
:10CD6000636964203E3D2030783030303120262603
:10CD700020666368616E2D3E636964203C3D20300F
:10CD80007830303366290000094349442025752056
:10CD90006973206E6F7420696E20746865206669FF
:10CDA000786564206368616E6E656C2072616E6781
:10CDB000650A00006368616E203D3D202828766F7B
:10CDC0006964202A2930290009466978656420634E
:10CDD00068616E6E656C20776974682043494420F1
:10CDE000257520616C72656164792065786973745A
:10CDF000730A0000666368616E203C3D205F6274C8
:10CE00005F6C326361705F66697865645F636861F7
:10CE10006E5F6C6973745F656E640000546F6F20A1
:10CE2000736D616C6C204C32434150207369676EA6
:10CE3000616C696E67205044550000004C324341DC
:10CE400050206C656E677468206D69736D617463E2
:10CE5000682028257520213D202575290000000027
:10CE6000496E76616C6964206964656E74207661D0
:10CE70006C756520696E204C3243415020504455FA
:10CE80000000000052656A656374696E6720756E04
:10CE90006B6E6F776E204C324341502050445520CA
:10CEA000636F64652030782530327800546F6F20CE
:10CEB000736D616C6C204C324341502050445520BE
:10CEC00072656365697665640000000049676E6F8E
:10CED00072696E67206461746120666F7220756E7E
:10CEE0006B6E6F776E206368616E6E656C2049446F
:10CEF000203078253034780062745F6C3263617062
:10CF000000000000574553545F544F504449522F7E
:10CF10007A65706879722F7375627379732F626C9A
:10CF20007565746F6F74682F686F73742F61747494
:10CF30002E6300006E65745F6275665F706F6F6C64
:10CF40005F676574286275662D3E706F6F6C5F69F0
:10CF50006429203D3D20266174745F706F6F6C0002
:10CF6000415454206368616E6E656C206E6F74204E
:10CF7000636F6E6E65637465640000006275662D94
:10CF80003E6C656E203E3D2073697A656F6628733E
:10CF900074727563742062745F6174745F68647224
:10CFA000290000004572726F72207369676E696EA6
:10CFB000672064617461000052616E206F75742097
:10CFC0006F662054582062756666657273206F72B2
:10CFD00020636F6E74657874732E00004661696C0F
:10CFE000656420746F207375626D69742061747458
:10CFF0005F74785F64657374726F795F776F726B5B
:10D000003A20256400000000476F7420657272208A
:10D0100025642C206E6F742063616C6C696E6720D0
:10D02000415454206362000009556E6B6E6F776E39
:10D03000206F702074797065203078253032580A5E
:10D04000000000004661696C656420746F207265A1
:10D050002D7375626D69742025733A202564000074
:10D060004E6F7420636F6E6E6563746564000000BC
:10D07000556E61626C6520746F2066696E64204134
:10D080005454206368616E6E656C000041545420F6
:10D090004D54552065786365656465642C206D6129
:10D0A000782025752C2077616E74656420257A754B
:10D0B00000000000556E61626C6520746F20637221
:10D0C000656174652072657472792050445520281A
:10D0D000257529004E6F20617661696C61626C650F
:10D0E00020415454206368616E6E656C20666F72D7
:10D0F00020636F6E6E202570000000004E6F20616F
:10D100007661696C61626C652041545420636F6E76
:10D110007465787420666F7220636F6E6E20257060
:10D1200000000000556E61626C6520746F206372B0
:10D130006561746520657272207273702050445569
:10D1400000000000556E61626C6520746F20637290
:10D1500065617465207273702050445500000000B2
:10D16000556E61626C6520746F20637265617465D1
:10D1700020555549443A2073697A65202575000089
:10D18000556E61626C6520746F20637265617465B1
:10D1900020555549443A2073697A6520256400007A
:10D1A000546F6F20736D616C6C2041545420504457
:10D1B000552072656365697665640000556E686127
:10D1C0006E646C65642041545420636F6465203044
:10D1D0007825303278000000496E76616C696420F1
:10D1E0006C656E20257520666F7220636F64652004
:10D1F00030782530327800004E6F2041545420633F
:10D2000068616E6E656C20666F72204D54552025E6
:10D210007A7500004E6F2070656E64696E672041FC
:10D2200054542072657175657374000044697363AA
:10D230006F6E6E656374696E67206661696C6564A4
:10D240002028657272202564290000004154542072
:10D2500054696D656F757420666F722064657669B8
:10D2600063652025732E20446973636F6E6E65635A
:10D2700074696E672E2E2E007265710062745F6194
:10D2800074740000434D41432075706461746520DF
:10D290006661696C6564202564000000556E6162FA
:10D2A0006C6520746F20696D706F7274207468658E
:10D2B000206B657920666F722041455320434D41B4
:10D2C0004320256400000000434D4143206F7065FA
:10D2D000726174696F6E20696E6974206661696C31
:10D2E0006564202564000000434D41432066696E5B
:10D2F000697368206661696C6564202564000000BC
:10D30000574553545F544F504449522F7A657068C3
:10D3100079722F7375627379732F626C7565746F90
:10D320006F74682F686F73742F676174742E630055
:10D33000737663203C3D205F62745F676174745F45
:10D34000736572766963655F7374617469635F6C3A
:10D350006973745F656E6400756E61626C652074DC
:10D360006F20736176652053433A206E6F206366A9
:10D3700067206C65667400004E6F20737061636592
:10D3800020746F2073746F726520436C69656E74CE
:10D3900020537570706F7274656420466561747592
:10D3A000726573004661696C656420746F20636CFC
:10D3B0006561722053432025640000004E6F207386
:10D3C0007061636520746F2073746F7265204343CE
:10D3D00043206366670000007374617469635F7360
:10D3E0007663203C3D205F62745F676174745F7395
:10D3F0006572766963655F7374617469635F6C6994
:10D4000073745F656E64000009696E76616C6964AF
:10D4100020706172616D657465720A0A0000000017
:10D4200052656164206D6574686F64206E6F74204E
:10D43000736574004661696C656420746F20726561
:10D44000616420617474726962757465202570204E
:10D450002865727220257A6429000000496E766181
:10D460006C69642072656164206C656E6774683AEB
:10D4700020257A6400000000094E6F206D6F7265F0
:10D4800020617474726962757465730A0A00000021
:10D49000706172616D73000009696E76616C696418
:10D4A00020706172616D65746572730A0A00000014
:10D4B000706172616D732D3E61747472207C7C208A
:10D4C000706172616D732D3E7575696400000000B6
:10D4D0002161746F6D69635F746573745F626974F1
:10D4E0002873632D3E666C6167732C2053435F493C
:10D4F0004E4449434154455F50454E44494E4729A7
:10D500000000000009496E64696361746520616C04
:10D5100072656164792070656E64696E670A0000E7
:10D52000534320726573746F726520696E6469631A
:10D530006174696F6E206661696C6564000000004B
:10D54000434343202570206E6F74207772697461A5
:10D55000626C65004661696C656420746F20736558
:10D560007420736563757269747920666F722062C6
:10D570006F6E6465642070656572202825642900DB
:10D5800062745F6761747400556E61626C652074CB
:10D590006F2066696E6420534D50206368616E6E23
:10D5A000656C00004E6F20617661696C61626C652C
:10D5B00020534D5020636F6E7465787420666F72CF
:10D5C00020636F6E6E20257000000000556E6B6E3C
:10D5D0006F776E2070616972696E67206D6574681F
:10D5E0006F6420282575290043616C63756C617434
:10D5F0006520636F6E6669726D206661696C656433
:10D6000000000000574553545F544F504449522F77
:10D610007A65706879722F7375627379732F626C93
:10D620007565746F6F74682F686F73742F736D7086
:10D630002E630000757365725F64617461203D3D07
:10D64000202828766F6964202A29302900000000EC
:10D6500043616C63756C617465204C544B2066614A
:10D66000696C65640000000043616C63756C6174F3
:10D6700065206C6F63616C2044484B65792063685A
:10D6800065636B206661696C6564000043616C636F
:10D69000756C6174652072656D6F74652044484BCC
:10D6A000657920636865636B206661696C656400F9
:10D6B0004661696C656420746F2067656E65726190
:10D6C00074652044484B65790000000052656D6F19
:10D6D0007465207075626C6963206B657920726572
:10D6E0006A656374656400004E6F206B6579732012
:10D6F000737061636520666F7220257300000000FF
:10D7000052656D6F7465206973207573696E67204B
:10D710004465627567205075626C6963206B65793A
:10D7200000000000526563656976656420696E7665
:10D73000616C6964207075626C6963206B65790047
:10D74000556E61626C6520746F20676574206B652F
:10D75000797320666F722025730000002128736D95
:10D76000702D3E72656D6F74655F646973742026F9
:10D7700020307830322900005265667573696E6713
:10D78000206E65772070616972696E672E2054681B
:10D7900065206F6C6420626F6E64206D75737420F9
:10D7A000626520756E706169726564206669727366
:10D7B000742E00002162745F69645F66696E645F45
:10D7C000636F6E666C696374286E65775F626F6EF7
:10D7D000642C20302900000054686520696E2D708B
:10D7E000726F67726573732070616972696E67200A
:10D7F000686173206265656E2064656C657465643C
:10D8000021000000534D5020646F6573206E6F74CB
:10D8100020616C6C6F7720612070616972696E673E
:10D82000206661696C757265206174207468697323
:10D8300020706F696E742E204B6E6F776E20697347
:10D840007375652E20446973636F6E6E65637469CA
:10D850006E6720696E73746561642E005075626C2A
:10D860006963206B6579206E6F7420617661696CE5
:10D8700061626C6500000000546F6F20736D616C15
:10D880006C20534D50205044552072656365697675
:10D8900065640000534D5020636F6D6D616E6420B0
:10D8A00028636F64652030782530327829207265CE
:10D8B0006365697665642061667465722074696D5C
:10D8C000656F757400000000526563656976656474
:10D8D00020726573657276656420534D5020636FC6
:10D8E000646520307825303278000000556E68611C
:10D8F0006E646C656420534D5020636F6465203006
:10D900007825303278000000556E65787065637454
:10D91000656420534D5020636F6465203078253056
:10D9200032780000496E76616C6964206964656EC6
:10D93000746974792025730020666F722025730046
:10D9400070616972696E67206661696C6564202820
:10D950007065657220726561736F6E20307825780E
:10D9600029000000534D502054696D656F75742077
:10D9700028666C6167733A30782530387820616C9E
:10D980006C6F7765645F636D64733A307825303807
:10D990007829000053432050616972204F6E6C79E2
:10D9A000204D6F64652073656C65637465642062E7
:10D9B0007574204C45205343206E6F74207375702E
:10D9C000706F72746564000062745F736D70000044
:10D9D000574553545F544F504449522F7A657068ED
:10D9E00079722F7375627379732F626C7565746FBA
:10D9F0006F74682F686F73742F6B6579732E630073
:10DA00006164647220213D202828766F6964202A91
:10DA10002930290066756E6320213D202828766F05
:10DA20006964202A293029006B65797320213D2003
:10DA30002828766F6964202A2930290062745F6B78
:10DA4000657973004661696C656420746F20616C50
:10DA50006C6F63617465206E6577207265617373A6
:10DA6000656D626C79206275666665720000000003
:10DA70004E554C4C20646F75626C6520706F696EFA
:10DA800074657220776173207061737365642077A9
:10DA900068656E20617474656D7074696E6720745A
:10DAA0006F2066726565207265617373656D626C67
:10DAB00079206275666665720000000041747465C5
:10DAC0006D7074656420646F75626C652066726544
:10DAD00065206F6E207265617373656D626C79206D
:10DAE00062756666657200005468652062756666D8
:10DAF000657220776173206E6F7420696E20746880
:10DB000065206C69737400004E6F7420656E6F75CC
:10DB10006768207265617373656D626C79206275E8
:10DB20006666657220737061636520666F7220732C
:10DB300075626576656E7420726573756C7400002D
:10DB40004E6F2062756666657220616C6C6F6361F2
:10DB500074656420666F72207468652072657375E1
:10DB60006C74207265617373656D626C790000007E
:10DB70004F7665722D7772697474656E20696E6375
:10DB80006F6D706C657465204353207375626576A4
:10DB9000656E7420726573756C7473004E6F2072BD
:10DBA00065617373656D626C792062756666657216
:10DBB0002077617320616C6C6F63617465642066AB
:10DBC0006F7220746869732043532070726F6365AD
:10DBD000647572652C20706F737369626C79206450
:10DBE000756520746F20616E206F75742D6F662DC2
:10DBF0006F72646572207375626576656E742072EB
:10DC00006573756C7420636F6E74696E75652065DD
:10DC100076656E7400000000446973636172646528
:10DC200064206F75742D6F662D6F7264657220703D
:10DC300061727469616C2043532073756265766507
:10DC40006E7420726573756C74730000556E657820
:10DC500070656374656420656E64206F662062750C
:10DC60006666657200000000526561642052656D51
:10DC70006F746520537570706F72746564204361B2
:10DC8000706162696C6974696573206661696C654D
:10DC9000642028737461747573203078253032588D
:10DCA00029000000436F756C64206E6F74206C6FE8
:10DCB0006F6B757020636F6E6E656374696F6E2035
:10DCC00068616E646C65207768656E20726561645A
:10DCD000696E672072656D6F7465204353206361C0
:10DCE000706162696C697469657300005265616492
:10DCF0002052656D6F746520464145205461626C09
:10DD000065206661696C6564207769746820737446
:10DD1000617475732030782530325800436F756C0C
:10DD200064206E6F74206C6F6F6B757020636F6E04
:10DD30006E656374696F6E2068616E646C652077D0
:10DD400068656E2072656164696E672072656D6FCB
:10DD5000746520464145205461626C6500000000F6
:10DD6000556E6B6E6F776E20636F6E6E6563746950
:10DD70006F6E2068616E646C65207768656E2070D8
:10DD8000726F63657373696E67207375626576651C
:10DD90006E7420726573756C7473000050726F63DB
:10DDA000656475726520737461747573206973207E
:10DDB000696E636F6E73697374656E7420776974CE
:10DDC00068207375626576656E742073746174750E
:10DDD000732E2044697363617264696E6720737582
:10DDE000626576656E7420726573756C747300007D
:10DDF00044697363617264696E67207061727469EB
:10DE0000616C20726573756C747320776974686FC8
:10DE10007574207374657020646174610000000083
:10DE2000526563656976656420696E636F6E7369B8
:10DE30007374656E74206E756D626572206F6620F6
:10DE4000616E74656E6E61207061746873206672B5
:10DE50006F6D2074686520636F6E74726F6C6C6593
:10DE6000723A2025642C2070726576696F75732074
:10DE70006E756D626572207761733A2025640000CB
:10DE8000435320436F6E666967206661696C656401
:10DE900020287374617475732030782530325829C6
:10DEA00000000000436F756C64206E6F74206C6F0F
:10DEB0006F6B757020636F6E6E656374696F6E2033
:10DEC00068616E646C65207768656E207265616458
:10DED000696E6720435320636F6E66696775726170
:10DEE00074696F6E00000000536563757269747920
:10DEF00020456E61626C65206661696C656420779F
:10DF000069746820737461747573203078253032B9
:10DF10005800000043616E2774206C6F6F6B757042
:10DF200020636F6E6E2068616E646C652077686533
:10DF30006E2072656164696E6720536563757269EE
:10DF4000747920456E61626C6520436F6D706C65FD
:10DF50007465206576656E740000000050726F6312
:10DF6000656475726520456E61626C6520666169E5
:10DF70006C656420776974682073746174757320AC
:10DF8000307825303258000043616E2774206C6F62
:10DF90006F6B757020636F6E6E2068616E646C6568
:10DFA000207768656E2072656164696E67205072C3
:10DFB0006F63656475726520456E61626C652043B0
:10DFC0006F6D706C657465206576656E7400000019
:10DFD00044652D616C6C6F636174696E67206120AC
:10DFE00064616E676C696E67207265617373656DDD
:10DFF000626C7920627566666572000054726965AC
:10E000006420746F20706172736520656D7074791F
:10E01000207374657020646174612E00456E636FB7
:10E02000756E7465726564207A65726F2D6C656EAD
:10E03000677468207374657020646174612E0000D9
:10E0400053746570206461746120617070656172E1
:10E0500073206D616C666F726D65642E0000000048
:10E0600062745F637300000062745F63727970743E
:10E070006F0000004661696C656420746F20696DF3
:10E08000706F727420414553206B657920256400C0
:10E090004661696C656420746F20636F6D70757480
:10E0A00065204D41432025640000000063616368E2
:10E0B000655F6E7266780000574553545F544F5049
:10E0C0004449522F7A65706879722F696E636C7556
:10E0D00064652F7A65706879722F7379732F6E6F0C
:10E0E000746966792E6800006E6F74696679202104
:10E0F0003D202828766F6964202A293029000000F5
:10E10000574553545F544F504449522F6D6F6475B7
:10E110006C65732F68616C2F6E6F726469632F6E0C
:10E120007266782F647269766572732F696E636C9C
:10E130007564652F6E7266785F636C6F636B2E68B3
:10E1400000000000574553545F544F504449522F2C
:10E150007A65706879722F647269766572732F635D
:10E160006C6F636B5F636F6E74726F6C2F636C6F39
:10E17000636B5F636F6E74726F6C5F6E72662E633B
:10E180000000000074797065203C20434C4F434BE5
:10E190005F434F4E54524F4C5F4E52465F5459505E
:10E1A000455F434F554E5400636C6F636B40313095
:10E1B00065303030000000006866636C6B00000062
:10E1C0006C66636C6B000000636C6F636B5F636F06
:10E1D0006E74726F6C0000007073612D726E670058
:10E1E000574553545F544F504449522F7A657068D5
:10E1F00079722F696E636C7564652F7A65706879C2
:10E20000722F647269766572732F6770696F2F67FA
:10E2100070696F5F7574696C732E680063616C6CF4
:10E220006261636B00000000094E6F2063616C6CDB
:10E230006261636B210A000063616C6C6261636BF5
:10E240002D3E68616E646C6572000000094E6F209F
:10E2500063616C6C6261636B2068616E646C657293
:10E26000210A0000574553545F544F504449522FE0
:10E270006D6F64756C65732F68616C2F6E6F72645F
:10E2800069632F6E7266782F68616C2F6E72665F9D
:10E290006770696F2E6800006E72665F6770696FE5
:10E2A0005F70696E5F70726573656E745F636865D9
:10E2B000636B282A705F70696E29000063622D3ECF
:10E2C00068616E646C657200574553545F544F50DB
:10E2D0004449522F7A65706879722F647269766545
:10E2E00072732F6770696F2F6770696F5F6E7266E8
:10E2F000782E63006770696F4031306130303000D4
:10E300006770696F40643832303000006770696F41
:10E3100040353034303000007561727440633630FF
:10E3200030300000756172745F6E7266785F75617F
:10E3300072746500574553545F544F504449522FEF
:10E340006E72662F7375627379732F626C75657464
:10E350006F6F74682F636F6E74726F6C6C65722F61
:10E360006863695F6472697665722E6300000000FD
:10E3700009536F667444657669636520436F6E74F4
:10E38000726F6C6C6572204153534552543A20258C
:10E39000732C2025640A0A00574553545F544F508C
:10E3A0004449522F7A65706879722F696E636C7573
:10E3B00064652F7A65706879722F64726976657208
:10E3C000732F656E74726F70792E68006170692D9D
:10E3D0003E6765745F656E74726F707920213D20B1
:10E3E0002828766F6964202A293029000943616C46
:10E3F0006C6261636B20706F696E74657220736804
:10E400006F756C64206E6F74206265204E554C4CA5
:10E410000A0000000954686520656E74726F707997
:10E4200020736F757263652072657475726E6564B2
:10E4300020616E206572726F7220696E20612062A9
:10E440006C6F636B696E672063616C6C0A0000001F
:10E450004576656E742062756666657220746F6FAE
:10E4600020736D616C6C2E20257A75203E202575F9
:10E4700000000000556E6578706563746564206DFA
:10E4800073675F747970653A2025752E205468692A
:10E49000732069662D656C7365206E6565647320F5
:10E4A00061206E6577206272616E63680000000013
:10E4B000574553545F544F504449522F6E72662F44
:10E4C000696E636C7564652F6D70736C2F6D7073FE
:10E4D0006C5F776F726B2E6800000000096B5F77CE
:10E4E0006F726B5F7375626D69745F746F5F717566
:10E4F0006575652829206661696C65642E0A0000CF
:10E50000556E6B6E6F776E206572726F72207768D2
:10E51000656E2070726F63657373696E67206863E0
:10E5200069206D65737361676520256400000000D4
:10E53000416C6C6F6361746564206D656D6F727999
:10E5400020746F6F206C6F773A20257A75203C20FD
:10E5500025750000536F66744465766963652043D2
:10E560006F6E74726F6C6C6572206275696C64207A
:10E570007265766973696F6E3A200000456E747239
:10E580006F707920736F7572636520646576696357
:10E5900065206E6F74207265616479004661696CF4
:10E5A000656420746F207265676973746572207288
:10E5B000616E6420736F757263652028256429007D
:10E5C00062745F6863695F736463000062745F73A1
:10E5D00064635F6863695F647269766572000000F6
:10E5E00062745F7364635F63727970746F000000BC
:10E5F000574553545F544F504449522F6E72662F03
:10E600007375627379732F6D70736C2F696E697493
:10E610002F6D70736C5F696E69742E63000000006B
:10E62000094D50534C204153534552543A202573C1
:10E630002C2025640A0A0000657272636F646520ED
:10E640003D3D203000000000096B5F776F726B5F0B
:10E650007363686564756C655F666F725F7175651D
:10E6600075652829206661696C65642E0A000000C2
:10E670004D50534C20576F726B0000006D70736CDF
:10E680005F696E6974000000556E737570706F720B
:10E69000746564204846434C4B206576656E743A39
:10E6A00020256400574553545F544F504449522F1E
:10E6B0006E72662F647269766572732F6D70736CFB
:10E6C0002F636C6F636B5F636F6E74726F6C2F6E12
:10E6D0007266785F636C6F636B5F6D70736C2E63D3
:10E6E00000000000094E6F7420737570706F7274B3
:10E6F00065640A006E7266785F636C6F636B5F6D52
:10E7000070736C00574553545F544F504449522F17
:10E710006D6F64756C65732F68616C2F6E6F7264BA
:10E7200069632F6E7266782F647269766572732FD3
:10E730007372632F6E7266785F6770696F74652E8F
:10E7400063000000705F6368616E6E656C000000BE
:10E75000574553545F544F504449522F6D6F647561
:10E760006C65732F68616C2F6E6F726469632F6EB6
:10E770007266782F68616C2F6E72665F6770696F62
:10E7800074652E6800000000696E646578203C2086
:10E790003800000070696E5F6861735F747269674A
:10E7A00067657228705F696E7374616E63652C2093
:10E7B00070696E2900000000696E745F656E6162A9
:10E7C0006C650000705F696E7374616E6365000054
:10E7D000574553545F544F504449522F6D6F6475E1
:10E7E0006C65732F68616C2F6E6F726469632F6E36
:10E7F0007266782F68616C2F6E72665F67727463E1
:10E800002E68000076616C7565203C3D202828301C
:10E810007846464646554C203C3C202830554C29ED
:10E8200029203E3E202830554C29290076616C7500
:10E8300065203C3D20282830784646554C203C3CFD
:10E84000202830554C2929203E3E202830554C297F
:10E85000290000006576656E7420213D204E5246E9
:10E860005F475254435F4556454E545F5254434FA1
:10E870004D5041524553594E430000002874617376
:10E880006B20213D204E52465F475254435F544116
:10E89000534B5F535441525429202626202874613B
:10E8A000736B20213D204E52465F475254435F54C4
:10E8B00041534B5F434C4541522920262620287462
:10E8C00061736B20213D204E52465F475254435F97
:10E8D0005441534B5F53544F5029000063635F63AF
:10E8E00068616E6E656C203C20283132554C2900E1
:10E8F00063635F68203C3D202830784646464646A4
:10E90000554C203C3C202830554C29290000000063
:10E91000574553545F544F504449522F6D6F64759F
:10E920006C65732F68616C2F6E6F726469632F6EF4
:10E930007266782F647269766572732F7372632FB3
:10E940006E7266785F677274632E6300705F6368CF
:10E95000616E5F64617461002863635F6368616E08
:10E960006E656C203C20283132554C292920262602
:10E97000202876616C7565203C3D2028307837462C
:10E98000464646464646554C203C3C202830554C91
:10E99000292929006D5F63622E6368616E6E656C64
:10E9A0005F646174615B695D2E6368616E6E656C46
:10E9B000203D3D20696478006D5F63622E73746151
:10E9C0007465203D3D204E5246585F4452565F5379
:10E9D000544154455F494E495449414C495A454474
:10E9E00000000000737973636F756E7465725F6306
:10E9F0006865636B286368616E6E656C29203D3DB8
:10EA000020300000574553545F544F504449522F13
:10EA10006D6F64756C65732F68616C2F6E6F7264B7
:10EA200069632F6E7266782F68616C2F6E72665FF5
:10EA30007272616D632E6800705F636F6E666967E6
:10EA40002D3E77726974655F627566665F73697A79
:10EA500065203C3D202830783230554C290000009C
:10EA6000574553545F544F504449522F7A6570684C
:10EA700079722F6B65726E656C2F6465766963655C
:10EA80002E6300007263203E3D202D28307866669C
:10EA900029202626207263203C20300009646576F8
:10EAA00069636520257320696E69743A20696E7602
:10EAB000616C6964206572726F7220282564290A6E
:10EAC0000000000043505520657863657074696FDD
:10EAD0006E000000556E68616E646C656420696E3E
:10EAE0007465727275707400537461636B206F7615
:10EAF0006572666C6F7700004B65726E656C206F97
:10EB00006F7073004B65726E656C2070616E696327
:10EB100000000000556E6B6E6F776E206572726F2D
:10EB20007200000048616C74696E672073797374B9
:10EB3000656D00003E3E3E205A45504859522046E1
:10EB40004154414C204552524F522025643A2025D1
:10EB500073206F6E20435055202564004661756C0C
:10EB60007420647572696E6720696E74657272755F
:10EB700070742068616E646C696E670A0000000042
:10EB800043757272656E74207468726561643A20B0
:10EB90002570202825732900574553545F544F5042
:10EBA0004449522F7A65706879722F6B65726E6571
:10EBB0006C2F666174616C2E630000007265617376
:10EBC0006F6E20213D204B5F4552525F4B45524EA8
:10EBD000454C5F50414E49430000000009417474A8
:10EBE000656D7074656420746F207265636F7665FF
:10EBF000722066726F6D2061206B65726E656C208D
:10EC000070616E696320636F6E646974696F6E0A08
:10EC10000000000069646C65000000005745535413
:10EC20005F544F504449522F7A65706879722F6B48
:10EC300065726E656C2F696E69742E63000000004A
:10EC4000646576203C3D205F6465766963655F6C32
:10EC50006973745F656E64007468726561645F6493
:10EC6000617461203C3D205F5F7374617469635F10
:10EC70007468726561645F646174615F6C69737408
:10EC80005F656E64000000006D61696E0000000049
:10EC90006F730000574553545F544F504449522FEF
:10ECA0007A65706879722F6B65726E656C2F6B6810
:10ECB0006561702E6300000021617263685F697393
:10ECC0005F696E5F6973722829207C7C2028287414
:10ECD000696D656F7574292E7469636B73203D3D92
:10ECE000202828286B5F74696D656F75745F7429BF
:10ECF0007B307D29292E7469636B73290000000025
:10ED0000090A000068656170203C3D205F6B5F6808
:10ED10006561705F6C6973745F656E64000000000C
:10ED2000574553545F544F504449522F7A65706889
:10ED300079722F6B65726E656C2F6D656D5F736C8C
:10ED400061622E6300000000736C6162203C3D2014
:10ED50005F6B5F6D656D5F736C61625F6C6973742F
:10ED60005F656E6400000000574553545F544F5078
:10ED70004449522F7A65706879722F6B65726E659F
:10ED80006C2F696E636C7564652F6B736368656463
:10ED90002E6800007468726561642D3E626173655F
:10EDA0002E70656E6465645F6F6E000028736C6121
:10EDB000622D3E667265655F6C697374203D3D200F
:10EDC0002828766F6964202A293029202626207376
:10EDD0006C61622D3E696E666F2E6E756D5F757328
:10EDE0006564203D3D20736C61622D3E696E666FE7
:10EDF0002E6E756D5F626C6F636B7329207C7C2057
:10EE0000736C61625F7074725F69735F676F6F6468
:10EE100028736C61622C20736C61622D3E66726592
:10EE2000655F6C697374290009736C616220636F9C
:10EE30007272757074696F6E206465746563746551
:10EE4000640A000009496E76616C6964206D656D25
:10EE50006F727920706F696E7465722070726F7650
:10EE6000696465640A00000021617263685F697209
:10EE7000715F756E6C6F636B6564286B65792900D3
:10EE8000574553545F544F504449522F7A65706828
:10EE900079722F6B65726E656C2F69646C652E6379
:10EEA000000000005F6B65726E656C2E6370757399
:10EEB0005B305D2E63757272656E742D3E62617398
:10EEC000652E7072696F203E3D20300021617263B3
:10EED000685F6972715F756E6C6F636B65642861E2
:10EEE0007263685F6972715F6C6F636B28292900B8
:10EEF0000974686973206973206D65616E7420748C
:10EF00006F2062652063616C6C656420776974684A
:10EF100020495251732064697361626C65640A0010
:10EF2000574553545F544F504449522F7A65706887
:10EF300079722F6B65726E656C2F6D73675F712EC2
:10EF400063000000286D7367712D3E7772697465E8
:10EF50005F707472203E3D206D7367712D3E627547
:10EF6000666665725F737461727429202626202894
:10EF70006D7367712D3E77726974655F707472206E
:10EF80003C3D20286D7367712D3E62756666657223
:10EF90005F656E64202D203129292026262028280F
:10EFA00073697A655F74292875696E747074725F0D
:10EFB0007429286D7367712D3E6275666665725F90
:10EFC000656E64202D206D7367712D3E77726974B4
:10EFD000655F70747229203E3D206D7367712D3E10
:10EFE0006D73675F73697A65290000005745535454
:10EFF0005F544F504449522F7A65706879722F6B75
:10F0000065726E656C2F6D757465782E63000000F7
:10F0100021617263685F69735F696E5F69737228EB
:10F0200029000000096D7574657865732063616E51
:10F030006E6F74206265207573656420696E7369F4
:10F04000646520495352730A000000006D757465B1
:10F05000782D3E6C6F636B5F636F756E74203E201E
:10F0600030550000574553545F544F504449522F78
:10F070007A65706879722F6B65726E656C2F736537
:10F080006D2E63002828617263685F69735F696E23
:10F090005F6973722829203D3D203029207C7C2027
:10F0A000282874696D656F7574292E7469636B7394
:10F0B000203D3D202828286B5F74696D656F75744D
:10F0C0005F74297B307D29292E7469636B7329292C
:10F0D00000000000737973776F726B71000000009D
:10F0E000574553545F544F504449522F7A657068C6
:10F0F00079722F6B65726E656C2F776F726B2E63F2
:10F1000000000000776F726B2D3E7175657565208C
:10F11000213D202828766F6964202A2930290000A3
:10F1200068616E646C657220213D202828766F69C5
:10F1300064202A2930290000776F726B20213D203E
:10F140002828766F6964202A293029007175657531
:10F150006520213D202828766F6964202A293029DE
:10F1600000000000776F726B2D3E68616E646C6505
:10F170007220213D202828766F6964202A293029B1
:10F180000000000021666C61675F74657374282657
:10F19000776F726B2D3E666C6167732C204B5F57E7
:10F1A0004F524B5F44454C415941424C455F4249A7
:10F1B0005429000073796E6320213D202828766F42
:10F1C0006964202A2930290021666C61675F7465B3
:10F1D0007374282671756575652D3E666C6167735D
:10F1E0002C204B5F574F524B5F51554555455F5350
:10F1F0005441525445445F42495429007175657524
:10F2000065000000737461636B00000064776F72C7
:10F210006B20213D202828766F6964202A29302917
:10F2200000000000574553545F544F504449522F3B
:10F230007A65706879722F6B65726E656C2F746871
:10F24000726561642E630000282828287072696F37
:10F250002929203D3D203135202626207A5F6973FB
:10F260005F69646C655F7468726561645F656E7424
:10F2700072792828656E747279292929207C7C206E
:10F280002828283135202D203129203E3D202828CE
:10F290002D31362929292026262028287072696FC9
:10F2A0002929203E3D2028282D31362929202626AF
:10F2B0002028287072696F2929203C3D202831358B
:10F2C000202D20312929290009696E76616C696435
:10F2D000207072696F7269747920282564293B2037
:10F2E000616C6C6F7765642072616E67653A20258A
:10F2F0006420746F2025640A0000000009546872BD
:10F3000065616473206D6179206E6F742062652081
:10F310006372656174656420696E20495352730A93
:10F3200000000000574553545F544F504449522F3A
:10F330007A65706879722F6B65726E656C2F696E75
:10F34000636C7564652F6B737761702E68000000C5
:10F35000617263685F6972715F756E6C6F636B6514
:10F3600064286B657929207C7C205F6B65726E65F3
:10F370006C2E637075735B305D2E63757272656E93
:10F38000742D3E626173652E7468726561645F738B
:10F390007461746520262028282831554C203C3C77
:10F3A000202830292929207C20282831554C203C30
:10F3B0003C202833292929290000000009436F6EC9
:10F3C0007465787420737769746368696E672077F1
:10F3D00068696C6520686F6C64696E67206C6F6328
:10F3E0006B210A00574553545F544F504449522FE4
:10F3F0007A65706879722F6B65726E656C2F7363B6
:10F400006865642E63000000217A5F69735F696438
:10F410006C655F7468726561645F6F626A6563746E
:10F420002874687265616429000000002169735FB7
:10F430007468726561645F64756D6D792874687253
:10F440006561642900000000574553545F544F50D4
:10F450004449522F7A65706879722F6B65726E65B8
:10F460006C2F696E636C7564652F6B74687265616F
:10F47000642E68005F6B65726E656C2E63707573C9
:10F480005B305D2E63757272656E7420213D20289D
:10F4900028766F6964202A293029000073697A650B
:10F4A0006F66285F73636865645F7370696E6C6F05
:10F4B000636B29203D3D2030207C7C206C6F636B8A
:10F4C00020213D20265F73636865645F7370696EF9
:10F4D0006C6F636B000000005F6B65726E656C2E75
:10F4E000637075735B305D2E63757272656E742D1B
:10F4F0003E626173652E73636865645F6C6F636BF6
:10F50000656420213D203155000000005F6B65726D
:10F510006E656C2E637075735B305D2E63757272F1
:10F52000656E742D3E626173652E73636865645FFA
:10F530006C6F636B656420213D2030550000000036
:10F54000217465726D696E61746500000961626F96
:10F5500072746564205F63757272656E7420626197
:10F56000636B2066726F6D20646561640A00000041
:10F5700021657373656E7469616C00000961626F67
:10F580007274656420657373656E7469616C207450
:10F5900068726561642025700A0000005745535465
:10F5A0005F544F504449522F7A65706879722F6BBF
:10F5B00065726E656C2F74696D65736C6963696ED5
:10F5C000672E6300282874696D656F75742920267D
:10F5D0002620282875696E747074725F74292873E8
:10F5E0006C6963655F74696D656F75747329292033
:10F5F0003C3D20282875696E747074725F742928E8
:10F6000074696D656F757429292026262028287550
:10F61000696E747074725F74292874696D656F7592
:10F62000742929203C20282875696E747074725FD3
:10F630007429282628736C6963655F74696D656F2A
:10F64000757473295B282873697A655F7429282883
:10F6500028696E742973697A656F662863686172B8
:10F660005B31202D202832202A202128215F5F6253
:10F6700075696C74696E5F74797065735F636F6DC3
:10F6800070617469626C655F70285F5F7479706522
:10F690006F665F5F28736C6963655F74696D656F22
:10F6A000757473292C205F5F747970656F665F5F76
:10F6B000282628736C6963655F74696D656F75745E
:10F6C00073295B305D292929295D29202D203129C5
:10F6D000202B202873697A656F6628736C696365CF
:10F6E0005F74696D656F75747329202F2073697A53
:10F6F000656F662828736C6963655F74696D656FF3
:10F70000757473295B305D292929295D29292026F3
:10F71000262028282875696E747074725F742928F1
:10F7200074696D656F75742929202D2028287569E5
:10F730006E747074725F742928736C6963655F748A
:10F74000696D656F75747329292920252073697A7D
:10F75000656F662828736C6963655F74696D656F92
:10F76000757473295B305D29203D3D2030290000F0
:10F77000574553545F544F504449522F7A6570682F
:10F7800079722F6B65726E656C2F74687265616437
:10F790005F6D6F6E69746F722E63000075736572B2
:10F7A0005F636220213D202828766F6964202A2922
:10F7B0003029000009757365725F63622063616EB2
:10F7C000206E6F74206265204E554C4C0A0000007C
:10F7D000637075203C203100096370752066696C88
:10F7E000746572206F7574206F6620626F756E6429
:10F7F000730A0000574553545F544F504449522FE9
:10F800007A65706879722F6B65726E656C2F74699A
:10F810006D656F75742E6300217379735F646E6F0D
:10F8200064655F69735F6C696E6B65642826746FCD
:10F830002D3E6E6F64652900574553545F544F50F9
:10F840004449522F7A65706879722F6B65726E65C4
:10F850006C2F6D656D706F6F6C2E6300616C6967E6
:10F860006E203D3D2030207C7C20282875696E74F8
:10F870007074725F74296D656D20262028616C6933
:10F88000676E202D20312929203D3D2030000000C9
:10F89000096D6973616C69676E6564206D656D6F74
:10F8A00072792061742025702028616C69676E2050
:10F8B0003D20257A75290A0063726163656E000038
:10F8C000574553545F544F504449522F6E72662F20
:10F8D0007375627379732F6E72665F736563757289
:10F8E0006974792F7372632F647269766572732FEE
:10F8F00063726163656E2F636F6D6D6F6E2F7372D0
:10F90000632F63726163656E2F6C69625F6B6D75E7
:10F910002E6300002828282875696E747074725F41
:10F9200074296B6D755F7372632D3E646573742902
:10F93000202520313629203D3D20302900000000BF
:10F940000944455354206D6973616C69676E656441
:10F950000A000000574553545F544F504449522FFA
:10F960006E72662F7375627379732F6E72665F7332
:10F97000656375726974792F7372632F6472697627
:10F980006572732F63726163656E2F637261636565
:10F990006E7073612F7372632F63726163656E5F44
:10F9A0007073615F6D61632E630000002828286119
:10F9B0006C672920262028287073615F616C676F4F
:10F9C000726974686D5F7429203078376630303022
:10F9D0003030302929203D3D2028287073615F6137
:10F9E0006C676F726974686D5F742920307830338A
:10F9F0003030303030302929000000005745535452
:10FA00005F544F504449522F6E72662F7375627364
:10FA100079732F6E72665F73656375726974792F7F
:10FA20007372632F647269766572732F6372616398
:10FA3000656E2F63726163656E7073612F7372639D
:10FA40002F63726163656E5F7073615F6B65795F71
:10FA50006D616E6167656D656E742E6300000000F8
:10FA6000646174615F6C656E677468006B65795F73
:10FA700062756666657200006B65795F62756666C1
:10FA800065725F6C656E6774680000006B65795F16
:10FA90006269747300000000574553545F544F501F
:10FAA0004449522F6E72662F7375627379732F6E8D
:10FAB00072665F73656375726974792F7372632FF1
:10FAC000647269766572732F63726163656E2F73FA
:10FAD0007873796D63727970742F7372632F706CA1
:10FAE0006174666F726D2F626172656D6574616CB1
:10FAF0002F696E74657272757074732E63000000E6
:10FB000009556E68616E646C656420696E74657217
:10FB1000727570742E200A00574553545F544F502D
:10FB20004449522F6E72662F7375627379732F6E0C
:10FB300072665F73656375726974792F7372632F70
:10FB40007574696C732F6E72665F73656375726925
:10FB500074795F6D7574657865732E6300000000BD
:10FB6000726574203D3D203000000000574553541D
:10FB70005F544F504449522F7A65706879722F6BE9
:10FB800065726E656C2F6576656E74732E6300000A
:10FB9000286E756C6C2900002A666C6F61742A00EF
:10FBA00030313233343536373839414243444546B3
:10FBB000000000009DD601000000000000000000D1
:10FBC000000000008DD2010049D2010035D60100AD
:10FBD0000000000019D60100000000000000000035
:10FBE00000000000E4950400F0950400FC9504007A
:10FBF00064D00400089604001496040030960400B3
:10FC000038960400409604004C9604001CEB040057
:10FC10000A0001000A0000007017000060EA0000FE
:10FC200000028001FFFF0000607D04000900000069
:10FC3000447D04000A00000063735F686F73746C96
:10FC40006573735F7265666C6563746F7200000044
:10FC50000101020103010401010201030104020286
:10FC60000A00010004000000701700007017000077
:10FC700000018001FFFF0000FE14000006000600E6
:10FC80000000900100000000209704002497040069
:10FC9000289704002C9704000000000063735F7233
:10FCA0006F6C65730000000063735F726F6C657347
:10FCB0000000000063735F726F6C657300000000EA
:10FCC00038200020000200002DF3030067F203003B
:10FCD000020000001FF5030000000000000000000B
:10FCE00000000000206D65737361676573206472A6
:10FCF0006F70706564202D2D2D0D0A1B5B306D001B
:10FD00001B5B313B33316D2D2D2D20000000000099
:10FD1000CCA20400D4A204000000000000000000F7
:10FD20000000000020970400249704002897040096
:10FD30002C9704003CFD0400606600207D25020035
:10FD4000786600208466002001000000E3F50300CF
:10FD5000D5F50300C1F50300A12502000000000055
:10FD6000B5F50300000000001CFE04009B23040006
:10FD70000000000018FE04000000010014FE040052
:10FD800051240400000000009C030020000001003A
:10FD90000CFE0400B5F6030065F603000000000049
:10FDA0000000090008FE04005124040000000000C7
:10FDB000940300200000010000FE040031F603005F
:10FDC000000000000000000000000100FCFD040035
:10FDD00051240400000000008C03002000000100FA
:10FDE000F4FD0400FFF50300000000000000000027
:10FDF000000001000000042A0000042A000003287B
:10FE00000000012A0000012A000003280000002A47
:10FE10000000002A0000032800000018000000284D
:10FE2000E8FF04009B23040000000000E4FF04003E
:10FE300000000100E0FF0400512404000000000065
:10FE40008C04002000000100D8FF04003D300200B7
:10FE5000000000000000000000000400D4FF0400C7
:10FE60005124040000000000840400200000010070
:10FE7000CCFF0400000000000000000000000000B3
:10FE800000000000C8FF0400D32304009DD8020036
:10FE90006004002000000C00C4FF04005124040092
:10FEA000000000005804002000000100BCFF040016
:10FEB0000000000000000000000000000000000042
:10FEC000B8FF0400D32304009DD8020034040020AE
:10FED00000000C00B4FF04005124040000000000E6
:10FEE0002C04002000000100ACFF04000000000012
:10FEF0005D3002000000000000000800A8FF0400C0
:10FF0000D32304009DD802000804002000000C0048
:10FF1000A4FF04005124040000000000000400209D
:10FF2000000001009CFF04005BF7030000000000DC
:10FF3000000000000000040098FF0400D323040028
:10FF40009DD80200DC03002000000C0094FF040098
:10FF50005124040000000000D40300200000010030
:10FF60008CFF040023F703000000000000000000E5
:10FF70000000040088FF0400D32304009DD8020081
:10FF8000B003002000000C00000002290000192C22
:10FF90000000192C00000328000002290000182C82
:10FFA0000000182C00000328000002290000172C74
:10FFB0000000172C00000328000002290000152C67
:10FFC0000000152C00000328000002290000162C58
:10FFD0000000162C000003280000142C0000142C34
:10FFE0000000032800005B180000002860000020CB
:10FFF00000000000060001000200000000000500F3
:020000025000AC
:100000000000000014B1040006000000E0CF17005B
:10001000000000201CB1040021000000E0FF0320CC
:10002000A404002099FA03000000000023FA030052
:1000300000FFFFFFFFFFFF000000000000000000C6
:10004000FFFFFFFFFFFF00000000000000000000B6
:10005000303132333435363738396162636465663E
:100060000000000000000000000010008000008080
:100070005F9B34FB2400050084000500FB010000A9
:1000800000000000FC5A0120240005009800050033
:10009000020100000000000010740120240005008F
:1000A000AC000500020100000000000060770120A4
:1000B000A8BE0400C8BE0400E4BE0400F4BE0400F0
:1000C00004BF040010BF040018BF040020BF0400D8
:1000D00028BF040030BF040004BF040038BF040080
:1000E0004CBF040064BF040078BF04000E0300008E
:1000F000017C02000F040000D57B02001A01000001
:10010000195B020005040000A7FE030013010000B4
:100110009D5C02003E0100008D61020001120000A2
:1001200003FE03000A1E000005FE0300FF0100009D
:100130001D6302003E010000116202000504000080
:10014000695B0200080400008567020030030000BC
:10015000F5660200100100007D5C02000112000043
:10016000B57902000A1E00008501040003090000A1
:1001700041650200040B0000415E0200060A000017
:10018000657B0200070A0000E55B02000C05000029
:10019000B55B0200050C0000C57A020012050000E4
:1001A000AD8F020013080000AD900200210800008E
:1001B000115C02002C1F00006909030038220000B6
:1001C000150B03002D4B0000D10C03002F21000064
:1001D000B50F03002E030000E110030030150000EE
:1001E00049110300310F00004D0D030032080000DB
:1001F000990E03002400050004020500030100001D
:10020000000000007C780120E69D350E480103CCFB
:10021000DBFDF4AC1191F4EFB9A5F9E9A7832C5EED
:100220002CBE97F2D203B0208BD28915D08E1C74CD
:100230002430ED8FC24563765C15525ABF9A326303
:100240006DEB2A65499C80DC2400050058020500FE
:100250000000000000000000D07B01202400050009
:100260006C020500FB01000000000000F87B01208B
:100270003D0F04003F0F04000000000000000000DC
:1002800000000000E1B902000000000000000000D2
:1002900000000000000000006174745F74785F6407
:1002A000657374726F795F776F726B5F68616E648C
:1002B0006C65720002020100071B040004040100C7
:1002C0005317040006060100F11C04000804010095
:1002D0002D1C04000A020100391704000C0401005F
:1002E0001F1704000E040100C5C80200200401000D
:1002F00025C8020010040100871B0400120201003F
:100300005916040016040100611B040018010100C5
:10031000131704001E000400CB1D0400520200004D
:100320002F1604002400050034030500FD01000021
:10033000000000006484012024000500480305003B
:10034000F201000000000000588B01201804050095
:100350009B230400000000001404050000000100BD
:10036000100405005124040000000000580600207D
:10037000000001000804050000000000000000006B
:10038000000000000000000004040500D323040066
:100390009DD8020060060020000003000004050054
:1003A000512404000000000050060020000001005D
:1003B000F80305005F23040079D702000000000065
:1003C00000000300F40305005124040000000000B5
:1003D0004806002000000100EC030500D9DC020003
:1003E00000000000000000000000010000002A2BB7
:1003F00000002A2B000003280000292B0000292BD5
:1004000000000328000002290000052A0000052A38
:100410000000032800000118000000284DFA020027
:1004200013300400E32E0400000000000000000070
:10043000A9FC020000000000000000000000000015
:10044000000000000000000000000000C5F30200F2
:10045000060000007127040006000000A9EE02005B
:1004600010000000C1F8020010000000110103009C
:100470000100000069270400100000006D2704003F
:100480000A00000021F7020010000000ADFD02008C
:1004900007000000AD27040010000000B127040091
:1004A000010000002DF6020040000000732B040044
:1004B00010000000B527040001000000000001004A
:1004C000010003010003020201000200000000001D
:1004D0000203010003000000000102030301000207
:1004E00003030002010303020001030302010003EE
:1004F00003010200030300010302020100030202E0
:1005000000030102020300010202030100020201D2
:1005100003000202000302010103000201010002C4
:1005200003010102000301010203000101030200B3
:1005300001010301020000010302000003020100A7
:100540000002030100000201030000010203000099
:100550000001020201000202000201010200010189
:100560000201000001020000000101010000000082
:100570002400050080050500C012000000000000F6
:10058000849101206C888391AAF5A53860370BDB34
:100590005A6083BE1D16030005180300000000000A
:1005A00051160300B9160300B8E10400D537040062
:1005B000CD370400C0E104007F00000000A010500F
:1005C000B40400200000000000000000FFFF010054
:1005D00000820D502C0500200000000001000000EA
:1005E000FF070000000405500000000000000000AC
:1005F0000200000000010405020608090F000000C7
:1006000000600C5000000000000000002C060500F7
:1006100000100E000000000F00000000000000406D
:10062000001000009CE800209BE8002000600C50B7
:100630003806050001000000400605000400000027
:100640002400000026000002250600012706000302
:10065000BD290300D73D0400933D04000007182383
:1006600023232323232323232323232300010200E3
:100670000001020008000000020000000400000069
:1006800001000000447C0400547C0400AC7C0400A5
:10069000B47C0400FC7C04000C7D0400D4F0040055
:1006A0000001000088130000B9CD030000388A4023
:1006B0008F409440A140A640AC401548CB40AE408E
:1006C000A3400038003800380038CE40ED409D414E
:1006D00049415641324137413C414141B941BE4116
:1006E000D7410E42FA418D411B42804162426A422B
:1006F000774274436E4366437F432E482446003856
:10070000003800380038AF48D548F34863457D4588
:1007100085439D45A845BB45E345ED45CF45FC4593
:1007200015468C466E4695468E4600380038003891
:1007300028420038003800380038003800380038C7
:100740000038003800380038003800381949194995
:100750001949194919491949194919491949194989
:1007600000380038003800380038003800380038C9
:1007700000380038003800380038003800380038B9
:1007800000380038003800380038003800380038A9
:100790000038003800380038003800380038003899
:1007A0000038003800380038003800388C0900382C
:1007B000FFFFFF000000000010270081878A001A59
:1007C0007B627AA678797A8D00307B627AA7787915
:1007D0007A8D003078207B6279217A220C10865045
:1007E00082A2808182A28287828D001A00307220CC
:1007F00095407AAC797B003078247B627AA8847942
:100800007A8D00307224A7407B2479257A26856270
:1008100086A87284868D11A68584116286A7858636
:1008200084208621862286509A5086A6867286A8C3
:100830008685868D8462868D781086A67270001AF1
:1008400000307ABB7879003000830030001C001C37
:10085000001C001C001B7C22001D1310D040001A3D
:10086000001C001C001C001B7C22001D001B7C22A5
:10087000001D1310DA40001A000C016A3427001A18
:10088000006E1027001A7B62782479257A260C10D6
:1008900086500E1022590E101A59848FC50811B8AF
:1008A00085850410295911A284871AA211111120DB
:1008B000071890A2801A9020001919A272871AA610
:1008C0001970001B7C201AA21A8013100B410E1005
:1008D0001D590410335986A21A72868D001A0030F1
:1008E000870811B8858211A284871AA211111120DC
:1008F000031890A2801A9020001915A281871AA2CD
:1009000015151520031890A2801A90200019074190
:100910008650052408250426F54086500424062523
:100920000526F54086500C2406250B26F5408650FA
:100930000B2408251A26F55000AB0C1A00300DA721
:1009400002720AAC060D0EA703720BAC060E026211
:100950000CA872030C8D00307DBB0203048F05A62A
:10096000707003628650042072210E229A5000702B
:10097000108A0E240B250E26F35002728650042096
:1009800072210D229A5002721027108A0D240A2516
:100990000D26F35005A70D0E05200C2105229A50B7
:1009A000007005BB030505A60E05003002628650E7
:1009B000042072210D229A500070108A0D240A25FD
:1009C0000D26F35000300DA70D0E05A670700272B3
:1009D00086500C200D2105229A50007005BB03059E
:1009E00005A60E05003002620DA7027203620EA773
:1009F000037201BB0D0E00BB02030D200E218022ED
:100A000082AC8081812082213910A941006201A835
:100A10000180018D012408250626B15000300324F1
:100A2000062508268650F340032405250A2686500D
:100A3000F350026286500A2072210A229A5038101E
:100A4000003906200A210B229A500BA60B0C0BA88A
:100A50000B050B8D38100039003002620A8E0A8FA8
:100A60000B8E0B8F072787500EA8720B0C200E21C0
:100A70000D229A500A200E210E229A5000628650B2
:100A800003240D251A2608210E221A510262008124
:100A900007271A2072211A229A5000AB0A1A003036
:100AA00086500DBB08060DA6040D032406250E2650
:100AB000F3500E2007210E229A500EA7050E0E8D20
:100AC0000E240D250B26F34086500A2408250D26FA
:100AD000F35002200D210E229A500E240C250B26D5
:100AE000F340865007200A210D229A5003240C253A
:100AF0000E26F35005A60D0E058D0030865001A779
:100B000000720AB9010006240A250426F55077A7C9
:100B1000047238100030011877A704013810003033
:100B20000420042104229A5077A704723810003C54
:100B3000001977A704013910003C0030A0A2721000
:100B4000685380A2811090A2911002109653081051
:100B50005B541410FB5439108134001A000C865079
:100B600033A2041002102D440810D74414105B4522
:100B700058522620782148522621001C7A20CC4247
:100B800058522620782148521D2079214A52262089
:100B900026211D22001E7A20CC4258527824792525
:100BA0007D527A20CC42112084214852112010100D
:100BB0007A590E10364901218526006886AC8601D7
:100BC0002EA67070C1522E2236102C2235A7868296
:100BD000006CC80811B83581EA5026201121001C8C
:100BE000262002101254112126220718B1200210CB
:100BF00015540810C7541410515580210019E352A0
:100C000026202621D0501122BC520068C152006C0F
:100C10002320361026201B220318001E80210019D5
:100C20002621001A001B0B102320001F001A2CBACB
:100C300073742CBA2C2C2CA72C742DA7018677A7A3
:100C40002D2C001AA122DC5202108D53081054548E
:100C50001410F65480A2807290A29072808D908DB4
:100C6000001A003082A2821082A2827282A81082B0
:100C7000001A2C2013211622071880A281828021BD
:100C80009020B22200193222DC5229A2322828A256
:100C9000323131A2292525A2293030A2312222A2C7
:100CA000312F2FA2301F1FA2302E2EA22F1C1CA2CC
:100CB0002F2D2DA22E1919A22E2C2CA22D1616A2E4
:100CC0002D132FA6117030A6127031A6137013A623
:100CD0002C7011201121081802108D530810545443
:100CE0001410F654A020B121001926A62F7027A6B3
:100CF000307028A63170001A1120842148521D201E
:100D0000822148528A0811B88583142011211122AA
:100D1000001C05188024B1208421001E0019202009
:100D20001D211D22001C05188024B1208421001ED5
:100D30000019E352262026211922001EDA50112222
:100D4000BC5219222620BC5277A22872F8108210B9
:100D500077A7850177108620CC4285A6850183A6DA
:100D6000830183A6830113A272101DA619701EA60B
:100D70001A701FA613702C43585278210810E044B3
:100D8000818F918F001A003077A701003810013A47
:100D9000001A0030585204216853021039540810C8
:100DA000F0543810053A001A0030585226207821A5
:100DB0004A52001A00305852151075536E532620AF
:100DC00002214A5200302DA2A1A12EA2A12D80A263
:100DD000812D90A2912E001A2FA205102EA28080A4
:100DE0002CA280332EA22E802DA290902EA62E2CE7
:100DF0002EA62F2E2CA72D2E2CA22C722C8D001A55
:100E000030A691912CA681812DA230911A10E24337
:100E100031A2A1A11810C5432EA2818131A2313186
:100E20002CA22C2D31A231332FBA2E742EA62F31A5
:100E300031A62C2CD1432EA681312FA781312CA293
:100E40002C2D2EA22E2F31A62C2C2EBA2E742DA294
:100E50002D2D2FA22E2E2DA62D2D80A72F3131A77F
:100E60002C80A0A230A12FA22E3190A72F2D001AE6
:100E70002EA281812CA22C2DCD4331A67092ED4360
:100E800031A77092ED4330A2A1A12FA231A131A2CE
:100E900030822FA22F3031A731812FA72F9130A27E
:100EA0003131A0A231A12CA2813030A231302EA646
:100EB0002C2C31A22F2F2EA6302E80A7312E2CA71E
:100EC0002C802EA2913031A22F2C90A7312E001A07
:100ED000B0A2A0A0001A2EA670921B442EA770925A
:100EE0001B442DA2A2B231A2A1A12CA281B22FA299
:100EF000A13131A282312DA2912D2FA22E2F2EA20F
:100F0000A1A22C21F543AAC3E7D3EAE32CA60474DB
:100F100077A72C00381477A604707814001A2DA235
:100F200005102EA633332FA62D2D2EA22E2E2FA642
:100F30002F2D2EA22E332FA22F2F30A62F2F2EA6ED
:100F40002E2F2FA62E3077A22F72001A90A7709006
:100F5000908D001A2DA2A1A180A281A190A2912D15
:100F6000001A2FA205102EA280802CA280332EA260
:100F70002E802CA22C802DA2909030A280902EA6A4
:100F80002E2C2DA62D302EA62F2E2CA72D2E001A5E
:100F90002CA281A12DA281812EA62D912DA22D2DD5
:100FA000A0A22C2C2CA22C2E2EA22E2E1810854462
:100FB0002FA2A03387442FBAA0042EA62E2C80A6E1
:100FC0002E2F2CA6A02C2DA22DA02CA22C8090A6DA
:100FD0002C2D001A702398448223984431A68392C2
:100FE0002FA282A130A2A1A130A2313031A28181F1
:100FF00032A22F2F29A6313231A63191A0A229A1E8
:1010000031A22F312EA6812F32A630322FA6913059
:1010100032A281322FA22F2E2CA2812F2DA2299114
:1010200080A632312CA62C2D32A62FA031A22C293D
:1010300029A2328090A63129001A30A2A1A12DA2A6
:10104000A2A22CA281A22FA282A12DA2912D30A218
:1010500092302EA2A1A22C21A04472C494D496E472
:10106000006877A772043714006C001A2DA27287EB
:101070002CA22D8177A7812C391081362CA22D919D
:1010800077A7912C39109136001A003077A6057099
:10109000001A90A68090001A80A281A190A291A12E
:1010A000001A31A272102CA280802DA290902EA640
:1010B0002C2D2FA22C2D2FA2332F2FA62F312EA770
:1010C0002E2F2E8D001A2CA6819130A281812DA267
:1010D00091912EA2A1A12CA22C2C2EA62E2E2FA6B1
:1010E000302D2DA7302D2CA72C2F2EA72F2E90A2E0
:1010F0002D2F80A22C2EA0A22E2F001A2EA6708299
:101100002E452EA770822E452FA2A1922EA2A12E8F
:1011100030A2819131A22E2F32A6912E2EA7812EA0
:101120002CA6812F2FA6912F32A22C322CA22E2F4B
:101130002EA630312FA7303130A72C2F31A7322ED9
:1011400080A22E3090A22F31A0A23031001A2CA202
:10115000A2812DA2A2912FA2A1922EA2A1822C2126
:1011600032450DC528D52BE5001A80A77080808DEB
:10117000001A5852022407257D522620CC52E650F0
:101180008750262072210A229A50381000390620F2
:101190000A210B229A500BA60C0B0BA80B070B8DE8
:1011A000381000390030E65087500A8E0A8F0B8EB7
:1011B0000B8F0DA8720B0C200D2135229A500A209E
:1011C0002B229A50EA50585208222B23022435250C
:1011D00026262653E6500081262072212C229A5082
:1011E00000AB0A2C0030E6502BA872062B8DEA507B
:1011F000585202242B257D520820CC42000C00645A
:1012000035A60A0CE65087503520722135229A50B7
:101210000BA7073506200B210B229A5038100039F6
:101220000030000C006435A60A0CE65087500B8F86
:101230003520722135229A50EA50585208220B2349
:10124000022435250D2626530030585226200B2126
:1012500048521D2006214A52262026211D22001E0A
:101260001D2008214A52262026211D22001E0D2065
:10127000CC42E65087500B200C210A229A5082A7BC
:101280000882828D0030585208220C2378240A25C7
:101290002626265300682620062100AB818000AB5D
:1012A0009190003058520620021050540810F35408
:1012B00014105F5506240B257D521D2008214A522B
:1012C000262026211D22001E1120CC5211240A2581
:1012D0007D520D20CC42E65087500A200D212B2252
:1012E0009A50EA50CF550BA62B700D240B257D523A
:1012F0000820CC428650000800B8797917A70173FE
:10130000179E179E0BA2781017A217100C200E2202
:1013100080A60B7090A2721082A6907092A6707038
:1013200068460E227AA882927A8D00300E210C2215
:1013300011A6819112A7819113A2111114A2121268
:1013400015A6829216A7829215A2151216A2111640
:1013500011A7131481A2131412A2171114A61516A3
:1013600015A7151682A2141416A2151513A613128A
:1013700092A2160B91A2111312103B46001B0A10E9
:1013800040460C210E22424606217A5608217C5600
:1013900036A2060B36A236870AA608360A8D00301A
:1013A000E650875091A2918736A2768736A2913671
:1013B00081A2818781A6368181A28172818D91A6C9
:1013C0007070001A02248F46062408217A56EA50CB
:1013D0001410C447F34606217A560A8FEA501410B7
:1013E000C9471C4735A2811034A2911031A235356E
:1013F00036A2343433A2041035A2313634A272102E
:1014000033A2333531A7363136A6343331A73136DE
:10141000318D39108134001A31A2911036A2041096
:1014200031A2313133A2721036A2363131A73133B5
:1014300036A6363333A2363633A2333634A23333AC
:1014400035A2343635A2353134A2313335A2357266
:10145000358D33A7007333A73374339E339E339E89
:10146000352433253526F55035A2351034A23435D0
:1014700033A2343433A2333633A63331338D722062
:101480003810052081A23480818D7D1081A70081D4
:10149000001A000C8650D00811B8080132A20410BE
:1014A00032A6323284210C20A5570C212D208857DA
:1014B0001120AE57071880222D21C0205D578021B2
:1014C000AE5700190C210C2088C75DD768E7D050B3
:1014D000112217570A20B9570030001B0C200B109F
:1014E0002D206847000C86500821B6569C5632A223
:1014F000041032A63232920811B80A0602210C20DA
:10150000A5570C212D2088571120AE570318802293
:101510002D21C0205D578021AE57001908212120C0
:10152000A55721212D2088572120AE57031880224E
:101530002D21C0205D578021AE5700190C2121229A
:101540000C205D5788C75DD768E7DA50112217571E
:10155000212217570C20B95777A680703E1000390A
:1015600000AB0B90003031A6918136A7918131A25A
:10157000318236A2369233A670B2734731A691817A
:1015800036A7918131A2319236A2368233A770B24A
:10159000734734A2A1A233A2B13335A6313631A7A5
:1015A000313636A7343333A6343380A2313690A295
:1015B0003533A0A23633B0A23531001A31A691815D
:1015C00036A7918134A2313133A2313631A2A1B193
:1015D00036A2A1A131A6313136A6363636A736332A
:1015E00034A7343180A23136A0A2363390A23334EE
:1015F000B0A23134001A80A2811090A29110A0A252
:101600007210B0A28090001A31A6918190A79181AA
:1016100080A63170A0A6A1A1B0A2B132001A35A255
:10162000721035A835A180A2813590A29135808DA8
:10163000908D001A082558527D520A20CC425852EB
:101640000821DB5708205F550822062302240A25BB
:101650002626265377A626703E100B3900AB0B27A3
:101660000030918F2CA291872DA272872CA22C2C56
:101670002EA72C2D2CA22C332CA72C2D2DA22E2EB8
:101680002FA22E2C2DA22D2F2FA22F2F2FA22D2FA8
:101690002FA22F722F8D30A70074309E309E2F24E2
:1016A00030252F26F5502FA22F872DA22F2D2FA2C8
:1016B0002D2D2FA22F2C2FA72F2E2F8D39109134A7
:1016C00081A22D72818D7C1081A7008177A7810076
:1016D00037109134001A000C7B62865078231BA6C9
:1016E0007D721B9E341043481B9E83241B257A2643
:1016F000F5507A207A211B229A501BA71B831B8D41
:101700003910003D001A00305852782078211C22F0
:101710009A501CA61C041C209A501CA61C051C8D4B
:101720001C23195877A67A703D1000307AA7007AEA
:1017300000301DA77D721EA61D701E9E83241E25CF
:101740007A26F550381000301EA77A723910003D05
:101750001FA283101DB91D0020A6757021A2721052
:1017600022A6212122239E5824A6287025A6757022
:10177000A85823A72821238D39106B4822A622219F
:101780005C481DA71D721D9E1F239E5826A21F2860
:1017900027A2262828A72721288D381099482AA66D
:1017A000727029A2272728A72921288D3810874859
:1017B00029A229292AA62A727D481EA7202A28A6FE
:1017C000247025A61E70A8582BA6287024A22B2BA7
:1017D00020A62A7026A22B2627A2272474487AA2A4
:1017E00026727A8D001A003023A28372238D23245F
:1017F0001D252326F55028A22310001A25A725729F
:101800003810001A28A22828A84806100038585274
:10181000022407257D522620CC5200680AA60C809F
:101820000AAC0A01381000392AA67206E6502BA825
:10183000722A2AAC2B0187500A2006212B229A50AB
:101840002BA7072B2BAC2B012A202B210B229A50E4
:1018500038100039003006100038E65087500A8EE4
:101860000A8F0B8E0B8F2AA60A0B2AAC2A0138107E
:101870000039EA50585208222A2302240B25232635
:101880002653E6502AA60C232AAC2A0100AB0A2ACA
:101890000030061000385852E65087502AAC0D0F21
:1018A0002AA62A0F2A2007212A229A502AA6062A87
:1018B0002AAC2A012BAC0A0F2BA62B0F2B202A2196
:1018C0002B229A502BBB2B0C2ABB2A0CEA505852C5
:1018D00008222A230A242B250D26265300300038FF
:1018E00085A9010F001A11BA010F85A78511001AE9
:1018F000007001A67070007001A77D72001A007060
:1019000009A67070007009BB7D0F7D2109620081FE
:10191000001A81620081001A0F210F260068868E4E
:10192000C15236108636006C02105059031087528F
:1019300011A6267012A6277013A62870E65036A8A6
:10194000850F368D01213626EA508742900811B85E
:10195000868615D418E4112012541D201121001C74
:10196000125411211D220318C120001E125480217F
:10197000001926A6117027A6127028A6137026201B
:101980002621001C001C001C001B7C22001D26219F
:1019900013106B491122BC522621E7D3EAE3001A47
:1019A00000680F8E006C2CA20F1087590210875907
:1019B000A0A2A02C15108959001A80A2802C90A2F8
:1019C000902C001AFA1ED65F0001010000020200EE
:1019D000001400000028000000400000010000008A
:1019E000020000000F0000001000000010000000C6
:1019F000200000001000000010000000001A050088
:101A00001100000011280000110800000100000072
:101A1000141A050000000000000000000000000093
:101A2000000000000000000030000000C0000000C6
:101A3000180000003100000000000000300000002D
:101A4000E00000001C000000390000000000000061
:101A500030000000000100002000000041000000F4
:101A600000000000300000004001000028000000DD
:101A70005100000000000000300000008001000064
:101A80003000000061000000000000003000000095
:101A90000002000040000000810000000000000083
:101AA00017000000C0000000180000003100000016
:101AB0000000000017000000E10000001D00000011
:101AC0003B000000000000001700000000010000C3
:101AD0002000000041000000000000001200000093
:101AE000C0000000180000003100000001000000EC
:101AF00012000000E00000001C000000390000009F
:101B000001000000120000000001000020000000A1
:101B10004100000001000000120000004001000030
:101B20002800000051000000010000001200000029
:101B30008001000030000000610000000100000092
:101B400012000000090200004200000085000000B1
:101B50000100000041000000FF0000002000000024
:101B6000200000000000000041000000C001000053
:101B700038000000380000000000000042000000B3
:101B8000FF00000020000000200000000000000016
:101B900042000000C00100003900000039000000D0
:101BA000000000000000100020000000B41B050031
:101BB000C0000000FFFFFFFF000000010000000068
:101BC0000000000000000000FFFFFFFFFFFFFFFF1D
:101BD000FFFFFFFFFFFFFFFF00000000FFFFFFFF11
:101BE000FFFFFFFFBCE6FAADA7179E84F3B9CAC298
:101BF000FC6325516B17D1F2E12C4247F8BCE6E5B6
:101C000063A440F277037D812DEB33A0F4A1394525
:101C1000D898C2964FE342E2FE1A7F9B8EE7EB4ACA
:101C20007C0F9E162BCE33576B315ECECBB6406801
:101C300037BF51F5FFFFFFFF00000001000000006B
:101C40000000000000000000FFFFFFFFFFFFFFFF9C
:101C5000FFFFFFFC5AC635D8AA3A93E7B3EBBD5550
:101C6000769886BC651D06B0CC53B0F63BCE3C3EA4
:101C700027D2604B781C05002600001000000000F1
:101C8000003000000C00000000000000901C050067
:101C900022000010000C0000003100000C000000C9
:101CA0000000000300000000000000000000000031
:101CB0000000000000000000000000000000000024
:101CC0000000000000000000000000000000000014
:101CD0000000000000000000000000000000000004
:101CE00000000000000000000000000000000000F4
:101CF00000000000000000000000000000000000E4
:101D000000000000000000000000000000000000D3
:101D100000000000000000000000000000000000C3
:101D2000000000002020202020202020202828281B
:101D30002828202020202020202020202020202093
:101D400020202020881010101010101010101010DB
:101D500010101010040404040404040404041010FB
:101D60001010101010414141414141010101010198
:101D70000101010101010101010101010101011044
:101D8000101010101042424242424202020202026D
:101D90000202020202020202020202020202021015
:101DA00010101020000000000000000000000000E3
:101DB0000000000000000000000000000000000023
:101DC0000000000000000000000000000000000013
:101DD0000000000000000000000000000000000003
:101DE00000000000000000000000000000000000F3
:101DF00000000000000000000000000000000000E3
:101E000000000000000000000000000000000000D2
:101E100000000000000000000000000000000000C2
:101E200000000000FFFFFFFF1F00FFC1FBE84C9018
:101E3000728BE7B3518963AB232300418866AA1AEA
:101E4000FFFF443300647261676F6F6E2F6C6962CD
:101E5000732F73636865642F7372632F7363686590
:101E6000645F68616C5F74696D65725F67727463EB
:101E70002E6300B40B111891A8422EF671C1848C08
:081E80005EEA79B132608F00C7
:101E8800FFFFFFFFFF1F00001F0000000000000011
:101E98007FFE0000E40700001D4000000000000075
:101EA8000000000000000000FFFFFFFF1FFF1B00F5
:101EB800BAABBABA10101010A0354D00FF000000E0
:101EC800C409000000000000005008500000000095
:101ED800000000000C000000010000FF7F0000006F
:101EE80000000000AAAAAAAA5555555501000000ED
:101EF800D792010000000000F992010000000000E4
:101F08001D4900000000000045930100000000008A
:101F1800419301000000000075AE000000000000C1
:101F280075AE000000000000E9920100000000000A
:101F3800C592010000000000D02C0100FF00000045
:101F48007050010001000101010300001E001E0283
:101F5800000000000000000012007C007E00E0018C
:101F680003007E000A1E001E00000000A9D5010023
:101F78000000000000010000000000000000000058
:101F88000000000000000000000000000000000049
:101F98000000000000000000000000000000000039
:101FA8000000000000000000000000000000000029
:101FB8000000000000000000000000000000000019
:101FC8000000000000000000000000000000000009
:101FD80000000000000000000000000000000000F9
:101FE80000000000000000000000000000000000E9
:101FF80000000000000000000000000000000000D9
:1020080000000000000000000000000000000000C8
:1020180000000000F9760200000000000000000047
:1020280000000000000000000000000000000000A8
:102038000000000000000000000000000000000098
:102048000000000000000000000000000000000088
:102058000000000000000000000000000000000078
:102068000000000000000000000000000000000068
:102078000000000000000000000000000000000058
:102088000000000000000000000000000000000048
:102098000000000000000000000000000000000038
:1020A800B47D0400000000000000000000000000F3
:1020B8000000000000000000000000000000000018
:1020C800000000000000000000000000B1D1010085
:1020D80000000000000100000000000000000000F7
:1020E80000000000000000000000000000000000E8
:1020F8000000000000000000000000006700000071
:1021080000000000000000000000000000000000C7
:1021180000000000000000000000000000000000B7
:1021280000000000000000000000000000000000A7
:102138000000000000000000000000000000000097
:102148000000000000000000000000000000000087
:102158000000000000000000000000000000000077
:102168000000000000000000000000000000000067
:102178000000000000000000000000000000000057
:1021880000000000000000000302000069DD0100FB
:10219800000000009BEA030000000000FBED0300C4
:1021A80087F2030034FD040000000000F8FD04007D
:1021B8000000020004FE04000000020010FE0400FB
:1021C80000000A00052B02000D2702000000000095
:1021D80000000000000000000000000000000000F7
:1021E8000000000000000000F1F6030000000000FD
:1021F8000000000090FF0400000032000000000012
:1022080000000000000000000000000000000000C6
:1022180000000000EFF603000000000000000000CE
:10222800A0FF0400000032000000000000000000D1
:102238000000000000000000000000000000000096
:10224800EDF603000000000000000000B0FF0400ED
:102258000000240000000000000000000000000052
:102268000000000000000000000000000000000066
:102278008D26020000000000C0FF040000003000AE
:102288000000000000000000000000000000000046
:10229800000000000000000000000000CD26020041
:1022A80000000000D0FF040000003000DCFF040044
:1022B8000000020001000000085901200000F2019E
:1022C8000859012000000000F5F903000000000093
:1022D8000000000000C010500000000000000000D6
:1022E80000000000000000000000000000000000E6
:1022F80000000000000000000000000000000000D6
:1023080000000000000000000000000000000000C5
:1023180000000000000000000000000000000000B5
:1023280000000000000000000000000000000000A5
:102338000000000000000000000000000000000095
:1023480000000000000000000001000000A00D5087
:102358000000000000000000000000000000000075
:102368000000000000000000000000000000000065
:102378000000000000000000000000000000000055
:102388000000000000000000000000000000000045
:102398000000000000000000000000000000000035
:1023A8000000000000000000000000000000000025
:1023B8000000000000000000000000000000000015
:1023C80000000000000000005702040000000000A8
:1023D8000000000000000000C564020000000000CA
:1023E800000000000000000001930200000000004F
:1023F8000000000000000000A5910200000000009D
:102408000000000000000000CDA502000000000050
:102418000000000000000000C99A0200000000004F
:102428000000000064820120000000026482012094
:102438004DD002008D1E0400D91D040000000000CC
:102448000000000075CF020071140400531304004B
:102458005DC4020000000000000000000DBF020083
:102468000000000000000000F0030500000002006A
:10247800FC03050000000A000C0405000000200011
:102488000000000000000000000000000000000044
:10249800000000000000000000000000ED21040022
:1024A80000000000840600208406002000000000D0
:1024B800000000000E00000098060020980600208A
:1024C80049FC02000000000049230300000000004E
:1024D800FF0000000090D003FF0000000F00000084
:1024E80071020000C4060020C4060020CC060020AB
:1024F800CC06002000000000000000000E000000D4
:1025080000000000E4060020E406002000000000AF
:10251800000000000E00000000000000FC06002083
:10252800FC06002000000000000000000E00000073
:10253800000000001407002014070020000000001D
:10254800000000000E000000000000003B580400DE
:1025580037580400677420002408002074080020FD
:102568004C080020380900202809002038080020DD
:0425780060080020D7
:10257C00000000000000000000000000000000004F
:10258C00000000000000000000000000000000003F
:10259C00000000000000000000000000000000002F
:1025AC00000000000000000000000000000000001F
:0C25BC0000000000000000000000000013
:0425C800000000000F
:1025CC00A4070020A407002000000000D48A0120EA
:1025DC0000000000010000003000000000000000BE
:1025EC00C4070020C407002000000000201C0120AC
:1025FC000000000001000000A80000000000000026
:10260C00E4070020E407002000000000083B012044
:10261C00000000001000000010010000000000008D
:10262C00040800200408002000000000048B012096
:10263C0000000000030000001C000000000000006F
:10264C0024080020240800200000000000000000E6
:10265C000E000000380800203808002000000000A0
:10266C00000000000E0000004C0800204C08002068
:10267C0000000000000000000E00000060080020B8
:10268C006008002000000000000000000E000000A8
:10269C0074080020740800200000000000000000F6
:1026AC000E000000880800208808002000000000B0
:1026BC00000000000E0000009C0800209C08002078
:0C26CC0000000000000000000E000000F4
:1026D800B0080020B00800200000000050000000F2
:1026E8001800000088510120085901208851012054
:1026F800885101200000000000000000DC080020D4
:10270800DC08002000000000580000001000000055
:10271800084C012088510120084C0120084C012058
:082728000000000000000000A9
:102730000809002008090020000000000100000036
:10274000180900201809002000000000FFFFFFFF0B
:1027500028090020280900200000000000000000D7
:1027600038090020380900200000000000000000A7
:1027700000000000000000000000000054090020DC
:1027800054090020000000000000000000000000CC
:0827900068090020680900201F
:102798000000000000000000000000007C0900208C
:1027A8007C09002000000000030003001000000066
:1027B800000000005C020500EC8101200000000020
:1027C8000000000000000000A8090020A80900205F
:1027D80000000000030003001000000095BD020087
:1027E800240305005C8A01200000000000000000AE
:1027F80000000000D4090020D409002000000000D7
:10280800030003000000000000000000880005002D
:102818001877012000000000000000000000000000
:10282800000A0020000A002000000000010001004A
:1028380010000000A70A040048020500D07B012010
:102848000000000000000000000000002C0A00202A
:102858002C0A002000000000030003000000000014
:1028680000000000F4010500887B01200000000042
:102878000000000000000000580A0020580A00204C
:10288800000000000C000C000400000025FD0300FF
:1028980074000500C0720120000000000000000064
:1028A80000000000840A0020840A002000000000C4
:1028B80003000300040000000000000038030500C6
:1028C800309101200000000000000000000000001E
:1028D800B00A0020B00A002000000000010001003A
:1028E80002000000000000007005050044A401205B
:1028F800000000000000000000000000DC0A0020CA
:10290800DC0A0020000000000100010000000000B7
:0C291800000000009C0005006478012015
:0429240015E015E0C5
:040000032000402970
:00000001FF
