:10000000B05401207D380200E7AB030069380200DC
:100010006938020069380200693802006938020054
:100020000000000000000000000000004D39020048
:100030006938020000000000353B02006938020008
:10004000B53B0200B53B0200B53B0200B53B0200E8
:10005000B53B0200B53B0200B53B0200B53B0200D8
:10006000B53B0200B53B0200B53B0200B53B0200C8
:10007000B53B0200B53B0200B53B0200B53B0200B8
:10008000B53B0200B53B0200B53B0200B53B0200A8
:10009000B53B0200B53B0200B53B0200B53B020098
:1000A000B53B0200B53B0200B53B0200B53B020088
:1000B000B53B0200B53B0200B53B0200B53B020078
:1000C000B53B0200B53B0200B53B0200B53B020068
:1000D000B53B0200B53B0200B53B0200B53B020058
:1000E000B53B0200B53B0200B53B0200B53B020048
:1000F000B53B0200B53B0200B53B0200B53B020038
:10010000B53B0200B53B0200B53B0200B53B020027
:10011000B53B0200B53B0200B53B0200B53B020017
:10012000B53B0200B53B0200B53B0200B53B020007
:10013000B53B0200B53B0200B53B0200B53B0200F7
:10014000B53B0200B53B0200B53B0200B53B0200E7
:10015000B53B0200B53B0200B53B0200B53B0200D7
:10016000B53B0200B53B0200B53B0200B53B0200C7
:10017000B53B0200B53B0200B53B0200B53B0200B7
:10018000B53B0200B53B0200B53B0200B53B0200A7
:10019000B53B0200B53B0200B53B0200B53B020097
:1001A000B53B0200B53B0200B53B0200B53B020087
:1001B000B53B0200B53B0200B53B0200B53B020077
:1001C000B53B0200B53B0200B53B0200B53B020067
:1001D000B53B0200B53B0200B53B0200B53B020057
:1001E000B53B0200B53B0200B53B0200B53B020047
:1001F000B53B0200B53B0200B53B0200B53B020037
:10020000B53B0200B53B0200B53B0200B53B020026
:10021000B53B0200B53B0200B53B0200B53B020016
:10022000B53B0200B53B0200B53B0200B53B020006
:10023000B53B0200B53B0200B53B0200B53B0200F6
:10024000B53B0200B53B0200B53B0200B53B0200E6
:10025000B53B020071D10300B53B0200B53B020083
:10026000B53B0200B53B02005BD10300B53B020089
:10027000B53B0200B53B0200B53B0200B53B0200B6
:10028000B53B0200B53B0200B53B0200B53B0200A6
:10029000B53B0200B53B0200B53B0200B53B020096
:1002A000B53B0200B53B0200B53B0200B53B020086
:1002B000B53B0200B53B0200B53B0200B53B020076
:1002C000B53B0200B53B0200B53B0200B53B020066
:1002D000B53B0200B53B0200B53B0200B53B020056
:1002E000B53B0200B53B0200B53B0200B53B020046
:1002F000B53B0200B53B0200B53B0200B53B020036
:10030000B53B0200B53B0200B53B0200B53B020025
:10031000B53B0200B53B0200B53B0200B53B020015
:10032000B53B0200B53B0200B53B0200B53B020005
:10033000B53B0200B53B0200B53B0200B53B0200F5
:10034000B53B0200B53B0200B53B0200B53B0200E5
:10035000B53B0200B53B0200B53B0200B53B0200D5
:10036000B53B0200B53B0200B53B0200B53B0200C5
:10037000B53B0200B53B0200B53B0200B53B0200B5
:10038000B53B0200B53B0200B53B0200B53B0200A5
:10039000B53B0200B53B0200B53B0200B53B020095
:1003A000B53B0200B53B0200B53B0200B53B020085
:1003B000B53B0200B53B0200B53B0200B53B020075
:1003C000B53B0200B53B0200B53B0200B53B020065
:1003D000B53B020087D10300B53B0200B53B0200EC
:1003E000B53B0200B53B0200B53B0200B53B020045
:1003F000B53B0200B53B0200B53B0200B53B020035
:10040000B53B0200B53B0200B53B0200B53B020024
:10041000B53B0200B53B0200B53B0200B53B020014
:10042000B53B0200B53B0200B53B0200B53B020004
:10043000B53B0200B53B0200B53B0200B53B0200F4
:10044000B53B0200B53B0200B53B0200B53B0200E4
:10045000B53B0200B53B0200B53B0200B53B0200D4
:10046000B53B0200B53B0200B53B0200B53B0200C4
:0C047000B53B0200B53B0200B53B0200AA
:10048000064A074B02604FF44472DB7882800822F0
:10049000C371002382710372704700BF69B8010005
:1004A000B01B0020064A074B02604FF4B072DB7AA3
:1004B00082800822C371FF2382710372704700BFDC
:1004C00051B10100B01B0020084B094A1B7892F87B
:1004D00028201B020749C27103F52E730160838037
:1004E00008238371FF230372704700BFDC1C0020C8
:1004F000B01B002063630100074A9378D27813444D
:10050000064A02604FF4BA72C371FF23828004224C
:1005100003728271704700BFB01B00207963010035
:10052000064A9378D2781344002282600260044A1B
:100530004260C371FF230372704700BFB01B0020ED
:1005400070000800094991F829308A7803EB4303C9
:10055000C978DB000A4400211033C27181608380B6
:10056000042301608371FF2303727047B01B0020D6
:1005700008B502F013F904F031FA05490D2000F036
:1005800089FC04490E20BDE8084000F083BC00BF90
:10059000C9040000F90400002DE9F341C41D00283E
:1005A000064624F007040CBF0020204600F084FC1F
:1005B000071E04DA6FF00B0002B0BDE8F081374D82
:1005C000E988A88803316B7A03302A7A89B280B22D
:1005D00015F0D0F90028EDDB3C44A978EB78002E2B
:1005E00004F10304194424F0030400FB01F10CBFDF
:1005F0000020204600F00EFE20440EB90028D9DB72
:10060000EA7A0446B2B1EB7B697C13441944FF29B2
:10061000D0D80330002EAA89C9B220F003040CBF41
:100620000020204600F068FE0028C3DB04440EB919
:10063000002CBFDB012000F035FCB0B1A97BA1B1DB
:1006400095F82A3033B340234FF481720734002EDB
:1006500024F007040CBF0020204601F0C1FE002852
:10066000A8DB04440EB9002CA4DBAB7AFBB1EB7A17
:10067000B3B10734002EA97A24F007040CBF002080
:10068000204606F06BFA002894DB04447EB9002C67
:100690000DDA8FE725232822D8E700BFB01B002002
:1006A000012000F0FFFB10B1AB7B002BE1D1734BBD
:1006B0001B6893B1A97D81B10334002EEA7D24F03B
:1006C00003040CBF0020204698470028FFF672AFB5
:1006D000044416B9002CFFF66DAF694B1B688BB153
:1006E000297C79B10334002E24F003040CBF0020D0
:1006F000204698470028FFF65DAF044416B9002C49
:10070000FFF658AF5F4B1F68B7B1697CA1B10334E6
:10071000002E2B7D24F0030408BF0020009318BF97
:100720002046EB7CAA7CB8470028FFF643AF044480
:1007300016B9002CFFF63EAF072000F0B3FB98B1CE
:10074000A97D89B10334002E2A7E24F003040CBF56
:100750000020204600F0BEFE0028FFF62BAF044428
:1007600016B9002CFFF626AFB6FA86F795F82300E7
:100770007F09A0B103346B7FA97E24F007041944DC
:100780003B4644F00404C9B2224600F0E3FE0028D0
:10079000FFF610AF044416B9002CFFF60BAF95F826
:1007A000241000294CD004F10708002EEA8C28F010
:1007B00007080CBF0020404615F0F0F8041EFFF6B5
:1007C000F9AE4444002E3ED1002CFFF6F3AEA97FD3
:1007D000002945D095F82230002B41D02A8C0734CF
:1007E000002E02F1240224F007080CBF002040462E
:1007F00092B215F0D3F80028FFF6DCAE404416B9EB
:100800000028FFF6D7AE03302B7FA97E20F007002B
:1008100019443B4640F0040495F82200C9B2224630
:1008200000F08AFE0028FFF6C5AE044486B9002C0D
:10083000FFF6C0AEEB6AF3B1C6B1EC620020BBE6D6
:10084000002EC4D08846E98C40460CF093FDBEE7EC
:100850002A8C4046A97F083292B20CF091FDE9E75C
:10086000002EE7D0002211461046F6E728343FF567
:10087000A1AE2046A0E6002EE0D1FAE70C29002028
:1008800010290020142900201FB572B6194B1C6BCB
:10089000ECB9BFF34F8F1849184BCA6802F4E062F5
:1008A0001343CB60BFF34F8F00BFFDE7B2FBF6F2FF
:1008B0002B465D1C002AF9D1DBB203F110056D4413
:1008C00005F80C2C0A2233B901A8A047E1E702463B
:1008D00000230A26EDE7013BDBB203F110050DEB27
:1008E0000506B0FBF2F502FB1500303006F80C0CE3
:1008F0002846E8E7B01B002000ED00E00400FA0500
:1009000013B5124C68462389ADF80030E388ADF882
:100910000430A388ADF8023003F0E8FB18B1FB21E6
:100920009C20FFF7B1FF207D03F010FC08B1FE21F1
:10093000F6E7E07C03F004FC08B1FF21F0E794F84F
:1009400029000AF077FB02B010BD00BFB01B0020E9
:1009500070B50546002855D014F076F918B94FF057
:10096000FF34204670BD12F051FEB0F5FA7FF6D884
:10097000264C012625630025284684F8345025702E
:1009800084F82A50E5620BF083FF1A22294604F10D
:100990000F001CF08FF81B2308210322A380284698
:1009A000E3800223A1721F216372E375F723227291
:1009B0002384FB23A2734922E3840A23A1812946CD
:1009C000E27484F82930A670E670E672A674267682
:1009D00001F026FF2A463146304601F0F3FE044678
:1009E00020B140F2B6319C20FFF74EFF014601F0E6
:1009F00005FFEFF3108572B600F0D2FD002DB0D1E7
:100A000062B6AEE76FF01504ABE700BFB01B002085
:100A100038B51446002840F0EE80784D95F8343013
:100A2000032B00F0E58019B312B96FF0150038BD43
:100A30000139172900F2DF80DFE811F018002900E2
:100A40002C0042006C0075009400480078007B0088
:100A50008E004E005400620067009A009D00AC00BA
:100A6000AF00B200A300B500B900D2001378AB709C
:100A70000020FFF791FD0028B7BF012302236FF08C
:100A80000B0085F83430A8BF85F83430CFE71378F1
:100A9000EB70EDE71379002BC7D05379002BC4D04E
:100AA0001288FB2AC1D863881B3B9BB2E02BBCD8C1
:100AB0001A2ABAD92368A2886B60514B9A80D7E76B
:100AC0001378EA7B9342B0D3EB72D1E71378EA7ADA
:100AD0009342AAD8EB73CBE71378EA7A9342A4D86F
:100AE0006B74C5E71378002B9FD05378013BDBB2C2
:100AF000F82B9AD8138892786B82424B9A70B7E79A
:100B0000107868750AF0E6F8B2E71378002B8CD0FD
:100B10002B76ADE7012000F0C5F9237808B1012B51
:100B200083D9AB73A4E71388AB81A1E71378AB75C6
:100B30009EE7072000F0B6F918B92378012B7FF65D
:100B400074AF072000F0AEF918B12378002B3FF402
:100B50006CAF2378EB758BE71378082B3FF665AF06
:100B60002B7485E71388FF2B3FF65FAFAB727FE7EF
:100B700013786B767CE713780E2B3FF656AFAB7687
:100B800076E72368204AC5F81E30636853602389DE
:100B900013816DE71378EB766AE713786B7767E775
:100BA00013782B7764E7137885F8283060E701F035
:100BB00003FE98B1007900F001026178207801F01D
:100BC00001FE00287FF433AF6378012B7FF650AF2E
:100BD0000CF048FA00287FF44BAF26E70246ECE71A
:100BE00013785A1E092A3FF620AF85F829303FE7CF
:100BF0004FF0FF301BE76FF02C0018E7B01B002010
:100C0000B41B0020C21B0020CE1B0020F8B50D46EF
:100C1000064630B329B311F0070422D1124F97F8DA
:100C20003430012B02D16FF00B00F8BD032B02D141
:100C30004FF0FF30F9E700F0E9FC0028F8D0284633
:100C4000FFF7AAFC0028EEDB1BF0F5FA3046F96A44
:100C500003F0E2FEFFF754FE0323204687F834300A
:100C6000E3E76FF01500E0E7B01B002010B5074C7C
:100C700094F83430032B03D103F0E6FE04F0B2FD08
:100C800014F0B9FF002084F8340010BDB01B002020
:100C900008B503F053FE03490320BDE8084000F007
:100CA000F9B800BFA504000008B503F061FE0349D0
:100CB0000220BDE8084000F0EDB800BF810400004C
:100CC00008B503F077FE03F05DFA03490F20BDE895
:100CD000084000F0DFB800BF2105000008B5044956
:100CE000122000F0D7F8BDE8084003F06BBA00BF4F
:100CF00045050000074B4FF0FF3141F6FF72C3E995
:100D0000001205490022C1E900221F21C3E9021295
:100D1000704700BF20110020E81B00203F280CD89E
:100D200001380B4BC0F3421200F01F0053F8223081
:100D300023FA00F000F001007047FF2806D0403889
:100D4000044BC0F3421200F01F00EFE70120704790
:100D500020110020E81B0020074B0146006849686D
:100D60001A4603C240F48C2200201A6041F010722F
:100D700042F4FF625A607047201100200246034B84
:100D80000068516803C30020704700BFE81B0020C3
:100D90000246034B0068516803C30020704700BF40
:100DA000281100200138064BC0F3421200F01F004A
:100DB00003EB82039B6823FA00F000F00100704708
:100DC000201100200A8870B595B2C67CC2F30E02CD
:100DD0000488023602F118033444C35AA4B23344DF
:100DE0002344013BB3FBF4F303FB0422438892B298
:100DF0009342044B8BBF2B40AB4313439BB20B80FE
:100E000070BD00BF0080FFFF4A1E062A08B50346DA
:100E1000084604D84FF4D1711520FFF735FD094A73
:100E2000914202D940F2A311F6E711B903B119605A
:100E300008BD2BB11B680022C3E901211A1D1A60ED
:100E40000430F5E7FAFFFF7F10B5114B00EB4104CA
:100E50001A786389B3FBF2F303FB0223013A1A44C5
:100E6000B2F5706F0279807828BF00231A440B18FE
:100E7000B2FBF0F100FB11215B1AB3FBF0F100FBB8
:100E8000113313446FEA43436FEA5343638110BD48
:100E9000F01B0020024B03EB80035960704700BF3A
:100EA000F01B0020034B03EB80035868003818BF89
:100EB00001207047F01B00202DE9F04F10F0070AC9
:100EC00085B0054604D040F26F111720FFF7DCFC17
:100ED000534F04464FF0010B07F15406B146B0469C
:100EE00057F8043B8DF80BA03BB101A898479DF83B
:100EF0000A30082B01D9F521E7E79DF80B1041BB1B
:100F000005B131604F4506F10406E9D1002D6FD0DF
:100F10000022DFF810911427964689F8002058F82F
:100F200027A0013FBAF1000F55D09AF804609AF853
:100F300002C0FF2E60D039460023481C38D19C44A3
:100F4000BCF1FF0F3FD90AB189F800E04FF49A7164
:100F5000BBE79DF80AC04B1D60465A0004EB4303F3
:100F6000022838BF0220441E40422344BDF80840F6
:100F70006444CCF1000C0340013C04EA0C04B4F5D9
:100F8000803F02D340F205119FE775B19A1A326093
:100F90009170148082F803B09DF80C0010710198D4
:100FA0004FEA104C1081A2F806C004FB0134A9E7F7
:100FB00058F8210028B190F804B0B34504BF8078F8
:100FC0001B180139B9E7DBB2E6458AF804303CBFAB
:100FD0005FFA8CFE01227B1CA1D10AB189F800E0E6
:100FE000142640F6FF6A58F82670B7B9013EFAD2C7
:100FF000601B05B0BDE8F08F0023E5E707EB410378
:1010000009F101093846A3F80AA0FFF71DFF5FFAAE
:1010100089F1BB788B42F1D8E8E74FF00009F6E799
:10102000F41B0020F01B002038B54FF6FF7302467A
:101030000380184B03EB8103986DA8B18478037982
:10104000B3FBF4F104FB1133DBB2194600EB4105AD
:10105000B5F90A50002D0EDB0131B1FBF4F504FBAC
:101060001511C9B28B42F1D1002038BD6381BDE8B2
:10107000384014F04CBC00EB41046389C3F30E0309
:101080001380C278002AF1D14FF4E5711720FFF7E1
:10109000FBFB00BFF01B00201C4B03EB810370B572
:1010A0009C6D054644B3030404D54FF4EC7117203E
:1010B000FFF7EAFB0146204614F00CFCFF2801462E
:1010C00004D02046BDE8704014F021BCA078B5FBE8
:1010D000F0F300FB1353DBB219460A1D04EB420682
:1010E000B6F90260002E09DB0131B1FBF0F200FB22
:1010F0001211C9B28B42F0D1002070BD8B4201D0D9
:101100000023E37004EB42025580DAE7F01B002075
:10111000094B03EB8103014610B59C6D204614F08A
:10112000D9FBFF28014604D02046BDE8104014F04A
:10113000EEBB002010BD00BFF01B0020F8B5104B27
:10114000074603EB810301469C6D204614F0C2FB69
:10115000FF28054611D0E288238953EA024606D0CB
:101160000146204614F0D3FB01463846B0472046DE
:101170002946FFF769FE0020F8BD0520FCE700BF07
:10118000F01B002038B50E4B0446827903EB820336
:10119000986D08B9052038BD8278E1799142F9D27D
:1011A0004B1CE37100EB41035D89B3F90A30002B5E
:1011B000F3DBA58014F0ABFB20600020EBE700BF61
:1011C000F01B002008B5124B03EB81039A6D22B986
:1011D00040F246211720FFF757FB9178831A481DEC
:1011E000A3EB40031088B3FBF0F3002B01DB994223
:1011F00002DC40F24921EDE702EB4302B2F90A308A
:101200005089002B02DA40F24B21E3E708BD00BF12
:10121000F01B002070B5044610F003000E4603D00A
:101220004E211820FFF730FBFFF7EEFD054624B1F5
:10123000034831460460FFF7E7FD284670BD00BF54
:101240009C1C00202DE9F14FDFF870B01E460746C8
:101250000D46DBF8003090469DF828A09DF82C90B4
:101260001BB960211820FFF70FFB524609214046A9
:1012700014F0B4F94A4684B20921304614F0AEF9AC
:1012800081B2DBF80000214414F0F8FA386018B994
:10129000286001B0BDE8F08F04445346414609225E
:1012A0002C60386814F05DF94B46092231462868F5
:1012B00001B0BDE8F04F14F054B900BF9C1C0020F1
:1012C00070B50E46044614F09CF90546304614F0FD
:1012D00098F9044B2A1821461868BDE8704014F0AC
:1012E000F2BA00BF9C1C0020024B186808B114F031
:1012F000B9BA70479C1C00201F2AF8B50446134653
:101300000ED89200033222F00303B3F5803F2DD2B2
:10131000184DACB1A00710D068210920FFF7B4FA2E
:10132000FF2B4FEA420204D9FF339A42A8BF1A4664
:10133000E8E77C2AB8BF7C22E4E729706C602B8147
:1013400022F0030228230127120403FB01F06B683B
:101350000025120CEEB2B14200D8F8BD14B1261827
:101360001F705E60104401352833F3E74FF0FF3003
:10137000F3E700BFA01C0020154A002170B5536898
:101380001578C8B2854203D8BA210920FFF77CFA44
:101390001C461846013114F8286B0EB92346F0E7B5
:1013A0000021997001241289996103F126055C706E
:1013B0009208D96103F11E04596824F8022FA5424E
:1013C00043F8041F1144F8D100234361037070BD3A
:1013D000A01C00200A4B1B89B3F5FF7F4FEA930046
:1013E00006D25A089B1A9BB2984238BF18467047DB
:1013F000B3F5EE6F01D8FF22F4E740F27263F3E732
:10140000A01C00204B782DE9F04106460C4602F066
:10141000040702F0FB05E3B1A5BBFF23A3707B0823
:1014200004EB57073A7D032A02D1022D18BF01337E
:10143000E2180121117503F10C01002204EB830372
:1014400024F811205B68A27030463360B280BDE89A
:10145000F081002DE1D1012301F11E028D612046B2
:101460004B7004F1260C1A4BCD611B8949689B080F
:1014700022F8023F944540F8041F1944F8D1002394
:101480006361CAE7D1F8048014220021A0186170BA
:101490001BF010FB0E4B1B89B3F5FF7F0FD25A08D0
:1014A0009B1A9BB208EB0301C4F804802384A1605B
:1014B0006284C4F80C80A3842161E284ADE7B3F5B3
:1014C000EE6F4FF0FF02EBD940F27263EAE700BF24
:1014D000A01C00202DE9F84305460C46F720052105
:1014E000914614F07BF8061E21DB1DB906FB04F0C3
:1014F000BDE8F88315F0030703D098211920FFF702
:10150000C3F9DFF83080C8F81050A8F81460BBB2F7
:101510009C42EBD9B8F814504B46D8F8100005227D
:10152000F72107FB0500013714F01BF8EFE74FF038
:10153000FF30DDE7B41C002007B5CDE900230B46E2
:1015400003490246081D14F030FB03B05DF804FBAC
:10155000CC1C002013B5064CCDE900230B460246F7
:1015600004F1080104F10C0014F01FFB02B010BDDF
:10157000CC1C002008B54B1E032B03D9232190203F
:10158000FFF782F90028054A0CBF05230C2303EB63
:101590008103053323F00103137008BDDC1C002018
:1015A000114B01224FF0FF3000215A60C3F80803AD
:1015B000C3F80015C3F804255A6040F6FE72C3F85C
:1015C00008034020C3F8001503F570330749C3F83A
:1015D0000825C1F88800BFF34F8FBFF36F8FC1F8A4
:1015E0008801C3F8082570470060045000E100E05E
:1015F00002680020014B1A60704700BFE01C002009
:10160000014B1B68184700BFE01C0020024B186804
:10161000003818BF01207047E01C00200A46064829
:101620009C2302F8033BC368C1F80330036953608D
:1016300043699360704700BFE41C0020024B5A8C42
:1016400002435A845B6A1847E41C0020014B0021C6
:101650005B6A1847E41C002010B5154C0AF0AEFD7B
:101660000BF0D8F8208DFFF7F1FF237E63B12246FF
:10167000104904F1190052F80C3BE36063685360B1
:10168000A368936018F007FC218DE06A05F0C0FAAA
:10169000E36AB3F8AA0005F0FBF9636B94F8301025
:1016A00094F831009847002384F8383010BD00BF0B
:1016B000E41C00201D160000034B93F838300BB1DA
:1016C000FFF7CABF704700BFE41C00202DE9F041BE
:1016D000DFF8808005460E4608F12C0016F0BFF8B2
:1016E000044618B101242046BDE8F081D8F82C301A
:1016F00093F8A8704FB1012D07D1B8F822301A071E
:1017000003D598F83930002BECD1012EEAD8D8F85F
:101710003C30284698470028E4D098F83030002B19
:10172000E0D167B9012DDED1B8F82230002BD9D134
:1017300098F84030002BD6D198F8414007E0002DB2
:10174000D1D1B8F822309B07EED598F8394084F013
:101750000104C8E7E41C002070B5204C0646636D08
:10176000E56A63644FF4817394F85800A4F8483034
:101770002B7D95F8211100EB83002EB9FF2803D1B2
:1017800095F820318B4201D00AF0C2F92B7DFBB1D4
:10179000E06D0AF051FCE16D606C0AF0C1FF66B9C2
:1017A00095F82131033B012BB5F8E4308CBF0020C4
:1017B0002820184480B20AF08DFCB5F8E0000AF049
:1017C00067F900200AF0C4FC022384F8383070BDA9
:1017D000606C0AF031FC0BF01DF8E0E7E41C00201F
:1017E00008B5094B93F83820022A04D040F257314B
:1017F0002720FFF749F8DA7A42F00102DA72BDE8F1
:101800000840FFF729BF00BFE41C002010B590F886
:101810006E1086B0D1B9C2880B4605910021CDE982
:1018200003110C4991F85840029400F1900401947E
:10183000C96A91F8A810003918BF0121009100F180
:10184000800102200AF07CFE06B010BDD0E91E2304
:10185000E3E700BFE41C00202DE9F041274C0646D9
:101860000F4694F83830012B5FFA83F804D040F625
:101870000E112720FFF708F8E56A2B7953B10021F4
:1018800004202971FFF7DAFEE36A93F8A8300BB160
:1018900085F8058094F860308BB92B7A052B0ED132
:1018A00017490220FFF7CAFEE36A93F8A83033B164
:1018B000E36E1B789A1E5342534184F839301EB1AF
:1018C000BDE8F041FFF7C8BE002FF9D031463046E1
:1018D000FFF7FCFE0028F3D12B7DE46A13B1284604
:1018E000FFF794FF94F821210120B4F8E2101AF0D8
:1018F000D1FC0020BDE8F041FFF72EBFE41C002022
:10190000501D00207FB590F86E10D1B9C2880B46EB
:1019100005910021CDE90311FB21029100F1900115
:1019200001910949C96A91F8A810B1FA81F14909F0
:10193000009100F1800104200AF002FE07B05DF87A
:1019400004FBD0E91C23E3E7E41C00201E4A10B589
:10195000546E41782378C90003F0F30301F00801C5
:101960000B438178890001F004010B43C178090120
:1019700003F0EC0301F010010B43017801F00301C7
:101980000B432370B2F8703063700223516EA2F8DB
:10199000683004790B786001012C23F0200300F0FB
:1019A000200043EA00030B700CD1D36A93F8BA20ED
:1019B00093F8BB30032A03F01F0308BF002243EA59
:1019C00082138B7010BD00BFE41C0020F7B5184CCB
:1019D0000646656F0DB1E36C23B940F6C6012720BA
:1019E000FEF752FFB4F8503001F003012F466B7040
:1019F0002B7823F003030B4307F8033B3846B4F876
:101A00005020E16C13F08AFA0DF1020201A9A06FD7
:101A10006564E76413F01CFF019813F007FF0122CF
:101A2000B4F850103060A06F13F0ABFE03B0F0BDFF
:101A3000E41C00202DE9F04FAE4C87B0D4F82C8088
:101A400098F8201158B998F8142094F8583003EBFE
:101A50008203FF2B03D198F821318B4202D0FF2063
:101A60000AF056F8002304AA02A9A34804938DF8AB
:101A7000143084F8603001AB15F0E6FE074600280C
:101A800045D0029ABDF8043022B940F21341272014
:101A9000FEF7FAFE6266A4F8703003B1D31CE36669
:101AA000012384F860309DF8133004A8003B18BF70
:101AB000012384F8403098F81330002B00F0208187
:101AC000B4F87030002B00F01B81FFF73FFFE06D92
:101AD0000AF0B2FA9DF81420E16D003A606E18BF6A
:101AE00001220AF033FC18B9616EE06D0AF0A2FD24
:101AF000B8F8E20009F0CCFF01200AF029FB01232D
:101B000084F8883084F8383007B0BDE8F08FE66A92
:101B10008DF80300337AADF80600062B00F2CD8075
:101B2000DFE803F004CEA4A4CBBBBB0000230DF17F
:101B3000060103A8A6F8443094F87F30A6F81031C7
:101B4000ADF8063003F0BAF938B1039D2DB1012389
:101B500084F88030052333729CE0E36A93F85530B3
:101B6000002B6BD10DF103020DF10601D4F88400B6
:101B700013F06EFD0546002860D09DF80370FFB19C
:101B80000146D4F8840013F04DFE13F04FFED0F858
:101B900000B0D0F804A081465BEA0A0348D10023D4
:101BA00089F8003089F8013089F8023089F803306B
:101BB00089F8043089F8053089F8063089F807304B
:101BC000BDF80630002B40D10123337201230027DA
:101BD00084F88030BDF806306566A4F8703003B133
:101BE000EB1CE366727A357A8DF81120022DB27AF9
:101BF0008DF8122004D0053D012D8CBF0125032551
:101C00008DF81050002F5ED000209DF810308DF818
:101C10001300032B6BD1E36E1B781B2B67D10121C3
:101C200006F1BA0009F0BCFF01238DF814303AE741
:101C30001AF033FD83457AEB0101B0D20023012273
:101C40002E4DADF806303272C6E79DF803301BB951
:101C50002B80AB700323B8E72B7803F00303012B31
:101C6000F8D0022333720023B375AFE7B6F8103112
:101C70000DF103020DF10601D4F88400ADF8063031
:101C800013F0E6FC054610B940F2C451FFE601230B
:101C900084F88030BDF806309EE70DF1060103A8F8
:101CA00003F00CF908B1039D15B940F2D351EEE6EB
:101CB000012384F8803006234DE740F2DD51E6E64B
:101CC0000E4D002388E7032D02D11B78022B9BD0F9
:101CD000D4F8840013F014FD38B9032D94D003F028
:101CE00009F980F00100C0B28FE701208DE70023E1
:101CF0009BE700BFE41C0020101D0020601D002099
:101D0000FFF724FE606E0AF097F90AF083FD9DF854
:101D10001410606E003918BF01211AF0C8FAE7E606
:101D20002DE9F04FAA4C87B00027804694F8383050
:101D3000E56A022B5FFA83FB05F1A80A0191CDE960
:101D4000027704D040F6AF112720FEF79DFD616CAD
:101D500003200B784A780144A4F84800E16403EAC0
:101D60000001A4F850208DF81010C3F3C0018DF8C5
:101D70001110C3F380018DF81210C3F30011C3F3E7
:101D800040138DF813108DF81430B8F1000F00F0E7
:101D9000238104A904F12C0015F058FD064630B942
:101DA000B4F8501051B3A06F13F0CBFC0746238D4D
:101DB0009DF8121043F40073676723856B7A013333
:101DC000DAB203F0010399425CD12B7AF3B1032B11
:101DD0006A7215D8012B08BF4FF0010BB5F84430DB
:101DE000BBF1020FA5F8463016D102A9D4F8840041
:101DF00013F050FCE8B940F2D671A5E70746D6E7E4
:101E0000053B012B05D940F2B4719DE74FF0040B5F
:101E1000E4E74FF0030BE1E7BBF1030F10D103F050
:101E20005BF810B94FF4FC618EE700210820FFF742
:101E300005FCD5E91C32013342F10002C5E91C3230
:101E40000021E36A297293F8A8302BB16B791BB19A
:101E500010206971FFF7F2FB238D4FF0000B43F464
:101E6000006323852B7DDBB1B4F85030C3B10AF099
:101E7000EFFC0328FBD0022806D1FFF7EDFB07B0EB
:101E8000BDE8F08FC346EDE750B9AB7A9DF811205D
:101E900003F001039A4203D1012384F83130ECE7C7
:101EA000B4F85070E6B19DF81330591E4B424B41C7
:101EB00084F84130002F40F0B7800027B946019BDD
:101EC000002B00F0B8800AF079F9B9F1000F00F0AA
:101ED0001E819DF8101003A8FFF778FD0127C9E0C7
:101EE000AB7A9DF8112003F001039A4223D19DF8AB
:101EF00010307FB35A1E012A2CD8238D95F81490E8
:101F000043F48053238509F0D9FD032894F88930E0
:101F100007D1B9F1000F0CBF1F221B22934228BF2B
:101F20001346B4F850209A4208D994F8303043F060
:101F3000100384F830304FF000092FE0636F002B5E
:101F4000F9D094F88A301BB12020FFF77FFBF2E72D
:101F50009DF81030AA7A032B02F10102AA7210D167
:101F6000238D01201B4943F4805328712385FFF7FB
:101F700065FBD5E91E32013342F10002C5E91E328C
:101F8000D9E75A1E012A1DD8002FD4D0C146D5E961
:101F90001E32013342F10002C5E91E32626F9DF824
:101FA0001310002A45D1B4F85020B2FA82F2520937
:101FB000012914BF002202F001023746002684F8EE
:101FC00041207CE7002FB6D0002BB4D1D1E700BF71
:101FD000E41C0020301D00202B7D0BB10AF052FCC8
:101FE00094F88B30013384F88B30238D43F4806375
:101FF000238595F82131033B012B0DD809F05EFDB7
:1020000003280DD1B4F850604FF000091B2ECB46C9
:1020100094BF00260126C1E703F052FD0028EDD150
:102020000026B146B346B9E7238D43F48053238598
:1020300043E70122BCE794F88B100120FFF746FB31
:1020400000287FF440AFEA7C12B12846FFF75AFC23
:10205000002095F82021B5F8E0101AF01BF90020B7
:10206000FFF7E8FCB9F1000F5AD09DF8101003A853
:10207000FFF7ACFC238D5A0606D44020FFF7E6FAA2
:10208000238D43F040032385BBF1000F10D0EB8874
:102090004BB9E36A93F8A8302BB1B4F80530B4F823
:1020A0000720134304D0B4F809300133A4F80930F1
:1020B000B8F1000F3CD0B4F805300133A4F8053076
:1020C000002384F88B301D4804F046FC029830B1A0
:1020D00013F0ACFB00220272514603F09DFC039BFF
:1020E00033B100221A720C225146039803F062FCAD
:1020F000002F7FF4C2AE238D1B063FF5C0AE8020BB
:10210000FFF7A4FA238D43F080032385B7E6002E62
:102110003FF4E4AE0A49A1F1200015F099FBDDE699
:10212000002EA7D00649A1F1200015F091FBA1E7F0
:10213000B4F807300133A4F80730C4E7101D0020BD
:10214000301D0020064B10B593F8382002F0FF0434
:1021500022B91C7604F054FD204610BD0C24FBE788
:10216000E41C0020094B0A4A10B51A60FFF7EAFF89
:1021700020B14FF4B1712720FEF786FB054C02F029
:102180007FFC606502F080FCE06510BD182900202E
:10219000D0230000E41C0020F8B5794C054694F8E3
:1021A000386006F0FF0016B909B102B123B94FF447
:1021B00020712720FEF768FB63639DF81830616289
:1021C00084F88A30E26384F8300084F88B0084F865
:1021D000310084F888006084208584F8400084F809
:1021E000410084F8800084F839006066E066A4F855
:1021F00070006064E064A4F85000E56209F0F2FC4D
:102200000AF008FB95F9280109F050FDD5F8D460D3
:10221000D5F8CC0009F050FD304609F0F1FE95F8F4
:10222000250009F053FDB5F8E030622B03D9B5F86D
:10223000E230622B01D809F031FCE36A93F8A86020
:10224000002E40F0858018F00BFC95F820214D4BB6
:102250004FF47A7153F8223003F5FA73B3FBF1F3BC
:1022600052331918304609F03FFD474B186809F002
:10227000CDFED5F8C030C4F88430D5F8C430A3679B
:10228000AB7B243B072B6BD9EB7B243B072B67D91C
:10229000B5F8F230B5F8F80095F82011984228BF4B
:1022A0001846042908BF032117F04FF9034695F893
:1022B000F400984228BF184695F8F03080B2984252
:1022C00000D3C3B295F8211105F1E80084F87F30FE
:1022D00017F090FE95F821112F7D0329B5F8FC60C9
:1022E00008BF042117F031F90FB9043080B28642DB
:1022F00028BF0646F6B284F8896003F0E1FB28B1F6
:1023000003F0E4FB864238BF0646F6B284F8586014
:1023100015F0A1FAE36A93F8A8301BBBEB7C13B16C
:102320002846FFF7EFFA0120FFF784FB0023236024
:102330006360A360EB886380B5F8AA30238095F8CA
:1023400025302371D5F824310BB101221A60F8BD74
:1023500018F086FB95F8212100F17101012082E738
:102360001B23AFE72B7D13B12846FFF74FFA01205F
:10237000FFF7F2F9E36AD3F8F00109F079FED5E747
:10238000E41C00202C02040018290020014B93F8C3
:1023900088007047E41C0020054A138D92F88000E5
:1023A00003F4805110B113F4C06F00D1080B7047D3
:1023B000E41C0020024B93F82900C0F3C0007047D2
:1023C000E41C0020014B93F88B007047E41C0020B4
:1023D000E1170000211D000059180000B916000087
:1023E000343270B5054692B20C461E4613F0D6FA4A
:1023F00025B1034A556014745674147070BD00BF43
:10240000881D00200138C0B2032808B504D94FF454
:102410003F710620FEF738FA014B185C08BD00BF7B
:1024200060FF03000138C0B2032808B504D94FF497
:102430003F710620FEF728FA014B185C08BD00BF6B
:102440007DFF03000138C0B2032808B504D94FF45A
:102450003F710620FEF718FA014B185C08BD00BF5B
:10246000E0FF03000138C0B2032808B504D94FF4D7
:102470003F710620FEF708FA014B185C08BD00BF4B
:10248000D9000400F0B5284AA7B004460D461068EC
:102490006B46516802AE0F2203C300210DF1890083
:1024A0001AF008FB0021102230461AF003FB16AB8D
:1024B000DDE9000183E80300234618AC03F1280797
:1024C0001868083353F8041C2246BB4203C2144662
:1024D000F6D1802306AA8DF88830002302F8013B4C
:1024E0000133102BFAD196E80F0012AC84E80F00EC
:1024F0000AAA214606A813F099FB01230EAA214639
:1025000006A88DF84B3013F091FB2A460EA90AA8B5
:1025100004231AF012FA042305F1100229460AA82E
:102520001AF00BFA27B0F0BD64FF030008B50BF0FA
:102530008FFC28B9034B1868BDE8084013F049BD6B
:1025400008BD00BF4C1E0020F7B50446052900F267
:102550000D81DFE811F00600A900AC000B010B01B2
:10256000A50090F8623223B903B0BDE8F04011F045
:10257000B9BF90F86232052B05D10F220021204609
:1025800013F05BFDF0E74FF40C71806810F0F2FF80
:10259000A368283B184419F0CEFF94F86232032B4D
:1025A00008D094F86232022B04D040F267118E20DA
:1025B000FEF76AF9032384F86232D4F8D4300D218F
:1025C000B4F864222046B3F847301344A381FEF7E1
:1025D000F9FD06460E21FEF79BFD01A90546304692
:1025E00017F019F808B18D21E1E794F85D3240F257
:1025F000712E95F83E710199B5F83821D1F8C810BF
:10260000B5F850014A43B5F83A110EFB00F0B3FBA0
:10261000F7F607FB16335643DBB203F1010C4B43CD
:102620000EFB0363834201D99721C0E7BC45A0EBB1
:10263000030300D0F1B93244904202D8042284F856
:102640006222D5F84C21934218D2042284F86222E7
:1026500023F07F43D4F85022204663F31702C4F8D6
:1026600050220BF047FA60B9204603B0BDE8F040B5
:1026700013F0AFBC0EFB01F18B42DEE722F07F438B
:10268000E8E720460BF052FB0028EDD0394811F066
:102690006BFE384811F076FE374B1C6003B0F0BD7E
:1026A0000BF0E6FB032269E74FF401717FE7FF239C
:1026B00080F8673290F8623203F0FF0213B980F8B5
:1026C0006722EBE790F86232052B07D10322002145
:1026D00013F0B3FC002384F86732F2E7302301A93A
:1026E00080F82032B0F86032ADF804300BF0C0F85A
:1026F000BDF804300228B4F86022A3EB020384F88A
:10270000B030E7D001282DD1042384F862320D21A6
:102710002046FEF757FD0E210546FEF7F9FC94F81A
:102720005D3290F83E21B3FBF2F102FB113301332D
:10273000DBB29A4202D0042384F86232D4F8D43057
:102740002946B4F864222046B3F847301344A381E5
:1027500013F032FC94F86232042BBBD1204613F004
:1027600003FBB7E720460EF0F5FED0E740F20A2162
:102770001DE700BF2D2500004C1E0020014B024A22
:102780005A6070474C1E002049250000024B02464B
:102790001830596819F0FEBF4C1E0020044A054B42
:1027A000518B1A609980D18A928BD9801A81704797
:1027B000E6110020541E0020014B1868704700BF2E
:1027C000541E002008B5034610465A1E032A10D88E
:1027D0004A1E032A0DD8084A012951700CBF002156
:1027E0000A211071937091721946FEF7C3FE002002
:1027F00008BD6FF01500FBE7E6110020074A537A89
:1028000040B143F00403002953720CBF0023072397
:102810005371704703F0FB03F5E700BFE61100209A
:1028200040EA4100014BD870704700BFE61100201C
:1028300014280BD028280BD00A280BD10323064AD2
:102840000020528B1340054A938070470223F6E71D
:102850000023F4E71E207047E6110020541E0020DC
:10286000014B9888704700BF541E002038B50E4DAC
:102870000446AB7A0BB90C2038BD2B68002BFAD07C
:1028800018F0B8FA0028F6D17F2C09D8EB8834EA82
:10289000030007D1054B2A89DC8214409C83EBE7B7
:1028A0001E20E9E71120E7E7541E0020E611002072
:1028B00070B506680D4604460E21B6F8AA00FEF76C
:1028C00027FC074980F8BD50B43017F0DBFA00232D
:1028D00086F84D312046BDE8704017F01ABD00BFA4
:1028E0006D2A00002DE9F0410768054688460E2153
:1028F000B7F8AA00FEF70CFC0D210446B7F8AA00B1
:10290000FEF706FC002680F86262094904F1B40073
:1029100084F8BD8084F8BE60A4F8C06017F0B2FAF5
:1029200087F84E612846BDE8F04117F0F2BC00BFC1
:10293000B96301002DE9F041056806460F460E21F6
:1029400095F8A880B5F8AA00FEF7E2FB0D21044631
:10295000B5F8AA00FEF7DCFBB8F1000F02D0EB7B64
:10296000452B15D0002384F84571A4F84831A4F80C
:102970004631A8B994F8453104F1B4000B4984F804
:10298000BD30002384F8BE30A4F8C03017F07AFAC6
:10299000002385F84F313046BDE8F04117F0B9BC4F
:1029A00090F86232002BE5D0F2E700BFB963010076
:1029B00038B5036814460D460E21B3F8AA00FEF799
:1029C000A7FBB4B9B0F84831B0F84621A0F84841A7
:1029D0009B1AA0F846411BB290F8A4205AB980F87F
:1029E000A5509C30847283810349BDE8384017F0BC
:1029F00049BA0023F0E738BDB963010010B540883B
:102A00000C460E21FEF784FB90F872305BB980F81B
:102A1000734014B9FF2380F8C23003496A30BDE81F
:102A2000104017F02FBA10BD8B65010070B5066815
:102A300004460D460E21B6F8AA00FEF769FB90F891
:102A40007C304BB980F87D5015B9FF2380F8C53034
:102A50000549743017F016FA002386F84C312046E9
:102A6000BDE8704017F055BC396B010070B50C46DD
:102A70000E210546FEF7A6FB0E210646FEF748FB93
:102A8000002280F8C6203E22A68022702222627098
:102A90002F22A2706A7AE27090F8162102F03F02AB
:102AA000A27190F8F820012AE2714CD190F804212B
:102AB000227290F80821627290F80521A27290F8B3
:102AC0000621E27290F80721227390F809216273BF
:102AD00090F80C21A27390F80B21E27390F80A2170
:102AE000013AD2B2072A96BF1749FF228A5C2274A4
:102AF000D0F8F920C4F81120D0F8FD20C4F8152032
:102B0000B0F80121A4F8192090F80321E27690F89A
:102B10000D21227790F80E21627790F80F21A2778D
:102B200090F81521E27790F8122184F8202090F88F
:102B3000132184F8212090F8102184F8222090F8A5
:102B4000113184F8233070BD6CFF0300502808B5A4
:102B50001DD018D828280CD8092806D9A0F10A02B7
:102B60000C4BD2B2D340DB0707D43221D620FDF77D
:102B70008BFE322801D03C28F7D10A23B0FBF3F0BA
:102B80000138C0B208BD9128EFD10720FAE706202E
:102B9000F8E700BF0104104038B50B6804460E2169
:102BA000B3F8AA00FEF7B4FA90F8163190F8F820BE
:102BB000054603F03F0343EA8213227D637022F04F
:102BC000800203F0C00322750022402BE27640F021
:102BD0009380D0F8F930C4F80230D0F8FD30C4F852
:102BE0000630B0F80131638190F80331237390F817
:102BF0000431637390F80831FF2BA3731FBF90F863
:102C00000531E37390F80631237490F8073163744B
:102C100090F80931A37490F80A31E37490F80C31FC
:102C200090F80B211B0190F80D1102F00F0203F038
:102C300030031343227D22F03F0213432375637D4B
:102C400061F30303DAB2637503F00F03012B08D1BC
:102C5000134690F80E2162F30713637590F80F3155
:102C6000A37595F81201FFF771FFE07595F8130150
:102C7000FFF76CFF207695F81031642B2BD024D809
:102C8000502B2AD03C2B05D81D2B07D80F2B0CD04E
:102C9000142B0AD05D21D620FDF7F6FDA3F11E010D
:102CA000184AC9B2CA40D107F4D50A22B3FBF2F3DD
:102CB000013BDBB2637695F81131142B11D0282B30
:102CC0001CD00A2B1CD04321E5E7782B07D0962B8C
:102CD000E0D10923EEE70723ECE70623EAE7082320
:102CE000E8E70123A37695F815315A1E5342534164
:102CF000227D63F3861222751C2038BD0223F1E782
:102D00000023EFE701041040036810B50C46B3F848
:102D1000AA000E21FEF7FCF9034980F887407E30B7
:102D2000BDE8104017F0B7B86D2A00002DE9F84F44
:102D3000076880460D460E21B7F8AA0097F8A890BC
:102D4000FEF7E6F9044690F8C2A05FFA8AFAB9F1F4
:102D5000000F07D03E6816F480660BD0012630467F
:102D6000BDE8F88FFB7B002BF8D13021B87B13F046
:102D70007AFB064601F0D0FE0B0401F4004B40F153
:102D8000F880D8F80030DA7C002A00F0EE801B7D55
:102D9000002B00F0EA80AEB90D21B7F8AA00FEF7CB
:102DA000B7F950B9BAF1000F0BD005F1010A50463E
:102DB00013F0B3FFD0B91E2604E090F86232002B66
:102DC000F0D00C26B9F1000F05D0FB7B002BC5D14C
:102DD000BBF1000F03D031464046FFF795FF324666
:102DE00040463021BDE8F84F17F0C1BA6B7803F0C8
:102DF000C003402B40F0A3802146504613F0FDFF56
:102E0000002800F0B4806B78C3F3050203F03F01A3
:102E100003F0C003402B40F0928094F817311BB9A7
:102E200094F816318B42C6D1012384F8162184F818
:102E3000F830002384F81731DAF80130C4F8F9309B
:102E4000DAF80530C4F8FD30BAF80930A4F80131D9
:102E50002B7B84F803316B7B84F80431AB7B84F8E3
:102E60000831EB7B84F805312B7C84F806316B7CD0
:102E700084F80731AB7C84F80931EB7C84F80A31A3
:102E80002B7DC3F3030384F80B312B7D03F0300358
:102E9000B3FA83F35B0984F80C316B7DC3F303034E
:102EA00084F80D316B7DC3F3031384F80E31AB7DD1
:102EB00084F80F31EB7D052B35D8013303EB830309
:102EC0005B00DBB284F812312B7E052B30D8013346
:102ED00003EB83035B00DBB284F813316A7E082ABC
:102EE00097BF274B96239B181B7A84F81031AB7E33
:102EF0001BB3012B0CBF1423282384F8113101F0DC
:102F000011FE036813F400631CBF2B7DC3F3801311
:102F100084F81531B9F1000F22D13A23FB734046F2
:102F200017F0FFF91BE7062B0CBF50239123C9E7CD
:102F3000062B0CBF50239123CEE70A23DDE76B78E5
:102F400094F8162103F03F0393427FF434AF00233B
:102F5000012284F8F83084F8172184F81831D9E771
:102F60003B6843F480633B60D9E72F262AE720269D
:102F700028E71A26B9F1000F7FF427AF2FE700BF2B
:102F80006CFF03002DE9F041D0F8008004460F46A5
:102F900098F80F6076BB01F0BFFD0B0406D41A222F
:102FA00020463921BDE8F04117F0E1B92368DA7C09
:102FB000F2B11A7DE2B10E21B3F8AA00FEF7A8F82B
:102FC000054600F1E20300F1DA0200F1CA013846D9
:102FD00016F03DFE05F18800074916F059FF3C2325
:102FE000204688F80F3017F09CF93046BDE8F08194
:102FF0002F22D5E70126F8E7836F0100036810B59B
:103000000C46B3F8AA000E21FEF782F8034980F8B7
:103010009A409130BDE8104016F034BF016F0100B6
:103020002DE9F74F1E46136883461546376800930F
:10303000BB4204D94FF48D71D320FDF725FCD1F8A4
:1030400000A09AF82B0102F099FA04460AF1E80070
:1030500016F0CEFFDAF8E830610098421FFA81F8E6
:1030600038BF1846414600F2BF19484610F082FAB0
:103070009AF820212D4B00F11004DAF8C8004146DF
:1030800053F822304FF47A724C4403F2E733B3FB27
:10309000F2F3DBF84C2190332732AF2B024438BFD8
:1030A000AF23B2FBF0F25043019310F063FA9BF8A8
:1030B0003E218146BBF83A014146019B5043DBF873
:1030C0004C2102F1480B40F2712202FB00BBDAF8FE
:1030D000C8009B4410F04EFADAF8C810D9444844AE
:1030E00081429CBFB0FBF1F301FB1300009B081A67
:1030F0000139814228BF01468C4228BF0C46A342B9
:1031000038BF2346BB421C4628BF3C46A1422C6028
:1031100038BF2146B94228BF39468C42316002D9B6
:103120004FF4B27188E703B0BDE8F08F2C020400C1
:1031300070B5441EE5B21F2D0ED8A1F2E2460D4D2A
:10314000AE4209D840F27126012806FB02F505D0EF
:1031500001F19602954203D2002009E0002AFBD13A
:1031600006FB03F005FB0411884234BF0020012058
:1031700070BD00BF1D043D0073B5066805460E21F5
:10318000B6F8AA00FDF7C4FF2F4B4FF4FA720446BD
:1031900090F82C11CDE90023D0F8282113F032FF4C
:1031A000C4F84C010FF08EFB84F83E010FF090FB49
:1031B000294601AB6A46A4F83A012046FFF730FFE2
:1031C000009B019A23F07F43D6F8C80094F83E1183
:1031D000C4F8303122F07F433D32B4F83A5101391E
:1031E000D4F84C610244C4F83431694340F271258B
:1031F000324405FB0122B4F81C11B2FBF0F201329B
:10320000A4F85011A4F83821B4F82221012A18D0CA
:103210009533034405FB0133B4F82011B3FBF0F3FD
:103220009BB28B4238BF0B46A4F8523194F82C3134
:10323000A4F8542184F856310F2384F85A3102B08F
:1032400070BD0023F0E700BFFF083D002DE9F04FFF
:10325000D0F800A08DB007460C46BAF8AA000E219F
:10326000FDF756FF0D210546BAF8AA00FDF750FFFD
:103270003B6881469AF80E0093F8A880B8F1000FD9
:1032800020D1322113F0EFF8064695F8C8305BB331
:103290006A4605F5AE7105F1F8000FF0C9F89AF825
:1032A0000F30002B40F03B8101F036FC0B0425D49D
:1032B0001A223221384617F05AF8064630460DB029
:1032C000BDE8F08F33280CBF2A260026B9F1000F85
:1032D00008D099F8628208F1FF32D2F1000848EB79
:1032E0000208D2E7C846D0E76B46D5F8F900D5F812
:1032F000FD10B5F8012103C31A80D0E795F8C4305A
:103300000BB92F22D5E70EB13246D2E7637895F894
:10331000162103F03F03934243D195F8F830012B77
:103320003FD195F81761002E3BD13A686388D18868
:103330005B1A1BB2002BB8BF5B429BB2B3F5804F48
:103340002FD263792179774841EA0321A37941EAB1
:10335000034101F18073A3F5FA7323F07F438342A5
:103360001FD8207AE37943EA0023607A43EA0043D6
:10337000994216D8D2F8C8209A4212D9A37C617C0F
:10338000E07C41EA0321B4F80F20638941EA00415F
:10339000A07BFFF7CDFE20B1E28AA38A012A02D1E9
:1033A0001BB11E2285E7002BFBD0A389002BF8D090
:1033B000237F03F00F02042A01D90F2AF1D14F2BEA
:1033C00003D903F0F003F02BEBD1237E072BE8D8D1
:1033D000A07E16F03CFF0128E3D1A37E082BE0D8A5
:1033E000607E0F28DDD816F032FF8346FFF7E4F940
:1033F00043785B45D5D395F80C11207E0EF038FD4F
:103400008345CED368460FF0C3F808B9482250E789
:10341000A28A47F6FE739A4216D8FFF7CDF9222208
:103420008346002103A819F045FB3F4B5A46217EF5
:10343000039303AB95F80C0113F0C1FF20B1A17EFB
:10344000386813F064FE08B9202232E7B9F1000FA2
:1034500007D099F8623223B1B8F1000F01D10C22E4
:1034600027E73F2328468AF80F306279237943EA19
:103470000223A27943EA0243227AC5F83031E37984
:1034800043EA0223627A43EA0243C5F83431227CDC
:10349000E37B43EA0223A5F83A31A37B85F83E316A
:1034A000627B237B43EA0223A5F83831A378E278D4
:1034B00043EA0223A27CA5F83C31637C43EA022361
:1034C000E27C43EA0243C5F84C31627D237D43EA46
:1034D0000223A5F85231E27DA37D43EA0223A5F839
:1034E0005431E27AA37A43EA0223A5F85031A37E4D
:1034F00085F85731E37E85F85831237E85F85631BB
:10350000637E85F85A31396813F0CDFD05F1AA00C4
:10351000064916F0BDFC384616F003FFCEE601263C
:10352000CCE600BF0B073D0000040400377001002B
:1035300003682DE9F047DA7B06460C46422A40F044
:103540009D800027DF7316F0FEFE33680E21B3F86E
:10355000AA00FDF7DDFD637890F81621054603F01B
:103560003F03934240F0958090F8F830012B40F0F3
:10357000908090F81731002B40F08B803168628882
:10358000CB88D31A1BB2002BB8BF5B429BB2B3F5FA
:10359000804F7ED2B0F83C31D21A130479D46279CC
:1035A0002379634843EA0223A27943EA024303F101
:1035B0008072A2F5FA7222F07F42824269D8D1F875
:1035C000C8209A4265D9D5F83021934261D3D5F805
:1035D000342193425DD8637B217BA07B41EA0321A8
:1035E0006289B5F8503141EA0041607AFFF7A0FDE9
:1035F00000284ED0B4F80730002B4AD0E07B0728D3
:1036000047D895F80C8195F856A141460EF030FC4C
:103610008146414650460EF02BFC814539D1B8FA1F
:1036200088F8E07B4FEA581841460EF021FC8146AD
:10363000414650460EF01CFC81452AD8207C16F0ED
:1036400006FE012825D1217C082922D8627B237B14
:1036500043EA0223A27B43EA0243D5F84C2193427A
:1036600017D86289B5F83A319A4212D3306813F00C
:103670004EFDB0B96FB1002220210CE09B7B3E2BA8
:1036800054D116F046FE3368002283F84E210127FC
:103690005BE700221E213046FFF78AF90020BDE8D3
:1036A000F087227C4FB995F857319342F1D195F9C3
:1036B000581194F911309942EBD161793046237950
:1036C00043EA0123A17943EA0143C5E94C33E17A96
:1036D000A37A43EA0123A5F83A31637A85F83E31AB
:1036E000217AE37943EA0123A5F83831A378E17818
:1036F00043EA0123617BA5F83C31237B43EA0123A4
:10370000A17B85F85721012243EA01430021C5F836
:103710004C31637C85F85831E37B85F85631FFF7EF
:1037200047F93168284613F0BEFCB7E70120B6E739
:103730000B073D00304BF0B5B0F86C700C461146ED
:10374000DA88B0F86A6085B097421D8928BF1746AD
:10375000964228BF16461B2E2ED0B5F5A47F2DD03D
:1037600040F6480301AA9D4228BF1D4614F091F877
:10377000BDF80A30BB4228BF3B46E380BDF80C30A1
:10378000AB4228BF2B462381BDF80630B34228BF89
:1037900033466380BDF80830AB4228BF2B46A38078
:1037A000FF232370E3881B3B9BB2E02B08D940F238
:1037B00002513920FDF768F81B2FCED105B0F0BDBE
:1037C00063881B3B9BB2E02B02D940F20451F0E727
:1037D000238940F64812A3F5A4739BB2934202D901
:1037E00040F20651E5E7A388A3F5A4739BB2934288
:1037F000E4D94FF4A161DCE7601E0020F7B5002397
:1038000004460E461746CDE900336846FDF7BAFC7C
:1038100008B100201AE0009DA542F6D0304605F11F
:10382000AD0314F020F8394695F8AC2015F0EFFD03
:103830000028EAD005F1B40395F8B32004F1B401EF
:1038400094F8B30015F0E3FD0028DED003B0F0BD1E
:10385000054A516A02F11D03127F11F8030BC0F3F0
:10386000801015F0D4BD00BFD023002010B5032177
:103870000020FDF74DFC044670B90321FDF70CFC58
:10388000044620B940F21E313920FCF7FDFF034BFE
:1038900093F9701017F020FC204610BD601E002028
:1038A000014B5888704700BF601E0020044BD87B36
:1038B000C0F3400080F0010000F00100704700BF3D
:1038C000601E002038B515F0A1FD002501F0B0FC08
:1038D000214C01F04DF916F0B6FA03F051F901F060
:1038E000A9FE07F081FB012001F0D2F81B4B1C4A16
:1038F00029461D604FF01B13A4F86850A58184F879
:103900003650E573C4E900234FF4A4731022A3607A
:103910004FF479432361134B58681B89A06304F16A
:103920004000A38719F0C6F8012342F2107204F197
:103930005E0084F840306375C4E9112218F09DFBE5
:1039400004F1500018F0BFFB0022002384F88050DF
:10395000C4E91E2338BD00BF601E00201C290020C2
:1039600003021B007DFF0300064B41F64C521B2156
:103970001A629973C3E9062241F288325A62FFF74C
:10398000A1BF00BF601E0020F0B53D4D85B000F125
:10399000A8070446AB69C0F8E8302B7C003B18BF91
:1039A000012380F82931374BC0F8C830384617F06A
:1039B00063F9064601F0B0F88306A97B53BF1B23C9
:1039C0006B88AA881A46A4F812312F4BA4F8142148
:1039D0001B6884F8F010A4F8F26023B194F9281160
:1039E000B4F8AA00984703A8039413F03AFF274BB2
:1039F0001B681BB12649B4F8AA00984725493846E8
:103A000015F074FB0123A4F8DE30234B1B681BB1B7
:103A10000021B4F8AA009847204B1B681BB1002175
:103A2000B4F8AA0098471E4B1B6813B1B4F8AA005B
:103A300098471C4B1B6813B1B4F8AA009847AB8891
:103A400004F1C0006A8869780333033201919BB2A4
:103A5000297892B2009104F1C401FDF7F3FBD4F888
:103A6000C03023B940F2DB413920FCF70DFFD4F818
:103A7000C43013B940F2DC41F6E705B0F0BD00BF39
:103A8000601E002000093D0030290020242900206C
:103A9000881E00206A1E00204429002038290020AA
:103AA0003C290020402900202DE9F34104460E4620
:103AB00017F053FB002800F09680204617F0C2FC58
:103AC00040B1B6F80130013B7F2B03D9122002B080
:103AD000BDE8F081204617F0B9FC08B90C20F6E7E4
:103AE000204617F09DF90028F8D1204617F0DEFA9D
:103AF00080460028F2D1204605F09AFB0028E5D048
:103B000042F21073B6F80170F17820465F4317F067
:103B100084FC04213078FDF7FBFA05460621307855
:103B2000FDF7F6FA2DB140B141F678213920FCF7C6
:103B3000ABFE18B3054690F8E5802C4E3368EBB128
:103B40004035284616F03FFFC0B1284616F02CFF3E
:103B5000A0B9B8F1000F07D0254B28461B6898473D
:103B600060B141F68C21E1E722494246336828469C
:103B7000096A984710B141F69121D7E7204617F01E
:103B800059FC014638B93A46204603F03FFD40B3A0
:103B900041F69A21CAE702210DF10600FDF744FA29
:103BA000054608B90D2092E7BDF8061015F064FD32
:103BB0002946204617F071FC2846FFF7E5FE3A46F5
:103BC0002946204603F022FD024610B141F6B621F7
:103BD000ACE7084BDB6E23B105F5977105F1A80042
:103BE0009847002073E7422071E700BF202900209A
:103BF00028290020601E0020024B1B6803B11847D3
:103C00000C2070471C290020034B5A8802801B7827
:103C100083700020704700BF601E002073B583785A
:103C200006461A2B08D8042B04D9334A22FA03F388
:103C3000DB0705D412251AE0292B01D03B2BF9D143
:103C40003088B0F5706FF5D2694615F0E4FC88B99C
:103C5000009B93F82C2102F0FF05C2B9B27883F8DB
:103C60002D21FF2283F82C21684614F013F82846F2
:103C700002B070BD09213088FDF74AFA04460028D9
:103C800037D001A9B0F8AC0115F0C5FC08B10C257E
:103C9000EDE70821B4F8AE01FDF73AFA20B940F695
:103CA00039013920FCF7F0FD03781BB994F8C831CD
:103CB000032BECD1019B93F84221002AE7D194F821
:103CC000F02102F0FF05002AE1D1B4F8B021A3F8F9
:103CD000442194F8B82183F84621027D83F84721D6
:103CE000B27883F8482184F8F021FF2283F842213A
:103CF000BDE70225BBE700BF200038040188A1F121
:103D00001B039BB2E02B0CD8428844F24810A2F56A
:103D1000A4739BB2834204D8034B0020D9801A813C
:103D200070471220704700BF601E002038B502782F
:103D3000447802F0010302F0020254EA030101D1C7
:103D4000112038BDBAB98578002DF9D0002B18BFE5
:103D5000002400E01D46204613F026FE0028EFD088
:103D6000284613F021FE0028EAD0054B00209C7263
:103D7000DD729881E5E7002BECD000242546EAE7C8
:103D8000601E002013B5008801A915F066FC0446EA
:103D900020B9019890F83E311BB13A24204602B078
:103DA00010BD90F8603003F0FF04002BF5D190F8BF
:103DB00057309B0706D1FF2380F83E3101A813F04E
:103DC00069FFEBE70249583016F065F8E6E700BFF7
:103DD000E7A8010037B5837805460A2B39D801A931
:103DE000008815F018FC044670B912212888FDF7E8
:103DF0008FF920B941F2DA513920FCF745FD019BDA
:103E000093F840211AB10C24204603B030BD827AC9
:103E100002F0FF04002AF6D1019A92F8691009070E
:103E200006D4FF2283F83F21FF2283F84021EBE7ED
:103E300092F86D20D20907D0027BAD78417BAA426F
:103E400028BF2A469142EFD30349023016F01AF8F0
:103E5000DAE71224D8E700BF31C10100F7B50678D0
:103E600004460F46EF2E03D91226304603B0F0BDAC
:103E700090F901204378002AF6DB82789207F3D18B
:103E800013F010001DD19D0603F0030216D5002A81
:103E9000EAD11907E8D42179E278E57942EA0122EA
:103EA000617942EA0142A17941EA0521257A41EA94
:103EB00005418A42D8D81F2A12D8D5E7032AE8D16B
:103EC000D2E713F0600FCFD103F00702052A05D027
:103ED00003F00F010D22CA40D207C5D51D07DAD560
:103EE000627A013A062ABFD8A27A032ABCD813F014
:103EF000040302D1023A012A03D8E27A012AB3D894
:103F000013B9A37C032BAFD8237DF8B1012BABD120
:103F1000237E012BA8D818B36378D90702D500F007
:103F200043FD20B36378227D03F01803082B2ED1C4
:103F3000022A1CD103213046FDF7EAF8054660B39A
:103F400016F06EFF002834D00C268EE7022B8BD0A3
:103F5000A37D013B022B87D8E37D0F2BD8D983E7C4
:103F600000F0F8FD820707D4237D022B01D1112632
:103F70007BE7A37D022BFAD000F0ECFD4307CBD406
:103F8000237D032BF3D0A37D032BC5D1EFE7022ABA
:103F9000D0D0237F002BCDD0E9E703213046FDF7B9
:103FA0007BF80546002843D0224B93F9701017F098
:103FB00093F80021304617F0D4FC28BB284617F0B0
:103FC00036FA21463870E074284617F018F9E37E77
:103FD0000646002B3FF449AF00287FF446AF024667
:103FE000E96C6846FDF70EFA3246E86C012111F0E3
:103FF0002AFDE96C68460422FDF704FA3246314690
:10400000E86C11F020FD30E7403016F0DCFC0028B1
:10401000D4D0637813F0330F7FF426AFA67D284603
:10402000296A17F026FAFEF7FDF98642C6D08BE71B
:1040300007261AE7601E002030B502798BB00346D0
:10404000042A4FD84088B0F5804F4BD82649002429
:104050001144ADF800408DF808408A7C4D7B42F059
:1040600010028DF8244042EA4502CD7D097F42EAE4
:10407000850242EAC102694602F01F028DF8002063
:10408000BDF80020ADF809201A888DF80E00000A4E
:104090008DF80B20120A8DF80D408DF80C208DF84C
:1040A0000F008DF810405A7BD3F807008DF81120CF
:1040B0005A79059002A88DF812209A798DF813206C
:1040C000B3F80B209B7BADF818208DF81A307F23B6
:1040D0008DF81B304FF00113CDE90734FFF7BEFE1A
:1040E0000BB030BD1220FBE77DFF030002780346D2
:1040F00072B1427862B142881A2A09D982881A2A92
:1041000006D90068034A106000209B88938070479E
:1041100012207047601E002002680020014B9A6147
:10412000704700BF601E00200378A3F10A02112A25
:104130009BBF024A0020122093737047601E00202C
:10414000014B587400207047601E0020014B98748A
:1041500000207047601E0020024B1B6803B1184707
:10416000112070474829002008B5052000F09CFC6C
:1041700006F04EFD014B024ADA6608BD601E0020C3
:104180003537000008B5212000F08EFC222000F019
:104190008BFC06F049FD054B054A1A60054B064AA3
:1041A0001A60064B064A1A6008BD00BF2C29002081
:1041B000BDBE0100302900201DAE000034290020C2
:1041C000E9BD010008B53F2000F06EFC01F0D6FE0D
:1041D00002F0F2FA06F070FD014B024A1A6008BDC7
:1041E0003C290020F9AF000037B5044600F094FCEC
:1041F000090403D40C24204603B030BD258801A94E
:10420000284615F02AFA04460028F4D1019BDA7CEE
:10421000002A36D01A7DA2B393F869201207E9D597
:1042200093F86B30DB09E5D00E212846FCF770FFD0
:10423000054690F8C230002BDCD0B0F85A309B070E
:1042400013D590F87C30002BD5D11123482221467C
:1042500080F87D3018F02EFCFF2385F8C5300B491F
:1042600005F1740015F00EFEC5E70198492210F81B
:10427000A81F01F031FC30B9019BFF2283F84C21CB
:10428000B9E72F24B7E74524B5E700BF396B010034
:104290002DE9F04FB0F8008091B004460FA94046D8
:1042A00015F0DBF9064638BB0F981C2210F8A81F42
:1042B00001F012FC18B1E378012B00F082810E218D
:1042C0004046FCF725FF054690F8C63003F0FF0690
:1042D000002B40F078810F9BDA7C002A00F075817A
:1042E0001A7D002A00F0718193F86B30DB0907D149
:1042F000E378012B04D10C26304611B0BDE8F08FD5
:1043000095F8C230002BF6D0617904F10D07A07842
:104310000D91217BE27D0139237994F806E0C9B241
:1043200094F8079094F808A0022994F809B097BF70
:10433000DFF8A0C2FF218C449CF8211094F81AC029
:10434000CDF828C094F819C0CDF824C094F818C04E
:10435000CDF820C094F80AC0CDF81CC094F80BC06A
:10436000CDE9051C0D99CDE903AB00913946CDE9A6
:1043700001E912F076FC002800F02981E378012B96
:1043800000F22581A37AA3B995F8F23013F0010F5A
:1043900000F01D81FEF710FA237E81460193237BF6
:1043A0000093E37A6279217912F0F7FC40B9112683
:1043B000A2E7012BEED195F8F23013F0020FE7E7F8
:1043C000237E05F148000193237B0093E37A627911
:1043D000217912F0E2FC0028E9D0A27A002A7CD1EF
:1043E00095F84B3013F0020FE1D005F1F80013F00F
:1043F00040FA20B195F81611A3789942D7D1E37EFF
:10440000D90705D5012A6FD1B9F81230DB06CED510
:104410000D214046FCF77CFE13F034FA00287FF4AF
:104420006AAFA37885F81631D4F80D30C5F8F930A5
:104430007B68C5F8FD303B89A5F80131E37D85F83F
:104440000331237985F804316379FF2B85F808312E
:1044500017BFA37985F8050185F80531E07985F85E
:104460000601237A85F80731637A85F80931237BC1
:10447000013BDBB2022B96BF564AFF239B184FF03D
:10448000070298BF93F8213085F80A31E37A85F85E
:104490000B31A37A85F80C31237E85F80D31637ECC
:1044A000B5F85C1085F80E31A37E85F80F31E37EF8
:1044B00003F0010385F81531B9F8140012F02BF957
:1044C00095F815318046002B5ED0A37A072283B978
:1044D000B5F86410B9F816000FE0012A85D195F8F7
:1044E0004B3013F0010F7FE7002A91D1B5F85A3015
:1044F0008CE7B5F85E10B9F81C0012F00CF909222F
:10450000B5F860100746B9F8180012F004F98146B2
:10451000FEF7A6F90222B5F8621012F0FCF8B8F125
:10452000050F35D808F1010808EB88084FEA48085C
:104530005FFA88F8052F85F8128131D8013707EB2B
:1045400087077F00FFB2B9F1080F85F8137197BF95
:10455000204B96234B4493F8243085F8103120B338
:1045600001280CBF1423282385F81131FF2285F878
:10457000C620E378012B1AD185F8F83085F8173179
:104580000F9B83F84D21B7E60722B5F85E10A1E72F
:10459000B8F1060F0CBF4FF050084FF09108C9E773
:1045A000062F0CBF50279127CDE70A23DCE7012314
:1045B00000210FA885F8F83085F81711FEF7A4FB45
:1045C0009AE6452698E63A2696E62F2694E612269F
:1045D00092E600BF7DFF030073B504460DF0D8FFDF
:1045E00000285FD017F0A5FF304A92F8803053B111
:1045F0002F4ED2E91E35C31A61EB05059E424FF0DE
:104600000003AB4150D2012382F880300023C2E97D
:104610001E01CDE900336846FCF7B4FDD0B100209F
:104620004FF40033CDE900036846FCF7ABFDC8B199
:104630000023CDE900336846FCF7A4FDC0B1002299
:104640004FF40033CDE900236846FCF79BFDE0B151
:10465000002005E0009B93F85031002BDBD03A207E
:1046600002B070BD009B93F85031002BDCD0F6E710
:10467000009890F86B305906DDD5234600F5967208
:10468000B0F8AA1013F0DFF9D5E7009890F86B3076
:104690005B06D9D5234600F59672B0F8AA1013F040
:1046A000D2F9D1E71220DBE70C20D9E7601E002009
:1046B0003F420F0003882DE9F7439FB204460B8069
:1046C000B7F5706F04D31226304603B0BDE8F0830F
:1046D00001A9384614F0C1FF06460028F4D10E2186
:1046E0003846FCF715FDA37890F8162105469A4246
:1046F000E9D1F83013F0BDF80028E4D0032AE2D85D
:10470000B4F80330002BDED0B4F80930012B09D007
:10471000B4F80520002AD6D0B4F80730002BD2D048
:104720009A42D0D8237BE27AE17B42EA0322637B80
:1047300042EA0342A37B43EA0123217C43EA01438B
:104740009A42C0D802F180725C49A2F2E24222F0A1
:104750007F428A42B7D803F18073A3F2E24323F089
:104760007F438B42AFD8637C072BACD8A37C013B43
:10477000032BA8D8207D0F28A5D895F80C9115F00B
:1047800066FD8046607CB9FA89F149090DF070FB3D
:10479000804598D3637D053BDBB2F92B93D9A37D8C
:1047A000053BDBB2F92B8ED90D213846FCF7B0FC66
:1047B00013F068F800287FD1FDF7FEFF0746207D43
:1047C00015F045FD95F84930834201D20D267BE76F
:1047D00005F148033A46617C95F80C0112F0EFFDB3
:1047E0000028F3D0B4F8037040F27123B4F8090044
:1047F000BAB25A4383B2012B5BD0019BB4F805C017
:10480000D3F8C8E0BCF57A7F61460EF1FF3328BFCC
:104810004FF47A711344B3FBFEF30133B4F807E0AD
:10482000B3F57A7F28BF4FF47A739BB2734528BFE4
:104830007346634538BF634694F80CC094F80BE0A8
:1048400094F80F804EEA0C2E94F80DC04EEA0C4EF0
:1048500094F80EC04CEA082C94F81080A5F81E11AC
:1048600047F6FE714CEA084CA5F81C718B42A5F87E
:10487000220128BF0B46964594BFC5F824E1C5F830
:104880002421944594BFC5F828C1C5F82821A5F86E
:104890002031637C85F82C31A37C85F82D31E37CB5
:1048A00085F82E31237D85F82F31FF2385F81831C7
:1048B0000AE700210B46BFE70C2605E71E043D0072
:1048C00008B50378032B06D8013B022B07D8DFE895
:1048D00003F00C111600FF2B18D01E2008BDD0F8D5
:1048E00001200D4B5A620020F8E74078BDE80840EF
:1048F000FDF79EBFB0F901000DF0C4FFF3E740786B
:10490000003818BF012008F0C3FBECE7B0F8010045
:10491000BDE80840FDF7AABF601E002008B50122CF
:10492000054B1A7104F06EFC05F0FAFA14F0C4FBA2
:10493000BDE8084000F066BFE41E002010B50C2062
:10494000084C00F0B1F8282000F0AEF804F108009F
:10495000054914F057FB04F10C000449BDE8104070
:1049600014F050BBE41E002090110020981100208C
:1049700010B5094C094904F1080014F043FB04F197
:104980000C00074914F03EFB04F110000549BDE896
:10499000104014F037BB00BFE41E0020A01100201F
:1049A000A8110020B0110020014B1879704700BFFA
:1049B000E41E002010B5064C064904F1080014F06E
:1049C00021FB04F10C000449BDE8104014F01ABBAF
:1049D000E41E0020B8110020C011002010B52E20C8
:1049E0000A4C00F061F8302000F05EF84B2000F037
:1049F0005BF804F10800064914F004FB04F1100010
:104A00000449BDE8104014F0FDBA00BFE41E0020C8
:104A1000C8110020D011002038B5074C0D4600F019
:104A2000CDFEA068256014F0E5FAFEF79DFF01F0C9
:104A3000C5F80123237538BDE41E0020014B187D05
:104A4000704700BFE41E002010B50C4CE06814F065
:104A5000D1FA206914F0CEFAFEF734FF202000F0DE
:104A600037F82F2000F034F8262000F031F8292004
:104A700000F02EF80023237510BD00BFE41E0020B7
:104A800000487047F91E002000487047FB1F0020B7
:104A9000014B83F819027047E41E0020014B93F884
:104AA00019027047E41E0020C208074900F0070001
:104AB00001238340885C03438B5404490B78934261
:104AC00038BF13460B70704738110020FE200020BD
:104AD0000F4B012110B503EBD002C40800F0070012
:104AE00001FA00F0195D21EA0001195509490B7816
:104AF000A34205D1002012F8014914B100B10B7096
:104B000010BD002BFAD0013B0120DBB2F3E700BF60
:104B100038110020FE200020014BD3E9000170472E
:104B2000381100200048704740110020064B1878CB
:104B3000072881BF08381823B0FBF3F001308CBF81
:104B4000C0B20020704700BFFE2000200048704720
:104B5000ACFF0300054B1868C0F3C022C0F300206F
:104B6000400040EA820040F0010070473811002008
:104B700008B50EF04BFD0023074A32F8231081429E
:104B800005D302EB83029378044A137008BD013306
:104B90000C2BF2D10023F7E7B0FF0300FF20002029
:104BA000024B1878072828BF07207047FF200020F5
:104BB0002DE9F04F046898460F4685B094F86730A9
:104BC000164604F1A80994F80FA043EAD303D907C5
:104BD00002D4BAF1260F5FD194F8A850002F55D116
:104BE000FFF7B8FF8DF80B00002E51D1FFF7B2FF91
:104BF0002B4B8DF80C00D3F800B0BBF1000F0CD09C
:104C0000AAF1260228464946534253410DF10B02B0
:104C1000009303ABD847054630B99DF80B3013B16C
:104C20009DF80C0028B90925BAF1260F2AD10020D9
:104C3000034694F8292132B19B0700F002002DD5DC
:104C400060B302200346FF2284F8392194F838210A
:104C500002F0FF05F2B99DF8382003A984F83B0162
:104C6000484684F8382184F83A31A4F83C818DF81C
:104C70000C708DF80D60ADF80E8014F037FA00233B
:104C800084F83931284605B0BDE8F08F3846A9E7E9
:104C90003046ADE73A25F2E71A25F3E70925F1E7B3
:104CA0004C29002010B50468B4F8AA3084F88411A7
:104CB000A4F8853194F82001FDF7C4FB84F887013E
:104CC00094F82101FDF7BEFB044984F8880104F241
:104CD0007B10BDE8104015F0DEB800BFD790010092
:104CE0002DE9FF4704688946054694F80EA0AAF10D
:104CF000250359425941052A35D1E37B272B37D16A
:104D000004F10F0799F8018099F8026008F007088C
:104D100006F0070608F1FF33721E03EA080332406B
:104D200013431FD1304614F079FA60B394F8203160
:104D3000984228D094F83A21164213D0BAF1250FA0
:104D400021D094F8192116421DD10138013B474A60
:104D5000C0B2DBB21044032B00790FD81A44137988
:104D6000834210D9284604B0BDE8F04714F01EBABB
:104D7000BAF1250F77D104F10E07C3E74FF4DD71C7
:104D80000620FBF781FD404614F048FA40B194F844
:104D90002131834204D094F83B3118EA030FE1D06B
:104DA000B9F8039003AB20463246009341464B4688
:104DB00014F041FA2C6878BB94F83831012B28D1D3
:104DC000E38804F5367294F82011B4F83C0114F02D
:104DD00093FA0646D0B901462846FFF763FF2B68D1
:104DE00083F838613E702B6803F10F02974201D1BE
:104DF0000022DA732B6803F10F0297422FD1284665
:104E000015F0A1FA002004B0BDE8F0872C23A373AD
:104E1000E9E784F83801E6E7E388A4F8D89209F1D5
:104E2000FF39A9EB030947F6FD731FFA89F9994584
:104E300006D92823284684F8313001F0E1FAD9E771
:104E4000E37B0D2B02D00A3B012B01D82A23F1E78B
:104E5000BDF80C30A4F8DA3229233B70CAE70022EF
:104E600083F84E20CEE70220CDE700BFE0FF03002D
:104E7000034B002283F85020A3F85220704700BF54
:104E800002210020044B93F85020012A1ABF03602E
:104E900001200020704700BF02210020064B02467F
:104EA00093F8501001291BBF0120A3F852200020C5
:104EB00083F85000704700BF02210020054B0246D6
:104EC00093F8500028B1136011B1B3F852300B8041
:104ED0000120704702210020054B002293F850006A
:104EE000A3F8522010B1012083F85020704700BF72
:104EF00002210020034B93F85000B0FA80F04009E3
:104F0000704700BF0221002050B90A4A0120134611
:104F100003F8010B0868C2F801008A889A8070477C
:104F2000012805D1034B0A68D8719A608A889A8152
:104F3000704700BF5621002050B90B4B187888B13C
:104F4000D3F80120B3F805300A6001208B80704748
:104F5000012806D1044BD87920B19A689B890A6050
:104F6000F3E70020704700BF5621002010B9044B22
:104F700018787047012806BF014BD8790020704788
:104F800056210020F7B58A8800238DF80600ADF879
:104F9000042008680B4A8DF807300146147802F5A2
:104FA000A872019DD8B2844201D8082007E052F8C7
:104FB000087F01335668AE4208BF8F42F2D103B07A
:104FC000F0BD00BF68210020084B0146002230B52B
:104FD0001C7903F20713D0B2844201D8082004E000
:104FE00013F8015F01328D42F5D130BD68210020F8
:104FF0002DE9F8432B4C0746257904EB000E013DC3
:105000009EF80861EDB2854225712BD04FEA051854
:105010004FEA001C08F108030CF108090CF1880C98
:105020002344A144A4440FCB89E80F0008F188036E
:1050300023440FCB8CE80F00631993F808218EF8F6
:10504000082106225543574305F5887507F58877EB
:1050500060596219E119E05192888A8093F84031D1
:105060008EF840313046FFF7AFFF082818D123787B
:10507000013BDBB29E42237012D02B3306F12B0290
:1050800004EBC30304EBC20293E8030082E80300CD
:105090002078FFF799FF08281CBF241884F80861BE
:1050A000BDE8F88368210020F0B5254D89B095F85A
:1050B000984105F29911684622460FF02FFF2146CC
:1050C000684614F0C2F90446B8B300EB400102A8E8
:1050D000C9B2FCF795FA631E95F8A1610124DBB211
:1050E00095F8981105E0721CB2FBF1F001FB10225B
:1050F000D6B206F120020DEB020010F8202C002A97
:10510000F1D103EB430100F8204C06EB46022031BD
:105110002A44694411F8187C82F8A27111F8177CAE
:1051200011F8161C82F8A37182F8A411013BAA1988
:10513000DBB282F89941FF2BD2D109B0F0BD00BF9C
:105140006821002070B5064688B00C46002A4ED073
:10515000294A92F8A131D01890F8991119B9FF2174
:105160002820FBF791FB03EB43010133114491F835
:10517000A251E57091F8A35191F8A41125716171C4
:10518000002180F8991192F89811B3FBF1F001FB1E
:10519000103382F8A13192F8C23123B9174902F5D0
:1051A000DD7014F075FE65790D220021684605F06A
:1051B0003F0545F04005657117F07CFCE37804AAD3
:1051C00069468DF80F30304623798DF80D508DF8F3
:1051D0000E30042317F0B1FB9DF81F3023709DF8AB
:1051E0001E3063709DF81D30A37008B070BD0321A0
:1051F0006018FCF705FAD6E768210020A9500000E6
:10520000044B1A79824286BF1B1893F85001002084
:10521000704700BF68210020044B1A79824286BF84
:105220001B1893F848010020704700BF6821002038
:10523000074B00224FF461711A701A7183F8C32171
:1052400083F8C421A3F8C61183F8C221704700BFB8
:10525000682100202DE9F047824689461746984686
:10526000FFF790FE08280546064603D0FFF7ACFE80
:10527000082860D1324C2379072B5ED8082D15D130
:105280002678731C072E237003D96C212820FBF786
:10529000FBFA06F12B02D9F8000004EBC20344F834
:1052A0003200B9F8042083F806A09A80257907F126
:1052B00010026B1C29012371CB1D234412F8010D30
:1052C000BA4203F8010FF9D1873108F110032144E4
:1052D00013F8012D984501F8012FF9D1254410212B
:1052E000404614F0F8F8102185F84801384614F0CB
:1052F000F2F885F808612679002385F850013146D7
:10530000104885F8403114F0A0F80128054607D868
:1053100031460D4814F099F8002818BF0135EDB258
:1053200084F898510025284684F8A151FFF7BCFE67
:105330002846BDE8F0871220FBE70720F9E700BF09
:1053400068210020B0220020B8220020064B10B5B2
:105350001879013840B2002800DA10BDC4B22046E6
:10536000FFF746FE601EF5E768210020014B83F839
:10537000C301704768210020014B93F8C3017047B7
:1053800068210020431E4AF2B7129BB293429DBF90
:10539000024BA3F8C60101200020704768210020BD
:1053A000014BB3F8C6017047682100200A4B30B5A5
:1053B0001C7984420ED9184490F808012B3003EB75
:1053C000C004A5790D7053F8300010600120A38847
:1053D000938030BD0020FCE768210020024607488A
:1053E00010B590F8C34124B1017921B1083005F01E
:1053F0000FFF204610BD0C46FBE700BF68210020D0
:105400002DE9F74F2F4C9A468046894623798342EF
:1054100056D9231893F8485185F00105F9B193F84E
:105420005031E3B945F002070135BAF1000F18D148
:10543000FA070AD5062104EB0810524601FB084181
:10544000883001F58871FFF77DFEBB0734D504EB8A
:105450000810524649460830FFF774FE2CE02F46EC
:10546000E3E794F8A1614FF0010B002DE0D0A31900
:1054700093F89911019399B90092DAB100F06EFB9B
:10548000019B06EB4601009A4FEA102C83F899B174
:10549000214481F8A201000C81F8A3C181F8A40184
:1054A000013694F89831013DB6FBF3F103FB116628
:1054B000F6B2DAE747F00407384603B0BDE8F08FEC
:1054C0000027F9E768210020074B1A79824209D9A1
:1054D0001A1892F848212AB9062202FB003000F57A
:1054E000887070470020704768210020064B1A79A9
:1054F000824281BF1B1893F84001B0FA80F0400946
:1055000098BF0020704700BF68210020F8B50E4604
:10551000074606211546304613F0DDFF044670B1FC
:105520000C4B0022187903F23F13D1B2884202D803
:1055300001242046F8BD013203F8015FF5E731464A
:10554000384613F09EFF0828F3D0024B034483F83B
:105550004051EDE768210020034B80F880101B6864
:105560000BB140881847704750290020014B024A70
:105570001A6070475029002081BB01000B2808B534
:1055800004D940F229112920FBF77EF9014B33F8A9
:10559000100008BDE8FF0300036830B50024D3F80D
:1055A000C80042F21075A3F84040A3F84640B3F893
:1055B00048404443B4FBF1F4A3F848404C1E05FBBB
:1055C0000242B2FBF1F2A3F84220094AB2FBF1F227
:1055D0000132A3F84C209A8F05FB02445A6B5043CA
:1055E000B4FBF1F4B0FBF1F09C63586330BD00BF35
:1055F000005A6202054B1B7833B9054B1A681B79B8
:1056000002600371012070470020704730230020A2
:1056100048110020054BFF221A70054A01681160ED
:105620000179117100221A70704700BF30230020E9
:105630004811002007B5064A1068127900906846A4
:105640008DF80420FFF7E6FF03B05DF804FB00BF10
:10565000298C04000346084671B13F2B0BD8074A3A
:10566000D35C03F07F02914205D08CBF0120002063
:1056700000EAD31070470120704700BF000004000B
:10568000FF230B7002234B7083238B70014B1B781D
:10569000CB707047342300202DE9F84FD0F80480F8
:1056A0000C46D8F81C60304610F0AAF8054620B920
:1056B0004FF4AA711020FBF7E7F80146304610F0CE
:1056C000ADF8B5F800B082461FFA8BF717B94FF462
:1056D000AC71EFE7224B00F103091B68D3B998F8CE
:1056E000023098F803202370637802F00F02A4F8C8
:1056F00002B023F00F03134323F0C00363709AF842
:10570000003003F00303012B0FD0022B0DD04FF418
:10571000BB71CFE73A464946B8F8020098470546BC
:105720000028DCD12846BDE8F88F6278304663F364
:105730000512627010F07CF8054610B94FF4C07184
:10574000B8E7FB2F02D940F28F11B3E73A4649463A
:10575000201D0FF0E3FB30460FF0C1FFE2E700BF72
:105760005429002038B5134C10220021201D17F0B9
:10577000A1F90125257404F108031022002104F188
:105780001400C4E9013317F095F984F8205004F1AE
:105790001803094AC4E9053300236362A36284F84D
:1057A0002C30C4F82D30C4F8313084F83530136013
:1057B000A36338BD342300205429002010B5084CC1
:1057C0002378FF2B04D040F299111020FBF75CF8EE
:1057D0000FF010FB2070BDE81040FFF7C3BF00BF03
:1057E0004D11002010B5034C20780FF01DFBFF2356
:1057F000237010BD4D110020014B18780FF024BB11
:105800004D110020014B024A1A6070475C290020AC
:10581000995600002DE9F341DFF88881054608F12B
:105820001407D8F80830D8F81840227A012A22D173
:10583000D8F8382052B1137A1BB9BF211020FBF7DA
:1058400023F8D8F83840C4B9002093E01A7A012A26
:10585000FAD01C46544AEFF3108172B650680068C3
:10586000506001B962B6A34208BFC8F83840237A35
:105870001BB9EE21E2E73A46EDE7267AF6B20523B8
:105880002372731E0B2B7ED8DFE803F07A062336D3
:10589000773F4E3F3F3F3F6B636813B94FF403714F
:1058A000CCE72046294698470420EFF3108272B6D1
:1058B000237A052BD9B24FF0000369D12372D8F8AF
:1058C0003810A14201D1C8F83830002A45D162B65B
:1058D00043E0636813B940F21521AFE7294620463B
:1058E00098470346ADF80400C0B2C3F30723012B69
:1058F0003ED0022BD9D129E0636813B940F21D21B3
:105900009CE7204698470020CFE7284B1B68002BD8
:10591000F9D03246606829469847A6F10A02042069
:10592000534253415B00E4E763680BB9FE2185E70E
:1059300086222A7001225988AA706A710022986909
:10594000A5F80310AA710FF0CAFE0420D8F8383069
:10595000A34202D10023C8F8383000283FF461AFD9
:1059600008E0134B294620461B689847034668B950
:10597000267298B102B0BDE8F0814FF415715DE771
:1059800040F257215AE740F25A2157E70220DDE75B
:1059900011B940F27B2151E7184696E7002B7FF4BE
:1059A00040AF51E73423002038230020582900203D
:1059B0005C290020134610B5027A22B140F2023170
:1059C0001020FAF761FF0A4601460248BDE8104080
:1059D00014F03BBA38230020044890F82C301BB94F
:1059E0000349243014F04EBA704700BF342300201E
:1059F0003B9E01000346064890F83C203AB190F8DF
:105A0000352022B9034900F82D3B14F03BBA70470A
:105A100034230020815600000A4610B5037A23B1D2
:105A200040F20A311020FAF72FFF014607230248FF
:105A3000BDE8104014F009BA482300201346027A4A
:105A40000AB1037270470A460146014814F0FDB9D5
:105A500038230020014914F01EBA00BFB39E010094
:105A60000B8BA2F809001046A2F80B304B8BA2F862
:105A70000D308B8BA2F80F30CB8B0249A2F811307E
:105A800014F003BA5D9F010008B50B4A0B460B49A1
:105A900070B1492B04D940F2DA212C20FAF7F4FE38
:105AA000012008701178994238BF1946117008BD5D
:105AB00008701B21FAE700BF4E110020712300205F
:105AC000014B1878704700BF71230020014B1878F4
:105AD000704700BF4E1100202DE9F04704461746DD
:105AE00090F878908A4690F87980858F59BB468FD8
:105AF000043613216088B6B2FBF70AFB40B3BAF153
:105B0000000F22D194F8781014F002FAB0F804A033
:105B10004946384614F0E4F90F4B0746B4F85400F0
:105B20001B78063541469842354438BF18465544DF
:105B300014F0D6F938440544206AA8422CBF00204E
:105B40000120BDE8F087068FD2E794F87910DBE7F3
:105B50004FF0960ADCE700BF4E110020094AD2E957
:105B60000003434083EAB01181EA43214FEAF34343
:105B700011605360044B58434FEAF06000EB800023
:105B8000704700BF74230020BB79379E094AD2E9D1
:105B90000003434083EAB01181EA43214FEAF34313
:105BA00011605360044B58434FEAF06000EB8000F3
:105BB000704700BF50110020BB79379E10B50A4CCA
:105BC00008210948FBF71CFDD4E900321343F7D044
:105BD000064CFFF7DBFF2060FFF7D8FF236860600B
:105BE0001843F6D010BD00BF5011002074230020D0
:105BF00038B5A0F10B0314460D46DBB22046432B0B
:105C000096BF0C4AFE21D15C14F043FB88B985B1E4
:105C10002978342909D03F2909D0272908BF26210E
:105C20002046BDE8384014F034BB3221F8E73E216D
:105C3000F6E738BD400004000A4B0B4A1A600B4BD4
:105C4000C0F88C300A4BC0F890300A4BC0F8943042
:105C5000094BC1F88C30094BC1F89030084BC1F8A2
:105C600094307047702B0020ABBB0100A5BF010032
:105C700091AE000075AD000077BF0100FDBF0100CF
:105C800045C00100284B294A1A60294B294A1A604D
:105C9000294B2A4A1A602A4B2A4A1A602A4B2B4A55
:105CA0001A602B4B2B4A1A602B4B2C4A1A602C4B38
:105CB0002C4A1A602C4BC0F8E0302C4BC1F8B8309D
:105CC0002B4BC0F8BC302B4BC1F8D8302A4BC0F856
:105CD000DC302A4BC1F8C030294BC0F8C430294B06
:105CE000C1F8E030284BC1F8C830284BC1F8D43097
:105CF000274BC0F8E830274BC1F8BC30264BC0F822
:105D0000B830264BC0F8D830254BC1F8C430254BED
:105D1000C0F8C030244BC0F8C830244BC1F8E8307C
:105D2000234BC0F8D4307047742B00209D690100CC
:105D3000782B0020156A01007C2B0020992B000095
:105D4000802B0020F56B0100842B0020577101008F
:105D5000882B00202B7701008C2B0020077401007A
:105D6000902B002073750100AD770100D769010009
:105D7000BB6A0100A76B0100BD6B0100136C010041
:105D8000916E010097770100277201006B7401008A
:105D90002F760100536A01006B690100716B0100ED
:105DA000296C01002D2D00004D320000D775010037
:105DB00097740100094B0A4A1A600A4B0A4A1A6092
:105DC0000A4BC0F8B0300A4BC0F8AC30094BC1F8F0
:105DD000B030094BC1F8AC30704700BFA42B002095
:105DE00003C20100A82B0020E5B0000019B100009B
:105DF00041B00000CFC1010021C20100174B184A79
:105E00009A60184A5A60184A1A60184A9A62184AE0
:105E1000DA62184ADA60184A9A61184A1A63184A0C
:105E20001A62184ADA64184A9A64184A5A62184B75
:105E3000184A9A60184A5A62184ADA62184A1A616D
:105E4000184A5A61184A9A61184A1A63184A9A6499
:105E5000184ADA64184A9A63704700BF6029002024
:105E60000DA4010033A401005FA50100FDA60100FF
:105E700059A70100296500006BA701000168000017
:105E8000496600003DA8010063A80100A566000066
:105E9000602A002023A4010003A8010089A70100B3
:105EA00039A70100A9A70100D965000009A90100CF
:105EB000A7A8010093A80100EDA70100044B054A23
:105EC0005A65054B054A1A65054A5A65704700BF71
:105ED00060290020E9AA0100602A0020D3AA01005D
:105EE00013AB0100054B064A9A65064A1A66064B33
:105EF000064A9A65064ADA65704700BF60290020A5
:105F0000AB930100E14C0000602A002005920100E3
:105F1000ED93010001490248FFF78EBE602A002080
:105F20006029002008B50B4A0B4B0C491A600C4B3A
:105F30000C4A0D481A60FFF7A5FE0C4BC0F8D03094
:105F40000B4BC0F8E4300B4BC1F8B4300A4BC1F82E
:105F5000CC3008BDAB6F01009C2B0020602A0020D4
:105F6000A02B0020D97201006029002031350000EB
:105F7000852F0000D16F0100A37301000149024881
:105F8000FFF718BF602A002060290020F7B50446FB
:105F900001A80F46FEF776FF20B94FF4AA61512001
:105FA000FAF772FC50220021019816F083FD019D42
:105FB0003F2F2E4606F8037F43D83F2F44D8DFE813
:105FC00017F046004C006C0075008D0074017401E0
:105FD0009A00B3009E0074017401A300AF00B300E7
:105FE00043004300B70074017401CC00CC00E3000F
:105FF000E300EA00430043007401EF00FC000001ED
:1060000004010B010D010F0111011B0125015401B8
:106010005601430043002D015E015C0146013C0135
:106020003E014001420148014C014A015001740106
:1060300043004E01440152016001620143005801D6
:106040005A01FF2F00F0258140F24451A7E7214675
:10605000304614F0F1FAC0B9BBE02668D6F8383201
:106060006B6096F83C322B72206890F89F3033B901
:1060700014F0B9F92368DB881844A6F83E02B6F894
:106080003E3208206B721B0AAB72FEF707FF002836
:1060900040F00D8140F2575181E7236893F8A82022
:1060A00052BB93F82D3102202B71EEE723681720A5
:1060B000D3F880226A60D3F88422AA60B3F88822D9
:1060C000AA81D3F86022C5F80E20D3F86422C5F85F
:1060D0001220D3F89030C5F81630D6E722680D208C
:1060E000D2F8FE316B60D2F80232AB602368D3F88D
:1060F0009430EB60C9E7236893F8A030D3E73146CA
:10610000204600F03BFBA6E7112306202B71592304
:106110006B710023AB718023EB7130232B72B4E7DA
:10612000236893F89A30BEE7304600F015FB92E7FB
:10613000236893F8A82052B993F8A0203AB193F8B5
:106140009D202A7193F89C3003206B719DE793F892
:106150009B202A7193F89A30F6E723680920B3F858
:106160000C212A71120A6A71B3F8A220AA71120ACC
:10617000EA71B3F808212A72120A6A72B3F8A030E1
:10618000AB721B0AEB7280E7236893F83A212A71FD
:1061900093F83B31D8E72146304613F0C9F85AE767
:1061A00023681121B3F8AA00FAF7B2FF00F15B01EE
:1061B000304613F021FD232067E7304615F04BFFF2
:1061C00049E7304615F050FF45E73A4B1B68002B76
:1061D0005BD140F24951E2E6374BF7E7374BF5E741
:1061E000374BF3E7374B1B68002BF2D023202246B6
:1061F00031469847042048E7324B1B68002BE8D013
:10620000224631462420984705203EE72D4B1B6847
:10621000002BDED0224631462520F4E723681121E9
:10622000B3F8AA00FAF774FF00F17D0200F15B01F8
:10623000304613F0EDFC2B2027E7234BC6E7234B1A
:10624000C4E7234BC2E7234BC0E7234BBEE7234BF6
:10625000BCE7234BBAE7234BB8E7234BB6E7234B06
:10626000B4E7234BB2E7234BB0E7234BAEE7234B16
:10627000ACE7234BAAE7234BA8E7234BA6E7234B26
:10628000A4E7234BA2E7234BA0E7214630469847DB
:10629000E1E62368304693F8CF22D3F8D01213F00A
:1062A00078FC236893F8CF02D5E60120EDE603B031
:1062B000F0BD00BF602B0020682B0020642B002065
:1062C0006C2B0020702B0020742B0020782B0020DA
:1062D0007C2B0020802B0020942B00209C2B002066
:1062E000842B0020982B0020A02B0020882B00203E
:1062F0008C2B0020902B0020AC2B0020B02B0020FA
:10630000B42B0020B82B0020A42B0020A82B0020A9
:10631000BC2B0020C02B00203F289ABF024B53F813
:1063200020000020704700BF602900203F289ABF4E
:10633000024B53F820000020704700BF602A002065
:1063400030F8023CF7B504460E46B0F8825073B1FF
:1063500001226846ADF801508DF80020ADF80330F9
:10636000FDF74AFC18B195216320FAF78DFA1C4B12
:106370001B6813B1A4F1280098471A4B1B680BB196
:1063800028469847184B1B680BB12846984783232B
:106390000027A6F803503370B770637AD4F89C00D6
:1063A00073710FF0A6F908B9BA21DDE7394628461E
:1063B000FAF7C4FE02212846FAF7C0FE18B90B4BC3
:1063C0001B6803B198474FF40173002003F00402E7
:1063D0001B0A62F3070063F30F2003B0F0BD00BF98
:1063E000C42B0020C82B0020D02B0020CC2B002059
:1063F000014B024A1A607047D02B002081630100D4
:10640000F7B5056804464FF6FF77D5F8C0600DF183
:1064100002010DF101023046ADF802700FF018F9DB
:1064200001A930460FF036F948B101980FF0FEF996
:106430002168A83100220272FFF7EEFAE7E704496B
:1064400005F1280003B0BDE8F04013F01EBD00BF09
:1064500041630000F0B5044685B00D46FF2600F804
:10646000E96C10F8EA3CF3B1174F3B781BB162219D
:106470001F20FAF709FA0C21381DFBF7C1F83E700E
:10648000002304F8E93C8A232A4602F8033BD4F8A7
:106490000930C5F80330D4F80D305360D4F811300A
:1064A000936005B0F0BD01A80C21FBF7A9F8A4F595
:1064B0001773039A1A6001AB03CB44F8F20C44F84B
:1064C000EE1C04F8EA6CDBE77C23002010B5054CD9
:1064D00023782BB90C21201DFBF792F8FF232370A2
:1064E00010BD00BF7C230020024690F80632BBB9E5
:1064F00090F8073203F0FF010BB100207047094B01
:1065000018780028F9D01970D9680433C2F89410AB
:1065100003CBC2F8FE01C2F80212FF2382F8063252
:10652000012070477C230020026870B5D37B0446AD
:106530000D463BB1132B05D0113B0F2B8CBF012017
:10654000082070BDD2F8A430002B3BD192F8563011
:1065500013B9204613F0E5FED5F80B302268C2F8D7
:10656000F631D5F80F30C2F8FA312368D5F8132088
:10657000C3F89020B3F8AA20A3F8F922D5F8012097
:10658000C3F8FB22D5F80520C3F8FF222368B5F82D
:1065900009200025A3F80323236883F8BE5183F85C
:1065A000065220680B4900F53C7013F06BFC26681E
:1065B000204611F04EF9162286F86E002846236810
:1065C000DA73BEE720460C220321BDE8704013F0C9
:1065D000CEBE00BF55640000036810B5DA7B0446E8
:1065E000202A04D040F29D211F20FAF74DF9002106
:1065F00093F85620B3F8AA0083F8551082B1C3F877
:10660000C91183F85610A3F8CD11A3F8CA0103F5F8
:10661000E0700B4913F036FC23680022DA7310BDDA
:106620000121A3F8B90183F8B82103F2AF1083F870
:10663000BB1183F8BF210349A3F8BC21EAE700BFDF
:10664000E5A60100CDA6010038B5046894F8A8506D
:106650001DB9E37B23B101201AE02368DB07FAD4DC
:10666000D1F801200D4BD1F8051013400C4AC4F8A5
:106670006630C3F307630A4043F00803C4F86A2096
:1066800084F8693013F04DFE1DB90423E373002034
:1066900038BD236843F001032360F8E72FC904F7EE
:1066A0006FDB008038B503689A7B042A34D1D1F8B7
:1066B00001204C1CD1F80550C3F86620C2F30762D4
:1066C000C3F86A5042F0080283F86920002283F878
:1066D0004E209A73026892F8A8200AB983F83F21E5
:1066E00093F84021B2B993F8912102F0FF008AB9E2
:1066F000B3F8AA2083F8920103F28910A3F893213A
:10670000D1F801200549C3F895216268C3F89921A1
:1067100013F0B8FB002038BD0120FCE7C3A701003F
:10672000036893F8402112B1094B1B68184793F88E
:1067300091215AB9B3F8AA2003F289100549A3F8A8
:1067400093211A2283F8922113F09CBB704700BF5B
:10675000D42B0020C3A7010010B50446FEF7DCF9D6
:10676000044A054B024009200B40C4F80120C4F83C
:10677000053010BD2FC904F76FDB008037B50C461C
:106780000568FEF7C9F90A4B0A4A03400A4095F822
:10679000661000930B4001928DF800306B4603CBDE
:1067A000C4F801000920C4F8051003B030BD00BFD3
:1067B0002FC904F76FDB0080014B024A1A60704753
:1067C000D42B0020A9B1000038B5DB04154604D550
:1067D000037D13B10023436338BD446B013444632C
:1067E00014F071F8836B9C42F6D300230349436392
:1067F0002846BDE8384013F04EBB00BF31A8010069
:1068000070B504680546A37B94F8A860012B07D0F7
:106810001EB9E37B23B1012038E023689807FAD43E
:1068200094F857309A0713D44A78D80784F861202F
:106830004A88A4F862208A88A4F8642043F00202FF
:1068400084F857200FD5164904F1580013F023FBA4
:1068500094F85730D90710D4CEB9E37B43B1532114
:106860004020FAF711F894F83E31002BEBD1EFE716
:106870000123E373284613F054FDA37B0020012B72
:106880004FF0000304BFA37384F84E3070BD23683B
:106890009A0701D55821E3E743F002032360E9E7B3
:1068A000E7A8010000F50060104A031392F90010F8
:1068B00040F3073081420BDD92F901005B425BB28D
:1068C00018447F280DDC10F1800F0CDB40B27047BC
:1068D00092F90210814202DA92F90300EEE70020F9
:1068E00070477F2070476FF07F0070478C23002037
:1068F00070B5044650F84D0CFFF7D4FF064640B380
:1069000054F8551C6FF0004354F8512CA4F1550570
:106910009A4208BFB1F1FF3F1BD015F00AFE54F8B0
:10692000552C54F8513C9042994112D302233246DF
:106930002021284615F085FA58B9064B9E8815F097
:10694000F8FD4FF47A73E6FB030144F8550C44F864
:10695000511C70BD8C23002070B50568044604F0FE
:1069600021FB054B0146E8721B681BB12046BDE8C0
:106970007040184770BD00BFDC2B0020044B9B68A3
:106980005843C3F580534B4303EB2030704700BF9F
:106990008C23002038B503680D460F21B3F8AA00F8
:1069A000FAF7B6FB044605F089F87F2DE07321D095
:1069B000A0682946FFF7E2FF0F4BA0601B7BCBB11D
:1069C000FFF770FFB0B16FF00043D4E900129A42B4
:1069D00008BFB1F1FF3F0DD015F0ABFDD4E90023A6
:1069E0009042994106D304F155000449BDE838406E
:1069F00013F057BA38BD00BF8C230020F1680000A7
:106A0000F8B547880346B7F5805F23D20689B2B24E
:106A100002B30578012D1DD890F9042090F90510D6
:106A2000104613F099FFA8B193F90640A24211DA7B
:106A3000A1420FDD93F9070082420BDA814209DDA2
:106A4000054BD87000201A7099709F605C709E8012
:106A50001D73F8BD1220FCE78C2300200B4B00F5C2
:106A600000601B7840F307305B425BB218447F281C
:106A700007DC10F1800F06DB40B220EAE070C0B204
:106A800070477F20F9E76FF07F00F6E78C23002046
:106A9000024B1B6803B11847704700BFD82B00207A
:106AA000014B024A1A607047DC2B002095690000F8
:106AB000084BBA221A70E2229A704FF400629A6070
:106AC000BF225A70DD22DA7041F288329A800022A9
:106AD0001A7370478C230020F0B51F4D00242B78CB
:106AE00014709BB1013B6D68DBB21E1B012E0FDCE5
:106AF00005EBC40655F8347076688E4208BF8742AD
:106B000027D0B84271EB060612D214700020F0BDF7
:106B10001E197710C6F3470655F837C005EBC70EA8
:106B20008445DEF804708F412CBF33463446DCE7E1
:106B300005EBC30455F8335064688C4208BF8542A6
:106B400006D0A84271EB040428BF01331370DDE7BF
:106B50001C4601201470DAE79C23002010F0070285
:106B600008B503D063214820F9F78EFE18B1034B16
:106B7000197258601A70C80008BD00BF9C2300201D
:106B8000014B00221A7070479C230020024B187999
:106B9000003818BF01207047AC23002030B50D4AE3
:106BA000FF231371D0E9065373B1D0E902149D613C
:106BB0000C44D9682144D960816939B1CB61002383
:106BC000C0E90633137130BD1560F5E7002BF6D030
:106BD000D960F4E7AC230020FF23084A0B700D2393
:106BE0004B7082238B701368C1F803305368C1F86F
:106BF00007309368C1F80B30704700BFB223002004
:106C000016220021014815F055BF00BFB223002015
:106C1000F8B51C4D04466B7D9BB390F8A83023BBA0
:106C2000D0E9787613F01CFF94F82021164B5230EF
:106C300053F822304FF47A7203F2E733B3FBF2F3E6
:106C4000DB19B4F8AA2046F100061B182A8046F189
:106C500000066B60AE60E38805F10C0002220B4970
:106C60006B80BDE8F840FEF7E9BE4B0609D5B0F8E9
:106C7000AA302B80D0F880326B60D0F88432AB60C1
:106C8000E9E7F8BDB22300202C020400D96B000014
:106C9000094B53F8203003F5224370B5B133164643
:106CA0004FF47A720C46B3FBF2F5344405F03EFB28
:106CB0002C44204470BD00BF180204002DE9F04FA1
:106CC00098468BB0002304460F460392069390F833
:106CD00021B112F0FEF9064694F82B01FEF74EFCA6
:106CE000064413F0BDFEE37B00F14805B6B2472B26
:106CF00047D00D2B45D094F80E90A9F14701D1F162
:106D0000000949EB0109039B002B40F08580637B60
:106D1000032B40F08180B9F1000F6AD0B4F8D8326B
:106D2000BB4266D1D4F820322046B4F8F421C4F82E
:106D30001032D4F8C830C4F81432B4F89232134484
:106D4000C4F8183203F0F0FE94F829A1BAF1000F4C
:106D500009D0D4F8E02241F64B539A428CBF4FF051
:106D6000000A4FF0010A94F8EC326BB9D4F8C8204D
:106D7000D4F8E0329A4221D0B4F8AA0015F08AF98A
:106D80001CE04FF00109BEE7B4F8AA0015F07FF946
:106D900020B940F241713020F9F776FDB4F8E832BD
:106DA0004FF0000AA4F8DE30B4F8EA328381B4F878
:106DB000D832A0F80EA04381013B038294F82A3117
:106DC000002B4ED1BAF1000F4ED1D4F8DC3284F84A
:106DD0002AA1C4F8D830B4F8DA32A4F8DC30D4F8F8
:106DE000E032C4F8C830D4F8E432C4F8D03002231A
:106DF0006373A17B292946D0A1F12C025142514154
:106E0000E27B292A00D039B1B4F8D832FB1A1B042E
:106E100002D4204603F02AF8B4F890A204F51873BF
:106E200094F82101A7EB0A0A0293E3880FFA8AFA81
:106E3000FB1ABAF1000F0FFA83FC26DAE246D4E916
:106E40009E23C4E9A223002384F833320123627B0A
:106E5000032A00F2B581DFE812F01A002A0170005F
:106E60004E01BAF1000F07D04FF04D13C4F8E030D7
:106E70000023A4F8E430A8E74FF09613A4F8E4A0A8
:106E8000C4F8E030A1E70121BAE74346DFE7014655
:106E900094F8ED0112F07AFB8246D4F8D80031461E
:106EA00050440CF067FB3146C4F81C02D4F8C8000B
:106EB0000CF060FB07A9C4F8200208A805F08EF9C1
:106EC000079B0093DDE90823D4E9A20115F039FB03
:106ED000064604F1A80013F04CFED4F8943294F85E
:106EE0002101D4F8D8B0069305F028FA069B00F5E6
:106EF0002240D4F81C124FF47A72203BB1305B442C
:106F00005B1A30315B1BB0FBF2F053442A469B1BEB
:106F10001B1A94F821010693B4F8DC3003EB41010D
:106F2000FFF7B6FED4F89422069BC4F824029B1AFD
:106F3000B92B5CD840F2C6412DE7D4F8D8303146A1
:106F4000D4F8140218440CF015FB3146C4F81C02A6
:106F5000D4F8C8000CF00EFBC4F8200204F1A8001D
:106F600013F007FED4F8D830D4F814621E44B4F8F5
:106F7000F431002B40F09780B8F1000F00F09380BF
:106F800094F8210105F0DAF9D4F81C12D4F8803213
:106F900000F52240761A94F82121B130203E1E449B
:106FA000A44B53F822204FF47A7302F2E732D4E96B
:106FB0009EABB2FBF3F2A6EB0A06B0FBF3F016446D
:106FC000761B361AD4F81032D4F8182294F821011E
:106FD00002FB0311B4F8DC302A460696303103EB8D
:106FE0004101FFF755FE0123C4F824026373D4F86E
:106FF000C83004F1E800D4F82022723B06999B1AAD
:107000005D1BD4F824329D4228BF1D46002384F81E
:107010006032C4F8F051D4E9A2325B1842F10002A8
:10702000C4E99C3212F0E4FF04232844A4F89072CF
:1070300084F86932C4F86402D4E99C23C4E9A22329
:1070400003F038F820B1D4F864321E33C4F8643247
:10705000B4F8E031DB1B18B20028D4BF00230123B1
:107060005B0084F86832B9F1000F40F0AC80B8F1F1
:10707000000F40F0AB80637B002B00F0C380D4F89E
:10708000C81004F51870D4F82032C91A12F02FFA7B
:1070900080B2002800F0B680149B03B11880012054
:1070A0000BB0BDE8F08FD4F81C12761A8AE7D4F83A
:1070B0002022D4F8C830D4F818129B1AD4F81062E1
:1070C0000AFB03F30693B4F8F4319C44D4F81C3261
:1070D000ACEB010C30330CF1FF3C06FB0133B4F890
:1070E000DC1002FB0C332A4601EB4301FFF7D0FD15
:1070F000C4F824027BE7D4F8C82002FB0AF2069207
:10710000B8F1000F1CD0B4F8F411C9B984F83312E7
:10711000D4F8201201FB1A2EB4F8F4A10291CDF894
:1071200018E06BB3BAF1000F2AD1D4E9A061D4E919
:107130009E23B24273EB010108D340F20D512AE6BF
:1071400094F8331200297FF452AFE1E7394B203E27
:1071500053F82B104FF47A7BD4E99E23CDE9042316
:1071600001F2E73301F52241049AB131B61AB3FBBB
:10717000FBF3B1FBFBF11E44761A761B76440696B0
:10718000029BE2442A4603FB0AFA0AF1300A4FEA5C
:107190004A0A5146FFF77CFD41F64B53C4F82402DE
:1071A000D4F8C80098423FF622AF06AB2A465146B3
:1071B000009304F5097312F005FA84F8330216E718
:1071C00040F22551E7E5B8F1000F1BD0B4F80812E2
:1071D00039B3B4F80A2294F80C32551CA4F80A22E8
:1071E00002FB033399420DDD00280BDD0023A4F8D8
:1071F0000A5284F86832FEF7B1FC00F00700013053
:1072000084F80C02394608A8089410F027FB04F50E
:10721000187104F50E700DF079F920B940F275512E
:10722000B9E50A46D7E7039B83F0010384F83032BF
:10723000002035E718020400F0B5044685B018B9FF
:10724000A5213020F9F720FB052900F2DA80DFE8DC
:1072500011F00600D30038003300D800CE0090F8BB
:107260003032C288FBB1B0F82E32934208BFB0F87A
:10727000E4319A1AA0F8E621E3802046D4E99C2361
:10728000C4E99E2302F05AFE94F85030002B00F01F
:10729000AC805D4B1B68002B00F0A780204605B03A
:1072A000BDE8F0401847B0F82C329B1AA0F8E63140
:1072B000B0F82C329BB2DFE705B0BDE8F04004F037
:1072C00099BF15F036F9D4E99E23801A61EB0301CA
:1072D000012871F1000302DA4FF4C061B1E76FF0E9
:1072E000010383424FF000038B4102DA40F2016157
:1072F000A7E7D4F8C8300BB1B0FBF3F3E07BB4F8E8
:107300002E2247280ED0A17B463901290AD90D2803
:1073100008D0E1880B449BB2D11A0D0443D5013348
:107320009BB242E00132A4F82E22B4F8923203AEAE
:10733000E5880133354FA4F89232B4F842301D4449
:10734000B4F84030013DED1AADB23B685BB1B4F822
:107350002E1200222046013989B29847B4F82E3205
:107360001844A4F82E02B4F82E126B1A18042CD468
:107370000023204600961A46FFF7A0FC012834D1CE
:10738000B4F82E22B4F8E011BDF80C301344521AB0
:1073900012049BB204D5EA1A12F4004F18BF0B4630
:1073A000A4F82E32D1E7013293B2A4F82E3294F829
:1073B0003132002BB9D1B4F8E431B4F82E22934223
:1073C00004BF0133A4F82E32AFE7A37C3046039408
:1073D000002B14BF08233E2384F83130FFF710F848
:1073E000204614F06CFA0023637305B0F0BD05B0BD
:1073F000BDE8F0400EF001BC437B042BF3D0C62166
:107400001FE7CB211DE700BFE02B0020E82B002069
:10741000D0E9A02373B5D0E99E45944275EB0301F2
:1074200004D240F607013020F9F72EFAD0E99E4544
:10743000D0F8C8601946A41A0190A830B4FBF6F43D
:10744000009001341046E4FB06010EF015FE02B078
:1074500070BD000073B50446D0E9786513F000FBF9
:1074600094F820210C4B52300194A83453F8222078
:107470004FF47A73009402F2E732B2FBF3F29219FE
:1074800045F10003121843F10003104619460EF0AF
:10749000F3FD02B070BD00BF2C0204002DE9F843DB
:1074A0000E46044618B9D3213020F9F7EDF9052925
:1074B00000F2A780DFE801F00376413DA52E15F02C
:1074C000ECF8C4E95001204602F0B2F8D4F83401D7
:1074D000A43815F030F8204613F0B4FF054600BB81
:1074E0000146204613F03EFE00F1AE06D4F834010A
:1074F000B04209D2301A0321192838BF192015F0DB
:1075000094F860B115F019F8C4F83461204613F00E
:10751000D2FF45B12046BDE8F84313F0CDBF0125A9
:10752000F2E70025F2E7D4E95023C4E94A23BDE895
:10753000F883BDE8F84304F05DBE13F054FE042365
:107540008146884684F8393114F0F3FF07220F464C
:10755000A9FB023102FB0811D4E94A525B1941EB45
:107560000205D4F810213AB159EA080204D0984231
:1075700077EB050228BF012684F83861D4E952264A
:10758000121A66EB070694F8581139B9012A76F1F8
:1075900000010BDA204602F053F803E0012A76F1ED
:1075A0000006F7DB002384F85031C0E7984277EB00
:1075B00005010FD259EA08080CD01B1A65EB070128
:1075C0009A4276EB010005DB012B71F10000A4BFAC
:1075D0001A460E460C49012304F1E800914284F852
:1075E00051314FF0000384F83031B341B8BF0A463F
:1075F00004F598710DF01EF8002898D140F2B161A1
:1076000052E7EF2150E700BF0040420F2DE9F84359
:1076100004460E46154690F8503103F0FF07002B44
:1076200040F0918000F1E80839467822404615F094
:1076300041FA22464549404615F0ACF8C4F81061BD
:10764000FF2384F8503166B1FEF7A0FA00F007007E
:1076500032463F49013086F80C0206F50E7015F0EF
:1076600099F840F20243A4F83831002384F830310D
:107670000BF0D6FF00F14906204613F0E3FE014669
:10768000B6B2B0B311F025FD00F12801284689B249
:107690000BF070FF2844AE3DC4F8340114F049FFEC
:1076A000301841F10001C4E95001012084F81401AF
:1076B00013F0D0FF2D1AC4F818514FF0FF356FF0BA
:1076C00000414046D4E95023C4E95251002504F555
:1076D0009871C4E94823C4E94A2384F8515142F21D
:1076E00010720CF0A7FF38BB4FF4DC713020F9F7B3
:1076F000CBF82046DFF85C9013F034FDAE30C4F8D0
:107700003401B9F8000048B1E08C38B1FEF73EFA18
:10771000B9F80030B0FBF3F202FB1300064414F09A
:1077200008FF361841F10001C4E95061002DC4D0B2
:10773000AD1941F10001C4E72946204613F0BEFE11
:107740003846BDE8F8830C27FAE700BF9D740000B7
:1077500039720000C8230020F0B5002385B0CDE9C0
:10776000003303238DF806306846F9F70BFD88B126
:107770000123114EB3700023CDE9023302238DF8AB
:107780000E3002A8F9F7FEFC044638B10023B370AE
:1077900005B0F0BD009813F042FAE5E7029D6B7B5F
:1077A000002BEED005F50E77384614F0E5FE38468E
:1077B00014F0EEFE6C73E4E7C8230020044B0022B3
:1077C000DA709A7042F210721A80FFF7C5BF00BFDC
:1077D000C8230020014BD870704700BFC823002089
:1077E00008B504F071F9044B5A6882422ABF9878B0
:1077F000002080F0010008BDC8230020F0B5044639
:1078000085B090F8503003F0FF05002B68D1437B22
:10781000032B65D114F08DFED4E99E23801A61EB11
:107820000301012871F100035ADB6FF00103834269
:1078300075EB010104DA40F2A9513020F9F724F880
:10784000D4F8C820E3880AB1B0FBF2F20133134444
:107850009BB2A4F82C32B4F8E431B4F82C229B1A71
:107860001BB2002B3CDD04F50E7014F085FE0028E1
:1078700036D0FF2384F83132B4F842300DF10E07D0
:10788000E588184E1D44B4F84030013DED1AADB204
:10789000336863B1B4F82C1200222046013989B252
:1078A0009847B4F82C32184480B2A4F82C02B4F8EB
:1078B0002C32EB1A1B0413D4B4F82C12002301222F
:1078C000204689B20097FFF7F9F9012808D1B4F8EA
:1078D0002C32BDF80E2013449BB2A4F82C32D7E70B
:1078E00005B0F0BDE82B00202DE9F743044606293A
:1078F00000F2A980DFE801F004251422282DA10060
:10790000524B9B7803F0FF0253B900920123B0F869
:10791000E411FFF7D3F928B140F2CD61302031E016
:107920000423637304F0D8FA0CF0DCFD0023E28832
:10793000A4F89232A4F82E2284F8313203B0BDE8C4
:10794000F08303234373F9E714F093FCC4E9A00127
:10795000F4E73F4B00F1A8081B681BB14246D0E991
:10796000A00198471321B4F8AA00F9F7D1FB002829
:1079700061D094F82131022B5BD005D8012B08D0BF
:10798000DC21B420F8F780FF033B012BF8D81E3030
:1079900000E00A30858894F82101DFF8B090C31E1A
:1079A000012B8CBF0027282713F0CCF86430D4F8C3
:1079B0002022373FA842FFB234BF2B1A0023D4F84D
:1079C000C85099188D428ABFAD1A0025ED1A99F852
:1079D000033023B9D4F8E8309D4228BF1D46D4F8BF
:1079E000F06104F1E80012F003FB0644022014F0F9
:1079F000F2FD0221AD1B25EAE575854228BF05464B
:107A0000284614F012FE10B12E4414F096FD012306
:107A10003A463146404612F0F7FBD4F8F031C9F847
:107A20000400D4F8C800184403B0BDE8F04314F0D3
:107A300082BD1430AEE79625ADE7A83003B0BDE8AF
:107A4000F04313F096B840F29B7167E7C82300201B
:107A5000E42B0020014B1880704700BFC823002092
:107A6000034B044A1A60044B044A1A60704700BF73
:107A7000E02B002011740000E42B00208F61010036
:107A8000044B1A78012AD0B203D01878831E5842CA
:107A900058417047D02300200C4B4FF47A7253F8B2
:107AA0002130023903F2E733C9B2B3FBF2F3022902
:107AB00000F1FF3210B54FEAC21296BF044CF0211C
:107AC00034F81110134400FB013010BD2C020400E7
:107AD00084000400D928F0B5054628BFD925BDF893
:107AE00014600446303501F5A57006F00207ADB20A
:107AF000FF2D28BFFF2516F0010621D10FBB002B5B
:107B000000F0C580911EC9B2022996BF7B4D40F698
:107B1000480135F811100844D92C7FD9D93C951E5D
:107B2000F721A4B2EDB2002B00F0CF80F634022D85
:107B3000B4FBF1F400F2C680714B33F815306BE002
:107B4000EFB1911EC9B2022997BF6E4D4FF4147167
:107B500005EB4101C9880144D01E012837D801F640
:107B600014409830002E3BD0023AD2B2022A97BF7E
:107B7000644BC02303EB42035B8A18444EE053B1CD
:107B8000911EC9B2022997BF5E4D40F6480105EB30
:107B900041018989DFE7032A05D1691D89B289017D
:107BA00001F5C871D7E7042A05D1691D89B2090119
:107BB00001F5BF71CFE7022A0BBF05F10B0105F1FB
:107BC0000A0189B289B20CBF8900C900C3E7022A41
:107BD00001F19C0114BF4FF4B070B4200844C0E719
:107BE000EBB1911EC9B2022996BF474D40F648013C
:107BF00035F81110D92C084410D9D93C951EF7211D
:107C0000A4B2EDB24BB3F634022DB4FBF1F459D863
:107C10003C4B03EB45031B8B03FB0400F0BDF12C35
:107C2000214628BFF121032A05D1133189B28901E8
:107C300001F5C871DEE7042A05D1133189B20901C3
:107C400001F5BF71D6E7022A0BBF1931183189B28D
:107C500089B20CBF8900C900CCE7B4FBF1F3022D57
:107C6000DBB239D8294931F8151001FB0300C3EB09
:107C70004311C3EBC103E41AA3B2002BCED00833E7
:107C8000032A9BB22BD19B0103F21A4375E7032A07
:107C900006D10535ADB2AD0105F5C87528443BE701
:107CA000042A05D10535ADB22D0105F5BF75F5E7FF
:107CB000022A0BBF0B350A35ADB2ADB20CBFAD0019
:107CC000ED00EBE740F69213A6E7B4FBF1F3022DCB
:107CD000DBB201D80E49C6E740F69211C5E7042A87
:107CE00003D11B0103F5467347E7022A0BBF9B0034
:107CF000DB0003F5BB7303F5CD733EE79000040092
:107D00009C00040084000400900004009C00040017
:107D10009C000400294B5A6A10B5D2F80F30C0F805
:107D2000CC30537D117D1B0443EA0123D17C0B43EE
:107D30006FF45061C0F8D430B2F8193059180629E0
:107D40008DBF40F2E241A3F550634FF47A714B438B
:107D50008EBF00214B430121C0F8C83080F82A11A2
:107D6000937DF9B103EB830303EB83039B00A0F83E
:107D7000DC30B2F81730F1B164214B43C0F8D83091
:107D8000B2F81B30A0F8D030B2F81D30A0F8D230D5
:107D900092F8243003F01F025B0980F8232080F85A
:107DA0002B3110BDC3EB431403EB840303EB8303BC
:107DB0005B009BB2DBE740F2E241DEE7D02300202C
:107DC000032937B5144617D19B0103F53473417964
:107DD00090F844500139C9B203291AD8194A0A4403
:107DE000907FE201CA3203FB0422174B9A4215D955
:107DF00040F296712D200FE0042903D11B0103F5F9
:107E0000E773E4E702290BBF0B330A339B00DB0067
:107E1000DDE740F24E310620F8F736FD1E23B2FBB7
:107E2000F3F205F03F03110AD2B241EA401143F0E8
:107E30004003002063F3070062F30F2061F3174053
:107E400003B030BD84000400C3BF03000346074AEB
:107E5000506AD3F86920C0F80320B3F86D20A0F869
:107E6000072093F8681011F01CBD00BFD02300203C
:107E7000D0F8803073B50BB101221A604388DB075C
:107E800027D50023144E056ACDE9003302238DF86F
:107E90000630FF2333776846F9F774F9C8B9009CB8
:107EA000A542F8D005F1B40395F8B32004F1B4016C
:107EB00094F8B30011F0ABFA0028ECD094F8AC3091
:107EC000B4F8B1203377D4F8AD30C6F81D30034B89
:107ED0009A8002B070BD00BFD0230020ED230020A7
:107EE00038B5084D044600F169010623686A00228E
:107EF00011F0B6FD94F86810686ABDE8384011F0DA
:107F0000D0BC00BFD023002007B514F09DF88DF839
:107F100007000548012306220DF10701406A11F010
:107F20009FFD03B05DF804FBD0230020034B58698C
:107F300010B1403012F038BD704700BFD023002090
:107F4000034B986910B1403012F02EBD704700BF4E
:107F5000D023002070B504460E461346407F658846
:107F6000324615F0040118BF04F17701FDF748FA15
:107F70004107054621D4C2070BD50123607F84F851
:107F80006830FDF7A1FA0368C4F869308388A4F863
:107F90006D30AB0701D4012070BD094B0121586A37
:107FA000D4F8773084F87610C0F80930B4F87B3014
:107FB000A0F80D3011F07EFCEDE70020ECE700BFEB
:107FC000D023002010B50446084694F8D8306BBB87
:107FD0002378082904F1DB0284F8D93016D004F1A3
:107FE000DA01FDF7E3F920B94FF477612D20F8F7B6
:107FF0004BFC94F8DA3043F0020384F8DA3004F1F1
:10800000D0000B49BDE8104011F03CBF094B586A45
:10801000034613F8031BC1F3801184F8DA10D0F87B
:108020000310C4F8DB109B889380E8E710BD00BF05
:1080300043AE0100D023002070B504460E4615461D
:10804000FCF72CFD98B92378A4F8C16084F8C030FF
:10805000637C84F8BF500BB194F8483004F1B6004B
:1080600084F8C3300249BDE8704011F00BBF70BD09
:1080700057B0010010B504460E498C3011F002FFD4
:108080000D4904F1C40011F0FDFE94F89520B4F8F8
:1080900096102046FFF7D0FF084B00221A70084BBD
:1080A0001B682BB12146206A0222BDE81040184708
:1080B00010BD00BFE5AE01002DAE0100D0230020B1
:1080C000F02B002038B5B0F8483004461A4D013383
:1080D000C3F30E03A0F848302B7B2BB104F01EF83D
:1080E00003F0EEF800232B7300232B7094F88930F3
:1080F0002BB101212046BDE8384012F0F2BD637C6F
:10810000BBB1B4F848209A4213D30121204612F0A3
:10811000E8FD63882046DB0747BF236A43224322EA
:108120004FF6FF7148BFB3F8AA10BDE83840FFF71B
:1081300083BF0021DEE700BFD023002010B5FFF78A
:108140009FFC064C28B1237B1BB103F0E7FF03F033
:10815000B7F8A06ABDE81040FFF7B4BFD0230020F5
:108160002DE9F0410746FFF78BFC054620B940F6A4
:1081700082412D20F8F788FB214CA26A166A0EB1C5
:1081800096F829611FB3616A02F1690392F86820C9
:1081900011F8097BF80911F03AF9C0B13146606A6B
:1081A00011F0ADFB98B1A56AFFF76AFC10B940F673
:1081B0005C41DEE723782846E26A07F00F0103F10D
:1081C00080435269013B52F8233098470546237B90
:1081D0001BB103F0A3FF03F073F87DB1A06A12F0A6
:1081E00039FD30B103F01CFEE36ABDE8F0419B6845
:1081F0001847A06ABDE8F041FFF764BFBDE8F08111
:10820000D02300200346074A906A03B909B9FFF753
:1082100059BF1378D26A03F180431269033B52F8C5
:1082200023301847D023002003292DE9F0430546C9
:1082300085B0174607D14388980723D400242046E9
:1082400005B0BDE8F083428890F88830D107DBB2F2
:10825000F4D5002BF2D14FF00108DFF8D49099F853
:108260000C60C6B111F017F90828387016D002AAB0
:108270000DF10701FDF79AF838B940F6F7612D20A6
:10828000F8F702FB4FF00208E7E702A99DF80700A4
:1082900012F080FB06463B78082B08D1D9F8241051
:1082A00011F8030BC0F3801012F074FB0646D9F8E6
:1082B000241005F1700395F86F2011F8030BC0F33B
:1082C000801011F0A4F8D9F82410044611F8030B1B
:1082D000C0F3801011F0D5F88146FDF707F940B1E1
:1082E000B9F1080F1BD04846FCF78AFF80F0010364
:1082F000D8B23A78082A14D01CB96C7FA21A54421A
:1083000054416A8853079AD4002897D176B9EC7CF7
:10831000444518BF002C0CBF012400248FE7002027
:10832000E7E780F001022240D4B2EAE7344686E76C
:10833000D02300202DE9FF4108230DF1070205217C
:1083400004468DF80730FFF76FFF054620B900257A
:10835000284604B0BDE8F081FBF77AFA064600280B
:10836000F5D1344F0DF10808216A7A6A91F817C0E7
:10837000104610F8033BC3F3401303EA0C03CB751C
:10838000D2F80330C1F8AD308388A1F8B13011467E
:10839000D4F820C011F81F3BC3F380138CF8AC3025
:1083A000D2F81F000B79029060468DF80C30FFF771
:1083B000B1FC434694F912200121206A12F0C1FD5C
:1083C000216A84F895602046B1F8AA309DF807200C
:1083D000A4F89630FF2384F8B3304FF6FF73A4F867
:1083E000B43012F0D9FD144904F18C0011F04AFDAB
:1083F000FCF754FB60B9236A04F1C4000F49B3F8D9
:10840000AA20A4F8CD20DB7D84F8CF3011F03AFD0E
:10841000236A00222046B3F8AA10FFF70DFE084B8E
:1084200000221B683A70002B92D02146206A9847A0
:108430008EE700BFD0230020E5AE01002DAE010085
:10844000F02B0020032973B5044604D005292BD056
:10845000012002B070BD08230DF107028DF807302E
:10846000FFF7E2FE0028F3D0237C23B19DF807102C
:108470002046FFF7A7FD114D0622042620466B6A11
:108480005A701E70FFF7E2FCA16D94F85C20686AD8
:1084900011F026FA686A2E7003F0CEFD0021686A9A
:1084A00013F005FF0020D4E7054B1B68002BF9D023
:1084B000984780F00100C0B2CBE700BFD023002076
:1084C000EC2B0020F8B504460F4619B300F1300537
:1084D000284613F069F8A0B963881A072ED52846F4
:1084E00013F077F80646284613F05EF8301AC0B24B
:1084F00013F0B0F8494A536803442846536013F018
:1085000032F8284613F034F803F0E0FB21792520F7
:1085100003F0FEFA414E002394F87620706A03704F
:1085200043706388103B0D2B68D8DFE803F0636766
:108530005F0C674467676767676767442046BDE805
:10854000F840FFF7BFBD0623437020230370204689
:10855000FFF77CFC638823F008039BB2152B05D042
:1085600094F85420216D706A11F0ABF9706A03F031
:1085700063FD0021706A13F09AFE03232179002025
:10858000337003F0C5FB054607B9B06063881B076D
:1085900004D513F05CF80544C4F81C516388103B03
:1085A0000D2B36D8DFE803F038352F2F352F353532
:1085B00035353535352F0C2321214370034603F81B
:1085C000091B52B1D4F877200121C0F80920B4F872
:1085D0007B209A8011F06EF9B9E7226FC0F809206C
:1085E000B4F874209A8094F86F10F3E706230370B0
:1085F0004370ACE7022303700623F9E740F25961A8
:108600002D20F8F741F921790120BDE8F84003F069
:10861000B9BD40F6F541F3E7F8BD00BFD023002017
:1086200038B543880446102B04D10121BDE83840F9
:10863000FFF748BF0B4D2B7B23B102F01BFE402000
:1086400003F060FD686A03F0F7FC608810F0040036
:1086500002D1217903F096FD002003F03BFD0123B8
:108660002B7038BDD0230020024B0121986AFFF700
:1086700029BF00BFD023002003292DE9F341044680
:1086800005D0052900F08180FFF71CFD79E0082363
:108690000DF103028DF80330FFF7C6FD002872D0FC
:1086A000237C23B19DF803102046FFF78BFCB4F820
:1086B000028001233A4E1F464FEA9812706AC8F3AF
:1086C000801862F386170722437002700022394631
:1086D000C27011F0EBF92046FFF702FC706A11F04E
:1086E0002FFAB4F85C30C0F1FE05AB42B4BFDDB286
:1086F000EDB2AB4228D947F010070022706A033D63
:10870000394611F0D3F9736AEDB22046D97801F0F9
:108710003F0101312944C9B212F0D6FB0422C0F353
:1087200007238DF80400C0F307400DEB02018DF81C
:10873000053003238DF80600706A11F091F90022CC
:108740003946706A11F0B2F9B8F1000F06D094F909
:10875000122094F844106079FFF7D6FB2A46A16DE9
:10876000706A11F0D7F9FF20F581617903F0D0F933
:108770000723706A337003F05FFC0021706A13F006
:1087800096FD002009E020467EE7064B1B68002B83
:10879000F7D0984780F00100C0B202B0BDE8F08188
:1087A000D0230020F42B002010B5144C237B1BB1E8
:1087B00003F0B4FC02F084FDA06A12F04BFAA16A47
:1087C00018B14B8803F0180323B90846BDE81040E0
:1087D000FFF778BCFFF754F920B940F686312D2019
:1087E000F8F752F823780846E26A03F18043D2682A
:1087F000013BBDE8104052F823301847D023002039
:108800002DE9F04FB0F802A08BB0154606461AF0DD
:1088100003020AF00203029101920AF004021CD042
:108820001AF0010F05D043B140F286612D20F8F710
:108830002BF8002BF8D0022710E01FFA82F9002A4B
:1088400000F0A9800127002D00F0F7804FF000090B
:108850004FF0010BC84601210DE0019F92B2002BA1
:108860005BD0002AEFD1002D00F0E78091469046C2
:108870004FF0010B114601241AF0400A04D0002DDC
:1088800000F0E9804FF0010A44EA4104002201218E
:10889000072044EACB04DFF834B244EA0814DBF8DA
:1088A000243044EA49145A70187044EA8A14597002
:1088B00004F07B04A146002D40F0F080DD70002321
:1088C000DBF8240021460193C378019A03F03F03AB
:1088D00043EA8713E7B2C37011F0E8F8E30702D563
:1088E0003046FFF7FDFAB80710D5029BDBF82400ED
:1088F000002B00F0E28006F177010623012211F03F
:10890000AFF80121DBF8240010F0D4FF0023002B86
:1089100000F0DE8040F6690188E70AF02008002AAE
:108920004AD125BBB6F854208AB1B8F1000F40F007
:10893000848034794FF000094FF00108033C012C8A
:1089400094BF002401244FF0010B494694E7B8F18D
:10895000000F72D1FFF7EAFA0028EAD1FFF7F0FA28
:1089600001460028E5D1A946A846AB4683E7FFF7B4
:10897000DDFA814610B9FFF7E3FA8146B8F1000F3E
:1089800062D134794FF0010B4146033C012C8CBF7E
:108990000024012470E7047945B9A21E0127A946E5
:1089A00029465442B846BB46544165E7023C2F462F
:1089B000C84618BF0124C6E74DBBB6F85420AAB17B
:1089C000B8F1000F21D13479033C012C94BF00246D
:1089D000012431794FF000094FF0010803390129D2
:1089E00094BF002101214FF0010B45E7B8F1000FC2
:1089F0000BD1FFF79BFA0028E5D1FFF7A1FA8346D8
:108A00000028E0D1A946A84625E72C46E1E7FFF774
:108A10008DFA814610B9FFF793FA8146317903390F
:108A200001298CBF00210121B8F1000F14BF0024DF
:108A300001F001044FF00008D5E74FF00108A94606
:108A400029462C46C34617E74FF000084FF0010BAC
:108A50004146444610E7B6F8540058B196F804A0D1
:108A6000AAF1030ABAF1010F94BF4FF0000A4FF0C8
:108A7000010A09E7708800F023000028EED1039175
:108A8000FFF754FA03990028E8D1FFF759FA039940
:108A90000028E3D1019B002BE0D1F3E6DA70FFF769
:108AA0004FFA00283FF40BAFDBF8183093F8E530AD
:108AB000002B3FF404AF0A2302E706F170010623FE
:108AC000012210F0CDFF96F86F101BE7D023002095
:108AD00039071AD5726C05A98DF81530C2F30B222F
:108AE000BDF81430DBF8240062F30B0396F846203F
:108AF000ADF814301209C3F3072362F307130322FE
:108B00008DF81530022310F0ABFFBA0640F1B380A8
:108B1000D6F84031DBF81820D6F844710393002AC8
:108B200056D09046D8F88830D8F88CA00293FFF73A
:108B300007FA80B1DBF8183093F8E5305BB108F143
:108B4000400012F022FF30B9029AD8F898309B18F2
:108B50004AF1000A029398F810C09F4BDBF810000E
:108B600053F82C304FF47A7CD0F16E0E039A03F256
:108B7000E7339DF81510B3FBFCF36CEB0C0CBEEB6C
:108B8000020E029A01F0BF016CEB070713EB0E0314
:108B900047F100079B184AEB070EB3F5161FD6F8EE
:108BA00034717EF1000C0DDAB3F5703FA7EB0000D5
:108BB0007EF100074FEAE07C0DDB98427CEB0E0C67
:108BC000C0F2008121F020018DF81510002316E07D
:108BD000DBF81480A6E7984221F020017CEB0E0C14
:108BE0008DF81510F2DA9DF8151011F0200F0CBF5A
:108BF0001E214FF49671B3FBF1F3C3F30C03BDF8E0
:108C0000141063F30C01D8F89830ADF8141040F24A
:108C1000E241B3FBF1F3ADF81630D8F8173098F80D
:108C20001B1006939DF81C3061F304038DF81C3073
:108C3000FBF7B6FF9DF81C3060F347138DF81C302E
:108C40009DF8153023F080038DF81530D8F80030EA
:108C5000CDF81D3098F804308DF8213098F80530A3
:108C60008DF8223098F806308DF82330B8F87A3035
:108C70000133ADF82430012D4BD1B6F85420002A31
:108C800047D0B6F802C01CF0020F42D1DFF84C8189
:108C9000D8F82400B8F80E30C178D31A01F03F0B91
:108CA000CBF1FE010BF101078B42B4BFDFB287F0BD
:108CB000FF07BA4222D91CF0010F1FD144F0100166
:108CC000033F019A8946FFB210F0F0FE0BF1040158
:108CD00030463944C9B212F0F7F8C0F307238DF8D3
:108CE0001000C0F307408DF8113004228DF81200F7
:108CF000032304A9D8F8240010F0B2FE3A46316DDF
:108D0000D8F8240010F006FFB8F80E301F44A8F879
:108D10000E7019F0200F5FFA89F406D02F48122345
:108D2000052205A9406A10F09BFE63060CD5002DB4
:108D30004DD106F13000347912F056FC014696F917
:108D400012202046FFF7E0F8FFF7FAF8002836D0A7
:108D5000224CA36993F8E5308BB30721606A10F0C9
:108D60009EFE092340F2E242037032234370A3695E
:108D7000D3F8B8308370A369D3F8B8301B0AC37036
:108D8000A369B3F8BA300371A36993F8BB30437198
:108D9000A36993F8C9308371A369D3F8BC30B3FBDE
:108DA000F2F3C371A369D3F8C030B3FBF2F30372DB
:108DB0007D22A369D3F8C430B3FBF2F343720BB046
:108DC000BDE8F08F41F020018DF815100BE77479A4
:108DD00096F84410B3E700BF2C020400D023002013
:108DE000F7B504460A4619B990F87610FFF708FD62
:108DF000134D6B6ADA78910620D01A79D2061DD508
:108E000004F130005F78267912F0CEFB421C3B461D
:108E100031462046D2B2FEF7D3FF0422C0F3072327
:108E20008DF80400C0F307400DEB02018DF805300A
:108E300003238DF80600686A10F012FE03B0F0BD3F
:108E4000D02300202DE9F74304460F4690F8440054
:108E500002F03CFF6179FF20724D02F059FE002FB5
:108E600049D16B6A04F1300094F804805E7812F006
:108E7000B0FBB8F1030F2FD1B60106F53476A9681F
:108E8000638801EBC011CA3106FB00111E074FF0C9
:108E9000000048BF6B68296144BFC9182961627925
:108EA00002F022FF638898072CD06FBB6179012004
:108EB00003F068F994F8761001222046FFF7A0FC31
:108EC000686A03F0B9F80021686A13F0F0F9062324
:108ED0002B7003B0BDE8F083B8F1040F03D1360165
:108EE00006F5E776CBE7B8F1020F0BBF0B360A3673
:108EF000B600F600C3E762794FF4A571002013F0C5
:108F0000C9F9CFE7002FD5D0C3F34007C3F38012D0
:108F10009907686A87F001074FF0070348BFD4F844
:108F200058804FEAC7074CBFB4F85C90D4F8508023
:108F300047EA821758BFB4F854900022037007F034
:108F400048070123C2703946437010F0AFFD3A075D
:108F500017D5626C01A9BDF80430C2F30B22686A10
:108F600062F30B0394F84620ADF804301209C3F302
:108F7000072362F3071303228DF80530022310F054
:108F80006FFD686A10F0DCFDEB89C0F1FE06A9EB0D
:108F90000302B242B4BFD6B2F6B2334499452DDDD6
:108FA000002247F01001686A10F080FD686A10F036
:108FB000C7FDEB89C0F1FE062046A9EB0303B342CF
:108FC000B8BFDEB26B6AA8BFF6B2D97801F03F0134
:108FD00001313144C9B211F077FF0422C0F30723F5
:108FE0008DF80400C0F307400DEB02018DF8053049
:108FF00003238DF80600686A10F032FD63885B0673
:1090000006D594F9122094F844106079FEF77CFF9D
:10901000E9893246686A414410F07CFDEB891E44C0
:10902000EE814DE7D023002010B5084CB0F85C303D
:10903000E2899A4205D00121FFF704FF072323703C
:1090400010BDBDE81040FFF73DB800BFD0230020A1
:1090500038B5438804461E4D13F0020F0FD1DB07CD
:109060000DD4EA89B0F854309A4203D1BDE83840B3
:10907000FFF728B80121BDE83840FFF7E3BE002024
:10908000617903F07FF86388617913F0020F0CBFF8
:1090900022200C2002F03CFD02232B702B7B4BB1D5
:1090A00002F0E8F86379033B012B94BF4520402090
:1090B00003F028F86379033B012B94BF282000209C
:1090C00003F008F8686ABDE8384002F0B5BF00BF99
:1090D000D02300202DE9F84300F13007304D012363
:1090E000044638466B7312F05FFAE8B96388DA0613
:1090F00015D46A7B9AB103F02303B4F854201343C8
:1091000005D020460021BDE8F843FFF79BBEFEF7DF
:109110000DFF0028F5D1FEF713FF0028F1D12046FE
:10912000BDE8F843FEF7CEBF384612F03DFA28B945
:1091300063881B07F3D5384612F015FA384612F04B
:1091400017FA02F0C3FD2179252002F0E1FC01218C
:109150002046FFF745FE6B6A3846D5F8088093F83D
:10916000019012F036FA0646384612F01DFA4A46C9
:10917000711E091A2079C9B212F053FA227908EB4C
:109180000001002002F0B0FD686A02F055FF0021E6
:10919000686A13F08CF805232B70BDE8F88300BFD4
:1091A000D0230020064810B5037803F0FF042BB944
:1091B0002422214613F07EFC204610BD0C24FBE740
:1091C000D023002010B50023094C2370FBF758FC76
:1091D0006062FFF7E7FF20B14FF442712D20F7F7EF
:1091E00053FBE36A13B940F20B31F7E710BD00BF40
:1091F000D0230020014B024ADA627047D0230020BE
:10920000BC960000044B054A1A60054B054A1A60DB
:10921000054B064A1A607047EC2B0020358300008E
:10922000F02B0020A3AC0100F42B0020F5920000ED
:109230002DE9F041067D0446B31E06F0FD06DBB2C3
:10924000012B8CBF4FF000084FF00108371E18BFEC
:109250000127012B1AD800F1700190F86F0010F06F
:1092600010F9054663889B0617D4082D10D186B3E4
:10927000FBF714FCB8BBE37E93B3D4F81530C4F805
:109280006930B4F81930A4F86D3006E00825E9E734
:109290002846FBF7C1FF0028E9D1657784F81C80D8
:1092A00084F86870FCF77CF8054613F042F9002258
:1092B0000F4B84F87620E5FB0301C4E91801114641
:1092C0002046FEF747FE60B940F2A3412D20F7F794
:1092D000DBFA04F169013046FBF72EFE0028DCD1F1
:1092E0000020BDE8F08104F169010120F4E700BF2E
:1092F00040420F002DE9F04385B0082305210446C4
:109300000DF107028DF80730FEF78EFF00287DD0A3
:10931000FAF79EFA002879D13E4D02AF206AFEF797
:10932000F9FC6B6AD3F81F0093F8232002903A717E
:10933000226AD3F80310C2F8AD10B3F80710A2F8F0
:10934000B1101B78206AC3F3801380F8AC30324B25
:109350001B6813B1012221469847D4F820800E23C0
:10936000686A082698F8AC90002243704FF0030119
:10937000C378067003F03F03C37010F097FB2046DC
:10938000FEF7AEFD4946686A10F094FA0623012202
:1093900008F1AD01686A10F063FB6179FF2002F00B
:1093A000B7FB686A02F048FE0021686A12F07FFF8E
:1093B000D4F820802046414612F05BF83B46014637
:1093C00094F91220404611F0BCFD216A00239DF85B
:1093D0000720204684F89530B1F8AA30A4F89630DA
:1093E000FF2384F8B3304FF6FF73A4F8B43011F0C4
:1093F000D3FD236A2E70B3F8AA20A4F8CD20DB7D1C
:1094000084F8CF30012005B0BDE8F0832046FEF798
:1094100059FEF7E7D0230020F02B00202DE9FF4173
:10942000564F04463A7802F0FF0312B90278FF2A39
:1094300004D140F6DD112D20F7F726FA7B60FB8181
:109440007B7380F889304E4B684604F130050093F9
:109450004C4B01934C4B0293FB6A5B68039302F005
:10946000D5FD02F0BFFB02F059FE01F029FF47488D
:1094700002F022FC464802F0C3FD284612F073F8C1
:10948000284612F075F802F021FC2179252002F01F
:109490003FFB94F9120002F009FC04F15001E06C6A
:1094A0000CF0EFFA064604F15801E06C0CF010FBEA
:1094B0008046002E3AD094F82430BBB3B4F948501B
:1094C000ED43ED0F237F13B963885B0709D56FF078
:1094D0000043D4E918129A4208BFB1F1FF3F2FD1DF
:1094E000ADBB94F88B301BB946EA0806F6B2AEB1B4
:1094F000638813F0100511D1606CC0F30B2011F0DC
:10950000C3FF94F8463084F84500C0F3032023F0ED
:109510000F03034384F8463084F88B50786A033095
:10952000FBF75CFF387304B0BDE8F081B8F1000FC1
:1095300004D094F82550002DC0D1C3E74546C1E7BB
:1095400012F0F7FFD4E9182390429941C8D30122C1
:1095500029462046FEF7FEFC50B1FBF721FF0546E9
:1095600012F0E7FF0B4BE5FB0301C4E91801B8E774
:10957000002DB6D040F61C215DE700BFD0230020AF
:10958000A98700006181000005820000D6BE898E97
:109590005555550040420F0073B50446234DFFF763
:1095A0003DFF04212078F7F7B3FD0621686120789C
:1095B000F7F7AEFD6B69A8612BB120B140F65521DC
:1095C0002D20F7F761F9204611F070FC668816F03F
:1095D000100618D000212046FEF774FF94F88A3058
:1095E0005BB16846FCF706F838B1694604F136000D
:1095F00010F0B4F8002384F88A30204602B0BDE8A9
:109600007040FEF735BC31462046FFF7E9FB686A3B
:1096100002F012FD3146686A12F049FE21793046A7
:1096200002F076FB0523A8602B70D7E7D02300203B
:10963000024B9862DB6A1B68184700BFD0230020EA
:1096400043881A0710B504460FD5036A3C22104917
:109650008C304272B3F8AA304381FF2380F8273060
:109660004FF6FF73038510F00DFC63882046DB077F
:1096700047BF236A3C223C224FF6FF7148BFB3F834
:10968000AA10FEF7D9FCFF2384F8893010BD00BF73
:10969000E5AE01009DB00100ABB0010021860000E5
:1096A000A3B00100D5900000519000002990000067
:1096B00075800000458400007986000099950000BF
:1096C0003D810000A7B00100949600009C96000028
:1096D000B49600000138022808B503D9C4212F2010
:1096E000F7F7D2F813290A4B05D811290CD81029FD
:1096F00007D0D221F3E71529FBD103EB4003D8882B
:1097000001E033F8100008BD03EB40039889FAE745
:10971000A60004002C4A38B50346948810681C4300
:10972000402B948004D10421BDE83840FEF7DCB81A
:10973000802B01D10521F7E703F00304032C04D1AA
:1097400040F6B2313120F7F79FF8DD0706D50C68F7
:1097500091602478062C1AD00B2C22D09C0711D5AE
:109760000C6821780729117329D00B2922D00529EB
:1097700008D1C17B182905D1002400250121C0E9A9
:109780001E4501759B0644BF0823537338BDC47B37
:109790001C2CE3D100240025C0E91C450124C4741D
:1097A000DCE7C47B122C01BF0024C474012480F8C0
:1097B0005640D3E7C17B1129E4D10021E1E761786C
:1097C00080F8A010DEE700BF002400200C4A03460A
:1097D000517B89B910683BB9B0F81011B0F8F4208A
:1097E000914209D8FDF7FCBF93881B0706D5007C82
:1097F000083818BF012070470020704701207047CB
:109800000024002073B5044600680D46036813F079
:10981000300F49D1B1F805101A2904D9B5F807302D
:10982000B3F5A47F06D22978204602B0BDE8704087
:1098300010F0B9BDB5F801201A2AF4D9B5F80360C3
:10984000B6F5A47FEFD3E830009610F006FC174B76
:109850009A8892070DD51B7B142B0AD122681368B6
:1098600043F010031360204610F05BFD002002B0AF
:1098700070BD23689A7B212AF0D093F82F31002BFA
:10988000ECD1236893F82E31002BE7D123681A68B6
:1098900003F1E801B3F8AA0042F020021A6003F5D0
:1098A000B472FCF7DDF8DEE70120E0E700240020D9
:1098B0002DE9F8438F4D06462C68002840F0CC80F7
:1098C000AB8819074FD594F89E302A2B16D00CD8A8
:1098D0001C2B13D0222B18D094F89E30FE2B20D1B5
:1098E00040F2FB513120F6F7CFFF3C2BF4D1824BF5
:1098F0001B68002BF0D028469847EDE7002384F83A
:1099000041317C4810F005FDE6E784F842017B4BCD
:109910001B68002BF5D004F5A17104F1A400984751
:10992000EFE7FE2384F89E30E37B1E2B06D1002751
:10993000704884F8557010F006FDE773A37B372B51
:1099400033D0432B39D0242B06D1E37B243B072B88
:1099500094BF2B232523A373237C082B02BF022350
:10996000AB7384F89E30AB88DA074ED5D5F800800B
:10997000A96898F80F30D1F80090113B99F8007061
:109980000F2B0BD8BB1EDBB2092B00F2B18040F2CB
:10999000333222FA03F3DB0740F1AA800979384613
:1099A000FBF758FE80B939467FE0012384F8CD32B9
:1099B0000023A37384F84E30CEE7002384F850319F
:1099C0004C4810F0A6FCC7E7012F01D9162F4ED145
:1099D00098F80E0010F0D7FC40B198F80E30242B08
:1099E00004D0252B34D12B2388F80E303846FCF7D1
:1099F00093FC0346002849D1FF2FD4D12B69002BBB
:109A000051D02B68012283F8CE22AB88580704D5A9
:109A1000227C072A04BF0122AA7399074CD5287B10
:109A200001222B680D2883F89F2042D0112858D09E
:109A3000072858D0FCF77AFC034600283AD12A7B45
:109A4000FF2A52D12A68372182F8CC02917333E081
:109A5000162F14BF022620266B7B1B0704D5E37B41
:109A6000113B0F2B98BF08263046BDE8F883112F15
:109A700015D005D8072F14D00D2FB7D1204B05E0F6
:109A8000142FB3D11F4B1B68002B8CD0AA684946FA
:109A90001848127998470028B7D00646DCE71A4BD9
:109AA000F4E71A4BF2E799F80010124810F07BFC2B
:109AB000F1E7174B0F489847AB88DA06CCD52B68EF
:109AC000DA7BB3F8AA000A2A04BF0B22DA7312F079
:109AD000DEFA0028C0D0837C002BBDD00023837425
:109AE000BAE70C4BE6E70C4BE4E740F2EE51F9E63F
:109AF0000826B1E700240020582C00201C2C002050
:109B0000099C0000FC2B00204FB80100619C000064
:109B1000AFB60100FBB6010069B70100002903469A
:109B200008BF1F21252870B514461AD8222846D808
:109B30001D2812D80D2801D8002070BDA0F10E06F6
:109B40000125F6B2B54040F2512635401CD1162809
:109B50001FD01D28F0D1254A32E02028ECD1244A1C
:109B60002EE0262836D0A0F12E02D2B2102AE3D859
:109B7000012040F295159040284233D10D2A33D070
:109B8000102AD9D11B4B26E00021BDE8704011F00E
:109B900012BE1668B37B252B09D12046FBF782F84D
:109BA00086F838510023B37386F84E30C4E72B2B68
:109BB000C2D1F37B243B072BF4D92A21EDE70E4ACF
:109BC0001568002DB8D00A46204619462B46BDE838
:109BD00070401847094B1B68002BADD02046BDE8EC
:109BE00070401847064AEBE7064BF4E70C2C0020C0
:109BF000142C0020442C0020002C0020202C0020BD
:109C00002C2C0020602C0020024600684978837BC1
:109C1000212B17D00ED8042B16D00F2B16D0C07BBB
:109C2000272817D0333BDBB21C2B15D80B48C05C60
:109C3000FFF774BF2B2B03D02D2B09D0252BEED192
:109C40001620F5E71420F3E70E20F1E71220EFE7E6
:109C50002320EDE71720EBE7FE20E9E7B80004003A
:109C600013B54C7802683E2C937B6DD8222C07D814
:109C7000A4F10E02D1B20F2940D9002002B010BDCC
:109C8000233C1B2CF9D801A252F824F0B39D00000C
:109C90007B9C00007B9C0000D19D00007B9C000011
:109CA0007B9C00007B9C00007B9C0000439E00008E
:109CB0007B9C00007B9C0000D99D00007B9C0000E9
:109CC000079E00007B9C00001B9E00007B9C000008
:109CD0007B9C00002F9E0000F39D00007B9C0000F9
:109CE0007B9C00007B9C00007B9C0000479E00004A
:109CF0007B9C00007B9C0000D59D00000F2ABCD8F7
:109D000001A151F822F000BF5D9D00007B9C000086
:109D10007B9C00007B9C00005D9D00007B9C000004
:109D20005D9D00007B9C00006D9D00005D9D00001E
:109D30007B9C00007B9C00007B9C00007B9C0000C7
:109D40007B9C0000C79D0000FF2C96D13F4B1B69F8
:109D5000002B92D0012382F8CE328EE702460121F9
:109D6000204602B0BDE8104011F025BD252B01D0E2
:109D70002B2B82D1019010F0CCFA01980368DA7B8A
:109D8000262A3FF47AAF93F867201A2122F00102C5
:109D900083F86720026892F8673023F0080382F89E
:109DA0006730FAF77FFF01980022036883F83821B3
:109DB00063E72D2B7FF461AF254B1B68002B3FF42D
:109DC0005CAF984759E7362B7FF457AF214BF4E748
:109DD000214BF2E7214BF0E7382B02D04F2B7FF4D9
:109DE0004CAF1F4B1B68002B3FF447AF2E21984709
:109DF00043E7392B7FF441AF194B1B68002B3FF42D
:109E00003CAF3621F3E73A2B7FF437AF144B1B6896
:109E1000002B3FF432AF3021E9E73E2B7FF42DAF2A
:109E20000F4B1B68002B3FF428AF3221DFE7442B98
:109E30007FF423AF0A4B1B68002B3FF41EAF352184
:109E4000D5E7084BB9E7084BB7E700BF002400206F
:109E5000042C0020102C0020242C0020482C002052
:109E6000302C0020502C0020642C00202DE9F347DA
:109E700090F8DA8204460D4690F8DB62B8F1000FE4
:109E80003BD190F82071002E39D194F821A184F8AB
:109E9000207184F821A1FF2384F822311A4B04F1A8
:109EA000A8091B6813B1394648469847174B1B68E9
:109EB00023B13A46514601A80194984794F83831A5
:109EC000012B02D058EA060603D0237B43F001039E
:109ED0002373484610F0E0F818B1237B43F00203E7
:109EE000237306212046FDF7FFFC002384F8383158
:109EF0003DB1A37302B0BDE8F0874746C3E7B24661
:109F0000C5E7E573F6E700BF082C0020542C0020BD
:109F1000024B0020C3E90400704700BF002400206A
:109F200008B50022044BC3E90422FBF767FFBDE834
:109F30000840FCF7CBBA00BF0024002073B5584D91
:109F4000002604462860AE806E73AE73FF2380F84F
:109F50005030B0F8E231002B00F0918090F89E3044
:109F6000FE2B40F08C8090F82C31002B00F0878085
:109F7000037C073B012B40F2828090F82D310221B7
:109F8000A0F84860012280F8A03011F09DFB02216A
:109F9000284684F8EA61FBF7F9FFB4F8E611204699
:109FA000B4F8DE300139B4F8E82189B2B1FBF3F33B
:109FB0001344A4F8E831B4F840300B44A4F840301E
:109FC000B4F8463001330B44A4F84630B4F84430BA
:109FD00001330B44A4F8443011F0A4FB10B1636BBF
:109FE0000B446363B4F8E2310026012B9CBF0133BC
:109FF000A4F8E23109B184F8EE61E37B84F8EA6108
:10A000000A3B012B0FD8E388B4F8D8229B1A190415
:10A0100009D404F2DA2104F117000FF09FFBE67374
:10A02000FF2384F84F30B4F8E62104F1A80120465C
:10A030000FF0DBFBE37B1B49113B1B4A0F2B8CBF53
:10A04000002301230093194B2868F8F7A5F86969E4
:10A0500011B1002012F02AF92C68237BDA0703D50E
:10A0600000210F48FAF71EFE237B9B0703D504F25D
:10A070005F10FBF7EFFC0023237302B070BD94F870
:10A080009E10FE2901D0064885E7094B1E68002E68
:10A0900083D012F002FB02460B460148B0477CE732
:10A0A0000024002015970000CD970000C5A00000F7
:10A0B000682C0020024B1869003818BF0120704737
:10A0C000002400202DE9F04FDFF8E4810F4687B02F
:10A0D0008146B8F80410D8F800408D05204655BFD9
:10A0E000B4F8402000230132A4F840304CBF84F87B
:10A0F000EE31A4F8402011F015FB38B10B4604F501
:10A10000AB7204F1A8012046FCF75EFBB8F80430FE
:10A1100003F4C06333B1A37C002B00F0A080032BB9
:10A1200000F0A380A27CB8F80430012A03D11805FE
:10A1300044BF0222A274B9F1000F40F00381590616
:10A1400057BFB4F808224A46013292B2A4F8082256
:10A1500003F00A020A2A0FD198F80C20022A0BD128
:10A1600023F008033846A8F80430FFF7A1FB384372
:10A170000823C7B2A8F804303846FFF799FBD8F88F
:10A1800010303843C7B2002B50D01422002101A850
:10A1900012F090FC94F8210102F0D0F8054694F8F2
:10A1A000210102F0C3F805F5FA754FF47A7394F8BB
:10A1B0002911B5FBF3F5B4F8AA300544D4F8C8006A
:10A1C000ADF80430E388ADF80A50ADF808300FF070
:10A1D0000EFA94F8CE32ADF8060033B1D8F8083054
:10A1E0001A689B8804928DF8143094F8CD2201A847
:10A1F0009DF80C3062F300038DF80C30D8F8103065
:10A2000098470023049A84F8CE3284F8CD326AB19C
:10A2100094F8CC3253B9A37B372B07D09DF8143078
:10A2200023B11178FF2924D11B2B29D9D8F800603C
:10A2300096F89E30FE2B4BD1002F49D1337C073B43
:10A24000012B45D996F82C3113B396F82D31012204
:10A250000221A6F8487086F8A030304680E101213E
:10A26000A1742046FDF740FB5CE702230121A374A3
:10A27000F7E70729DAD1022BD8D15178FF29D5D1B8
:10A280000121C4F8D02284F8CF3284F8CC12CDE773
:10A2900096F80FA0AAF1100A5FFA8AFABAF1100F25
:10A2A00040F21B813368DA0704D53A460921D4E726
:10A2B000002400209D0740F1A3803A460C2130463F
:10A2C00011F002FA96F8573043F0010386F8573040
:10A2D000B4F8E83194F8EB510133A4F8E831002DDB
:10A2E00000F02283F8F766F810B10023A4F8E831F3
:10A2F000B4F8AA0011F0CBFEA37C8246012B40F2F9
:10A300005B83237C082B40F02783B4F84030022B7A
:10A3100040F25283B4F842500135ADB2E38801A94E
:10A3200020462B44A4F8E0310123ADF804300DF0B1
:10A3300093FA002800F04483BDF80430E288134407
:10A34000A4F8E431B8F80430D8F800505E0657BFDE
:10A35000B5F8F4310023B5F8E6219B1858BF9BB23D
:10A36000A5F8F43195F82C311BB92B7C073B012B58
:10A3700006D8B5F84830B5F8E6211344A5F84830BA
:10A3800095F84E1031B1B5F84A30B5F8E6211344CE
:10A39000A5F84A3095F95420002AC1BFB5F85230CB
:10A3A000B5F8E6011B18A5F8523095F831306BB9B5
:10A3B000B9F1000F40F0AE8398F80E30022B40F058
:10A3C000658395F8A030062B18BF162395F830202A
:10A3D00022B9AB4885F83130FCF712F8284611F065
:10A3E0006EFAA84B1B681BB1A74A20461168984714
:10A3F000002384F8503007B0BDE8F04FFAF76CBD89
:10A40000580702D53A46132127E7190706D596F8CB
:10A4100098303A4686F8A03007211EE71A0602D582
:10A4200000221B2119E713F0300138D096F82F31A4
:10A43000002B72D196F82E31C3B1F37B06F1A80040
:10A4400006F5977106F2DA22292B26D0B37BA3F109
:10A4500029056B426B410FF0D4FD336823F02003D4
:10A4600043F010033360002386F82E313368DA0698
:10A4700053D506F1A8000FF00FFE18B106F25F10D9
:10A48000FBF7E8FAB6F80A3100221521A6F8A03049
:10A49000B6F80E31A6F8A230DFE60123DBE713F0B1
:10A4A000400202D00A462421D7E613F4807101D07D
:10A4B0001E21D2E613F4007202D00A462F21CCE608
:10A4C00013F40051FAD113F4806202D00A4631210C
:10A4D000C3E6DB0421D52C21BFE6D8F80050EB7B86
:10A4E000182B49D014D8112B37D0162B3BD0B37B67
:10A4F000002B40F08880F37B103B102B40F28B80C8
:10A5000096F83E30002B00F0868001221221A4E64E
:10A51000202BECD13A46062121E0D8F80050EB7B05
:10A520003D2B64D00CD82F2B67D0352B53D0262B46
:10A53000DDD195F83831022B50D1002217210EE0E1
:10A54000452B57D04E2B5BD0402BD0D14F4B4C4896
:10A550001B6898470022332101E03A460B21284628
:10A5600011F0B2F8B4E62846FBF7BEFF00283FF42E
:10A57000AFAE00220421F2E795F8C832012B07D1D3
:10A580003A460521284611F09FF885F8C8729FE6E3
:10A5900095F8C832022BD9B27FF49AAE95F85630AE
:10A5A00053B106233A4685F8A030284611F08CF8BE
:10A5B000002385F8C832EAE7D8F8003040F20632C6
:10A5C000A3F89A203A4695F8663013F0040F0CBFB2
:10A5D0000D211121E9E700221121C0E795F838315A
:10A5E000012B84D195F83931002BA6D07FE70022CA
:10A5F0002D21B4E700223A21B1E700222021AEE765
:10A6000000223C21ABE7092B05D196F899300122B5
:10A6100086F8A03000E7BAF1100F7FF659AED8F8EF
:10A62000005095F80EA0BAF1000F40F0C28095F8E6
:10A630003F313BB101220E21284611F045F885F843
:10A640003FA1A4E795F83E3183B195F857A01AF0E1
:10A65000030B0BD14AF0010A01220C21284611F00C
:10A6600033F885F857A085F83EB190E795F840316A
:10A67000B3B195F86D30DB090AD001222B216EE7CA
:10A6800000240020182C002058110020402C00200D
:10A690009D4B1B68002B00F08C809C48984788E0FD
:10A6A00095F82E312BB395F82F3113BBEB7B05F1C9
:10A6B000A80005F5977105F2DA22292B17D0AB7B9C
:10A6C000A3F12906734273410FF09BFC002385F828
:10A6D0002E3101221421284610F0F6FFB5F80A3178
:10A6E000A5F8A030B5F80E31A5F8A230F0E50123A9
:10A6F000EAE795F83831012B6FD195F83931002B05
:10A700006BD1E87BA0F12403072B66D995F82011C3
:10A710004B1EDBB2032B0AD8DFF8F4C1634493F875
:10A720001DE095F82131013BDBB2032B04D94FF436
:10A730003F710620F6F7A8F8BEF1020F95F83A210E
:10A7400014D0BEF1030F13D0BEF1010F04D1012AC2
:10A7500014BF002201226AB9A0F14703012B28D9B6
:10A760000A38042825D901221621F8E6022AEFE743
:10A77000042AF1D163445A7F95F83B31022A24D050
:10A78000032A24D0012AE7D1012B14BF002301237F
:10A79000002BE1D0EB8805F53672B5F83C010EF0E0
:10A7A000ABFD8246B0B901465848FAF77BFA85F806
:10A7B00038A1B37B002B7FF48BAD96F8CC32002B05
:10A7C0003FF486AD0122FF2147E5022BDDE7042B94
:10A7D000E0D0C1E72C23AB737AE595F8423113B191
:10A7E00001222221BBE695F8413143B1494B47484C
:10A7F0001B689847FE280146DBD00122AFE695F89A
:10A800004A3113B101221D21A9E695F84B316BB1F4
:10A8100095F86B30DB0902D001222E219FE63E4BDA
:10A8200001220C2139481B68984751E595F84C31B5
:10A8300013B10122362192E695F84D3113B1012270
:10A8400030218CE695F8503113B10122382186E68B
:10A8500095F84E3133B1314B2C481B689847012293
:10A8600032217CE695F84F3113B10122352176E68D
:10A8700095F8513113B10122262170E695F8D432B2
:10A8800013B101223E216AE695F85231B3B1DFF8E7
:10A890007CA01221DAF80030B3F8AA00F6F738FCF1
:10A8A00003699B0706D51E4B50461B68984701223B
:10A8B0003B2154E61B4B50461B68EFE695F854319C
:10A8C0008BB195F8393173B9EB7BA3F12402072AD8
:10A8D00009D9AA7B3E3A042A05D93E3B042B02D96A
:10A8E000012223213BE695F85331012B05D10023AA
:10A8F00085F853310122252131E695F85331022B99
:10A900007FF457AFF3E700BF502C00200024002055
:10A91000B8000400F82B0020342C00203C2C002030
:10A920005C2C0020642C0020F7F730FD08B1A4F85F
:10A93000E851F7F747FD00283FF4DAAC94F8EE3120
:10A940000133DBB2022B84F8EE3182BF0023A4F87E
:10A95000E83184F8EE31CBE494F83E3013B1A37BB8
:10A960000F2B29D1B4F84000B4F84620B4F8425077
:10A970009042B4F8DE3005F101054FEA83012CBFA7
:10A980002D1AAD1A2046A5EB830510F0CBFEA8B119
:10A99000A36B626B01339B1A5B1A9D42A8BF1D46D5
:10A9A000BAF1000F05D0BAF80E30043B9D42B8BF93
:10A9B0001D46012D3FF7B1AC0125AFE42B46ECE776
:10A9C000DFF85CB1B4F8DE60DBF8003073B1012E63
:10A9D0000CD9F7F7E1FCDBF800300246E1882046AD
:10A9E0009847BDF804301844ADF8040094F8EC31F1
:10A9F000002B3FD1012D3DD9E37B0BB10B2B39D17E
:10AA0000A37BBBBB237CABBBA37C022B32D194F8D2
:10AA1000EE317BBBD4F8C0000AF06BFE50B394F863
:10AA20009E30FE2B26D1B4F8E231012B22D9B4F8A6
:10AA3000E821B4F8D0309A421CD2BAF1000F05D008
:10AA4000BAF80E10B1B99AF8121099B9013D9B1AD3
:10AA5000ADB29BB2B5FBF6F59D4228BF1D46BDF8D1
:10AA6000043005FB0633003D18BF0125ADF8043066
:10AA700084F8EA512B4B1B68002B3FF45DACBDF80A
:10AA8000041020469847ADF8040055E4012B08D186
:10AA90006B7C002B7FF49AAC00212846FCF724FF46
:10AAA0009FE45FB1F80633D4390733D4BA0633D400
:10AAB000BB0733D140F61E3131203BE639B1B5F842
:10AAC0004A10B5F84C30994201D322237EE4002A83
:10AAD00005DDB5F85220B5F84C309A42F5D2B5F8FC
:10AAE0004820B5F842309A4209D2AA7CB5F84030E5
:10AAF00052B1B5F842209A42CED8082366E495F8C0
:10AB00002C31002BE1D1F0E7052BC5D93E235DE4C4
:10AB10001E235BE43D2359E4232357E42A2355E411
:10AB2000282C0020382C002073B504460190D0F862
:10AB3000E002D4F8C830984214D1D4F8E462D4F8D2
:10AB4000D030F61A18BF012694F8EC32002B3ED014
:10AB5000B4F8AA0011F09BFA30B940F67E513120CA
:10AB6000F5F792FE0126EFE7B4F8E822B4F8DE30FC
:10AB70009A421AD1B4F8EA3282899B1A18BF01238B
:10AB8000A57B472D15D0E27B472A10D00025B4F8CD
:10AB9000E62201A8D4F8E012FAF7FEFC8DB30023F8
:10ABA000A3730323A37402B070BD0123E8E733430A
:10ABB000ECD0154B1B6813B940F68951CFE7A5F1CE
:10ABC0004702002101A8554255419847DFE7002E72
:10ABD000DCD0B4F8AA3094F82911A4F8A7310EF00B
:10ABE00006FDB4F8E432A4F8A90104F29D10A4F81B
:10ABF000AB31B4F8E6320549A4F8AD310FF04BF9AA
:10AC0000C4E7E573CDE700BF4C2C00203FA5010051
:10AC100008B5FBF753F9024B024A1A6008BD00BFA2
:10AC2000FC2B00200598000008B5FBF773F9054BD5
:10AC3000054A1A60054B064A1A60064B064A1A6016
:10AC400008BD00BF002C00209BB60100042C002092
:10AC500089B60100082C0020C7BD010008B5FBF72C
:10AC600061F9094B094A1A60094B0A4A1A600A4BF2
:10AC70000A4A1A600A4B0B4A1A600B4B0B4A1A60BD
:10AC80000B4B0C4A1A6008BD2C2C0020AB64010051
:10AC9000302C00201F650100342C0020996A01002F
:10ACA000382C00205DB601003C2C002079310000DA
:10ACB000402C00203F720100014B024A1A6070478D
:10ACC000502C0020A9B10000014B5870704700BF04
:10ACD00018240020014B1874704700BFA8240020DE
:10ACE000F8B584461E465BBB92F82C30002B3ED054
:10ACF00092F93030DBB302F12F0392F82F0002F10A
:10AD0000180502F14404374688B3B2F86C2084F881
:10AD100009C0628160735B78237410F056FE05EB06
:10AD2000400595F901000EB900F02AF9A0732046FC
:10AD30002B780F49E3732773BDE8F8400FF0AEB8E6
:10AD4000096802F1310392F8310002F1200502F1A5
:10AD5000330491F85411012907D092F82D1031B124
:10AD600092F9321019B10127CEE70227CCE7F8BDDE
:10AD7000E9B901002DE9F041066807460D460F21AB
:10AD8000B6F8AA00F6F7C4F990F82E300446DB07AF
:10AD90003FD595F8018010F00BFE10EA080338D07B
:10ADA000A97895F903C001F0030195F904503A68B8
:10ADB00092F8540100F0FF0270B9204643FA02F7FE
:10ADC00001320230FF0744BFC5778177042AF5D1ED
:10ADD00084F832C084F8313094F82D20CAB1BCF127
:10ADE000000F16D0B6F8AA2004F1330084F84030E2
:10ADF0000123A4F83D20002284F8421084F83C206E
:10AE0000054984F843C084F8415084F83F300FF07E
:10AE100045F80020BDE8F081E9B9010070B50D46A4
:10AE20000F210646F6F738F9044620B940F2AD2165
:10AE3000AC20F5F729FD7022002111F03BFE7F23A5
:10AE40002946204684F8213084F8233084F82530C0
:10AE500084F82730A4F86C6010F016FE4FF0FF3332
:10AE60000022A362024BA3600023C4E9002370BD4B
:10AE700000E0FCFF08B5FBF713FEFAF777FBFBF7E2
:10AE800017FE024B00221A7008BD00BF14250020D7
:10AE90002DE9F341D0F8008005460F4698F80E30B2
:10AEA0002D2B59D10F21B8F8AA00F6F731F9044635
:10AEB00090F8310010F089FD7B7804EB40020646E3
:10AEC00003F0030382F82030BB7884F83230FB783B
:10AED00082F8213023183A7983F828201F4B1978FB
:10AEE00049B35B789A4226D9FF2A24D0D11A0906A1
:10AEF00004F1180154BF9B1A8023024608F1A800F0
:10AF000058BFDBB28DF807300DF1070310F0B7FE24
:10AF10009DF907307BB184F830300123B34084F8C9
:10AF20002F302B68022283F8532100232246294622
:10AF30001846FFF7D5FE0123224629460020FFF7D9
:10AF4000CFFE2B68002483F8544128460FF0E1F926
:10AF5000204602B0BDE8F0810120FAE71425002068
:10AF6000012808D8054B10B918700020704701223D
:10AF700059701A70F9E71220704700BF142500209D
:10AF8000074B93F900301844142804DC10F17F0FAC
:10AF900003DB40B27047142070476FF07E007047AB
:10AFA000162500207F2307B50DF107008DF8073027
:10AFB00001F0C2F803469DF9070053B1094B5B78D5
:10AFC0005B425BB21844142806DC10F17F0F05DBEE
:10AFD00040B203B05DF804FB1420FAE76FF07E0086
:10AFE000F7E700BF16250020024B00221A705A70A6
:10AFF000704700BF1625002038B50D4D2B78013B5A
:10B00000092B03D94F216120F5F73EFC1221F6F7F9
:10B0100043F818232A78002104465A43103211F0CD
:10B0200049FDFF232373236943F00203236138BDE5
:10B0300018250020014B1870704700BF182500200C
:10B0400038B58B780C460568013B092B0ED84B7838
:10B05000013B092B94BF0023012395F8A81081BB65
:10B0600033B12146BDE838400FF0AEB90123F4E713
:10B07000EB7B9BBB4B23EB730FF053F91221B5F81D
:10B08000AA00F6F745F8A378037062780273144AB1
:10B0900012789A4213D31822013B04F11B0102FBE0
:10B0A0000303E21C103352F8045B8A4243F8045B4A
:10B0B000F9D1437BA27801339A4208BF4273002042
:10B0C00038BD23B12B21BDE838400FF06CB92B6897
:10B0D000DA0403D443F480532B60CDE70120EFE77B
:10B0E0001825002038B50B680446451C1221B3F81A
:10B0F000AA00F6F70DF8074B427B1B789A423CBF3B
:10B100000132D3B243702846A37010F0EBFF1B202E
:10B1100038BD00BF1825002003682DE9F0419A7B57
:10B1200006460D464C2A38D11221B3F8AA00F5F78D
:10B13000EFFF95F8028047780446474513D118225F
:10B140007B1E05F11B0102FB0303EA1C103352F8BE
:10B15000040B8A4243F8040BF9D1AB78627B93422B
:10B1600038BF1346637330460FF0D3F86B786278BC
:10B17000934208D90A490978914204D9474502D136
:10B180000020BDE8F0812373A01C06490EF07AFE72
:10B190003368002283F84021F2E70120F1E700BF85
:10B1A0001825002031C1010070B505680446122140
:10B1B000B5F8AA00F5F7ACFF064695F840314BB15B
:10B1C00020460FF0A6F80449B01C0EF05BFE0023E9
:10B1D00085F8403170BD00BF31C10100064BD3F886
:10B1E000000138B1D3F8040120B1D3F80801B0FA56
:10B1F00080F04009704700BF00600450034B0022FC
:10B200001A705A7010229A70704700BF1C250020D7
:10B21000F8B50646022014460D4600F0CBF8114B57
:10B22000114A01275C60191D9A6002F18072033493
:10B230002D011F70DC601D83C3E904260022243326
:10B2400003F80A2C0D2203F8092C084AC2F830151D
:10B25000074903C983E80300C2F80875C2F8383506
:10B26000F8BD00BF1C2500200300000B0060045047
:10B270007C01040008B5022000F09CF80D4B01226F
:10B280001A7000220C4BC3F80021C3F80421C3F844
:10B2900008210A4AC3F8802003F57433C3F88C20D0
:10B2A000A3F58023C3F88C21A3F580530822C3F8AB
:10B2B000042508BD1C250020006004500300008008
:10B2C000154A08B51378FBB100231449C1F8803042
:10B2D00001F57431C1F88C30A1F58021C1F88C31B1
:10B2E00008210F4BC3F80815FFF778FF88B1012339
:10B2F0005370938EFF2B03D9BC213B20F5F7C4FA82
:10B30000DBB29370002313700020BDE8084000F00A
:10B3100051B810235070F4E71C2500200060045041
:10B3200000200450094B1A7862B1094BD3F8002170
:10B3300052B1D3F8040140B1D3F80801B0FA80F05B
:10B340004009704758787047022070471C2500203C
:10B3500000600450064A08B513782BB1FFF73EFF92
:10B3600020B192F8340008BD9078FCE71020FAE78D
:10B370001C25002038B5084C0025D4F80035032BD7
:10B3800004BF01236360C4F80055C4F8005501F000
:10B3900041FAC4F8805038BD00600450044B40228C
:10B3A000C3F88820BFF34F8FBFF36F8FFFF7E2BF63
:10B3B00000E100E010B50446FFF7DCFF012C06D0E9
:10B3C000022C09D03CB18C213D20F5F75DFA074BEA
:10B3D0000222C3F8002510BD044B0322C3F8002548
:10B3E00002F10042C3F88020F5E700BF006004507E
:10B3F000024BD3F8A00300F00100704700C0FF002B
:10B40000084BD3F8A423D3F8A833511C9BB203D123
:10B410004FF6FF718B4203D002608380012070479A
:10B420000020704700C0FF000B4B30B5D3F890539D
:10B43000D3F89443D3F89813D3F89C2305EA040374
:10B440000B401340013317BF05600020446081604A
:10B450001CBFC260012030BD00C0FF000B4B30B5E7
:10B46000D3F88053D3F88443D3F88813D3F88C23CC
:10B4700005EA04030B401340013317BF05600020A9
:10B48000446081601CBFC260012030BD00C0FF006D
:10B49000074B0022C3F80022C3F81822C3F8202269
:10B4A000C3F80C22C3F81422C3F81C22704700BF53
:10B4B00000A0085010B50D4C01F03F01D4F8203E1B
:10B4C00041F40C3123F4702341F4207143EA024328
:10B4D000074AC4F8203E536823F003031843506022
:10B4E000C4F8000DC4F8101D10BD00BF00A0085026
:10B4F00058250020064B10B50024C3F8704322469F
:10B5000021462046FFF7D6FF024B83F83C4010BD92
:10B5100000A0085058250020094B0022C3F84825F8
:10B52000C3F84425C3F84025C3F84C25C3F850257B
:10B53000C3F850214FF48012C3F80823704700BFAE
:10B5400000500850EFF3108272B60D4B93F83D1087
:10B5500021B15B78012B04D0022B0ED002B962B668
:10B56000704710F0040FF9D1064B0021C3F84015C5
:10B5700003F5A04301211961F0E710F0020FF2E793
:10B58000582500200050085008B5104B187201389B
:10B590000F4B072815D8DFE800F004080C0A140E3A
:10B5A00010120322C3F8002508BD0422FAE7062280
:10B5B000F8E70522F6E70022F4E70122F2E70F227E
:10B5C000F0E740F645513E20F5F75EF9582500209A
:10B5D00000A00850002814BF0223042307B58DF8EB
:10B5E000043000238DF8063011F05BF801284FF08D
:10B5F000FF3088BF00208DF8050001A809F014FD78
:10B6000020B140F65C313E20F5F73EF909F024FD0B
:10B6100058B15723ADF80230BDF802309BB25A1E24
:10B6200092B2ADF80220002BF6D1034B012283F831
:10B630003D2003B05DF804FB5825002070B5134D84
:10B64000034608466E7F26B940F6C1013E20F5F755
:10B650001BF963B9012EAC69297F05D100F024FFE5
:10B6600020442B69C01A70BD10F027FEF8E7012BAB
:10B6700009D1012EAC69297F02D100F0FFFEEFE76E
:10B6800010F026FEECE70020EBE700BF5825002075
:10B69000124B93F82900F8B193F82820EAB193F8F7
:10B6A0002A200F4B52B10F4AC3F80821A3F5A0433B
:10B6B000D3F84001B0FA80F040097047D3F8002475
:10B6C00042F00102C3F80024D3F8200500F0F60090
:10B6D000023818BF0120704701207047582500200C
:10B6E00000A008500B00008013B50B4C01AB94F97F
:10B6F000092001F0EFFD9DF8050007F0B9FA20B12F
:10B7000040F2E3513E20F5F7BFF821469DF90400D1
:10B7100000F050FE02B010BD5825002008B5134BB4
:10B72000DB89952B21D970B9114B28311846D96086
:10B73000104907F085FA0130012816D940F2C2619C
:10B740003E20F5F7A1F801280CD1094B2931184604
:10B75000D960084907F07AFA0130012805D940F28A
:10B76000CC61EDE74FF4DA61EAE708BD5825002027
:10B770006411002084010400074BD3F8502110B558
:10B7800032B10022054CC3F85021D4F8203203B165
:10B7900010BD11F0DCF8F8E70050085000A0085088
:10B7A00008B50E4BDA89952A16D95B78012B09D199
:10B7B00007F052FA013001280ED940F611113E204F
:10B7C000F5F762F8022B07D107F04CFA0130012897
:10B7D00002D940F61711F2E708BD00BF5825002036
:10B7E0000A4B40F409000A4A9B8940F04000B3F537
:10B7F000166F36BFA3F63813A3F5166343F48073B0
:10B80000C2F80837C2F84005704700BF582500202D
:10B8100000A0085010B50C46FFF7B6FE2046FFF713
:10B82000DFFF0D4BD3F8002442F01002C3F80024D0
:10B830000A4A127A082A0BBF40F2022240F203128F
:10B84000C3F8442EC3F8442E14BF40F25B62044A8E
:10B85000C3F8482E10BD00BF00A008505825002096
:10B860002110010007B50DF1070009F0E9FB20B137
:10B8700040F69F313E20F5F707F80D4A9DF8073056
:10B880005278012A04D0022A0ED003B05DF804FBDE
:10B8900013F0040FF9D1074B0022C3F8402503F53C
:10B8A000A04301221A61F0E713F0020FF2E700BF94
:10B8B000582500200050085038B50C460546FFF7C3
:10B8C00063FE20462146FFF78BFF2846FFF70CFF5B
:10B8D000094B1B7A082B094B0BBF40F2022240F2A6
:10B8E0000312C3F8442EC3F8442E14BF40F25B6227
:10B8F000034AC3F8482E38BD5825002000A0085040
:10B90000211001002DE9F04106460C461746FFF7CD
:10B9100061FE10F018FE0028FBD0524D002E56D1CB
:10B920004FF0010895F8283085F80180002B3BD1B5
:10B93000A97A3846FFF7C0FF95F82A30002B37D098
:10B94000494BC3F80080494B4FF47A7233F81730F3
:10B9500003F5FA73B3FBF2F3E41A012385F82830F8
:10B960002B691C44424BC3F8404595F83E302BB13F
:10B97000032B57D0022B51D1002E53D03D4B3C49C5
:10B98000C1F8C031FFF784FE0546002865D00123C9
:10B99000CB64D1F84C35A3425FDA21463046FFF73D
:10B9A000BDFEFFF75FFF59E095F82A30002BCAD1A2
:10B9B000314B4FF47A7253F8273003F5FA73B3FB27
:10B9C000F2F32C4AE41A284BC3F80021C5E7012EF4
:10B9D0001FD102236B7095F8283083B9A97A3846B5
:10B9E000FFF718FF95F82A306BB11F4B5E601E4AB7
:10B9F000D2F8003443F01003C2F80034ADE795F8F4
:10BA00002A30002BF3D1184B293C1A4AC3F80421E1
:10BA1000A3E740F634013E20F4F736FF012BADD109
:10BA2000002EABD02F6C4FF48013114D4FF0000857
:10BA3000E71B1248C5F85081C5F85075C5F80433A6
:10BA400008F0A0FC0123EB64D5F84C359F4295D853
:10BA50000720C5F85085F9F7CDFF00252846BDE839
:10BA6000F08100BF5825002000A0085050020400BB
:10BA7000005008500B0000802C02040079B7000031
:10BA800048220021014811F015B800BF58250020B8
:10BA9000014BD881704700BF58250020024B01227E
:10BAA00083F82A20704700BF58250020024B03442A
:10BAB000187D00F51660704784010400014B187F63
:10BAC000704700BF58250020024B98691B69C01AB7
:10BAD000704700BF582500200A4B1A7FD3E9043075
:10BAE000C01A094B03EB8203DB6BC01A074B53F8F8
:10BAF00022304FF47A7203F2F313B3FBF2F3C01A5D
:10BB0000704700BF5825002084010400180204007B
:10BB1000FF2810B504D940F2CB213E20F4F7B4FE43
:10BB2000013907292AD8DFE801F02C310404292C37
:10BB30002C220024032201214FF0C743234340EA73
:10BB4000024043EA015340F0007043EA01231349E5
:10BB500043F00803C1F8203EC1F8280ED1F8203583
:10BB600003F0F703032B17D140F25631D5E700223B
:10BB70004FF080644FF000731146DFE74FF44F71D0
:10BB8000CBE70024032201212346D7E70024032228
:10BB900001214FF08073D1E710BD00BF00A0085015
:10BBA00008B50A4603460C490C48C1F870031878DA
:10BBB000032804D040F2AB313E20F4F765FE012AA1
:10BBC00059780CBF08220022FFF774FC044B0122B5
:10BBD00083F83C2008BD00BF00A00850060000808C
:10BBE00058250020F8B5284E4FF48067C6F89070AD
:10BBF000BFF34F8FBFF36F8F10F0A1FC0546234CAE
:10BC000010F04BFD0121401B214D2061C5F8A4100F
:10BC1000FFF73EFC4FF40023C5F8401EC5F8003482
:10BC20001C4B187C07F036F809F04EF91A4B1B4AEA
:10BC3000C5F838331A4BC3F8C820013AC3F8C420FA
:10BC400040F6FE72174BC5F81433174BC3F80425A2
:10BC500000239622A383A361238584F82A30E281FE
:10BC6000D5F8002D84F83C304FF480736260C6F83C
:10BC70009071C5F88834A36C376103B19847BDE86B
:10BC8000F84006F0D1BF00BF00E100E058250020D9
:10BC900000A008506411002003000080060000800E
:10BCA000005008500100008000200850014B5872DD
:10BCB000704700BF58250020020E034B0002C3F856
:10BCC000342EC3F82C0E704700A00850044B054AD0
:10BCD000034490721B7D03F516639381704700BF88
:10BCE000840104005825002008B5FFF70BFE58B961
:10BCF000064B0122C3F8400503F5A04302201A6158
:10BD0000BDE80840F9F776BE08BD00BF00500850F6
:10BD1000F8B53F4F05460E4697F8293023B940F253
:10BD200006713E20F4F7B0FD97F83E40FCB110F0EC
:10BD30000AFC0028FBD0374B0122DA64D3F84C45CB
:10BD40009DB9354B4FF47A72323453F8263003F5EF
:10BD5000FA73B3FBF2F31C443B6932462846E41AFB
:10BD60002146FFF7C1FF2046F8BD5B34F4E7FFF73B
:10BD700031FC0123294A87F82830D2F8003443F0F7
:10BD80000103C2F8003487F82A4010F0DCFB0028D9
:10BD9000FBD03DBB0123B97A30467B70FFF78CFDA9
:10BDA0007B78012B02D04FF4E961BAE7194AD364DA
:10BDB00002F5A0421360174B2846D3F84C452146A4
:10BDC000FFF7ACFCFFF74EFD3B69E41AF5B9124BE7
:10BDD0004FF47A7253F8263003F5FA73B3FBF2F39B
:10BDE0001C44C0E7012DE6D10223B97A30467B70AE
:10BDF000FFF710FD7B78022B02D040F2517190E7E3
:10BE0000044BDD6403F5A0435D60D4E72934AAE761
:10BE100058250020005008502C02040000A00850B3
:10BE200073B5294B4FF48061284A4FF0FF30D3F8A7
:10BE30008854C3F89004C2F890114FF40022244CA7
:10BE400005F48075C3F8002400222249228584F875
:10BE50002A20C1F84025C3F80821C3F80021C3F8FF
:10BE60000421D3F82015C9B2D1B18DF80700C3F869
:10BE7000202201221A619DF8072012B1D3F8202256
:10BE80003AB19DF807305BB940F6FF013E20F4F768
:10BE9000FBFC9DF80720013AD2B28DF80720EAE7B3
:10BEA000FFF77EFC084E0023C6F82032238094F86A
:10BEB0003C300BB1FFF71EFB1DB14FF48073C6F889
:10BEC000883402B070BD00BF00A0085000E100E05F
:10BED0005825002000500850F8B52A4FFFF71CFBEA
:10BEE000FFF79EFF06F0A6FE97F83D304BB109F034
:10BEF000A1F820B140F2AE413E20F4F7C5FC87F82E
:10BF00003D00002009F0A2F8044610B140F2B14112
:10BF1000F2E71D4D1D4EC5F8C401C6F80801C6F86C
:10BF20000001C6F80401C5F8C800C5F8C400C6F889
:10BF30000401C6F8000108F0DFFF154B40F6FE7261
:10BF4000C6F83843C6F81443C5F8C041C3F80825FD
:10BF5000FC70C7E90544FFF7DFFA0E4B4FF480622F
:10BF6000C5F84841C5F84441C5F84041C5F84C41C1
:10BF7000C3F89020BFF34F8FBFF36F8FC3F89021AA
:10BF8000F8BD00BF582500200050085000A0085000
:10BF90000020085000E100E070B5174C06462578F7
:10BFA00065B994F82A206570E5701AB1134AC2F891
:10BFB000405170BD228584F82A20FAE718B1BDE807
:10BFC0007040FFF72DBF013DE189A27818BF012520
:10BFD0002846FFF733FB94F82A300146268043B108
:10BFE000064BC3F84061A2782846BDE87040FFF7D1
:10BFF0007BBE84F82830F6E7582500200050085012
:10C00000014BC3F84C0E704700A0085038B50446E9
:10C01000074809F01BF820B140F668113E20F4F7FC
:10C0200033FC044D94E80F0085E80F0038BD00BFD5
:10C0300045B50000A42500200A490B4B10B501248A
:10C04000C1F8D00E586283F82940FFF721FB40B9B0
:10C05000064BC3F8400503200C61BDE81040F9F71A
:10C06000C9BC10BD00A00850582500200050085041
:10C07000144A136918449369834210B5124C09D3CA
:10C080000220F9F7B7FC00230122C4F840350F4B1A
:10C090001A6110BD0123D3706364D4F844250532BE
:10C0A000824206D3094AD2F80C120029F1D1136159
:10C0B000EFE70023C4F84431054BC4F84405C4F845
:10C0C000C431E6E7582500200050085000A0085071
:10C0D0000900008038B50A4C0346657F217F012D99
:10C0E000227AE08909D100F0EDF9A36922699B1A4F
:10C0F0001844BDE83840FFF7BBBF00F0FDF9F4E796
:10C1000058250020044BC3F8940ED3F8002442F0C5
:10C110004002C3F80024704700A00850054BD3F834
:10C12000002422F04002C3F800240022C3F8942E19
:10C13000704700BF00A00850044BD3F8183703F035
:10C140007F035B4203700120704700BF00A00850CE
:10C15000094B93F82A206AB10128084A084902D1FC
:10C16000C2F804117047C2F8001118B9997A187A08
:10C17000FFF7BABA704700BF5825002000A008504A
:10C1800007000080002808B518BF02220A4B08BF2C
:10C19000012299701A7093F82A205AB11B7A8B42A7
:10C1A00004D040F6C7213E20F4F76EFBBDE80840FE
:10C1B000FFF7CEBF08BD00BF58250020054B002269
:10C1C000C3F84025044AD2F82035DBB20BB1012375
:10C1D000136170470050085000A00850044B30B560
:10C1E000D3E90C459B6BC0E900450B6030BD00BF37
:10C1F000582500202DE9F04110F09BF9484C494D9D
:10C200000123C4E90C01EB64D5F84C35A363FFF7B7
:10C21000C7FA454B0022C3F80821C3F80021C3F830
:10C220000421C3F80421C3F80021D3F8001421F03D
:10C230001D01C3F8001494F83C3084F829200BB198
:10C24000FFF758F9D5F84835A361D5F8443563614F
:10C2500063786377344BD3F81872D3F82002FFF772
:10C2600017F96678022E40D1E3784BB1D5F8443106
:10C2700033B10120FFF790FEE36CBDE8F0411847B1
:10C28000002F45D0237A23B940F24D213E20F4F708
:10C29000FBFADA1E012A24D8234BD3F81C3E13F0F4
:10C2A00006031DD0022B1ED0032300250020237778
:10C2B000FFF772FE1C4B85F00101D3F80C2ED2075C
:10C2C0004CBFD3F81C0E0120236D44BF00F00100C9
:10C2D000084300F0010080F00100BDE8F04118477C
:10C2E00003230125E2E70423FBE7012E10D1237A83
:10C2F000237737B10020FFF74FFE636D31460020F2
:10C30000EBE758B13046FFF747FE636D3946F6E775
:10C3100020B10120FFF740FEA36DAEE7BDE8F0813C
:10C32000582500200050085000A00850024B03EB95
:10C330008003D86B704700BF84010400024B03EBFD
:10C340008003186D704700BF84010400F7B5012316
:10C350000D4647780146437004462846164600F0CD
:10C3600069F94FF47A73124AADF80630BDF8063019
:10C370009BB243B9BDF806309BB27BB940F65F5122
:10C380003E20F4F781FAD2F80431002BF2D1BDF847
:10C390000630013B9BB2ADF80630E7E7677016B98F
:10C3A000EB78A370AB707B1E5842584103B0F0BDD0
:10C3B000006004502E3008B5362854D8DFE800F06D
:10C3C0005053535353534D53535353535353535346
:10C3D00053534B5353535353585358534953475341
:10C3E00045534353413F3D3B39373533312F2D2B97
:10C3F00029272523215A1C003F231F4AC2F8103742
:10C4000008BD3323F9E72D23F7E72823F5E7232396
:10C41000F3E71F23F1E71B23EFE71823EDE71523CD
:10C42000EBE71323E9E71123E7E70F23E5E70D2304
:10C43000E3E70B23E1E70A23DFE70923DDE708232E
:10C44000DBE70723D9E70623D7E70523D5E704234E
:10C45000D3E70323D1E70123CFE74FF49873CCE769
:10C460004FF48873C9E74FF48E713F20F4F70CFA4C
:10C470000223C2E73923C0E700A008504FF47A73C3
:10C48000033A5843012A10B5064C00F2E73034F95C
:10C4900011100844B0FBF3F08CBF02230A23C01A2A
:10C4A00010BD00BF040204004FF47A73044A00FB7D
:10C4B000033032F911201044B0FBF3F0704700BF95
:10C4C0000402040038B51D460A4B33F9114003EB52
:10C4D000820305355B691C444FF47A7304F6B73464
:10C4E00003FB00441046B4FBF3F42544FFF71EFFA2
:10C4F000284438BD0402040070B5064608461546B7
:10C50000FFF71CFF094B03EB85035C694FF47A735B
:10C5100004F6B73403FB0644241A2846B4FBF3F4AC
:10C52000FFF704FF0530204470BD00BF0402040083
:10C53000024B00221A705A709A707047B42500207E
:10C540002DE9F0470746012015469DF834400E4678
:10C550009846DDF824A09DF83090FEF72BFF314A75
:10C56000D47014B93B1F5C425C4107F00303002107
:10C5700043EA04632C4CC4F804352C4BC4F88010F7
:10C58000C3F88410A3F58023C3F88411A3F5805366
:10C590000221C3F80815BDF8283031689380F3688C
:10C5A00009BA93FA83FCB36818BA7368C4F810C563
:10C5B0001BBAC4F81405C4F818352B0AC4F81C15A6
:10C5C0002D069DF8206043EA0863DAF804102DBABE
:10C5D000003E23F00043DAF8000009BA18BF012634
:10C5E000B9F1020F00BAC4F8201543EAC673C4F8C3
:10C5F00024051BBAC4F82835C4F82C550CD80C4BAC
:10C60000022F13F80930C4F848354FF00103537076
:10C6100000D11370BDE8F0874FF49B716C20F4F7E4
:10C6200033F900BFB42500200060045000300850EA
:10C63000640204002DE9F84F334B04460D465A7846
:10C6400022B94FF4A8716C20F4F71EF94A7893F8D8
:10C6500003801A81B8F1000F51D14A7803F1060B1B
:10C6600042702A4A4FF0000C294E4FF00E09DFF8B5
:10C67000A4A006F1080706F1300EC3F844B006F195
:10C68000400BDD61C3F820A083F82AC083F82B900B
:10C6900092E80300C3E90BCC86E80300D2E902016B
:10C6A000C3E9154A87E80300E91C1F8959621F8501
:10C6B000D2E904018EE8030017499964D2E9060122
:10C6C000E21CDA6507EB0802A3F86020C2F3074218
:10C6D0008BE8030083F86220012183F86390C3E9AB
:10C6E00019CCAA78A2700D4AC2F83065C2F838E5B4
:10C6F00099701970C2F804C11160BDE8F88F00F19B
:10C70000010B4FF00408ACE7B425002068020400D8
:10C71000C02500200100000D0100000C0060045045
:10C72000334B5A782DE9F04105460E4622B94FF4B5
:10C73000BD716C20F4F7A8F82E4A03F13C0C03F10C
:10C740004C0403F10C07DFF8B080DFF8B0E0C3F869
:10C7500048805E65C3F858E092E80300C3E9095ECB
:10C760008CE80300711C5964D2E9080184E80300D5
:10C77000F11C0024D96522499C6683F83240C3E944
:10C780001814D2E9040187E80300691CC3E90518FD
:10C79000D2E90601EA1C03F11C08DA629A881A86BB
:10C7A0000E2288E8030083F833200121C3E90D44F9
:10C7B000B278AA70134AC2F830C5C2F838759970B9
:10C7C0001B780BB9A921B4E70F4BC2F80441C2F89A
:10C7D0000841C2F880300D4AC2F88430A2F58022A8
:10C7E000C2F8843102220A4BC3F80425BDE8F08167
:10C7F000B4250020680204000100000C0100000DB7
:10C80000E803000E00600450010000800030085072
:10C81000002004500C4B1A788AB100220B490220E8
:10C82000C1F8802001F57431C1F88420A1F5802180
:10C83000C1F88421A1F58051C1F808051A700022C1
:10C840005A709A70704700BFB425002000600450F1
:10C8500008B50B4BD3F8082122B10420F9F7CAF828
:10C86000022008BDD3F8042122B90520F9F7C2F847
:10C870000320F6E7D3F80004003818BF0120F0E7E2
:10C8800000600450014B01225A6070470060045060
:10C89000014B1860704700BF24260020014BC3F8ED
:10C8A0000405704700200850014BC3F80805704785
:10C8B00000200850164840F62E731649C0F8083577
:10C8C0000023154AC1F8C031C2F80031C1F8C431A3
:10C8D000C2F80431C1F8C831C2F80831C1F8CC310E
:10C8E000C2F81031C1F8D031C1F8D431C2F8A0314A
:10C8F000C2F8BC33C1F88C30C1F8C430C2F8583328
:10C90000C2F814314FF47C73C0F8083508F0F4BA5B
:10C91000002008500050085000A00850064BD3F8E3
:10C920002C283AB940F04070C3F800080120C3F841
:10C930007C0870470020704700A00850054BD3F8D2
:10C94000002420B142F00102C3F80024704722F015
:10C950000102F9E700A00850054BD3F8002420B1EC
:10C9600042F40022C3F80024704722F40022F9E7C1
:10C9700000A00850024B0022C3F80024704700BFFB
:10C9800000A00850034BD3F82002003818BF012044
:10C99000704700BF00A00850024B0022C3F82022BD
:10C9A000704700BF00A00850024B0022C3F8BC2211
:10C9B000704700BF00A00850034BD3F8BC020038FA
:10C9C00018BF0120704700BF00A00850024B002292
:10C9D000C3F80022704700BF00A00850034BD3F8F3
:10C9E0000002003818BF0120704700BF00A00850A7
:10C9F000034B01225A600022C3F80022704700BF97
:10CA00000050085000F5A870014B43F82010704703
:10CA100000500850024B00F5A87053F820007047F2
:10CA200000500850034B80001858003818BF0120F0
:10CA3000704700BF405108508000024B00221A503E
:10CA4000704700BF40510850024B4FF48002C3F8BA
:10CA50000423704700500850024B4FF48002C3F883
:10CA60000823704700500850024B0022C3F8C82228
:10CA7000704700BF00A00850024B0022C3F80422F8
:10CA8000704700BF00A00850024B0222C3F8882460
:10CA9000704700BF00A00850024B0222C3F8902448
:10CAA000704700BF00A00850034BD3F804020038C1
:10CAB00018BF0120704700BF00A00850024B0022A1
:10CAC000C3F80822704700BF00A00850024B0422A0
:10CAD000C3F88824704700BF00A00850024B04220E
:10CAE000C3F89024704700BF00A00850034BD3F850
:10CAF0000802003818BF0120704700BF00A008508E
:10CB0000034BD3F8C802003818BF0120704700BF9C
:10CB100000A00850012804D1094B0322C3F80025C6
:10CB20007047022802D1064B0422F7E7082806D1F5
:10CB3000034B0422C3F800250322C3F810287047D2
:10CB400000A008500230024BC3F80807704700BF2E
:10CB500000A00850064B020E0002C3F8342E0A0E45
:10CB60000902C3F82C0EC3F8382EC3F8301E7047E4
:10CB700000A008500138074B074A18BF012043EABC
:10CB80000123000640F48020C2F8200EC2F8283E9F
:10CB9000704700BF1000030000A00850014BC3F80D
:10CBA000D00E704700A00850034BD3F8180700F0D0
:10CBB0007F004042704700BF00A00850014B012297
:10CBC000DA60704700A00850034B044AC3F8C42041
:10CBD000C3F88C20704700BF00500850050000804B
:10CBE000034B0022C3F8C420C3F88C20704700BF59
:10CBF00000500850064B0022C3F80022C3F80C2254
:10CC0000C3F81822C3F82022C3F81C22704700BFC3
:10CC100000A0085008B50FF072FB014B185C08BD6E
:10CC200004CE010008B50FF06AFB024B034493F8F1
:10CC30002B0008BD04CE0100084AD2F8D43723F0F7
:10CC4000875323F4F013C2F8D437D2F8D43743EA29
:10CC5000404343F08053C2F8D437704700A00850D7
:10CC60001C4B0022C3F8202201221A61D3F8202293
:10CC7000002AFBD0002240F22141C3F82022C3F851
:10CC8000181501F1004101F5911101F6A241C3F817
:10CC9000D4171149C3F80428C3F80819D3F8401B66
:10CCA00021F0FF01C3F8401BD3F8401B41F0900175
:10CCB000C3F8401B0221C3F810180121C3F8A410C7
:10CCC000C3F84825C3F85425C3F85025C3F85825A0
:10CCD000704700BF00A0085005008010024A136D85
:10CCE00043F001031365704700B0085008B5134BBB
:10CCF0002629186D40F0010018654FF003001860F8
:10CD00004FEA4100586015D008D808290AD01229E6
:10CD10000DD040F2AF418920F3F7B6FDA229F8D13A
:10CD2000002101E04FF6FF71D9619A6108BD47F219
:10CD3000C711F9E743F2E551F6E700BF00B008502C
:10CD4000014B01229A63704700B00850014B586AAA
:10CD500080B2704700B00850014B586A000C704711
:10CD600000B00850024B1B6A1A0C0A8003807047FF
:10CD700000B00850064B586B7D23000100B200281C
:10CD8000B8BF0F300011584300EBD070401070470F
:10CD900000B0085008B50E4BDA6AFFF7EBFF002829
:10CDA000C2F30B12B8BF4042122A05D843F69823AB
:10CDB000984203DC002007E0162A06D847F23053D9
:10CDC0009842D4BF0120022008BD0220FCE700BF2A
:10CDD00000B0085001F662114BF6BC6348430028CE
:10CDE000CBBF00F5BE42A0F5BE425E325E3ACCBF7C
:10CDF000B2FBF3F392FBF3F3064AC3F30C01C2F860
:10CE00000418054A02FB0300642390FBF3F000B210
:10CE1000704700BF00A008504441FFFF024B4FF491
:10CE20000042C3F88C24704700A00850024B4FF416
:10CE30000042C3F89424704700A00850024B4FF4FE
:10CE40008072C3F88824704700A00850024B4FF44A
:10CE50008072C3F89024704700A00850024B012252
:10CE6000C3F88824704700BF00A00850024B01227D
:10CE7000C3F89024704700BF00A00850034B4FF444
:10CE800080220120C3F88C24704700BF00A0085006
:10CE9000024B4FF48022C3F89424704700A008503E
:10CEA000074B4FF0FF32C3F890240022C3F88424CC
:10CEB0004FF48062034BC3F890211A61704700BFA2
:10CEC00000A0085000E100E0094B4FF0FF32C3F82A
:10CED00090240022C3F884244FF48062054BC3F8E9
:10CEE0009020BFF34F8FBFF36F8FC3F8902170472F
:10CEF00000A0085000E100E0024B1879003818BF8C
:10CF0000012070472426002010B50C4CD4F8483579
:10CF100043F00703C4F848350123C4F8503500F046
:10CF2000FE03C4F8541503EB50030933012A08BF6C
:10CF30000133DBB2C4F8583510BD00BF00A0085063
:10CF4000024B034AC3F8542B704700BF00A008509F
:10CF500077777700044A054B012808BF1346044A37
:10CF6000C2F8543B704700BF2222770011117700AE
:10CF700000A00850014B01229A63704700A008509E
:10CF8000024B034AC3F80829704700BF00A00850AD
:10CF90000500901000384FEA8203094A18BF0120AB
:10CFA000012903F0780314BF40214FF4807143EA54
:10CFB000012343EA800343F002031365704700BF77
:10CFC00000B00850064BD3F8402B22F0FF02C3F804
:10CFD000402BD3F8402B42F08802C3F8402B704717
:10CFE00000A00850032912D902680729084B12BA79
:10CFF0005A650CD942680B2912BA9A6507D982681A
:10D000000F2912BADA6582BFC26812BA1A6670476F
:10D0100000B00850034BD3F8C002003818BF0120FD
:10D02000704700BF00A00850024B0022C3F8C02286
:10D03000704700BF00A00850024BD3F8000BC0F3AC
:10D040000030704700A00850024B1B6803B118471E
:10D05000704700BF24260020014B5871FFF7F4BF32
:10D0600024260020024B1868003818BF01207047A2
:10D0700024260020014B5879FFF7E6BF2426002024
:10D08000024BD3F82005C0B2704700BF00A0085083
:10D09000014B9871704700BF24260020014B9879FE
:10D0A000704700BF2426002008B50F4BB8B10F4AC7
:10D0B00040F2E731C3F818260022C3F80026C3F86F
:10D0C0001826D3F8082602F07F02092A00D108BDED
:10D0D0000139F6D140F287718920F3F7D5FB01229F
:10D0E000C3F80026F3E700BF0000125003000080E1
:10D0F000044BD3F8080600F07F00A0F10903584262
:10D1000058417047000012502DE9FF4798464F4B99
:10D1100081460C469B79174653B1FFF7E9FF20B1D2
:10D1200040F2FF118920F3F7AFFB0120FFF7BCFFAE
:10D13000474D4FF0010A04230021C5F8A4A0204662
:10D14000C5F840AE0E46C5F83C3EFFF713FD4FF460
:10D15000807310226846C5F8443EC5F8481E0FF09B
:10D16000A9FC5146484605F00FFE6946FFF722F933
:10D17000C5F81865C5F800643A460C994046FFF7B3
:10D18000C3FE424621463846FFF704FF314C07F004
:10D190009BFE314A4FF47C730127C2F804352F4BB4
:10D1A000C4F8C031C5F800310133C4F8C431C5F842
:10D1B00004310133C4F8C831C5F808310633C4F866
:10D1C000CC31C5F810310133C4F8D031C4F8D431B2
:10D1D000C5F8A031053BC5F8BC330633C5F8583354
:10D1E000C5F8143140F62E73C2F804352022D4F865
:10D1F000043523F00303C4F804356760D4F8083518
:10D2000043F00303C4F808354FF0FF33C4F810654A
:10D21000E760C4F80833124BC4F84065C4F84465AD
:10D22000C4F84865C4F84C65C4F85065C4F8546542
:10D23000C4F858651A610FF07CF9054627600FF0B5
:10D240002CFA281A04B0BDE8F08700BF242600207D
:10D2500000A0085000500850002008500100008035
:10D2600000E100E038B5194B0C46054611461B7E1F
:10D2700033B1174B1B681BB12046984743001BB2C4
:10D28000012C9BB207D11DB903F5F3500C3007E018
:10D2900003F5F750FAE7022C08D11DB903F6EE703A
:10D2A00080B238BD03F583500830F9E7082C07D168
:10D2B00015B903F58050E9E703F584500630EFE730
:10D2C0004FF41B71B620F3F7DFFA00BF2C260020C5
:10D2D0006C2C00202DE9F04F254C85B00546984672
:10D2E0000F46164605F014FD23788146AB4211D156
:10D2F0006378BB420ED194F90230B3420AD1E3788D
:10D30000834207D1A388A8F8003094F9060005B03D
:10D31000BDE8F08F082D1CD18DF80F6028469DF9CF
:10D320000FB00FF004F882463846FEF7BFFB00222C
:10D330000346414600925846524605F09FFCB8F815
:10D340000030A071A38025706770A67084F80390E8
:10D35000DBE728460EF0EBFF0DF10F0332463946AE
:10D3600005F0DCFC0028D9D04621A920F3F78CFA7F
:10D370007A110020014B18609980704748260020E0
:10D38000024BD86019745A82704700BF742600207F
:10D390002DE9F843089D1C4606461B884078174631
:10D3A0008846E854238801339BB223803078E854C0
:10D3B000B4F8009009F101091FFA89F9A4F8009066
:10D3C00070780EF0CDFF05F80900238801339BB279
:10D3D00023807278032A00F2D180DFE802F0022E67
:10D3E000507DB279EA54238801339BB22380F279CD
:10D3F000EA54238801339BB22380327AEA54B8F18D
:10D40000000F39D122885F49013292B22280B6F9E9
:10D4100004308B42B8BF0B4642F210718B42A8BF5A
:10D420000B46C3F30E03AB541B0A22882A445370E5
:10D43000238802332380BDE8F883B279EA54238835
:10D4400001339BB22380F279EA54238801339BB2E3
:10D450002380327AEA54238801339BB22380B28836
:10D46000EA54238896F905202B445A702388023306
:10D470009BB22380727AEA5423880133DAE7327947
:10D48000EA540022238801339BB2238006EB8201F9
:10D49000013248799742E854238888792B445870A0
:10D4A0002388C8792B449870238803F103039BB227
:10D4B0002380087AC0F30300E8540B7A208803F035
:10D4C000F003295C43EA01032B54238803F1010391
:10D4D0009BB22380DADAAEE7B279EA5423880133CB
:10D4E0009BB22380F279EA54238801339BB22380D4
:10D4F000327AEA54238801339BB22380B288EA54FB
:10D50000238896F905202B445A70238802339BB256
:10D510002380727AEA54238801339BB22380B27A43
:10D52000EA540022238801339BB2238006EB820158
:10D530000132C87A9742E854238888892B4458706E
:10D5400088892388C0F30F202B449870238803F127
:10D5500003039BB22380887BC0F30300E8548B7BDA
:10D56000208803F0F003295C43EA01032B5423884D
:10D5700003F101039BB22380D8DA5CE7CA2187203C
:10D58000F3F782F9F0D8FFFF2DE9F04F002387B0C1
:10D5900004460D46174690F8978200F52D76DFF881
:10D5A000B490ADF81630B4F8A232FF2B07D899F832
:10D5B000000003FB006042780AB9827822B904F5C2
:10D5C0002D79DFF890A02BE0D4F8D4304246D97CF6
:10D5D0000DF116030097FFF7DBFEB4F8A23201331A
:10D5E000A4F8A232DFE7D4F8D4304246D97C0391C4
:10D5F0000EF0B6FECBF1FF0303305B1B00B21BB293
:10D6000083421ADB0DF11603424603993046009718
:10D61000FFF7BEFEB4F8A23201339BB2A4F8A232E7
:10D62000FF2BBDF816B008D89AF8006003FB0696E9
:10D63000707810B1B378002BD5D15D44FF2D04DD97
:10D6400040F205118720F3F71FF9584607B0BDE8EF
:10D65000F08F00BFDC1C00202DE9F3470C46064686
:10D6600020B94FF4E9718720F3F70EF90D21DFF8A7
:10D67000F491F3F7A7FD0D21F3F74AFDB389B0F854
:10D68000A42200F52D7705460D219A4299F8002035
:10D690001EBFA0F8A4320023A0F8A232B0F8A23234
:10D6A00002FB037393F80180B8F1000F40F09480FF
:10D6B000F3F788FDD5F8D430A4F803005A7F6271DF
:10D6C000DA7A012A14BF95F897124146012A21748B
:10D6D0007189E180B189218103D19A7C013A012AC3
:10D6E00040D896F90E202273DB7C002B3CD1B6F992
:10D6F00010305D4A9342B8BF134642F21072934213
:10D70000A8BF1346C3F30E030020B5F8A2A263819D
:10D710006074B37C0F2B03D903F0F003202B3FD1AF
:10D72000102104F112022846FFF72EFFB5F8A212CD
:10D73000A1EB0A036374B37C0F2B31D8B1F5807F62
:10D7400005D099F8002001FB0272517871B90022CE
:10D7500013F00F03A27338D00F236373002396F8DE
:10D7600012800EE07F22BEE7404BCDE7937813B9DD
:10D7700040F22D1177E70123A3736373A27B0F2A75
:10D78000EDD01030312284F80F80C0B260700420D8
:10D790003E21A27040EA0320217002B0BDE8F0876C
:10D7A000B27C3F2A4FEA121304D8012B04D84FF45D
:10D7B000AC7158E70F2BFAD1F37C0F229A44A5F8ED
:10D7C000A2A2A273B37C134004D1327D82F0010285
:10D7D0006273D3E76273C1E7F3F7F4FCD5F8D43092
:10D7E000A4F8030009215A7F2846627104F10B0254
:10D7F000DB7A012B14BF95F8973200236372B5F8DA
:10D80000A282FFF7C1FEB5F8A232A3EB0808B3F578
:10D81000807F84F80A8005D099F8002003FB027706
:10D820007B78BBB9B27C002312F00F01E37109D100
:10D83000327D0B4682F00102A271E2790F2A03D0F9
:10D84000002202E00F22A271B27C09302272322241
:10D85000C0B29BE7BB78002B8AD001221346E2714D
:10D86000EAE700BFDC1C0020F0D8FFFF00C0FFFF8C
:10D870002DE9F84F00F51576D0F8D43004460D4662
:10D88000D87A314604F096FBD4F8D430314680463D
:10D89000D87B04F08FFBD4F8D4C094F8A032814632
:10D8A0009CF80E209CF810709A42DFF820A128BF47
:10D8B0001A462B889AF80010F818FF2826DD01FB7D
:10D8C00003440022FF2B02D90220BDE8F88F013368
:10D8D00084F8B5220C449BB2F4E7B4F85402013347
:10D8E0000644288801FB004B01308BF8B5E2288004
:10D8F000D8B28742F1D80020C3B293420AD317446A
:10D900004FF0FE0B9F2F20D90020DEE700231E469C
:10D910009E46EDE7D4F850324644C3F31703B342B2
:10D9200003D2EC218820F2F7AFFF2B8801309CF85E
:10D930000BB001FB034E01339BB28EF8B5B2B3F5C9
:10D94000807F2B80D8D10120BFE7D4F8503294F8E3
:10D950005C02C3F31703C0B94E449E42B5D89AF88F
:10D96000002084F85CB22B8802FB0343D4F8D42057
:10D97000D27B83F8B5222B8801339BB2B3F5807F2D
:10D980002B80E0D00137BFB2BCE746449E42BBD8F3
:10D99000D4F8D4C09CF80F30FF2B0DD0FE2808D14E
:10D9A00004F1DA032A889CF80D109CF80C0003F0AF
:10D9B00007FC013884F85C029AF800202B8802FBEF
:10D9C0000343D4F8D420D27AD3E700BFDC1C002074
:10D9D00038B500F2A625044628460CF065FA48B989
:10D9E000B4F8643228460449A4F8B032BDE838409F
:10D9F0000CF04EBA38BD00BF2DC4010090F8C531FF
:10DA000090F8C41199420BD003F1010C5FFA8CFC21
:10DA1000034480F8C5C1012093F8C63113707047E4
:10DA2000002390F8B21280F8C53129B101394FF0C6
:10DA3000010C80F8B212EBE70846704790F87B3192
:10DA400090F87A219A4207D05A1C0344D2B280F847
:10DA50007B2193F87C01704700230122034480F866
:10DA60007B2193F87C01704738B5044690F8C531A6
:10DA700090F8C4011546984208D05A1C234401204E
:10DA800084F8C52193F8C6312B7038BD94F8B202E2
:10DA90000028FAD0013804F1DA0284F8B20204F561
:10DAA000E27003F09DF894F8C531E6E710B590F800
:10DAB0007B31044690F87A219A4206D05A1C2344BE
:10DAC00084F87B2193F87C0110BD00F1DA0200F5A7
:10DAD000BD7002F097FF94F87B315A1C234484F800
:10DAE0007B2193F87C0110BD5E21A62008B5F2F7DA
:10DAF000CBFE00BF2DE9F04F0023054687B000F5AF
:10DB00000670B5F81842C5F8C830C5F8C030A5F899
:10DB1000CC30C5F8D03004F0AFFEB5F86032A5F8CF
:10DB200018420DF116012846ADF81630FFF7A0FE99
:10DB3000B5F86042BDF816800228A8EB04085FFA29
:10DB400088F800F0D980012804D1042385F86232D6
:10DB5000B5F86042D5F8D49099F81430022B00F053
:10DB6000C6806D4BDFF8B4A1009399F81030002BFC
:10DB700000F0CB8005F52D76694F334656469A4620
:10DB800097F800B02146284604FB0BFBB047013450
:10DB90000AF80B00B5F86002A4B299F81030844678
:10DBA00003449C42ECDB99F80EA0002295F8A032C9
:10DBB00085F8A0229A4528BF9A46431E54449BB23A
:10DBC000A4B2BAF1000F1AD0D5F8D41005F52D760D
:10DBD000534FC97ACDE902800191397803F1FF3BB7
:10DBE000019801FB03FE06EB0E0898F801808045C2
:10DBF0003AD092451FFA8BF3EFD8DDE9028008EBAB
:10DC00000C03A34240F3848005F52D76444F12E0C7
:10DC1000009B9847002858D0D34504D095F8A032EF
:10DC2000013385F8A0320134B5F86032A4B203EBB9
:10DC30000802944229DA97F800C0214699F80FA00B
:10DC4000284604FB0CFC06EB0C0292F801B0D3450D
:10DC5000DED1BAF1010FDBD195F8C5312B4493F831
:10DC6000C53106F80C30DEE7013216F80EE01FFA77
:10DC70008BF3D2B2A4EB020892451FFA88F801FB9D
:10DC800008F106F801E0A8D8B7E7E41AE4B295F87D
:10DC9000C52195F8C4319A4232D0D5F8D43085F8F0
:10DCA000B0401B7CA3421ED2B5F860321C44A4B223
:10DCB000FF2C06D81A4A0023127804FB025585F877
:10DCC000B532012007B0BDE8F08FB5F86032E31A35
:10DCD000DCB2042385F86232D5F8D43085F8B04040
:10DCE0001B7CA342E0D3002007B0BDE8F08F0D4BB2
:10DCF000DFF834A0009338E7002085F8B080F3E720
:10DD000095F8B232002BC8D1E3E7A44620464AE793
:10DD1000201AC4B2BBE700BF69DA0000ADDA000028
:10DD2000DC1C0020FDD900003DDA0000D0F8D43022
:10DD30002DE9F04190F8B02084B01B7C9A4271D953
:10DD40000446414807F082F9002866D106238DF881
:10DD50000E0003A8ADF80C3007F066F9002866D174
:10DD6000D4F8D4300121394A5E7CDF7C94F9D95053
:10DD700094F87182117004F037FF434600903A46E0
:10DD800031462846FFF7C0F9B0F5D57F0DDB94F892
:10DD90002032032262F3071384F82032042384F82C
:10DDA0006232002004B0BDE8F08140F2A9131B1AD2
:10DDB0005B01C4F8BC30FFF773F803A807F040F923
:10DDC000C8BB9DF80C3003F00603062B0ED094F868
:10DDD0002032032262F3071384F8203294F862326F
:10DDE000042BDED0204603F031FFDAE7204602F0B4
:10DDF000F5FA28B1012822D1012004B0BDE8F08154
:10DE000002F022FB0028FBD00128F5D00228C8D060
:10DE10004FF4CE71A620F2F737FD4FF4AB71A62078
:10DE2000F2F732FD4FF4A971A620F2F72DFD55212E
:10DE3000A620F2F729FD6421A620F2F725FD40F285
:10DE40008511A620F2F720FDE9DA000091260020D6
:10DE500008B502F0F9FA0028FBD0012802D0022808
:10DE600001D1002008BD4FF4CE71A620F2F70CFDC1
:10DE700010B5FFF713F928B1FFF73AF9C0B1002048
:10DE8000FFF712F9114CFEF7B3FDFEF713FDFEF795
:10DE9000E7FEFFF719F8FFF7EDF823781BB107F05D
:10DEA000C9F870B92070002007F0D0F828B910BD6B
:10DEB00040F2AD11A620F2F7E7FC6F21A620F2F7A1
:10DEC000E3FC6C21A620F2F7DFFC00BF91260020C6
:10DED0002DE9F04390F85D3283B090F85E2204465D
:10DEE00001330D46DBB29A4280F85D3202D804233A
:10DEF00080F86232B4F860220D2194F8B0302046E8
:10DF00001344A4F86032F3F75DF90E210746F3F7E6
:10DF1000FFF8D4F8D4300646B4F860221B7C1344D2
:10DF2000FF2B00F3938040F6FF739F4266D001A958
:10DF300038460BF070FB002840F0B98096F83E316F
:10DF40004FF0000E94F85D22B6F83A11B6F8508101
:10DF5000B2FBF3FC03FB1C22019B5FFA8CFCD2B2E8
:10DF6000D3F8C870A2FB012193009B1841EB0E0E61
:10DF7000DB004FEACE0E9B1A6EEB010E4FEA0E1E2F
:10DF80004EEA137E1B019B18B6F83821B4F8546290
:10DF900041EB0E0ED4F8D41002FB07F7D4F8C420DE
:10DFA00091F81090C9FB0620ECFB0720D71840F22F
:10DFB00071234FF0000903FB08F840EB0E064745BC
:10DFC00076EB090342D2C87BFF280BD091F80EC034
:10DFD00094F8A02294F85C32944594BF43EA0C0371
:10DFE000134303B1C87A04F5157103F0E3FFC019B8
:10DFF00046F10006804579EB060627D394F8B03049
:10E00000A4F81A5284F8213294F86232DBB294F800
:10E010006622042BD2B21DD004F5097528460BF0F8
:10E0200043FF88B304F23A2528460BF03DFF50B376
:10E03000302384F82032042384F862321E4904F22B
:10E040000E2003B0BDE8F0430BF028BF042384F892
:10E050006232D3E7012384F82232002ADCD0D4F8DC
:10E06000D42092F84B20162A04D0282A09D0132A4B
:10E0700018BF0F2394F8202263F3030284F82022B0
:10E08000CAE70323F6E70120162204F5067302FB14
:10E09000004407CBC4F82E022846C4F832120649C1
:10E0A000C4F8362203B0BDE8F0430BF0EEBE4FF4E7
:10E0B000F671A620F2F7E8FB59D600002DE9F047EB
:10E0C000DFF81C81154604460F46FEF763FE064640
:10E0D000D8F80000D0F8D430DA7C012A1ED11B7F9A
:10E0E000E3B1002F58D0FEF737FE6378C0F30F106E
:10E0F000022B00F400623FD0002A5CD1C0F30A007A
:10E1000006F00F0604EB8505020A002346EA07160F
:10E11000E8722A73AE736B73BDE8F087B0F9CC2058
:10E1200006F00F06217807F00F0704F0FDFB637877
:10E1300020F07F40022B0FD004EB8504C0F30723AF
:10E140002373A37BE072000C66F30303607367F331
:10E150000713A373BDE8F08704EB8505C0F307231D
:10E16000AB712B7A6871000C66F30303E87167F3F7
:10E1700007132B72BDE8F08702B340F2FF7006F080
:10E180000F0604EB8505020A002346EA07166871AC
:10E19000AA712E72EB71DDE7FEF7D8FD814685B1DD
:10E1A000B8F80430A8F8040008EB4508A0EB030910
:10E1B000A8F8089097E740F2FF70A1E7C0F30A00C3
:10E1C000DDE794F800A004F077FBC0F12A00A8F87E
:10E1D000049000FB0AFA09EB4A09A8F8089082E7C4
:10E1E0009426002070B5174E346894F89A32022BAA
:10E1F0000BD0012B94F89B5217D0D4F8B4305A7836
:10E20000022A0CBF1D719D7270BDB4F8CE1004F1CE
:10E21000DA02B4F86032194489B202F04DFE84F893
:10E220009B02346894F89B52E7E7013503F038FE0F
:10E230003468B5FBF0F303FB1055EDB284F89B5244
:10E24000DBE700BF942600202DE9F0414B4F84B05E
:10E25000C3B23E680190D6F8D420D6F8B84092F800
:10E2600011807F2222724FF60272E2804FF4004248
:10E27000A280002B4FD09DF80530002B4BD09DF88D
:10E280000630002B47D0050EFEF7D6FE002842D000
:10E290003A68D2F8D430DB7C002B43D1B8F1010FBF
:10E2A00096F871325DD09B001A26DBB21E44D2F87C
:10E2B000C88004F0A5FC03A90368F6B23868984743
:10E2C000012828D061783A680129D2F8D43025D0C5
:10E2D00092F897121936DA7E187E05EB41019B7E83
:10E2E00002441E4401FB0266254B039803FB06050E
:10E2F00004F086FC0346414630465B689847284454
:10E3000000F50043B3F5803F05D2A080FEF74CFC3A
:10E3100000232072A37104B0BDE8F08105365B7E56
:10E320001E44E1E704F072FC03A9036838689847CB
:10E330000128F0D060783A680128039BD2F8D41005
:10E3400013D092F8972205EB42008D7ECA7E097E9B
:10E350000A4400FB02F20A4819322A4400FB023048
:10E36000CEE7DB002C26DBB2A0E74A7E6FF4FA6131
:10E370000532084400FB0230C2E700BF94260020AB
:10E3800030F8FFFF70B51D4E346894F8703223BB2F
:10E3900094F8710208B3B4F86032C000B4F8CE103B
:10E3A000C5B21944D4F8D430DB7C89B2B3B104F5DA
:10E3B000217304F1DA02284603F080F83268B4F8D9
:10E3C000CE102846B2F8604202F273232144DA32BA
:10E3D00089B2BDE8704003F071B870BD04F27323D8
:10E3E00004F1DA02284603F069F83268B4F8CE1076
:10E3F0002846B2F8604202F52173E7E79426002030
:10E40000F8B5294E3568D5F8D420B5F86032147CBB
:10E410001C449C4245DD2549D27C91F800C0F2B1F4
:10E42000012A39D16FF07F0203FB0C5191F9BB1225
:10E430008A4202DA7F2918BF0A4601339BB29C4206
:10E44000F2DC5242D4B22046FEF7E4FB3368C5F852
:10E45000D000D3F8D000FEF7EFFB2046F8BD6FF0F8
:10E460007F0205F52D7E124F0CFB03E090F907109B
:10E4700091420CDD7F290AD0B0F9040020B100EBF5
:10E480008002520097FBF2F00A46C5F8C80001333B
:10E490009BB29C42E8DCD4E740F2B4418320F2F71F
:10E4A000F3F98024CFE700BF94260020DC1C002075
:10E4B00000CA9A3BF8B5534C94F82C3020680133CD
:10E4C00090F89722DBB29A4284F82C3003D990F866
:10E4D0009632012B7CD8FEF713FB002800F08C80CD
:10E4E000FEF7C2FA206894F82E2090F89712023AAC
:10E4F00094F82C50012A8CBF0B464B1C6A1C6E1ED4
:10E50000DBB2F6B29A4230DB56D00DF00FFF236833
:10E51000D3F8D430587CFEF71DFD94F82E302268D5
:10E52000023BD2F8B4003246012B5DD90021FFF73F
:10E53000C5FD236800221321D3F8B43003EB850313
:10E54000DA721A735A739973FEF7A2FCFEF724FA73
:10E55000FEF774FC22682C4B92F89802A3620138F3
:10E56000C0B2FEF771FD0120F8BDD0F8D47090F86C
:10E5700071027B7C97F817C0012B39D080001A23D9
:10E58000C0B2634497F81BC00344387EBF7E60442A
:10E5900001FB00010B4421690F333B4400FB0233B4
:10E5A000634401EB4311EB0701F1600154BF052007
:10E5B0000420FEF727FA2068144B3246D0F8B40046
:10E5C0000021A362FFF77AFDBDE8F840FEF756BCD4
:10E5D00094F82D1003F076FCFEF736FD94F82D30FC
:10E5E000013384F82D3076E70221FFF767FDABE7B2
:10E5F000C0002C23C0B2C4E740F60A118320F2F712
:10E6000043F900BF94260020A1F20000B5E4000009
:10E6100010B5FEF749FA80B10A4CFEF73DFA0DF04D
:10E620006CFE0346062084F83130FEF705FAFEF74B
:10E630000BFA054B0120A36210BD40F65D2183203B
:10E64000F2F722F9942600205101010010B5FEF7DF
:10E650004DFA68B1094CFEF741FA0DF04EFE84F810
:10E660003000FEF701FAFEF709FC054BA36210BD6E
:10E6700040F244718320F2F707F900BF942600208E
:10E68000BDFF000010B5FEF70FFA58B3184CFEF7A7
:10E6900003FA0DF032FE226884F83100D2F8D4304B
:10E6A00092F87122597C012918D092001A20D2B216
:10E6B000DB7D21690A3303440620134401EB431137
:10E6C000FEF7A0F90023062084F82D30FEF7B4F9F8
:10E6D000FEF7BAF9074B0120A36210BDD2002C202F
:10E6E000D2B2E5E740F6A6018320F2F7CDF800BFED
:10E6F000942600209DF9000010B5FEF7D5F920B34F
:10E70000144CFEF7C9F90DF0F8FD236884F83100C8
:10E7100093F89622012A07D8D3F8D420127F62B149
:10E7200093F89732012B08D90620FEF785F9FEF7FA
:10E730008BF9094B0120A36210BDFEF72DF9FEF7FE
:10E740007DFB064B0120A36210BD40F2A671832021
:10E75000F2F79AF894260020EDFE00002DF000005C
:10E7600010B5FEF7C3F980B10A4CFEF7B7F920687F
:10E7700000F27220FEF712FA0020FEF7DFF8FEF733
:10E780005DFB054B0120A36210BD40F2AD3183203B
:10E79000F2F77AF8942600206DF6000010B5FEF727
:10E7A000A5F958B3FEF79AF9174C0DF0A6FD0346EC
:10E7B000002084F83030FEF7C1F82268D2F8D43057
:10E7C00092F87122597C012914D092001A20D2B2F9
:10E7D000DB7D216903440620134401EB4311FEF75E
:10E7E00011F90620FEF728F9FEF72EF9074B012054
:10E7F000A36210BDD2002C20D2B2E9E740F6AE11E0
:10E800008320F2F741F800BF9426002055FA00005B
:10E8100010B5FEF7E3F890B10B4CFEF727FB20682C
:10E8200000F27220FEF7BAF90020FEF787F8FEF733
:10E83000B3F8FEF703FB054B0120A36210BD40F2C5
:10E84000CD518320F2F720F89426002075020100B4
:10E8500008B50620FEF7E6F898B10620FEF7ECF8BA
:10E86000FEF7FAF8FEF70CFC032807D0FEF7FCF8D9
:10E87000FEF704FB054B064A9A6208BDFEF79EF9B7
:10E88000F4E740F6E6118320F1F7FEFF942600201E
:10E890007500010010B5314C82B02368D3F86C12BA
:10E8A000D3F868C293F8992293F89802CDE900C191
:10E8B00022BB0138C0B2FEF7C7FBDDE900321343CB
:10E8C0002CD02368D3F8D430DB7C002B38D0012B3C
:10E8D0003ED1DDE90001FEF73DF901992368009A78
:10E8E0000029B4BF0A210521002A83F87212B4BF9F
:10E8F0000A22052283F8832202B010BD93F89622E3
:10E90000B0FBF2F102FB1100C0B2421C83F8982266
:10E91000FEF79AFBDDE900321343D2D1216801AB47
:10E920006A46B1F8CE00DA31B1F886C1604480B2EF
:10E9300002F036FA2368D3F8D430DB7C002BC6D142
:10E94000DDE90010FEF706F900992368019AC7E790
:10E9500040F282218320F1F797FF00BF9426002028
:10E960002DE9F0472A4D2C68D4F8D460707C01283A
:10E9700046D04FF07408274F4FF020094FF01A0A85
:10E98000FEF7C8F8D4F8B4301878FEF7DBF8296938
:10E99000F37D0120A1F5AC6101EB4311FEF732F8E4
:10E9A0001D48FEF7FBF8FFF775FF0120FDF7C6FFD6
:10E9B000FEF784F8FDF7F8FFFDF7EEFFF47D737EB8
:10E9C0000020544405341C442B69F918660101EBFE
:10E9D00044114444FEF716F829690220A1EB09010D
:10E9E0003144FEF70FF82969032001EB4411FEF7CB
:10E9F00009F8FEF76BF8094B0120AB62BDE8F08720
:10EA00004FF08608064F4FF034094FF02C0AB7E755
:10EA100094260020E0FDFFFFA826002061E700000B
:10EA2000CCFDFFFF70B5224C2668D6F8D450687C28
:10EA3000FEF770F8D6F8B4301878FEF783F823693B
:10EA4000E97D0120A3F5AC6303EB4111FDF7DAFF8B
:10EA5000FEF7BAF80A20FDF727FF04F11400FEF7CD
:10EA60009DF8FDF7A1FFFDF797FF0120FDF766FF79
:10EA7000FFF710FF2268D6F8C400D2F8D420EB7D4F
:10EA8000527C03EB40032169012A4FF0030014BFBD
:10EA90001C223122134401EB4311FDF7B3FF054B58
:10EAA000A362FEF7CBF9FEF7B9F9012070BD00BFF4
:10EAB00094260020E9F300002DE9F04F8E4C83B03E
:10EAC0002668D6F8D48098F811502846FEF722F828
:10EAD000D6F8B4301878FEF735F8012D00F0FC8038
:10EAE0004FF02009854998F81730002022695F010E
:10EAF00002EB43121144FDF785FFFEF7EFF823699F
:10EB00000220F918A1EB0901FDF77CFFFFF7C2FE17
:10EB1000206800F27220FEF741F82368284693F837
:10EB20007112FEF727F8FFF72DFC2768FEF728FA89
:10EB3000FEF748FA97F8711207F52170FEF752FABE
:10EB4000FEF772FAFEF716FAFDF796FFFDF79CFF47
:10EB50006B4BA362FEF7F4F92368012D93F89772CB
:10EB600093F871A200F0B0804FEA8A0A4FF01A0BB6
:10EB70005FFA8AFA5A4698F8173098F81B901344AF
:10EB800098F81820534491440A3307FB0999994493
:10EB9000FDF70AFF3846FFF725FB216891F894023C
:10EBA000FF2800F09D80042804D194F82E00013045
:10EBB00000F00300002310F0FD0F216984F82E00FF
:10EBC00084F82C307AD198F81B30012098F818205E
:10EBD0001344A9EB030301EB4311FDF713FF98F86E
:10EBE0001B20042098F81A30216913444031063361
:10EBF0004B4401EB43110193FDF704FF012F98F8FB
:10EC00001B2098F81800019B10D194F82E1002399F
:10EC100001290BD92368D3F8D4305B7C012B02EB9C
:10EC200000034FF0000265D005211EE011180520F9
:10EC300019442369403303EB4111FDF7E3FE2368D8
:10EC400098F81B20D3F8D43098F818005B7C012B7F
:10EC500094F82E30A3F102030CBF08210521012BEB
:10EC600002EB00038CBF00221A4698F81A001130FC
:10EC700058445044484408442169104407FB0300A9
:10EC800001EB40110320FDF7BDFED6F8B430B6F914
:10EC9000CC701E78FEF754F898F818303A46206881
:10ECA00031469C1E03F01AFE02462846E4B2214675
:10ECB000FEF71CF8012003B0BDE8F08F01EB49110D
:10ECC0000120FDF79FFE8AE74FEACA0A4FF02C0B9E
:10ECD0005FFA8AFA5A464EE74FF03409094902E7CB
:10ECE000B1F8CE00DA31B1F88631184480B202F0C2
:10ECF0003DFB5FE70821B8E794260020C0FAFFFF3C
:10ED000085E60000ACFAFFFF2DE9F84F3C4D2B687B
:10ED1000D3F8D44093F8717294F81180B8F1010FD0
:10ED200065D0BF00DFF8DC904FF0200A1A26FFB252
:10ED30004046FDF7EFFE2B68D3F8B4301878FDF7A6
:10ED400001FF94F817B029690120ABF1020BA1F57E
:10ED5000A46101EB4B11FDF755FEFDF7BFFF01204C
:10ED6000FDF7ECFD647E2B690020073409EB0301FD
:10ED70005C4434443E443C4401EB44112644FDF7DA
:10ED800041FE29694FEA44190220A1EB0A014944D6
:10ED9000FDF738FE2969032001EB4611FDF732FE2D
:10EDA000FFF778FD1848FDF7F9FE2B68404693F809
:10EDB0007112FDF7DFFEFFF7E5FA2C68FEF7E0F8C9
:10EDC000FEF700F904F5217094F87112FEF70AF9C4
:10EDD000FEF72AF9FEF7CEF8FDF7F8FDFDF7E4FDA2
:10EDE000FEF73CF8094B0120AB62BDE8F88FFF004D
:10EDF000DFF81C904FF0340A2C26FFB298E700BFD2
:10EE000094260020E0FDFFFFA826002011E8000066
:10EE1000CCFDFFFFF0B51E4F83B0FDF7CDFD0646DC
:10EE2000FEF7F8F80546384650F8144B94F871226E
:10EE300004F2832101320DF016FE97F82E20B0FA6D
:10EE400080F30020023A66F307005B09012AD4F838
:10EE5000B42065F30F208CBF0121022163F317401A
:10EE60005378012B61F31F6007D0032B05D04BB9FA
:10EE700094F89832137203B0F0BD94F8983253723C
:10EE800003B0F0BD40F22E218320F1F7FDFC00BF5E
:10EE9000942600202DE9F0415F4D01232C68D4F821
:10EEA000B4209370B4F8CE30C4F8B82001339BB2CC
:10EEB000A4F8CE3078BB94F8B0209A4226D994F8C2
:10EEC0002062FEF719F80F2E20D8F8B92968B4F897
:10EED000CE30B1F8600201F52D72D1F8D4100344A0
:10EEE0004E489BB2007800FB0323C4F8B430CF7CBB
:10EEF0005E78FDF73FFD002F55D0012F7BD1032E0B
:10EF000000F28380DFE806F047413B350023022012
:10EF1000AB62BDE8F0815278032A7BD8DFE802F0CB
:10EF200025211D02B4F85A225201D4F8C0100A4417
:10EF3000D4F8D410C4F8C020C87C002831D1097C92
:10EF4000994205D8D4F8C81011B192FBF1F1521AC8
:10EF5000D4F8BC1011442961ADE7B4F8582252012D
:10EF6000E3E7B4F856225201DFE7B4F85422520125
:10EF7000DBE72B4B1B68BDE8F0415B681847294B6A
:10EF80001B68BDE8F041DB681847264B1B68BDE8ED
:10EF9000F0419B681847234B1B68BDE8F0415B6854
:10EFA00018472A6187E72D68D4F8B430B5F91E02F6
:10EFB0001978FDF70FFFA5F8CC00032E20D8DFE865
:10EFC00006F0140E0802164B1B68BDE8F0411B68E2
:10EFD0001847154B1B68BDE8F041DB681847124B1A
:10EFE0001B68BDE8F0419B6818470F4B1B68BDE8E4
:10EFF000F0415B68184740F64B318320F1F744FC41
:10F0000040F62E318320F1F73FFC40F64431832057
:10F01000F1F73AFC002288E794260020DC1C00204F
:10F02000782C0020742C0020702C002070B5FDF787
:10F03000A9FC002800F08980FDF708FF0120FFF7F8
:10F0400029FF444B93F83020AABB1B68D3F8B84083
:10F0500093F897526278A5F10903022ADBB22FD008
:10F06000F52B57D8013504F10B034FF0000CEEB22D
:10F07000C5F3460519680CF1010C5A68083321F0F4
:10F0800070615FFA8CFE22F0706241F00071AE4553
:10F0900042F0007243F8081C43F8042CEAD3F3074B
:10F0A00008D506F0FE06022204EB8606B37B62F367
:10F0B0000303B37370BD93F83120002AFAD1C4E77B
:10F0C000F52B35D80135631D4FF0000CEEB2C5F3BA
:10F0D000460519680CF1010C5A68083321F070617B
:10F0E0005FFA8CFE22F0706241F00071AE4542F092
:10F0F000007243F8081C43F8042CEAD3F207D9D570
:10F1000006F0FE06022204EB8606337A62F303035E
:10F11000337270BD00220226134604EB83030132D2
:10F12000997B66F303019973D3B29D42F5D270BD0A
:10F1300000210B4604EB830301311E7A62F30306C0
:10F140001E72CBB29D42F5D270BD40F2EC718320AD
:10F15000F1F79AFB9426002070B582B0FDF712FCFF
:10F16000002800F09680FDF771FEFFF753FE03467E
:10F1700001200193FFF78EFE04460198FFF764F823
:10F18000464B93F830202AB193F8312012B1204633
:10F1900002B070BD1B68D3F8B85093F897E26A7854
:10F1A000AEF10903022ADBB22CD0F52B56D80EF1B2
:10F1B000010E05F10B0300205FFA8EF6CEF3460E2A
:10F1C000196801305A68083321F070615FFA80FCD9
:10F1D00022F0706241F00071F44542F0007243F891
:10F1E000081C43F8042CEBD3F307D0D506F0FE0639
:10F1F0000222204605EB8606B37B62F30303B3735A
:10F2000002B070BDF52B37D80EF1010E6B1D00203A
:10F210005FFA8EF6CEF3460E196801305A6808334D
:10F2200021F070615FFA80FC22F0706241F00071A1
:10F23000F44542F0007243F8081C43F8042CEBD369
:10F24000F207A4D506F0FE060222204605EB86064C
:10F25000337A62F30303337202B070BD00220220DE
:10F26000134605EB83030132997B60F30301997325
:10F27000D3B29E45F5D28AE700210B4605EB830306
:10F280000131187A62F303001872CBB29E45F5D2B1
:10F290007DE740F6B2218320F1F7F6FA94260020AC
:10F2A00070B582B0FDF76EFB002800F09680FDF788
:10F2B000CDFDFFF7AFFD034601200193FFF7EAFD07
:10F2C00004460198FEF7C0FF464B93F830202AB160
:10F2D00093F8312012B1204602B070BD1B68D3F8FC
:10F2E000B85093F897E26A78AEF10903022ADBB2CC
:10F2F0002CD0F52B56D80EF1010E05F10B03002092
:10F300005FFA8EF6CEF3460E196801305A6808335C
:10F3100021F070615FFA80FC22F0706241F00071B0
:10F32000F44542F0007243F8081C43F8042CEBD378
:10F33000F307D0D506F0FE060222204605EB86062E
:10F34000B37B62F30303B37302B070BDF52B37D800
:10F350000EF1010E6B1D00205FFA8EF6CEF3460E05
:10F36000196801305A68083321F070615FFA80FC37
:10F3700022F0706241F00071F44542F0007243F8EF
:10F38000081C43F8042CEBD3F207A4D506F0FE06C4
:10F390000222204605EB8606337A62F303033372BA
:10F3A00002B070BD00220220134605EB8303013238
:10F3B000997B60F303019973D3B29E45F5D28AE736
:10F3C00000210B4605EB83030131187A62F3030039
:10F3D0001872CBB29E45F5D27DE740F658118320D6
:10F3E000F1F752FA942600202DE9F04F85B0FDF791
:10F3F0001DFDFDF7E1FA002800F08E8000210320BA
:10F40000FDF700FBFDF7BEFA002840F01681914C95
:10F410002568D5F8D49099F81130012B00F0F380CD
:10F420006FF43E734FF01A086FF05F0B8A4F019331
:10F430001333404603936FF0570302932023009346
:10F4400099F8193003F15F0603F1050A0644FDF748
:10F45000F3FD2368D3F8D43093F811C0002800F0EE
:10F46000C480BCF1010F00F0CB80DDF808B007EBE1
:10F470004A1700204FEA4A1AC4F810B007EB0B01F4
:10F48000FDF7C0FA2369009A02205344991AFDF748
:10F49000B9FA2169032001EB46110026FDF7B2FA03
:10F4A00099F8193022690A204344643302EB43126D
:10F4B0002261FDF7F3F9FDF793FB0120FDF7AAFAAE
:10F4C0002168B5F8CE200346B1F85472012007FB3D
:10F4D00002F2A3EB4213C5F8C8304E743146FDF773
:10F4E00091FA206800F27220FDF758FB3046FDF7D4
:10F4F00025FA3046FDF730FAD5F8B470FDF754FB25
:10F50000F871D5F8B4309E71FDF746FA534B0120DF
:10F51000A36205B0BDE8F08FFDF734FA002800F0D3
:10F5200087804C4C012047F602712368D3F8B42041
:10F5300090705078D180012823D0032821D0002852
:10F5400040F0838093F89812B3F854521172D3F8B4
:10F55000C410B5EB410F1ED293F82022022161F3B3
:10F56000071283F8202293F86232042B44D1002042
:10F57000FFF790FC2268537C0133537405B0BDE85B
:10F58000F08F93F898125172D3F8C410B3F8545214
:10F59000B5EB410FE0D3B3F8CE10D3F8D46001310E
:10F5A000367CB142D8DA032826694BD001283CD0FA
:10F5B00006EB45152A4889B2C3F8B820256103F542
:10F5C0002D72B3F86042A3F8CE1021440078C3F83E
:10F5D000C05089B200FB012222490968C3F8B42057
:10F5E0000B6805B0BDE8F04F1847BCF1010F7FF480
:10F5F0003EAFDDF804B03AE7206802F027FBB6E73B
:10F60000039B0193F5E76FF0B8034FF02C084FF41C
:10F61000F07B154F01936FF0A5034046039340F232
:10F62000E7130293342300930AE7B3F85652BFE777
:10F6300040F279418320F1F727F940F272418320AB
:10F64000F1F722F9B3F85A52B2E740F22E218320A3
:10F65000F1F71AF994260020E0FDFFFF35F70000CE
:10F66000DC1C0020742C0020CCFDFFFFF8B5FDF75A
:10F6700089F9002856D02E4CFDF7E8FB2368D3F813
:10F68000B450FDF799F950BB236847F60272D3F8DE
:10F69000B430DA80FDF7AEFA2568B5F8CE30D5F88B
:10F6A000D4200133127C934222D0D5F8B4305A785A
:10F6B000012A0BD0032A09D07ABB2268012092F8D4
:10F6C00098221A72BDE8F840FFF7E4BB22680120D7
:10F6D00092F898225A72BDE8F840FFF7DBBBFDF7BD
:10F6E00063FA2368E8710022D3F8B4309A71D1E745
:10F6F000FEF786FE064627680CF00DFE802E87F882
:10F700001C02D2D12068022290F8203262F3071343
:10F7100080F8203202F09AFAC7E740F22E218320C7
:10F72000F1F7B2F840F2BE318320F1F7ADF800BF37
:10F7300094260020F8B5FDF725F9002844D0254D82
:10F74000FDF784FBFDF756FA2C682969B4F8CE3032
:10F75000D4F8D4200133C4F8C010127C934219D0DD
:10F76000D4F8B4305A78012A0BD0032A09D032BB1E
:10F770002A68002092F898221A72BDE8F840FFF734
:10F7800089BB2A68002092F898225A72BDE8F84096
:10F79000FFF780BBFEF734FE06462F680CF0BBFD7A
:10F7A000802E87F81C02DBD12868022290F82032D4
:10F7B00062F3071380F8203202F048FAD0E740F2F3
:10F7C0002E218320F1F760F840F282418320F1F787
:10F7D0005BF800BF942600202DE9F0476D4F3B6891
:10F7E000D3F8D48098F811502846FDF793F93B6878
:10F7F000D3F8B4301878FDF7A5F93B6998F81710DD
:10F800000120A3F5AC6303EB4111FDF7FBF8FDF715
:10F8100065FAFDF753F9FDF759F95F4BBB62FFF746
:10F8200039F807F11400FDF7B9F93B68284693F859
:10F830007112FDF79FF9FEF7A5FD3C68FDF7A0FBEF
:10F84000FDF7C0FB94F8711204F52170FDF7CAFBB7
:10F85000FDF7EAFBFDF78EFBFDF7A6F83B6893F892
:10F8600097623046FEF7BEFC396891F89402FF2893
:10F8700000F08580042804D197F82E00013000F0B4
:10F880000300002387F82E00012087F82C30FDF7B5
:10F8900055F83B68012D98F8179093F8714269D09C
:10F8A000A4004FF01A0AE4B2D14498F81B30396929
:10F8B0000420A1444031994409F10B0901EB49119D
:10F8C000FDF7A0F898F8182098F81B300520396942
:10F8D000134440314B4401EB4311FDF793F898F882
:10F8E000173098F81820012D9A4498F81B30396980
:10F8F0004FF000001344A24498F81A2006FB03338B
:10F9000053440CBF4FF0340A4FF0200A382A03F159
:10F910000F0303EB020928BF3822A1EB421101EBD0
:10F920004911FDF76FF898F8183098F81B2002205D
:10F9300039691A44A1EB0A0102FB069303F10A0696
:10F9400097F82E30023B012B98BFB61801EB4611F9
:10F950003444FDF757F8012D39694FF0030014BF07
:10F960001A232C231C4401EB4411FDF74BF8012012
:10F97000BDE8F087E4004FF02C0AE4B294E7B1F858
:10F98000CE00DA31B1F88631184480B201F0EEFCD5
:10F9900077E700BF942600209DE7000010B52A4CB1
:10F9A00094F82D10206802F08DFAFDF74DFB94F8C5
:10F9B0002D300620013384F82D30FDF733F8002870
:10F9C0003DD0236894F82D0093F89722824227D0E7
:10F9D00093F89622012A23D0D3F8D41093F87122F9
:10F9E00091F811C0CB7DBCF1010F23D092004FF0F4
:10F9F0001A0ED2B291F818C00A33C97E614400FBD6
:10FA00000133216906207344134401EB4311FCF7D1
:10FA1000F9FF0620FDF710F80C4B0120A36210BD82
:10FA2000FDF71AF8FDF74AF8FDF750F8084B0120EA
:10FA3000A36210BDD2004FF02C0ED2B2DAE740F62E
:10FA4000C3018320F0F720FF942600209DF90000D9
:10FA5000B5FB00002DE9F0412A4C0025206829461D
:10FA600084F82D5002F02EFAFDF7EEFA94F82D30BE
:10FA70000620013384F82D30FCF7D4FF00283CD059
:10FA80002368D3F8D460D3F8B430777C93F800803F
:10FA9000FDF756F92068D0F8D4301A7F42B32A46D1
:10FAA000317E38460239C9B2FDF720F92368012FAB
:10FAB00093F8710218D080001A21C0B2327EF37E12
:10FAC0001344F27D0A44043321690244062013449E
:10FAD00001EB4311FCF796FF0620FCF7ADFF0A4B44
:10FAE0000120A362BDE8F081C0002C21C0B2E5E78F
:10FAF000414602F0F3FE0246D2E740F6C8118320E9
:10FB0000F0F7C2FE9426002051E8000010B5FCF783
:10FB1000F7FF00283AD0254CFDF7BAF994F82E30BB
:10FB200094F82C20032B3BD8DFE803F029022902AC
:10FB300023680221D3F8B400FEF7C0FA0021206840
:10FB400084F82D1002F0BEF9FDF77EFA94F82D30FE
:10FB500022680133D2F8D420DBB2127F84F82D3032
:10FB60002AB104EB4303D888FCF7D8FE98B1FCF720
:10FB700083FFFCF789FF0E4B0120A36210BD2368B1
:10FB80000121D3F8B400FEF799FAD7E740F281716A
:10FB90008320F0F779FE40F29B718320F0F774FE2A
:10FBA00040F292718320F0F76FFE00BF9426002090
:10FBB000F9E6000038B5FCF799FF00284FD02A4C31
:10FBC000FCF78CFF0CF099FB0346204684F830309C
:10FBD00050F8143BD3F8D450FCF7E0FF236895F8B5
:10FBE00018C093F8970293F87122D3F8D430E97EC5
:10FBF0005B7C614495F817C0012B2CD092001A232E
:10FC0000D2B26344134400FB0112A87E03EB42030B
:10FC100094F82E200344023A0220012A03F117032C
:10FC200088BF5B1A216901EB4311FCF7EBFE002151
:10FC3000206884F82D1002F045F9FDF705FA94F8D4
:10FC40002D30013384F82D30FCF70EFFFDF716F947
:10FC5000064BA36238BDD2002C23D2B2D1E740F6C6
:10FC6000DE018320F0F710FE94260020B5E40000AA
:10FC700010B5FCF745FF002865D03A4CFDF708F9B0
:10FC8000206800F27220FCF789FF94F82E3094F877
:10FC90002C20032B61D8DFE803F04A024A022368D4
:10FCA0000221D3F8B400FEF709FA2368D3F8D41080
:10FCB00093F897C293F871024B7C012B3ED08000E1
:10FCC0004FF01A0EC0B20B7ECA7E1A44CB7D73442D
:10FCD0000CFB022C0344887E216963440F330344E8
:10FCE0000620134401EB4311FCF78CFE0021206831
:10FCF00084F82D1002F0E6F8FDF7A6F994F82D30FF
:10FD000022680133D2F8D420DBB2127F84F82D3080
:10FD10002AB104EB4303D888FCF700FEC0B1FCF71E
:10FD2000ABFEFCF7B1FE104B0120A36210BD2368AF
:10FD30000121D3F8B400FEF7C1F9B6E7C0004FF0D7
:10FD40002C0EC0B2BFE740F62D218320F0F79CFDBA
:10FD500040F652218320F0F797FD40F63F218320A3
:10FD6000F0F792FD9426002011E600002DE9F04105
:10FD70005C4C012000252368D3F8B420D3F8D4606C
:10FD80001778FCF7C7FE3846FCF7DCFE236884F8DA
:10FD90002C5093F89782FCF7D3FF2068D0F8D4302A
:10FDA0001A7F002A00F08F802A46317E0120023916
:10FDB000C9B2FCF79BFF2169F57D0120A1F5A46183
:10FDC00001EB4511FCF71EFEF77E216904202F444C
:10FDD0004031013701EB4711FCF714FE327EF37E10
:10FDE00005202169134440313B4408F1010701EB30
:10FDF0004311FCF707FEB37E317E0020382B1D44F3
:10FE000028BF38231A466B1DF57E0D44216908FB77
:10FE10000555A1EB42111D4401EB4511FCF7F2FD24
:10FE20004046FEF7DFF90021206884F82D1002F02B
:10FE300049F8FDF709F994F82D302168013384F869
:10FE40002D3091F89632012B06D8D1F8D4301B7F93
:10FE50006BB1B8F1010F0AD9F37E0620327E216919
:10FE600013442B4401EB4311FCF7CCFD216891F8BE
:10FE70009402FF282CD0042804D194F82E000130DD
:10FE800000F0030084F82E000238F37EC0B2327E08
:10FE900021691344012803FB07550ED9ED1A0320ED
:10FEA00001EB4511FCF7AEFDFCF708FEFCF70EFE7A
:10FEB0000D4B0120A362BDE8F08101EB4511032049
:10FEC000FCF7A0FDF0E7394602F008FD02466CE7BA
:10FED000B1F8CE00DA31B1F88631184480B201F0C1
:10FEE00045FACFE7942600204DE6000010B5304CCF
:10FEF000206894F82D1090F89632012B30D80131FB
:10FF0000C9B2062084F82D10FCF78CFD002844D0DF
:10FF10000620FCF791FD2268D2F8D4301B7F93BBFA
:10FF200092F8973294F82D00984222D0D2F8D4104B
:10FF300091F818C0CA7E624491F817C0897E03FB0D
:10FF40000223634405330B44216902FB003306207E
:10FF500001EB4311FCF756FD164B0120A36210BDC7
:10FF600001F0B0FFFDF770F894F82D100131C9B21F
:10FF7000C7E7FCF771FDFCF70FFDFCF75FFF0E4BC9
:10FF80000120A36210BD94F82D3004EB4303D88800
:10FF9000FCF7C4FC30B12268C2E740F2CF71832085
:10FFA000F0F772FC40F2D4718320F0F76DFC00BFD3
:10FFB00094260020EDFE00002DF00000F8B52A4C3C
:10FFC00094F82C302068013390F89772DBB2BB4272
:10FFD00084F82C3003D290F89632012B33D8FCF7FA
:10FFE0008FFD00283BD0FCF73FFD94F82C50FCF728
:10FFF00045FF94F82C20013D0646BA42EDB20AD3E3
:020000021000EC
:100000001A4923682A46A1620021D3F8B400FEF7FA
:1000100055F83046F8BD23682169D3F8D400403143
:10002000C77E037EC07D3B44013002FB033338446E
:10003000034401EB4311D30754BF05200420FCF710
:10004000E1FC0B49DDE794F82D1001F03BFFFCF7D4
:10005000FBFF94F82D30013384F82D30BFE740F2D8
:100060005C718320F0F710FC942600200DFB00004B
:10007000BDFF0000F8B5334C94F82C3020680133F4
:1000800090F89772DBB2BB4284F82C3003D290F820
:100090009632012B41D8FCF733FD00284DD0FCF7F8
:1000A000E3FC94F82C50FCF7E9FE94F82CC0013DD9
:1000B0000646BC45EDB225D22368D3F8D41093F898
:1000C00071224B7C012B34D092001A20D2B2CB7D0E
:1000D0001CF0010F0344C87E13440A7E21690344C7
:1000E000024401F1400108BF05200CFB022203F18C
:1000F0000B0318BF0420134401EB4311FCF782FCEF
:10010000114900E0114923682A46A1620021D3F871
:10011000B400FDF7D3FF3046F8BD94F82D1001F080
:10012000D1FEFCF791FF94F82D30013384F82D3087
:10013000B1E7D2002C20D2B2C9E740F606218320D5
:10014000F0F7A2FB942600207500010071FC00006E
:1001500070B50620FCF766FC00287AD0424C206877
:1001600090F89632D0F8D420012B90F89752167F51
:100170003ED994F82D108D4241D001F0A3FEFCF73A
:1001800063FF94F82D200132D2B284F82D20002E86
:1001900056D12368D3F8D41093F871024B7C012B0D
:1001A00046D080001A26C0B20B7E954291F81BC043
:1001B0009C44CB7D897E3344034405FB0CC003443F
:1001C00003F10F030B44216904D194F82E50023D32
:1001D000012D26D902FB0C33062001EB4311FCF75D
:1001E00011FC0620FCF728FC204B0120A36270BD07
:1001F0002EB1012D03D994F82D309D421CD190F8D9
:1002000098020138C0B2FCF71FFF0CF08FF8FCF722
:1002100023FCFCF7C1FBFCF711FE154B0120A36288
:1002200070BD0344062001EB4311FCF7EBFBD8E75C
:10023000C0002C26C0B2B7E70133DAB284F82D2013
:1002400004EB4202D088FCF769FB38B194F82D200A
:100250009FE740F66C218320F0F716FB40F69421CF
:100260008320F0F711FB00BF94260020510101000C
:1002700059F100002DE9F04383B0FCF783FB00281F
:1002800000F0A380FCF7E2FD524FFEF7C3FD0346EA
:1002900001200093FEF7FEFD3E6805464FF6027111
:1002A0007F20D6F8D4404FF400429DF8003094F8F7
:1002B0001190D6F8B8409DF801C09DF802E09DF875
:1002C00003802072E180A280002B4DD0BCF1000F92
:1002D0004AD0BEF1000F47D0FCF7AEFE002843D055
:1002E0003A68D2F8D430DB7C002B45D1B9F1010F4C
:1002F00096F871325FD09B001A21DBB20B44D2F822
:10030000C890DEB202F07CFC01A903683868984707
:10031000012829D061783B680129D3F8D42027D05F
:1003200093F8971206F11907D37E107E08EB41016E
:10033000927E0344174401FB0377274B019803FB8C
:10034000070602F05DFC0346494638465B6898475D
:10035000304400F50043B3F5803F05D2A080FCF7A0
:1003600023FC00232072A371284603B0BDE8F0836C
:10037000731D527E9F18E0E702F048FC01A9036854
:10038000386898470128EFD061783B6801290198C7
:10039000D3F8D42013D093F89732117E08EB43089A
:1003A000D37E927E0B4408FB03F3193313440A4AAD
:1003B00002FB0300CDE7DB002C21DBB29EE7537E7E
:1003C000054A053302FB0300C3E740F2DD518320F9
:1003D000F0F75AFA9426002030F8FFFF164A00235F
:1003E000D0F8BCC01549C2F810C04FF0070CA0F8F7
:1003F000CE30C0F8B83000F52D730978106082F85F
:100400002EC0B0F8602201FB0233D0F8D420C0F82F
:10041000B430D37C2BB1012B07D1094B1B681B686F
:100420001847084B1B685B68184740F66731832004
:1004300010B5F0F729FA00BF94260020DC1C00203C
:10044000742C0020702C0020044B9B6A03B11847C9
:1004500040F67431832010B5F0F716FA9426002088
:10046000014B024A1A607047742C0020800401007E
:10047000014B024A1A607047782C0020900401005A
:1004800025EA000061E9000009ED00006DFD0000B3
:10049000B9EA0000D9F70000F0B504468DB0006954
:1004A00061696D46A269E3690FC59DF80E202B4670
:1004B0002146002009328DF80E206A4605F0D9FB4E
:1004C000AE4608AD4FF0FF3CBEE80F004FF0000E07
:1004D00020606160A260E360C4F84BE0C4F84FE0C4
:1004E00084F853E0C4F842C0C4F846C084F84AC057
:1004F000C4F830C0C4F834C0C4F838C0C4F83CC034
:10050000A4F840C084F854C00FCD20616161A2619D
:10051000E3610DB0F0BD00BF2DE9F04F5F181C4640
:10052000944687B097F842300E4605461A18802A3E
:1005300000F283805FFA82F994F854208A4238D01E
:1005400001F118030DF10808616934F813C0C646BB
:10055000A269E3692069AEE80F0097F84B309DF877
:1005600017109DF815200B445FFA8CF18DF81730A9
:100570009DF8163033448DF816309DF8143003EB97
:100580001C2394440A44DBB28DF815C0FF2A01D91C
:100590000133DBB28DF8143041464E4B04F120029A
:1005A000204601930433009304230CF077F997F865
:1005B000423084F85460DE0813F0070313D00122A0
:1005C000C3F108032644AA405B1B96F82010013AA9
:1005D0009A400A4042FA03F3109A137087F8429047
:1005E00007B0BDE8F08F4FEAD50805F00705B8F170
:1005F000010F1AD1A319109A93F820301370002D0F
:10060000ECD001234444AB403444C5F10805013B20
:1006100094F82020AB401340109A2B4102F8083088
:1006200087F8429007B0BDE8F08F06F120014246FE
:100630001098214404F072FCE1E797F84BE00DF1CB
:10064000080804EB410B4FF0000A0EF1010EC14601
:100650005FFA8EFE87F84BE0E36920696169A26961
:1006600087F842A0A9E80F00BBF83030634504D0FA
:10067000D64687F84BA0ABF830C09DF817305FFA2C
:100680008CF19DF815209E449DF8163033448DF86A
:1006900017E08DF816309DF8143003EB1C239444BA
:1006A0000A44DBB28DF815C0FF2A01D90133DBB251
:1006B0008DF814304146074B04F120022046A9462C
:1006C00001930433009304230CF0E8F897F84230C8
:1006D0006FE700BF841100202DE9F04F8BB0BDF80B
:1006E000504003920594159C002800F0E480984641
:1006F00001F1FF3B01250027049074E004EB08069C
:1007000096F8423003F10802802A77D85FFA82F91E
:1007100094F85420424538D008F118030DF1180A16
:10072000616934F813E0D446A269E3692069ACE852
:100730000F0096F84B309DF827109DF825200B44AC
:100740005FFA8EF18DF827309DF8263043448DF8FE
:1007500026309DF8243003EB1E2396440A44DBB276
:100760008DF825E0FF2A01D90133DBB28DF8243062
:100770005146524B04F1200220460193043300936A
:1007800004230CF08BF896F842305A0784F8548012
:1007900030D104EBD30393F8203005FB03F21FFAAA
:1007A00082FAD2B28DF818304FF4807386F84290F6
:1007B000B3FBF5F305FB03F3C3F58073934269DCE8
:1007C0004FEA1A2AFBB203999A4501EB0A0202D0BA
:1007D00011F80A30CB55029B013713706B1C049A39
:1007E000954268D01D461BF8013F012D029385D12B
:1007F000039AF0E7002292461346D3E796F84BC0DF
:100800000DF1180A4FF000090CF1010CD6465FFA01
:100810008CFC86F84BC06169A269E369206986F89F
:100820004290AEE80F0004EB48020599138E8B420C
:1008300003D0CC4686F84B9011869DF8273005985A
:100840009C449DF826309DF82520C1B243448DF884
:1008500027C0114402448DF826309DF82430FF292A
:100860008DF8252003EB1023DBB201D90133DBB275
:100870008DF824305146114B04F1200220464FF0F0
:10088000080901930433009304230CF007F896F849
:1008900042307AE706AB059A41460820009323468A
:1008A000FFF73AFE9DF8183005FB03F30AEB03232C
:1008B000C3F3074A86E70BB0BDE8F08F8411002030
:1008C00010B51C4692B0C37B90F801C08DF808307B
:1008D000837B8DF80930437B8DF80A30037B8DF8DC
:1008E0000B30C37A8DF80C30837A8DF80D30437A53
:1008F0008DF80E30037A8DF80F30C3798DF81030F3
:1009000083798DF8113043798DF8123003798DF8A1
:100910001330C3788DF8143083788DF81530037850
:100920008DF816C08DF81730CB798DF800308B79A3
:100930008DF801304B798DF802300B798DF803304A
:10094000CB788DF804308B788DF805304B780978AA
:100950008DF80630D37B8DF807108DF81830917B19
:10096000537B8DF819108DF81A30117BD37A8DF8DE
:100970001B108DF81C30917A537A8DF81D108DF86C
:100980001E300AAB117A50788DF81F10D1798DF88E
:10099000260002A88DF8201091798DF82110517948
:1009A0008DF8221011798DF82310D1788DF824104C
:1009B00091788DF82510117806AA8DF827106946D0
:1009C00005F099F90DF1280CBCE80F00206061607A
:1009D000A260E360BCE80F0020614FF0FF3061616E
:1009E000A261E36120636063A063E063A4F8400058
:1009F000C4F84200C4F8460084F84A0084F8540061
:100A000012B010BD00232DE9F04F144689B0437099
:100A100092F85520002A00F083808B4600F1020AEC
:100A200004F156080125CDE902206EE094F8433028
:100A300003F10807802F7AD894F85420FFB2012AD6
:100A400035D00DF1100E6169A269E369764620691F
:100A5000B4F832C00FC694F84C309DF81F109DF8C2
:100A60001D200B445FFA8CF18DF81F309DF81E306D
:100A700001338DF81E309DF81C3003EB1C23944489
:100A80000A44DBB28DF81DC0FF2A01D90133DBB265
:100A90008DF81C307146514B04F120022046019321
:100AA0000433009304230BF0F9FE94F84330012241
:100AB00084F854205A0736D104EBD30393F820303E
:100AC00005FB03F296B2D2B28DF810304FF480736A
:100AD00084F84370B3FBF5F305FB03F3C3F58073B0
:100AE000934269DC360A6B1E0AEB0602DBB29E42B9
:100AF00004D0039B1AF806100133595582F8009070
:100B00006B1C029A95420BD01D46012D18F8019FCF
:100B10008CD152466B1C82F80090029A9542F3D118
:100B200009B0BDE8F08F002216461346CCE70DF160
:100B3000100E94F84C60A269E3697746206901368B
:100B40006169F6B20FC7628E002384F84C605A4583
:100B500084F8433004D01E4684F84C30A4F832B0F8
:100B60009DF81F305FFA8BF19DF81D201E449DF803
:100B70001E3011445A4401338DF81F60FF298DF84F
:100B80001D208DF81E309DF81C3003EB1B23DBB2BB
:100B900001D90133DBB28DF81C3071460F4B04F1E3
:100BA00020022046082701930433009304230BF00E
:100BB00075FE94F843307AE704AB5A4601210820C9
:100BC00000932346FFF7A8FC9DF8103005FB03F3C4
:100BD00006EB0323C3F3074685E700BF841100201B
:100BE00000232DE9F04F144689B0437092F8552048
:100BF000002A7CD08B4600F1020A04F15608012538
:100C0000CDE9022068E094F8423003F10807802F14
:100C100073D894F85420FFB282B30DF1100E6169BD
:100C2000A269E36976462069B4F830C00FC694F82B
:100C30004B309DF81F109DF81D200B445FFA8CF17E
:100C40008DF81F309DF81C3003EB1C2394440A449C
:100C5000DBB28DF81DC0FF2A01D90133DBB28DF85C
:100C60001C3071464D4B04F12002204601930433A1
:100C7000009304230BF012FE94F84230002259072F
:100C800084F8542036D104EBD30393F8203005FBCD
:100C900003F296B2D2B28DF810304FF4807384F81C
:100CA0004270B3FBF5F305FB03F3C3F58073934286
:100CB00063DC360A6B1E0AEB0602DBB29E4204D0EE
:100CC000039B1AF806100133595582F800906B1CEB
:100CD000029A95420BD01D46012D18F8019F92D122
:100CE00052466B1C82F80090029A9542F3D109B0EB
:100CF000BDE8F08F16461346CDE70DF1100E94F8BF
:100D00004B60A269E3697746206901366169F6B2F2
:100D10000FC7228E002384F84B605A4584F8423076
:100D200004D01E4684F84B30A4F830B09DF81D2046
:100D30005FFA8BF19DF81F3011445A441E449DF810
:100D40001C30FF298DF81D2003EB1B238DF81F603D
:100D5000DBB201D90133DBB28DF81C3071460F4B89
:100D600004F1200220460827019304330093042352
:100D70000BF094FD94F8423080E704AB5A46002112
:100D8000082000932346FFF7C7FB9DF8103005FBB2
:100D900003F306EB0323C3F307468BE7841100201C
:100DA0002DE9F0411E4691F8473086B00C461746B3
:100DB000002B48D191F85430052B42D002ADB1F848
:100DC0003AE00869A269AC464969E369ACE80F00FA
:100DD00094F850305FFA8EF09DF817209DF81510AA
:100DE000134401EB0E0201448DF817309DF81630C4
:100DF000FF298DF8152003F105038DF816309DF8B5
:100E0000143003EB1E23DBB201D90133DBB22946D8
:100E1000284D8DF8143004F120022B1D2046019539
:100E2000009304230BF03AFD052384F8543080230B
:100E300084F847306B683B602B68336006B0BDE8D0
:100E4000F0811C4DF0E791F850E002AD844608694E
:100E50000EF1010EA8465FFA8EFE81F850E0496956
:100E6000A269E369A8E80F00628F0023624584F855
:100E7000473004D09E4684F85030A4F83AC09DF81C
:100E800017305FFA8CF19DF815209E449DF81630BE
:100E900005338DF817E08DF816309DF8143003EB0C
:100EA0001C2394440A44DBB28DF815C0FF2AAED946
:100EB000ABE700BF841100200138F0B50E4687B0C3
:100EC0001446032800F27581DFE800F00279190565
:100ED000002007B0F0BD02AF134608200A46009775
:100EE0000421FFF719FB9DF8085005EB4505ED00BF
:100EF00015F0F00F00F0F680280A07B0F0BD92F868
:100F0000463003F10802802A174600F2FA8094F86E
:100F10005420FFB2042A35D002AD6169A269E369A9
:100F2000AC462069B4F838E0ACE80F0094F84F30D4
:100F30009DF817109DF815200B445FFA8EF18DF87F
:100F400017309DF8163004338DF816309DF81430A4
:100F500003EB1E2396440A44DBB28DF815E0FF2A0A
:100F600001D90133DBB28DF814302946934B04F1DB
:100F70002002204601930433009304230BF08EFCDF
:100F800094F84630042284F854205A0700F0FC807C
:100F9000002384F846701D468DF8083002A82346C9
:100FA0003246042100900820FFF7B6FA9DF8083079
:100FB00003EB430305EB4320C0F3074089E792F8B6
:100FC000463003F10802802A114648D894F854208C
:100FD000CEB2042A34D002AD6169A269E3692F461A
:100FE0002069B4F838C00FC794F84F309DF8171037
:100FF0009DF815200B445FFA8CF18DF817309DF8A1
:10100000163004338DF816309DF8143003EB1C2392
:1010100094440A44DBB28DF815C0FF2A01D901338C
:10102000DBB2664A29468DF814302046019204321C
:101030000423009204F120020BF030FC94F84630B7
:101040000422590784F8542040F0AF8004EBD30306
:1010500093F82000C00984F8466007B0F0BD02ADE7
:1010600094F84F70A269E369AC4620690137616961
:10107000FFB2ACE80F00228F002384F84F70B24219
:1010800084F8463003D01F4684F84F3026879DF8F9
:1010900017309DF815201F449DF8163004338DF845
:1010A00017708DF8163093198DF815309DF814309F
:1010B00003EB1623F6B2DBB23244FF2A01D9013327
:1010C000DBB23E4A29468DF814300423101D082651
:1010D000CDE9000204F1200220460BF0DFFB94F87A
:1010E0004630ADE723460820324604210097FFF73B
:1010F00013FA9DF8083003EB430305EBC320000C03
:10110000E7E602AD94F84F70A269E369AC46206946
:1011100001376169FFB2ACE80F00228F002384F829
:101120004F70B24284F8463003D01F4684F84F30E7
:1011300026879DF81730F1B29DF815201F449DF8C1
:10114000163004338DF817708DF8163093190A4451
:101150008DF815309DF81430FF2A03EB1623DBB20F
:1011600001D90133DBB2154A29468DF814302046E7
:101170000192043204230827009204F120020BF0AC
:101180008DFB94F84630FDE604EBD30393F8203052
:1011900084F8467003EB43008DF80830400010F0EF
:1011A000FC0F04D0000A07B0F0BD002053E705464D
:1011B000F4E640F2E6218C20EFF766FB8411002074
:1011C0002DE9F0430D1A87B006460135EDB2012D29
:1011D00063D01C4693F84430174603F10802802A76
:1011E0005ED85FFA82F994F85420022A35D00DF1C6
:1011F000080C6169A269E369E0462069B4F834E04B
:10120000A8E80F0094F84D309DF817109DF81520B0
:101210000B445FFA8EF18DF817309DF816300233CB
:101220008DF816309DF8143003EB1E2396440A44C3
:10123000DBB28DF815E0FF2A00F292808DF81430B1
:101240006146494B04F12002204601930433009388
:1012500004230BF023FB94F84430022284F854203A
:101260005A0768D104EBD30393F8203003FB05F849
:101270005FFA88F28DF808304FF4807384F8449058
:10128000B3FBF5F305FB03F3C3F58073934256DC20
:101290004FEA1828B0445FFA88F007B0BDE8F08341
:1012A0000DF1080C94F84DE0A269E369E04620696D
:1012B0000EF1010E61695FFA8EFEA8E80F00A28EA2
:1012C000002384F84DE0BA4284F8443003D09E46AF
:1012D00084F84D30A7869DF81730F9B29DF8152097
:1012E0009E449DF8163011443A4402338DF817E0BD
:1012F000FF298DF815208DF816309DF8143003EB7A
:101300001723DBB201D90133DBB28DF8143004F1BD
:101310002002154B614620464FF008090193043323
:10132000009304230BF0BAFA022294F8443084F8B4
:1013300054205A0796D00022904613469AE702A9F5
:1013400023463A46082000910221FFF7E5F89DF870
:10135000083005FB03F308EB0323C3F3074899E7C1
:101360000133DBB26AE700BF8411002070B591F849
:10137000453086B00C469A1C802A56D8154691F8FE
:101380005420032AEDB234D00DF1080ECE8E086938
:10139000A269F4464969E369ACE80F0094F84E305D
:1013A0009DF817109DF815200B44F1B28DF81730F9
:1013B0009DF8163003338DF816309DF8143003EB8A
:1013C000162316440A44DBB28DF81560FF2A01D9B2
:1013D0000133DBB2384A71468DF814302046019251
:1013E00004320423009204F120020BF057FA94F81F
:1013F000453004EBD301032213F0070384F8542093
:1014000091F820000FD0C3F106039A401040184114
:10141000C3B2C0F3460084F8455040EA430000F0F0
:10142000030006B070BD8009F2E791F84E500DF14F
:10143000080E8446086901357646EDB281F84E50B3
:101440004969A269E3690FC6E28E0023624584F808
:10145000453004D01D4684F84E30A4F836C09DF8BF
:1014600017309DF815201D449DF8163003338DF874
:1014700017508DF8163002EB0C038DF815309DF8DF
:10148000143003EB1C235FFA8CFCDBB26244FF2AAE
:1014900001D90133DBB2084A71468DF814300423B8
:1014A000101D0225CDE9000204F1200220460BF0B8
:1014B000F5F994F845309CE78411002030B51C46BE
:1014C00000F0BF0383B00546202B03D0402801D095
:1014D00080283AD1134628460A4600940821FFF78F
:1014E0001BF82078EB082D09591E9A1E022D14F8BE
:1014F00001C084F800C060546178A05C6070A154A1
:1015000021D0D91EA0781A1F042D14F801C084F828
:1015100002C06054E178A05CE070A15413D05A1F5F
:101520002179063B062DA05C2071A1546279E15C13
:101530006171E25407D0A179607AE379227AA071CF
:101540006172E271237203B030BD40F223318C200E
:10155000EFF79AF92DE9F04F8FB090F86232042B33
:1015600000F0EF8290F87B3100F1DA0290F87A1106
:10157000044602928B4200F095828B4280F0DC821E
:10158000D4F8D49099F810201344DBB28B4200F2C7
:10159000688284F87B3194F8C43104F52D75B4F871
:1015A000601294F8C5C1A4F8CE200A44A3EB0C0C39
:1015B000B04994F8B20292B25FFA8CFC09780695B1
:1015C00003FB00CA284601FB02535B78002B00F0A6
:1015D000BD82B2F5807F00F29E824FF0000B013297
:1015E0005E465F46CDF80CB095B2A3464C468146A8
:1015F00036E001369A42F6B203D1039B0133DBB2E7
:1016000003931FFA85F8B8F5807F35D0B24533D9FA
:1016100001FB05F209EB02035B78022B4CD0032B94
:1016200031D0012B11D1A37C022B40F2F880032B87
:101630000BD10AAB4246082120200093029BFEF703
:101640006BFF8C4B197801FB05F24A440135537846
:10165000002B4DD040F20112904549D0DBF8D44028
:10166000E27B012AC5D1012BCBD01FFA85F80136C8
:10167000B8F5807FF6B2C9D15C46042384F86232A3
:101680000FB0BDE8F08F029A41469BF89702049391
:10169000FFF712FC049B0AA842468DF828701946F1
:1016A0000090029B0220FEF737FFA37C022B40F242
:1016B000AE80032BBDD0C4E7029C41469BF8970245
:1016C00022460493FFF7F8FB049B42460321184689
:1016D0000AAB8DF8287000932346FEF71DFF654B7B
:1016E000197801FB05F201354A445378002BB1D13A
:1016F000FF2E5C46DDF80CB0BFD0D4F8D49099F83A
:101700000E2094F8A0329A4228BF1A46B24292465E
:1017100000F25C82B61A94F8C5210023F7B2089350
:10172000A7EB0B0094F8C4B18DF82430934584F8EE
:10173000A00200F0CB81934540F21282ABEB020590
:10174000ADB2AB45C0F06E82BD4270D33A44D2B266
:10175000B4F8CE30D4F8D4E09A4484F8C52107EB2D
:101760000A03A4F8CE3094F8A0329EF80E509EF8EA
:101770000F609D4228BF1D46FF2E00F09181002D75
:101780003FF47EAFA91CC9B294F8B03012B2B4F8DD
:10179000600203449BB200293FF472AF9DF8200021
:1017A0009DF821C050EA0C0000F0DF81A3EB010C92
:1017B000069F1FFA8CFC09E0214491F8C6113954A8
:1017C000002D3FF45DAF63453FF45AAF2949013B1B
:1017D00008789BB203FB00F0391891F80180464568
:1017E00000F039819EF80B90013A013DC14591B25C
:1017F000EDB212B240F09681002ADDDA0531C9B2AD
:10180000042900F29481694491F82010D7E7002B55
:101810003FF417AF40F25D118C20EFF735F8002B45
:101820003FF413AF4FF4A1718C20EFF72DF8B4F80B
:1018300060327A1B53445A459BB205EB03081FFAEA
:1018400088F840F36C8194F82F61ABEB03034FF001
:101850000009CDF81CA00593CDE9037B3746002F86
:1018600000F0BC80012F00F0B98002254FF4807A8F
:101870001BE000BFDC1C002004EBD30393F8FA301C
:1018800005FB03F2D2B28DF8283084F81C61BAFB54
:10189000F5F305FB03F3C3F58073934200F39180E6
:1018A000AF4240F299800135EDB294F81C3103F15A
:1018B0000802802A40D8D6B294F82E21AAB30DF19E
:1018C000280BD4F8EE10D4F8F220D4F8F630DC4629
:1018D000D4F8EA00B4F80AE1ACE80F0094F8253136
:1018E0009DF837109DF835200B445FFA8EF18DF886
:1018F00037309DF8343003EB1E2396440A44DBB2A4
:101900008DF835E0FF2A01D90133DBB28DF8343090
:101910005946C94B04F1FA0202980193043300932B
:1019200004230AF0BBFF94F81C315A0784F82E9167
:10193000A2D000221346A6E70DF1280B94F82561EA
:10194000D4F8F630D4F8EA00DC46D4F8EE100136CC
:10195000D4F8F220F6B284F81C91ACE80F00B4F889
:101960000A3184F82561434504D0002684F8259186
:10197000A4F80A819DF835205FFA88F19DF8373088
:10198000114442441E449DF83430FF298DF835201F
:1019900003EB18238DF83760DBB201D90133DBB2DA
:1019A0008DF834305946A44B04F1FA020298082607
:1019B00001930433009304230AF070FF94F81C3160
:1019C000B3E70AAB4246002108200093029BFEF7D2
:1019D000A3FDAF423FF667AF94F82F71059B049AC1
:1019E00008EB0305039B9044ADB21FFA88F85B1B1C
:1019F0009A42FFF634AF3E46DDF81CA09346039FA3
:101A0000D4F8D41094F8A0028B7B834228BF0346FD
:101A1000002B77D10B7C3046029A04F231114344FB
:101A2000019204F5E3729BB20093002384F8C53160
:101A3000FEF752FE94F8B232002B00F0F880013B22
:101A4000AF4284F8B232C0F0FB8094F8C5213A442A
:101A5000521BD2B27CE6012E3FF4B5AE013A12B26F
:101A6000B1E604F1DA000190B4F8600202440A44DD
:101A7000591AD21A0023CDB204F23111D2B284F82D
:101A80007B310123009204F5BE7294F82F01FEF71A
:101A900023FED4F8D49084F87B5199F810207AE58D
:101AA000294671E6002100F5BE72DA30012301906B
:101AB00084F87B11009104F2311194F82F01FEF7A4
:101AC0000BFE94F87B3194F87A1156E5029999F857
:101AD000102084F8C5310191B4F860120A4404F270
:101AE000311192B2009204F5E37294F82F01FEF7DF
:101AF000F3FD94F8B23273B3013B94F8C52184F836
:101B0000B23218E6A344DBF8C1019BF8C531089056
:101B10008DF824307EE74FF0000B5E46EFE594F839
:101B20002F616DE740F201218C20EEF7ADFE40F20F
:101B30000E218C20EEF7A8FE40F223218C20EEF738
:101B4000A3FE40F236318C20EEF79EFE4FF4BE71BC
:101B50008C20EEF799FE40F29D118C20EEF794FE5A
:101B600040F2A1118C20EEF78FFE012E33D0013A06
:101B7000591ADDF818C092B288B20CE0A11891F899
:101B8000C6110CF80710002D3FF47AAD013A9842C7
:101B900092B23FF475AD2949013B0F789BB203FB2C
:101BA00007F70CEB070149788E42EFD09EF80B90B7
:101BB000013D0FFA82F88945EDB2B3D1B8F1000FBB
:101BC000DCDA40F20A218C20EEF75EFE40F2D11101
:101BD0008C20EEF759FE591ADDF818C088B20AE0D9
:101BE000214491F8C6110CF80710002D3FF448ADC0
:101BF00098423FF445AD1149013B0F789BB203FB7E
:101C000007F70CEB07014E78012EF1D09EF80B8000
:101C1000013A013DB04591B2EDB212B282D1002A33
:101C2000DEDACEE740F2A5118C20EEF72DFE4FF460
:101C3000DC718C20EEF728FE84110020DC1C0020D3
:101C400040F2BB118C20EEF71FFE00BF2DE9F04FD4
:101C500085B090F86232042B00F0EC8090F8B02050
:101C60000546B0F860421319FF2B45DC002A46D028
:101C70000026DFF8D48100F1DA07B1461AE0012B23
:101C800012D19AF81230022B40F2CC80032B0BD1E8
:101C90000DF10C0B2246CDF800B03B460821202068
:101CA000FEF73AFC95F8B0200136B3B29A4226D935
:101CB000B5F86042344498F80030A4B204FB0353F2
:101CC00093F8B532022B0DD0032BD5F8D4A0D6D182
:101CD00095F89732013B032B00F2B180DFE803F067
:101CE000978C795295F89732013B032B00F2A7802D
:101CF000DFE803F0453A2708042380F8623205B094
:101D0000BDE8F08F0DF10C0B3B4622460421082064
:101D1000CDF800B0FEF700FC9DF80C3003EB430358
:101D2000DB0013F0F00F21D022463B4603210220B6
:101D3000CDF800B08DF80C90FEF7EEFB95F8B020D2
:101D4000B2E70DF10C0B3B46224604210820CDF8EA
:101D500000B0FEF7E1FB9DF80C3003EB43035B00A2
:101D600013F0FC0FE0D101E00DF10C0B3B462246D5
:101D700004210820CDF800B0FEF7CEFBD4E70DF12A
:101D80000C0BD1E70DF10C0B3B4622460421082039
:101D9000CDF800B0FEF7C0FB9DF80C3003EB430319
:101DA000DB0013F0F00F29D03B462246032102202E
:101DB000CDF800B08DF80C90FEF7AEFB9AF812301B
:101DC000022B27D9032B7FF46DAF2246CDF800B04C
:101DD00063E70DF10C0B3B46224604210820CDF8A9
:101DE00000B0FEF799FB9DF80C3003EB43035B005A
:101DF00013F0FC0FD8D101E00DF10C0B3B4622464D
:101E000004210820CDF800B0FEF786FBCCE70DF1E9
:101E10000C0BC9E7002B3FF445AF40F25D118C205D
:101E2000EEF732FD002B3FF43FAF4FF4A1718C2051
:101E3000EEF72AFD40F23D318C20EEF725FD40F211
:101E4000E6218C20EEF720FDDC1C00204FF4D2713F
:101E50008B2008B5EEF718FD072808B502D8034B0C
:101E6000185C08BD71218B20EEF70EFDA402040062
:101E700008B529B9072809D8084B0344187A08BDC2
:101E8000072807D8054B0344187C08BD89218B20FF
:101E9000EEF7FAFC9E218B20EEF7F6FCA40204007C
:101EA000431E032B00B583B006D8054B684401934D
:101EB000C07803B05DF804FBAC218B20EEF7E4FCA6
:101EC0000102061890F89632012B1BD0134B4900E3
:101ED00090F89BC290F895226344072A1B7E43FA30
:101EE00001F3D9B203F0030303D0184490F89C0225
:101EF0007047D0F8D420D27C4AB95B08184490F8D7
:101F00009C0270470023184490F89C02704701F02F
:101F10000103184490F89C02704700BFA40204001B
:101F200038B5847C062C41D8214B2344447C012CB9
:101F300093F8303031D0022C4FEA530301D0082CF3
:101F400030D14FF03E0E4FF01A0C047E9C44C37EFD
:101F5000457E5FFA8CFC2344847E01FB0331C37D04
:101F600089B25819234400244D1D0F3161440CF1EE
:101F7000050C03EB450500EB4C0C5A3003EB410319
:101F80002146864465F30F016EF30F0463F31F418E
:101F90006CF31F445160146038BD4FF0620E4FF077
:101FA0002C0CD2E7E8218B20EEF76EFCFFF74EFFFA
:101FB000A4020400032808B506D80138022812D864
:101FC000DFE800F00A060800FF2807D1002008BD5E
:101FD000888808BDC88808BD488808BD4FF4867148
:101FE0008B20EEF751FC088808BD00BFF8B5847C53
:101FF000062C00F2BC80764B2344447C012C93F8E1
:10200000303034D0022C4FEA530302D0082C40F079
:10201000A3804FF03E0E4FF01A0C9C44047EC37E0A
:10202000857E5FFA8CFC2344447E01FB033399B226
:10203000C37D1C442B4401F10F05053165440CF1AF
:10204000050C03EB410104EB4C0C5A3403EB450344
:10205000057CA644C47A89B2032C9BB20CD8013CFF
:10206000022C00F29280DFE804F020131E004FF0F3
:10207000620E4FF02C0CD0E7FF2C73D1C47B032CE5
:102080006ED8013C022C76D8DFE804F057555D008D
:102090000C46C67B032E44D8013E022E71D8DFE8E1
:1020A00006F0361024001C46F3E7C67B6446032E78
:1020B00031D8013E022E64D8DFE806F0480317004D
:1020C00074468C4214D9954229D2521B837B467B9D
:1020D000D01A731CB0FBF3F0131A01FB00F005FBE0
:1020E0000E0003FB0400F8BD7446A3421946EAD370
:1020F000954214D2521B8C4213463AD2027BD0181E
:102100000132B0FBF2F01B1A01FB00F0E7E7614679
:102110006445D8D8ECE7FF2E24D1954208D300209F
:10212000F8BDFF2E1ED1002CF7D19542F7D2002426
:10213000531B0020D3E70024DAE79542EFD2614633
:10214000531B0024DAE719460024D1E79542E6D272
:102150006146521B0023BAE7E8218B20EEF794FB7F
:10216000FF2CE2D04FF486718B20EEF78DFBFFF74A
:102170006DFE0023ABE79542D1D2531B714600247C
:10218000BCE7A64515D271469DE7C47B032C0BD84E
:10219000013C022C14D801A656F824F0BB21010002
:1021A000C1200100E9200100FF2C08BF7446B4D013
:1021B000D8E79542B3D271469CE761467446A7E7DB
:1021C0009542ACD27446521B714600237FE700BF94
:1021D000A40204002DE9F84390F8B24290F8C4310B
:1021E000D0F8D42090F8C51104FB033392F80EC048
:1021F0005B1A157C90F8A0129BB2D47B614594BF0A
:102200006E1805EB0C06012C1E44B6B205D1117BED
:102210000B44B3FBF1F333449EB2B0F8601290F874
:102220009702C1F5807189B2A02928BFA021B142CF
:1022300028BF3146967C062ECFB200F2C2807B4B7F
:102240003344567C012E93F8303036D0022E4FEABC
:10225000530302D0082E40F0A9803E264FF01A0802
:10226000984492F818E0D37E92F817905FFA88F8B5
:10227000734492F81AE000FB0333507E9BB248444B
:10228000F14403F10F0E0533C64408F1050809EBCC
:10229000430300EB48085A3009EB4E0E0644D07A4F
:1022A0009BB203281FFA8EFE0BD80138022800F2D9
:1022B0009B80DFE800F01D111B0062264FF02C0808
:1022C000CEE7FF2878D1032C74D8013C022C7DD8AE
:1022D000DFE804F05A5761009946032C45D8013CC9
:1022E000022C7AD8DFE804F0360F2400F146F4E738
:1022F000032CC14632D8013C022C6ED8DFE804F032
:102300004F031800B1464B4515D2AF422AD9491B9D
:10231000527BA1EB0C000132B0FBF2F0091A03FB77
:1023200000F005FB060001FB0900BDE8F883B1469B
:10233000CE457346E9D3AF4214D9491B99450C46A3
:1023400041D2127B10190132B0FBF2F0211A03FBCB
:1023500000F0E6E74346C145EDD9D6E7FF2C2BD187
:10236000AF420BD80020BDE8F883FF2C24D1B9F18F
:10237000000FF5D1AF42F5D94FF00009491B0020FD
:10238000CFE74FF00009D6E7AF42EBD943464C1BED
:102390004FF00009D5E773464FF00009CBE7AF4295
:1023A000E0D94346491B4FF0000CB1E7E8218B20F0
:1023B000EEF76AFAFF2CDDD04FF486718B20EEF732
:1023C00063FAFFF743FD4FF0000CA1E7AF42C9D914
:1023D0004C1B33464FF00009B3E74E4517D2AF42CE
:1023E000C0D9491B334693E7032C0BD8013C022C80
:1023F00014D801A050F824F017240100052301008F
:102400002F230100FF2C08BFB146A9D0D4E7AF426B
:10241000A8D9334691E74346B1469CE7AF42A1D9DC
:10242000B146491B33464FF0000C71E7A40204008B
:10243000531E5B1A022B1BD9931E1B1A022B17D992
:10244000D0F801C00B6803EA0C031360D0F8053024
:10245000D1F804C003EA0C0353600B7A90F809C06A
:1024600003EA0C0313724B7A817A0B405372704764
:1024700090F801C00B7803EA0C03137090F802C0C7
:102480004B7803EA0C03537090F803C08B7803EA8F
:102490000C03937090F804C0CB7803EA0C03D3705C
:1024A00090F805C00B7903EA0C03137190F806C08D
:1024B0004B7903EA0C03537190F807C08B7903EA58
:1024C0000C039371CB7990F808C003EA0C03D37125
:1024D000C3E700BFF0B5054685B00F4690F8D83089
:1024E0002BB191F8C73013B101F5B37305E095F83E
:1024F000D830002B44D007F1F9031A680126D7F829
:10250000F9101140D7F8FD20009159680A40197A56
:102510005B7A019297F80121114097F802211A4045
:1025200000238DF808109E468DF80920C3F3C40CD3
:1025300003F00702D8B20EF10104EC4406FA02F2ED
:10254000013305EB0E019CF800C01CEA020F03D01A
:102550005FFA84FE81F831014F2BE7D1002285F824
:102560002FE1134685F830216EF307036EF30F2336
:10257000A5F87A31A5F8C43187F8722105B0F0BD0D
:1025800097F8C830002BB6D007F5AE73B5E700BF9B
:10259000037813F0030301D00020704790F9022064
:1025A000002AF9DBC27812F00302F5D170B5437A44
:1025B00013F0600401D0104670BD1B060FD4461EF8
:1025C00000F1090516F8010F07F041FE2044B5425D
:1025D000C4B2F7D10E2C94BF0020012070BD20465C
:1025E00070BD00BF2DE9F041C77C04461546E7B138
:1025F000072945D8254B0B441E7A93F81080F0F735
:10260000DBF8217F0346B8F1010F18BF012EA87A2D
:1026100014BF01220022012936D19B7F12B39842B8
:1026200038BF1846C0B2BDE8F081072921D8174B42
:102630000B441E7C93F80880F0F7BEF8227F034617
:10264000012A1AD1A87F012E9B7A04D0B8F1010F7C
:10265000E5D1012EE7D1B8F1010F08D0002ADED173
:102660001846E0E7012EDAD1B8F1010FF8D10020C9
:10267000D9E79E218B20EEF707F9A87A3A46E2E7E0
:1026800089218B20EEF700F90022DCE7A402040088
:10269000064A4FF4807300211278013B80F8B6128D
:1026A00010449BB2002BF8D1704700BFDC1C002007
:1026B0002DE9F0430546B9B000F1DA09A0222C4615
:1026C0000E4610A8494602F029FC6F460FCC0FC7F2
:1026D0000FCC0FC70FCC0FC794E80F0087E80F008F
:1026E0004FF42E720021284695F8D8800AF0E2F9BE
:1026F00010A94846A02202F011FCEE46AC465FFA53
:1027000088F8BEE80F00ACE80F00BEE80F00ACE8A8
:102710000F00BEE80F00ACE80F0097E80F0084E858
:102720000F0085F8D880022385F86232B6F83C3174
:1027300006F1F907EB81C5F8D47096F80321D5F8B6
:10274000503285F8B222D6F84C2162F317032022CA
:10275000C5F85032002385F85E2285F8A03296F83D
:10276000593185F8D93096F85611072985F8951210
:1027700079D83F4C14F8018085F8978296F80C318F
:10278000002B65D063181A7C002385F8962285F803
:10279000993296F8F330FE2B5DD0FF2B08BF012352
:1027A00085F89832022306F14802384685F89A32B5
:1027B000FFF718FF96F80B3186F81401062B50D856
:1027C0001C44414605F51572384694F830304FF4F4
:1027D0008074DB0885F87132FFF7A2FB002200232A
:1027E000FF21C5E99A23FE23224A85F8941292F824
:1027F00000C0002285F85C322B46013C83F8B622EB
:102800006344A4B2002CF8D128463146FFF762FE9B
:1028100096F85A2112F0010318BF85F89C429007E0
:1028200005D5E91801330120DBB281F89C0251077C
:1028300005D5E91801330220DBB281F89C021207AA
:1028400003D51D44032385F89C3239B0BDE8F083DD
:1028500063181A7A98E7012385F8982285F8993247
:10286000A0E7FFF7F3FA71218B20EEF70DF800BF18
:10287000A4020400DC1C002000230360436083608A
:10288000704700BF80EAE073094A0028A3EBE073B9
:102890009BB24FEA033303F2A933A2FB0323054A99
:1028A000C3F34E23C8BF5B421BB21380704700BF07
:1028B00073B2E745C6260020014BB3F9000070470C
:1028C000C6260020014B1878704700BF8C110020ED
:1028D000014B5888704700BFC626002038B50D460A
:1028E000D0F8D41090F8970252420B7ECC7E897EAD
:1028F000234400FB033041F2C7030530084402FBC8
:1029000000F003FB00F0002802DA00F57F40FF3002
:102910000414FFF7D1FFC0F12A0000FB05F504EB1A
:10292000450000B238BD00BF00B583B001A80DF16D
:102930000601FAF717FABDF90620054BBDF80400A9
:1029400003EA022343EA101003B05DF804FB00BF62
:1029500000F0FF00D0F8D4302DE9F04F90F871026C
:1029600083B05A7C4008012A00F101005BD0554A2F
:1029700094881389D588A3421A4638BF22469542C7
:1029800040F29880C3EB450501221B1B2D1B01263D
:102990004D4C4FF0000CA6F10207B4F800E00136F0
:1029A000B7FA87F77F0901EB871101F58071AEEB6C
:1029B000010E8EEAEE77A7EBEE77022F17DCB4F864
:1029C000088002F10109B4F804A0E788C245D346A3
:1029D00038BFC3465F45C8EB4707A8EB0A08A7EB1B
:1029E0000A0704D9F44443443D445FFA89F2B042F3
:1029F00004F10C04CFDA002D5ADD4FEA450B4FF4F9
:102A00007A704FEACB0103FB00F090FBF1F03AB192
:102A10004FF4FA63520103FB0CF393FBF2F31844F7
:102A200003B0BDE8F08F274C2389A5881E46E488B3
:102A3000AB4238BF2E46B44240D9C3EB44045B1BC3
:102A4000A4EB050B4FF0010E1F4C4FF0000CAEF144
:102A500002050EF1010EB5FA85F56D0901EBC51100
:102A6000258801F500716D1A85EAE576A6EBE57615
:102A7000042E16DC571C2689B4F806900197B2463E
:102A8000A788C6EB4908BE42A8EB0708A6EB0706D5
:102A900038BFBA46D14504D9AC44C34433449DF849
:102AA0000420704504F10C04D1DABBF1000FA6DC60
:102AB0000020ACE700231D461A4668E700239B462A
:102AC0001A46BFE7842C0020902C00202DE9F84303
:102AD000D0F8D4200C4690F871320646517C002B79
:102AE00060D1012914BF4FF47A654FF4FA55D6F836
:102AF000D0200120FAF7B6FBD6F8D430384A074682
:102B0000597C938901294FD0A3F58073002BB8BF5E
:102B10005B42022BD4BF00230123002B3FD196F848
:102B200071325B080133B3F1010C03EB43004FEA50
:102B3000031318BF4FF0010CC0B2012903EB8C0343
:102B400032F820803AD01B019BB2A8EB030888EA38
:102B5000E873A3EBE873022BD4BF00230123F3B97E
:102B6000C31CDBB252F823901E4B09EA0303B3F1F6
:102B7000004F30D0B9F5803F11D230460021FFF729
:102B8000E9FEC1444FF4FA6203467F1B002002FBBA
:102B900009F9C3EB59133B442360BDE8F8830120D6
:102BA000BDE8F8830025A2E7A3F50073002BB8BFAA
:102BB0005B42042BD4BF00230123AEE75B019BB231
:102BC000A8EB030888EAE873A3EBE873042BD4BFEF
:102BD00000230123C3E70630C0B252F82090C9E7B2
:102BE000842C00200000FFFF00487047842C002048
:102BF000014B024A1A607047802C0020182C0100FB
:102C0000014B1868704700BF7C2C0020014B1868EE
:102C1000704700BF802C0020CD2A0100014B1B68AB
:102C20001B681847D8110020014B1B685B681847C8
:102C3000D8110020014B1B689B681847D811002051
:102C4000014B1B681B691847D8110020014B1B68FA
:102C50005B691847D8110020014B1B689B69184716
:102C6000D8110020014B1B68DB691847D8110020E0
:102C7000014B1B689B6A1847D811002030B4044CE4
:102C80009DF8085024680295E468A44630BC60476B
:102C9000D811002000220D49134610B540FA02F465
:102CA000E40744BFCA545C1C02F1010248BFE3B20E
:102CB000042AF3D1054AFF24D118032B01D910713E
:102CC00010BD013301F8014BDBB2F6E7182D0020EF
:102CD000BBC40100C1C40100C3C40100E9C40100B8
:102CE000C7C40100F3C40100CDC40100FDC401004C
:102CF000D3C4010009C50100DFC40100E3C4010021
:102D0000D5C40100DBC40100F9C4010003C5010002
:102D1000014B187D704700BFD8260020042810B54D
:102D200011D883B104280CBF10242824A1420AD250
:102D3000064C54F8200018B141568A42A8BF0A46F2
:102D400000201A7010BD6FF01500FBE7D826002098
:102D50000728034611DC10F12D0F10DB094A10186B
:102D600090F82E0002EBC00292F93C209A4207D064
:102D7000002918BF0130C0B270471B2070470020E7
:102D8000704700BFE8020400072808B507DCFFF71A
:102D9000DFFF044B03EBC00393F93C0008BD0820A0
:102DA000FCE700BFE8020400C0B208B520B9044B3C
:102DB00001229A601A6008BD4D21B52001F0B2FED3
:102DC00000E0105010F0FF0008B513D10B4B0122AA
:102DD0005A60DA600A4AC3F800011070D3F8082478
:102DE00012F0010205D1C3F81021C3F81821C3F86D
:102DF000142108BD7C21B52001F094FE00E01050A4
:102E0000ED260020014B01221A707047ED260020AC
:102E100008B540B9064BD3F8103113B9054B1878F3
:102E200008BD0120FCE7C121B52001F07BFE00BFF9
:102E300000E01050ED260020024BD3F8080400F00B
:102E40000100704700E01050024BD3F8480400F036
:102E50000100704700E01050024BD3F84004C0B2AC
:102E6000704700BF00E0105007490246D1F84C04FB
:102E7000D1F84C1410F4803005D0D0B201F0030327
:102E80001B1A58425841704700E0105038B51A4B91
:102E9000D3F80C34DA0304D440F279116D2001F038
:102EA00041FE164A0124164B106A536620F03F007B
:102EB00094645464136CDB03FCD4136A116C03F048
:102EC0003F03C1F30A01C1F5806181EAE1750B2975
:102ED000A5EBE17509DD3F2B04D0013303431362F9
:102EE000172DE6DC0023936438BD0B31F8DA002B94
:102EF000F8D0013BF2E700BF00E01050000812508C
:102F00000100008038B50B4C23781BB100232370DF
:102F1000FFF7BCFFEFF3108572B6637803F0FF0094
:102F20000BB9FFF74FFF05B962B6034B00225A6693
:102F300038BD00BFF026002000081250F8B5104E32
:102F4000012704460D463318DF7009F0DFFA60B937
:102F500034B90C4B11227771B560C3F80423F8BD66
:102F600040F225116D2001F0DDFD002DF7D01CB9D8
:102F70000220A847B460F2E74FF4A071F2E700BF67
:102F8000F026002000E01050044B0022191803EB3B
:102F900080034A719A60CA70704700BFF026002013
:102FA000014B1882704700BFF0260020014B588A61
:102FB000704700BFF0260020014B188A704700BF01
:102FC000F026002010B5EFF3108472B6064B0344D0
:102FD0005A780132D2B25A705B78012B01D1FFF7D7
:102FE000E3FE04B962B610BDF026002038B50346F2
:102FF000EFF3108572B612490C18627822B940F2CC
:1030000067216D2001F08EFD6278013AD2B26270C4
:1030100062787AB90A7D82B178B90A4BD3F80C3458
:10302000DB0304D44B782BB9FFF7CCFE02E0487DDC
:1030300001F00AFF05B962B638BD1846F4E700BFD3
:10304000F026002000E0105010B509F062FA0C4C98
:1030500009F05CFA60B1A37D3BB90A4B01229A6189
:103060000423E3750023237610BD09F055FAF9E730
:1030700003230122E375034BC3F80423F2E700BFE7
:10308000F026002000E01050014B01221A62704728
:1030900000E01050044B587E28B1044BD3F81001C7
:1030A000B0FA80F040097047F026002000E0105090
:1030B00038B50C4B5D7E5DB901245C7609F029FAC8
:1030C000094B1022C3F81051C3F80423DC6138BD4A
:1030D000FFF7E0FF0028FAD040F2A3216D2001F0B5
:1030E00021FD00BFF026002000E01050024BD87DEB
:1030F000003818BF01207047F026002038B5174C63
:10310000237D23B940F216316D2001F00BFD012320
:103110002370A37DC3B9A37EB3B1227E013B9A4243
:1031200012DA09F0F3F9054601F028FEA37E012B1F
:1031300082BF237E0133237655B1E369C31A01337D
:10314000022B09D935B1E061BDE83840FFF77CBFFB
:10315000236AF3E72062F7E738BD00BFF0260020BE
:1031600037B5184CA37D63B9606A00F00300FFF720
:103170007BFE30B1EFF3108372B6E27D1AB103B972
:1031800062B603B030BD0122E27503B962B608230E
:103190000D4DC5F808334FF42073ADF80630BDF877
:1031A00006309BB25A1E92B2ADF80620002BF6D123
:1031B000C5F80C3184F82830FFF746FF0823C5F81E
:1031C0000433DEE7F026002000E010502DE9F74F31
:1031D0004E4C237D002B00F096800323ADF8043085
:1031E0004B4BD3F80051D3F80891D3F8142112B9FE
:1031F000D3F818216AB10026C3F81461C3F8186126
:10320000C3F81061637E0BB109F086F9667609F0A8
:10321000E7FA3F4BD3F81031002B59D0637E1BB136
:1032200009F07AF900236376637913B102238DF8EC
:103230000430003D18BF012545F01005354E0DF155
:10324000040A334B4FF00008F71EC3F808531AF86E
:10325000010B03280AD03B7843B14FF0000B3368D1
:1032600087F800B013B19847C6F800B008F1010321
:10327000043601374FF00108022BE8D1B9F1000FF5
:1032800008D0234B0022C3F808210422C3F80823E6
:10329000FFF766FF94F82860EA071D4BF6B2D3F8F3
:1032A0000C7108D5E27D032A05D1A27DA2B90422C2
:1032B000E27501229A61C7B1154B0022C3F80C21B7
:1032C000E37D042B0DD040F279316D2001F02AFC12
:1032D000002DD3D00125B1E709F01EF90223E375D3
:1032E000E9E70223E37509F017F966B1002384F8D2
:1032F0002830E37D022B01D1FFF7A6FE03B0BDE825
:10330000F04F09F009B903B0BDE8F08FF0260020B6
:1033100000E01050F826002010B5054C606A00F05F
:103320000300FFF7A1FD0028F8D0002010BD00BF6A
:10333000F0260020F8B5054650B10278022A07D8D9
:10334000437842B9013B1F2B02D88378212B07D940
:103350006FF0150088E0002BFAD18378002BF7D1AD
:10336000634B2022C3F8A020BFF34F8FBFF36F8FB2
:10337000604EC3F8A0217D235F4CC6F808330023BC
:10338000C6F80031C6F80831C6F80C316370A37076
:10339000AB886382FFF750FD10B10123E3706370C7
:1033A000D6F80C0440F2563310F4803023821BD040
:1033B000FFF728FD514801F01DFD4E4E602360755A
:1033C0000022C6F804332B78A978012B627662625A
:1033D000A375A176227620D0022B17D0F3B140F24C
:1033E0002E516D2001F09EFBC6F81001FFF7DCFCAA
:1033F000404AD2F81031002BFBD0FFF747FD0020E8
:10340000FFF7E0FC3E4B00225A66D3E709F081F853
:10341000D6F80C34D903FBD502236362FFF714FD01
:1034200040B3FFF719FD636A03F00303984221D10B
:10343000AB79D3B9FFF770FFA37E63B12B7853B993
:1034400009F064F8054601F099FC6FF00043002D87
:103450004BD0C4E907030123202200202375244B0D
:10346000E075C3F8A0211A62F8BD224B0422C3F80C
:103470000423E1E71F4B012200215A61C3F8081120
:1034800094F82410C3F840141A610422C3F80423EA
:10349000AA79002AD0D1D3F80423520702D440F2EB
:1034A000E1419EE7174A1769116907F0100741F0DB
:1034B00010011161D3F808310BB909F04AFA0D4E29
:1034C000D6F8083173B1FFF727FF27B90D4A136902
:1034D00023F0100313610423C6F808330023C6F851
:1034E0000831A9E709F033FAEAE7C4E90730B2E79F
:1034F00000E100E000E01050F0260020052F010060
:103500000008125000ED00E038B50C4B0C4619795C
:1035100019B183216F2001F005FB60B95D790DB110
:10352000002038BD01225A71FFF74CFD2146284684
:10353000FFF704FDF4E76FF01500F2E71C27002009
:1035400038B50B4D04462B791BB19A216F2001F041
:10355000E9FA50B96B790BB9002038BDFFF714FDBB
:1035600020466C71FFF742FDF6E76FF01500F4E7B7
:103570001C27002010B501B3F0B14FF0FF33104A03
:103580001C46E0FB0134944203D9DB216F2001F09B
:10359000C9FA1A0DC3F30F100A4B42EA04324FF274
:1035A0002444B2FBF4F100EB024003FB1100B0FB3A
:1035B000F4F040EA0140013010BD0846FCE700BFCE
:1035C0003F420F00000024F4014B9B68184700BFE6
:1035D0001C270020014BDB68184700BF1C27002078
:1035E000014B1B69184700BF1C27002008B5064B7C
:1035F0001B7923B140F237116F2001F093FABDE837
:103600000840FFF77BBD00BF1C270020034B1A7941
:103610000AB9FFF7CBBC988D704700BF1C2700206C
:10362000034B1A790AB9FFF7C7BC988A704700BFE5
:103630001C270020024B1B790BB9FFF791BD704787
:103640001C270020014B9B69184700BF1C27002046
:1036500038B51D4C237933B3FFF7C2FF50B91B4D6A
:10366000C5F81001FFF7B0FFD5F81031002BFBD0E3
:10367000FFF7B0FF154B6022C3F80423636A984735
:10368000002806DB94F82E3023B10123002084F8B3
:10369000303038BDFFF7D6FF0028F6DA40F28D1142
:1036A0006F2001F03FFA0A4BA3610A4BE3610A4B1A
:1036B00023620A4BA3600A4BE3600A4B2361FFF7C6
:1036C00039FE0028E1D0E4E71C27002000E010507C
:1036D0001933010025C50100ED30010013C50100BB
:1036E00019C501001FC5010038B5084B04461D79F6
:1036F00025B140F2E1116F2001F014FA00F0EAFD6B
:103700002046FFF74DFC284638BD00BF1C2700208F
:1037100008B5074800F0CCFD054800F019F801F0A5
:103720000BF901F029F800F0E5F9012008BD00BF10
:103730005027002008B5054B1A781AB1272103201D
:1037400001F0F0F95860197008BD00BF582700203B
:10375000024B986000221A705A6070475827002068
:10376000F7B51E4C2378012BDAB204D0022A2ED0F2
:10377000012003B0F0BD0DF10701606800F0D8F939
:1037800065686B7DDB071CD5AB7F042B19D000F07F
:1037900023FE0646A8B100F025FE2B69D5E90027D7
:1037A0009A18B36847F100070A332CBF012500259A
:1037B0001B1845EB01059342BD4102D3606800F040
:1037C000BBFA0023636023709DF80700D1E70DF179
:1037D0000701606800F0B6F9F3E700BF5827002042
:1037E00073B505460C4600F0F7FD0646AB7F012B8E
:1037F0001AD021462B4604F1180251F8040B9142CD
:1038000043F8040BF9D101230DF107012846AB77EA
:1038100000F08EF916B1012002B070BD034B0421F7
:10382000986809F002F8F6E70020F5E7582700202D
:10383000024B0621986808F0F8BF00BF5827002007
:10384000174B1868F0B560B150F8102C50E90634E9
:1038500018380A3344F100049B18826944F10004CB
:1038600002B9F0BD52E90615994275EB0406F8D28B
:10387000077D12F8046CB7420BD00FD90A3152F809
:10388000103CA2F1180045F100055B1845F1000459
:1038900004E09688878BF61B3604EFD41268DFE7C6
:1038A00064270020F8B5244C002323716371A371B1
:1038B000E371EFF3108272B6A168E3606160A36008
:1038C00002B962B600261D4D636803B9F8BD9A7946
:1038D000A3F11800032A07D11A6801219E7153F839
:1038E0000C3C62609847EFE71B6863B1183B0746E2
:1038F0002A46997F04290ED09B7F032B04D0632195
:103900009F2001F00FF92A46136802211B681360FB
:10391000C3688677E6E7B0F81CC0998BA1EB0C0171
:103920000904996944BF07F1180218460029EBD031
:103930001F46A1F11803DCE7642700206827002058
:10394000042300F1180283770023037643768376FD
:10395000C376044B996811B99A60DA607047D968E8
:103960000A60FAE7642700202DE9F041134C06466F
:103970000F460020236833B9E8B1114BBDE8F04190
:10398000187801F061BA53E9061553F8082CD3F8FA
:103990000080521845F10005B242BD4109D22268AB
:1039A000A3F1180012682260FFF7CAFF0120434606
:1039B000E1E71C46FBE7BDE8F08100BF642700207B
:1039C000DC110020494B1B682DE9F74F0446828328
:1039D0008B46D0E9002003B1183B94F815C0DFF8FE
:1039E0000CE10CF0010C002B3BD0D3E90056AA42AD
:1039F00070EB060135D3BCF1000F2CD0277D197D6B
:103A00008F4228D399684D1946F1000615F10A082E
:103A100046F1000E424570EB0E0119D2216989185A
:103A200040F1000788457EEB070901D24146774601
:103A3000A942B7410FD22046FFF782FF2C4B1878DE
:103A400001F002FA00238BF8003003B0BDE8F08FDC
:103A500011460746ECE703F1180E9B690BB1183BC2
:103A6000C3E7BCF1000F34D0A168891840F1000908
:103A7000019173B30199D3E9007611F10A0549F177
:103A80000001AF4276EB010123D2257D197D8D42E5
:103A900018D39D68ED1946F1000615F10A0A46F1A2
:103AA0000008524570EB080110D22169891840F1D5
:103AB00000078A4578EB070C01D251464746A942D8
:103AC000B741B8D39B6923B1183BD3E711460746EA
:103AD000F5E7DEF80020234643F8182FCEF8003033
:103AE000FFF7AEFE8442ADD10123ACE7642700208E
:103AF000DC11002010B50B4C2378FF2B04D04FF4C1
:103B00008D719F2001F00EF8074801F073F9074B03
:103B1000002220701A705A709A70DA709A60DA6017
:103B20001A8210BDDC110020A53801006427002096
:103B3000034B1A8A10B4541C1C8210BCFFF742BFFE
:103B40006427002038B504460D46FFF779FE231A96
:103B500004F11801584258412870044808F08BFEBF
:103B600010B100230120A37738BD00BF64270020D7
:103B700038B5114B044600F118019A68B2B19A6841
:103B800000209AB191420ED108B1A56905609D68E7
:103B9000A94204BF12689A60DA68914200D1D860E5
:103BA0000023A37707E010461268EAE7034808F00D
:103BB00062FE0028F4D138BD642700206827002069
:103BC0002DE9F041264E04460D46FFF7CDFE306844
:103BD000002843D0A0F1180C50E90631A34271EB44
:103BE000050250F8102C3CBF234629460A322CBF50
:103BF000012700279B1841EB07020768604627B999
:103C000000F118037361BDE8F08157E906EC9E45A9
:103C10007CEB0201F4D290F8148017F8041C88455C
:103C200013D019D9744523462A46A7F1180075EB1D
:103C30000C0157F8101C3CBF734662465B1842F1FA
:103C400000020A3342F1000206E0B988B0F81C8095
:103C5000A1EB08010904E5D43F68D0E70346D1E7AA
:103C60006427002010B5054C6169204608F003FE6A
:103C700018B1606900231838636110BD6427002003
:103C80009C46144BF0B51D68FDB115F8043C183D79
:103C9000834218D812F10A04D5E900364CF100012C
:103CA000A34276EB01070BD22F69FF1846F10006FD
:103CB000A7428E4107D3B4F10A0041F1FF31F0BDB4
:103CC0001C463146F7E7AD69DEE74FF0FF300146AD
:103CD000F5E700BF6427002008B5837F022B1CD1C5
:103CE000437D13F0020302D00023837708BD032233
:103CF000037643768376C3760D4B827700F1180204
:103D0000996839B99A60DA600A4B1878BDE80840BA
:103D100001F09AB8D9680A60F5E7837F012BE5D0F6
:103D2000837F042BE2D04FF4FF719F2000F0FAFE56
:103D300064270020DC11002010B500F118010446B2
:103D4000084808F098FD20B94FF402719F2000F058
:103D5000E9FE2046FFF7F4FD034BBDE8104018785C
:103D600001F072B864270020DC1100202DE9F74F24
:103D7000D0F810E0BEF1000F04D040F227219F20C0
:103D800000F0D0FE836890F814800193D0E900140D
:103D9000EFF3108972B6274BB3F810C01B686BB1F4
:103DA000019D183B0A35D3E900264EF1000A6D1833
:103DB00044EB0A0A95427AEB060707D2B9F1000FE5
:103DC00035D0C0E9001403B0BDE8F08F8A4276EB2D
:103DD00004070CD31F69BF1846F1000BAF427BEB01
:103DE0000A0B34BF0125002575B99B69D7E712F18D
:103DF0000A0A9D6846F1000715EB0A0547F100071E
:103E0000A94274EB0707ECE71D7DA84509D0ECD962
:103E100012F10A019D6846F10004691844F100049A
:103E2000E3E79D8BA5EB0C052D04DED5F0E762B62C
:103E3000C7E700BF64270020F7B506460C46878B0E
:103E400000F118010D4808F016FD20B940F251218B
:103E50009F2000F067FE00233546B3770FCC0FC5D7
:103E600094E803003A4685E8030030460DF1070167
:103E7000FFF7A8FD012003B0F0BD00BF64270020BC
:103E8000024B0521186808F0D0BC00BF8027002035
:103E9000064B586810B520B94FF41B71B02000F0E4
:103EA00041FEC3680521BDE8104018478027002067
:103EB0002DE9F84F274C8146237BA668A3BB94F8D5
:103EC0000D8018F0010803D0E3899E4238BF1E46DA
:103ED00000F070FD10EB060B05460F4641F1000A9D
:103EE00058465146FFF76CFE08B3D0E900329B45B7
:103EF0007AEB020104D29D1B9B46924662F10007B9
:103F00000023154A284639462362C4E904BAC4E9A5
:103F1000065700F023FDB8F1000F02D0E3899E425E
:103F200016D002230D4A0DE04FF00008D0E7237BA6
:103F30002BB1637B9B0702D5636A0120984700235E
:103F4000074A237384F82830C9F80020BDE8F88FA9
:103F50000123E7E780270020813E01007140010036
:103F600067C701002DE9F04717463D4C002B67D08D
:103F7000E289D3E900656432864275EB01034FF0B4
:103F800000033CBF06460D462362B6EB000A65EB14
:103F9000010952451A4672EB0902C4E9046527DAA1
:103FA000237B3BB1637B9A0702D5636A0120984764
:103FB0000023237394F80D8008F00108A36803F52B
:103FC000E1739A4579F100011DDAB8F1000F11D0C3
:103FD000E089244A301A65F10001C4E9060100F0C5
:103FE000BDFC0623204A84F828303A60BDE8F087FB
:103FF0009846E3E71B4A30462946C4E9066500F0C7
:10400000ADFC0523EEE7FFF7E5FAE089A368B8F118
:10401000000F0BD0984209D9301A124A65F10001FD
:10402000C4E9060100F09AFC0123DBE7F01A0D4A0F
:1040300065F10001C4E9060100F090FC0223D1E71C
:10404000237B2BB1637B9B0702D5636A01209847D2
:1040500000252573FFF7BEFA2B46044AC3E700BFCD
:1040600080270020813E01007140010067C70100E8
:10407000023970B50546032900F2D480DFE801F06B
:1040800006020840694B002283F82920002024E022
:10409000664C94F82830042B09D8022B28D8013B11
:1040A000012B1BD94FF4CD71B02000F03BFD053B37
:1040B000012BF7D8FFF754FB0028E7D000F06AFC8B
:1040C00000F078FC06460C46FFF77AFD2A460346C8
:1040D00021463046FFF746FF022070BDFFF740FB48
:1040E0000028D3D000F056FC2846FFF7E1FEF3E7A6
:1040F000FFF736FB0028C9D0012384F82930C5E733
:104100004A4C94F828301A1F012A2AD8042B94F814
:1041100029600CD100F07EFB48B900200021FFF798
:104120004FFD08B1FFF708FEFFF754FADCE7002E59
:10413000C6D1FFF797FD0028C2D06060C4E90B66C6
:1041400000F038FB6068022331468377C3689847E4
:10415000D4E9040108F005FB354B84F828602B6096
:10416000BAE700F027FCA369C01A236A9842ACBFE3
:104170002062236294F82830022B19D1FFF724FA29
:1041800094F82830022BD4E904012CD1637BDB079F
:104190001BD5237BCBB9E389264AC01A61F1000104
:1041A000C4E9060100F0DAFB032384F828306DE748
:1041B000637BDA0701D5207B10B140F2B31173E7BE
:1041C000636A984701232373DAE73238236A194A6E
:1041D00041F1FF31C01841EBE371C4E9060100F081
:1041E000BDFB0423E1E7012B0AD1A368114AC01AE1
:1041F00061F10001C4E9060100F0B0FB0223D4E73D
:10420000236A32380B4A41F1FF31181841EBE37150
:10421000C4E9060100F0A2FB94F82830062BE0D197
:104220000523C2E740F2F1113EE700BF80270020DE
:1042300039420100813E010002392DE9F041064674
:1042400004292ED8DFE801F003090B2D0E00174AD0
:10425000537B003B18BF0123137300201FE0FFF7BF
:104260007FFAFAE7DFF8448000F0B4FA00F0A2FB2E
:104270000C460546FFF7A4FC0746D8F80400FFF7F4
:104280002BFD002300222846C8F8043000232146D5
:10429000C8E904233B463246FFF764FE0220BDE82E
:1042A000F08140F21721B02000F03CFC8027002074
:1042B000064A002310B5064C0260206084F82830BE
:1042C0006373FFF7ADF93230A06010BD67C701001E
:1042D0008027002008B5074B1A681168064A9142EA
:1042E00004D040F25121B02000F01CFC3230986024
:1042F00008BD00BF8027002067C7010010B5EFF39D
:10430000108472B6034B0421186808F08EFA04B9C1
:1043100062B610BD8027002008B5094B5A6822B943
:1043200040F27221B02000F0FDFBD3E90421BDE88A
:1043300008408018034A41F1000100F00FBB00BFA4
:1043400080270020913E010008B5064B5B6823B929
:104350004FF41E71B02000F0E5FBBDE8084000F00E
:1043600019BB00BF8027002008B5054B5A6822B949
:1043700040F27E21B02000F0D5FBD86208BD00BF1E
:104380008027002008B5054B5A6822B94FF42171E7
:10439000B02000F0C7FB186308BD00BF80270020D5
:1043A000054B1B6B10B523B940F28A21B02000F0F9
:1043B000B9FBBDE81040184780270020054BDB6A99
:1043C00010B523B94FF42471B02000F0ABFBBDE869
:1043D0001040184780270020014B5868704700BFE5
:1043E0008027002008B5054B5A6822B940F29B216E
:1043F000B02000F097FBD3E9040108BD802700201E
:10440000034B587B10F0010018BFD889704700BFDC
:10441000802700200028ADBF00F1604000F00F00B1
:10442000044B00F56140B4BF185C90F800034009EC
:10443000704700BF14ED00E02DE9F04105460E463F
:10444000E1B9114F3B681BB18621452000F06AFBA2
:1044500038600E48FFF788FF0D48FFF793FF08F01C
:104460001CF96B7D04465B0708D508F068F80A3430
:10447000241A7C6000F0B0FA0028FBD02B6A314689
:10448000686ABDE8F0411847B8270020B54401002C
:1044900095440100064B1B6810B51BB972214520DD
:1044A00000F040FB1A6A0421586ABDE8104010472A
:1044B000B8270020064B1B6810B51BB96C2145209E
:1044C00000F030FB1A6A0321586ABDE8104010471B
:1044D000B8270020024B00221A601A81704700BFE3
:1044E000B827002008B5074B1A681AB9B92145202A
:1044F00000F018FB0449D16000221A60BDE80840B2
:10450000FFF796B9B82700203944010030B587B0CD
:104510000C46182200210546684608F0CBFA637A5B
:104520004FF000026168C3F38003029183F001033E
:1045300063F38202237A8DF81430224B8DF8152014
:10454000039323785BBB9DF81500D4E90432400740
:10455000CDE9003207D50A3B01F10A0142F1FF32F1
:104560000291CDE90032637A69469DF81520C3F3C4
:10457000400322F003025B0043F0010313438DF874
:104580001530114B5868C0F30800B8B11038FFF768
:1045900041FF98B92846FFF723F907B030BD2369DA
:1045A000049307F0C6FF9DF815305B0744BF029BDC
:1045B0000A33CDE9000148BF0293D4E7284607F04B
:1045C000C4FFEAE73944010000ED00E0174B10B5E5
:1045D0000446586886B0C0F3080010B9002006B041
:1045E00010BD1038FFF716FF0028F7D1D1E90423DA
:1045F000CDE90400CDE900234B6802930B7A8DF8D6
:1046000014300B4B03934B7A6946C3F340035B00B2
:1046100043F00102C0F30723204623F003031343B2
:104620008DF8153008F02FF8D9E700BF00ED00E055
:104630003944010070B50B7886B023B140F21F21D8
:10464000452000F06FFA4C7A4FF000060593C4F352
:1046500080034D6883F00103029563F382060B7AB1
:104660008DF814300F4B8DF8156076070393D1E960
:104670000431CDE9003107D50A3B05F10A0541F1C6
:10468000FF310295CDE900319DF81530C4F34004A7
:104690006946049264F341038DF8153007F055FF25
:1046A00006B070BD394401007FB507F042FF00231A
:1046B00005930B4B039340F21E2302934FF0FF33FD
:1046C000CDE90001694607480493FFF789F818B956
:1046D0009B21432000F026FA07B05DF804FB00BFE1
:1046E0000D470100F027002010B5074C94F820304A
:1046F0004BB9FEF775FF30B9012384F82030BDE8CF
:104700001040FFF7D1BF10BDF027002008B50529E4
:104710002DD8DFE801F0032E282C2C0D07F005FF23
:10472000144807F0BCFF1E38BDE8084007F003BF7F
:10473000FEF756FF38B10F4B002283F82020BDE86A
:104740000840FFF775B807F0F2FE08B907F0EDFE74
:1047500000214FF4007007F068FF0028E0D1B92174
:10476000432000F0DFF9BDE80840FFF79DBFC521F9
:10477000F6E708BDF02700204FF000430B4A002168
:10478000C2F88030A2F58022C2F88031012302F500
:104790007832C2F80435A2F58022C2F8043520220E
:1047A000034B184683F8201008F084B900400C50E1
:1047B000F027002008B51BF0EDFD054AD2F8583768
:1047C00043F00103C2F85837BDE80840FFF78CBF3B
:1047D00000200E5008B51BF0EDFD0B4AD2F85837FB
:1047E00023F00103C2F858370122084B5A604FF0FA
:1047F000FF32C3F808232022054BC3F89021BDE8FF
:10480000084000F0C7B800BF00200E50005008500C
:1048100000E100E008B5FEF7E3FEB0B90D4BD3F8B8
:1048200000314BB90C4A536A0133312B53620BD917
:104830006C21432000F076F907F079FE08B1702171
:10484000F7E707F070FE012008BD034B00225A6213
:10485000F9E700BF00E01050F027002040F20251BD
:10486000014808B500F054F94A8C04001848202289
:1048700008B5C0F89020BFF34F8FBFF36F8F154B73
:10488000C0F89021D3F8041521F00301C3F80415F2
:10489000D3F8081541F00301C3F8081592FAA2F104
:1048A000B1FA81F1092904DD40F29F310A4800F094
:1048B0002FF9C3F8101501215960D9604FF000415C
:1048C000C3F880104FF0FF31C3F80813026108BD30
:1048D00000E100E0005008504A8C0400134A4FF4F5
:1048E000E0632021C2F838330023C2F8AC35C2F8A7
:1048F000BC35C2F8CC35C2F82031C2F82431C2F838
:1049000028310B4AC2F89C11C2F89C10BFF34F8F9C
:10491000BFF36F8FC2F89010BFF34F8FBFF36F8F4D
:10492000C2F89011034A1360704700BF00200E5078
:1049300000E100E01828002008B5FFF7CFFF054B85
:104940004FF4A062C3F834232022034BC3F89C2108
:10495000DA6108BD00200E5000E100E00B4B10B5FD
:104960001C681CB14C21042000F0DCF8B1F5801F5C
:104970001A6001D3FFF772FF054B0122C3F8A005AF
:10498000C3F8A415C3F8AC2510BD00BF182800203B
:1049900000200E50054A136833B100230449C1F8C2
:1049A000AC35C1F820311360704700BF18280020D3
:1049B00000200E5030B54FF0FF30064C6FF04041F4
:1049C000D4E90023904271EB0305F9D31046C3F3F9
:1049D000130130BD40270E5008B5FFF7EBFF044B25
:1049E000D3E90223904299412CBF0120002008BD49
:1049F0001828002010B5FFF739FF0F4C0023C4F82A
:104A0000BC35C4F82431FFF7D5FF0A3041F100016D
:104A1000B1F5801F01D1FFF721FF4FF00043C4F82B
:104A2000B005C4F8B415C4F8A4310123C4F8BC35EA
:104A3000024BC3E9020110BD00200E5018280020CF
:104A4000144BD3F8342312F4A06F10B503D1FB211B
:104A5000042000F067F8D3F8202162B100220E494B
:104A6000C3F8AC25C3F820210B6813B940F2031139
:104A7000EEE70A609847074BD3F828214AB1002295
:104A8000C3F8CC25C3F82821034BBDE810401B69AF
:104A9000184710BD00200E5018280020014B18792F
:104AA000704700BF30280020044B1A79824283BF30
:104AB0001B68602202FB0030002070473028002075
:104AC000BFF34F8F0549064BCA6802F4E0621343F7
:104AD000CB60BFF34F8F00BFFDE700BF00ED00E0EC
:104AE0000400FA05084B01225A604FF0FF32C3F868
:104AF00008238022054BC3F88820BFF34F8FBFF3F4
:104B00006F8FC3F8882170470070045000E100E007
:104B100008B572B6024B5B6803B19847FFF7D0FF48
:104B2000382800201FB572B6144B5C6894B9FFF7A3
:104B3000C7FFB2FBF6F22B465D1C002AF9D1DBB2AF
:104B400003F110056D4405F80C2C0A2233B901A8B5
:104B5000A047ECE7024600230A26EDE7013BDBB263
:104B600003F110050DEB0506B0FBF2F502FB150095
:104B7000303006F80C0C2846E8E700BF3828002043
:104B8000F8B5234F05460C4616463B78002B3CD122
:104B900007F0BBFC7E601F4B01263C814FF4806216
:104BA000C3F8A4601C4BC3F89020BFF34F8FBFF332
:104BB0006F8FC3F89021FFF795FF184B002D14BF9E
:104BC00028461846FEF744FD0546E0B9FFF782FC8B
:104BD000FEF730FD07F018FEFEF79AFD18B9B82170
:104BE0001120FFF79FFF002C0BDB04F01F0364096B
:104BF000A4009E4004F1604404F56144C4F880615F
:104C0000266001233B702846F8BD4FF0FF35FAE7D8
:104C10003828002000A0085000E100E00004040053
:104C2000074BB3F90830002B09DB5A09012103F0C7
:104C30001F03994002F14003024A42F823107047D3
:104C40003828002000E100E0014B1878704700BFD1
:104C50003828002050B1074B03F1140253F8041B0D
:104C6000934240F8041BF9D1002070476FF0150003
:104C7000704700BF788C04002DE9F84F074689463D
:104C800093469846374CDFF8E0A0384D2E78013631
:104C9000F6B2D5E84F3F0133DBB2C5E8403F00280C
:104CA000F7D101216160C4F80001C4F80401EFF3F9
:104CB000108072B62E4BC5F80490AB60C5E905B301
:104CC0003B68C4F810357B68C4F81435BB68C4F879
:104CD0001835FB68C4F81C35264BC4F83035103342
:104CE000C4F83835216000B962B6D4F800312BB968
:104CF000D4F8043113B92B789E421CD0B8F1000FC0
:104D000009D00A9B3BB1D4F840350A9AC8F8003064
:104D1000D4F83C351360D4F80431002BB5D1297890
:104D2000B142B2D1C4F80031C4F804310323C4F84D
:104D30000833BDE8F88FDAF81030DB06D5D5032349
:104D40008021C4F804330C4BC3F88811D4F8003127
:104D5000002BCAD1D4F80431002BC6D107F0F7FDDF
:104D6000C3E700BF0070045000ED00E044280020BD
:104D70001000000B4828002000E100E01A4B4FF41F
:104D8000000270B5C3F89820BFF34F8FBFF36F8F49
:104D9000164C0021164DC4F80011C3F898212E6955
:104DA0002B6906F0100643F010032B610123C4F8B1
:104DB00004332360D4F800319BB11EB92B6923F072
:104DC00010032B610123D4F808054FF4000263603F
:104DD000C4F808330023C4F80031034BC3F898210A
:104DE00070BD07F0B4FDE5E700E100E000700D5094
:104DF00000ED00E038B50B49042301EBC30215793F
:104E000005F0FF042DB1013BF7D240216920FFF7E7
:104E100089FE41F8330001215471D8B294711171A7
:104E200038BD00BF68280020042808B503D94721F1
:104E30006920FFF777FE034B002203EBC0031A71D2
:104E400008BD00BF68280020042808B503D95021F8
:104E50006920FFF767FE094B03EBC0000379012BC4
:104E600001D05121F4E7437982790133DBB29A42D0
:104E700018BF4371BDE80840FFF7D2BE6828002084
:104E800038B505240F4D95F8281005EBC1031A79A4
:104E9000012A09D158799A79904205D05A79D2B22B
:104EA0009A7155F83130984795F82830013C013314
:104EB000DBB2052B28BF002314F0FF0485F828304F
:104EC000E1D138BD68280020094B0A4AC3F8002305
:104ED0000132C3F80C230132C3F818230132C3F89E
:104EE00020230132C3F81C230132C3F8102170477C
:104EF00000A0085004000080074B0022C3F80023E4
:104F0000C3F80C23C3F81823C3F82023C3F81C23C9
:104F1000C3F81021704700BF00A00850844641EA42
:104F2000000313F0030359D1403A33D3F0B4F0C96E
:104F3000F0C0F0C9F0C0F0C9F0C0F0C9F0C0403A0C
:104F4000F5D2F0BC26E0403A24D300BF0B680360E2
:104F50004B6843608B688360CB68C3600B690361F7
:104F60004B6943618B698361CB69C3610B6A0362DF
:104F70004B6A43628B6A8362CB6AC3620B6B0363C7
:104F80004B6B43638B6B8363CB6BC36340304031AC
:104F9000403ADBD230320BD30B6803604B6843607E
:104FA0008B688360CB68C36010301031103AF3D245
:104FB0000C3205D351F8043B40F8043B043AF9D2D3
:104FC000043208D0D2071CBF11F8013B00F8013BA6
:104FD00001D30B8803806046704700BF082A13D3B3
:104FE0008B07B0D010F00303ADD0C3F10403D21A85
:104FF000DB071CBF11F8013B00F8013BA3D331F8DC
:10500000023B20F8023B9EE7043AD9D3013A11F85B
:10501000013B00F8013BF9D20B7803704B784370E9
:105020008B78837060467047014B1B681B6818477C
:10503000E0110020014B1B685B681847E01100205D
:10504000014B1B689B681847E0110020014B1B684F
:105050001B691847E0110020034B1868034BC01A66
:1050600018BF0120704700BFE01100207050010000
:10507000F7CA010003CB010007CB01000FCB0100F1
:1050800013CB010053B94AB9002908BF00281CBF3F
:105090004FF0FF314FF0FF3000F00CB8ADF1080CCD
:1050A0006DE904CE07F051FDDDF804E0DDE90223EF
:1050B00004B07047704700BF08B5EDF77DFB0121D4
:1050C000C0780840EDF7ACFBFBF7CAF9BDE8084033
:1050D000FDF78EBD08B5EBF70DFEEFF7B5FCEBF76E
:1050E0000FFC002008BDFFF7B5BDF7F7D1BBEFF708
:1050F0003BB803F036BC03F037BC03F02FBC0122F1
:1051000008B511461046EDF75DFB20B140F20A717B
:105110009C20EBF7B9FBBDE80840FBF7A9B908B53F
:10512000EBF726FA03F022FCBDE80840FFF7C4BF06
:1051300010B586B0044601A8FFF78CFD02230020BD
:10514000237005236070A3709DF80430E0706371D4
:10515000BDF805302071E380DDF80730A36006B0AC
:1051600010BD02F05EBE70B50446F6F741F90128A5
:1051700005461AD1601CF6F743F9B0B1A3790020B7
:10518000E61D63F03F03A371EFF7F0FE38B1102284
:105190000021304607F08EFC0020257070BD30469F
:1051A000F6F742F90028F2D0F6E70025F4E710B54B
:1051B00004461022002107F07DFC04F110031022A8
:1051C0000021184607F076FCF6F748F90020EFF7C3
:1051D000CDFE20B12046F6F727F9002010BDF6F7E6
:1051E00007F90028F6D0F8E710B50446FFF7C6FD2A
:1051F000B0F5007F09DA10F5007F08DD031EB8BFA7
:1052000003339B100020237010BD7F23FAE76FF05B
:105210007E03F7E78178008803F003BB37B50546C6
:105220000C4600880DF1060102F0E3FE2B88238076
:10523000BDF80630638003B030BD38B505460C4676
:10524000EBF76CFD30B13E2D04D12046BDE838406F
:10525000EBF7A8BD38BD37B504462046F0F7DAFABB
:10526000022805460FD004280DD123788A2B0DD0B3
:10527000942B21D0204600F038F8A1782078FFF751
:10528000DCFF0028E9D0284603B030BD05213E20D0
:10529000FFF7D3FF0028EDD1E37801A92279684612
:1052A00043EA0223ADF8003003F09AF90028D4D085
:1052B00053210820EBF7E8FA1A213E20FFF7BDFF43
:1052C0000028D7D163796946A27901A843EA02236D
:1052D000ADF8043011238DF80630EEF73DFF0028BD
:1052E000BBD06521E5E704F074BD10B50378044632
:1052F000813B1B2B43D8DFE813F0430049005500E6
:10530000590063007B0081001C0075004F008F0076
:1053100095006F00850089009B00A900C300CE00A6
:10532000DC00E200010107010D0113014200FB0056
:10533000F5002920EBF736FD30B13E232370222300
:1053400063702923A3701AE00A20EBF72BFD3E239C
:10535000237018B11F2363700A23F3E70123A3709E
:1053600013236370E37903F00103E371D4F81A3077
:10537000C4F80E30E38B638294F82030237510BD9F
:105380003E230370042343701423DBE73E230370A2
:105390000A2343700323D5E73E2303700D23437094
:1053A0000523CFE705232370042307E05A20EBF7FA
:1053B000B5FC08230028F6D05A2222706370DEE77D
:1053C0005B20EBF7ABFC18B15B2323700623F5E7FA
:1053D000302323700323F1E73E2303700B23437034
:1053E0000723AFE73E230370062343700C23A9E78E
:1053F0001323037083789B000133DFE75723037087
:105400000223DBE73E2303700D239BE73E2303705B
:1054100001234370112395E73E2303700623437055
:1054200012238FE73E23037009234370132389E778
:105430003E2303702420EBF7B5FC18B12423A3709E
:105440001423BBE70E23A3701023B7E73E2303709A
:105450002520EBF7A7FC227B20B125230B32A3707C
:1054600062708CE70F2304F10B0104F10800A370B4
:1054700002F1080302326370BDE8104007F003BB7D
:105480003E2303702620EBF78DFC18230028D6D08E
:105490002622A27092E73E2303702A20EBF782FCBB
:1054A00018B12B2363702A234CE71D236370192343
:1054B00048E73E230370072343701A2342E73E2345
:1054C00003703820EBF76EFC18B13823A370262345
:1054D00074E72C23A37020236370E38A03F00F0387
:1054E000E3824CE7FF2303700D234370802329E7F9
:1054F000FF23037029234370812323E73E23037096
:105500000C23437023231DE73E2303700E234370B7
:10551000372317E73E2303700A234370352311E72F
:105520003E230370FE2343702B230BE708B510B90D
:105530006FF0150008BDFFF7D6FE0028F8D0002058
:10554000F8E710B50C4648B141B1FFF784FE0028DA
:1055500020700CBF6FF02200002010BD6FF015000E
:10556000FBE7F8B5941C0E46054617460C4463430A
:10557000B3F5004FA8BF4FF0FF3310F003019CB20A
:1055800003D0B0211420EBF77FF9B4F5004F01D917
:10559000B121F7E71422043007F08CFAEF746C8025
:1055A0002E80F8BD38B50388C4888B420589C4F3C2
:1055B0000E0203D2D1211420EBF766F984EA050329
:1055C000C3F30E030BB9AC4206D102F1180301225A
:1055D000C1528274184438BD1846FCE702310144B8
:1055E0004A43B2F5004FA8BF4FF0FF3290B21B30D4
:1055F00020F00300B0F5004F34BF00B24FF0FF3091
:10560000704740881B3020F00300B0F5004F34BFD6
:1056100000B24FF0FF3080B2704738B503888B423C
:1056200003D2F7211420EBF72FF9857C65B1C388ED
:10563000C3F30E031833C25A8A4207D3C152811DE5
:10564000EBF7C0FB00238374284638BD0025FBE739
:1056500003461830F0B59E88DD88B4B2C6F30E0656
:10566000A54214D05F89DD7C845B3D44E41B023598
:10567000A4B2354428440D88A54284BF0C80254639
:105680005989B1FA81F149091170DD81F0BD002518
:105690002846FAE7F8B582880026C38904460D46F5
:1056A00092B20E60CBB14189C2F30E020B441832A4
:1056B0009BB28718825A4381934204D94FF4A27156
:1056C0001420EBF7E1F804D1011DEBF77BFB4681D9
:1056D0002F6000230120E381F8BD1846FCE7838892
:1056E000014602899BB29A4202D00831EBF76ABBAD
:1056F00070478388C0889BB2C31A5842584170478C
:10570000828873B595B2C488C2F30E02AC4202F12E
:10571000180212D04189C689835A314499420EDB5E
:105720000DF10601ADF80650EBF74CFBBDF8060095
:10573000001B18BF012002B070BD0020FBE7012054
:10574000F9E770B5C488034606891830C4F30E051E
:1057500084EA0602C2F30E020AB9B4420FD19C8950
:105760001A880CB1465B921B914207DCDA7C2C4410
:105770000232224410440A461A8270BD00221046AA
:10578000FAE7F8B5038A002B38D08B4236D3C488A9
:1057900000F118038589C4F30E041E1995B91D552F
:1057A000757085891E5B0D443144ADB285811953F6
:1057B000D2B1811DEBF706FB002383810023038216
:1057C0000120F8BD1E5BAE4204D04FF4F6711420E8
:1057D000EBF75AF8C57C2644878A023535445E19B2
:1057E0005F53857DB570DCE7C27C254402322A44D4
:1057F00099189B5A83828B788375DFE70020E0E756
:105800008388C2889BB29A4206D0428922B9C3F3E8
:105810000E0318331844704700207047C37C0233CE
:10582000C8187047C37C0233C81A704702307047EB
:1058300038B58388C2889BB29A4207D045892DB972
:10584000011DEBF7BFFAC581012038BD0020FCE740
:1058500003881380C388C3F30E031833034480897D
:105860000B6070470368002223B9C0E90132031DB1
:105870000360704759681B680A44F5E70729034627
:1058800070B504D84FF4EC711520EAF7FDFF0068FD
:10589000C0B1446806461A688C4210D0106860B9DE
:1058A00001F10805AC420DD3546850501868651AD0
:1058B000541800686560505002E01346E9E7146828
:1058C00030461C6070BD0023C1E9003203680B60E4
:1058D0000160704730B590B18478B1FBF4F304FBFC
:1058E000131300EB430252898A4201D1D8B230BD72
:1058F000C27822B900F10803D0B2844201D8FF2057
:10590000F5E733F8025F01328D42F5D1EFE7827897
:10591000038805324B4303EB4203184470470023CE
:1059200007B5CDE900338DF806006846EBF72AFC91
:10593000B0FA80F0400903B05DF804FB37B50024ED
:105940000546CDE900448DF806006846ADF80440F0
:10595000EBF718FCBDF8044008B103B030BD294690
:105960002046EBF7EBFB0028EFD040F23521172063
:10597000EAF78AFF70B51E460D460921FFF72EFE95
:105980000446324609212846FFF728FE40EA040370
:105990001B0454BF00194FF0FF3070BDD31D23F01E
:1059A000070370B5083390B110F0070403D05821F5
:1059B0002220EAF769FF04604FF6FF75C28000F10C
:1059C00008040A468180013A92B2AA4203D103FB3D
:1059D00001F0083070BD0668266004601C44F2E7E0
:1059E000012303707047F8B50C46054611461E4664
:1059F00084F001046400E4B2FF23837003191B7D6B
:105A0000012B05D00134E4B203191B7D012B0AD10F
:105A100005EB44073B8B3A8C9819904205DD002337
:105A20002C443B8323750020F8BD05EB84043246EB
:105A300060681844FFF772FA3B8B1E443E830023D4
:105A4000AB700120F0E781F00101490010B5C9B247
:105A5000FF23837043181C7D012C07D10C3120F8E3
:105A6000112002221A750023837010BD0131C9B2C2
:105A700043181C7D012CF1D04FF499710920EAF7ED
:105A800003FF024630B5837803F0FF00F3B9137DBE
:105A9000022B19D0537D022B15D10346012089B169
:105AA0000024D5180C332C7522F813401318032446
:105AB0001C7502EB80035B680B6000F10C0332F88D
:105AC00013308B80012030BD0123E8E70020FAE786
:105AD000034630B5827802F0FF00E2B99A7D022ACF
:105AE00017D0DC7D022C13D1032281B11D190020B7
:105AF0000C34287523F8140098180324047503EB5C
:105B000082000C32406833F8123008608B8001202C
:105B100030BD0324E9E70020FAE7037D012B01D122
:105B2000008B7047437D012B0CBF408B00207047DA
:105B3000837D012B01D1808B7047C37D012B0CBF6E
:105B4000C08B00207047038B23B9408B003818BFEF
:105B50000120704701207047838B23B9C08B003828
:105B600018BF0120704701207047027D022A01D131
:105B7000008B7047437D022B01D1408B7047032A75
:105B8000F6D0032BF9D000207047827D022A01D184
:105B9000808B7047C37D022B01D1C08B7047032AD5
:105BA000F6D0032BF9D0002070472DE9F0410646CE
:105BB000069898460D46430711469DF81C7002D082
:105BC00010F0030003D025214C20EAF75DFE4FF4CE
:105BD0008B72FFF7E3FE002F06AB044600FB08F1D3
:105BE00014BF00201846EBF70FF917B9069B336076
:105BF0002C60BDE8F081EBF7D3BCEBF72DBD08B509
:105C000001210020EBF784FA20B940F64A31322016
:105C1000EAF73AFE90F89400003818BF012008BD5A
:105C200090F86C00003818BF012070472DE9F04152
:105C30001446002507460E4604F10F0810220021E5
:105C4000204606F037FF631E711913F8010F11F893
:105C5000012B434582EA00021A70F6D11035042365
:105C600022462146384606F068FE502DEBD1BDE8AD
:105C7000F0812DE9F0411D46D37B88B0144688465B
:105C8000013307462146D373404604236A4606F093
:105C900054FEE37B04AE2146013340463246E373B3
:105CA000042306F04AFE57B17B1E6A461F3711785F
:105CB00013F8010F4140BB4202F8011BF7D16B46BC
:105CC0002C461A46083403CAB24244F8080C44F879
:105CD000041C1346F5D105F110033246083303CAFC
:105CE00043F8041C08A943F8080C16468A42F4D16C
:105CF00008B0BDE8F081F0B59BB004460E461546ED
:105D00000021102268461F4606F0D4FE1022002112
:105D10000DEB020006F0CEFE10AA04F1100C206874
:105D2000083454F8041C1346644503C31A46F6D1DC
:105D300014AA3068716816AB03C22A461035106881
:105D4000083252F8041C1C46AA4203C42346F6D16A
:105D500008A910A8ECF796FB3B4604AA694608A8D8
:105D6000FFF787FF1BB0F0BD10B50D210446EBF720
:105D700029FA0E21EBF7CCF9B4F86422B0F85431CB
:105D8000013294F8201292B2A4F864221BB193421B
:105D90008CBF0023012394F86622D2B21BB901F014
:105DA0000F031A4307D0062384F862322046BDE869
:105DB0001040F7F70DBE052384F86232B0F8521197
:105DC000B0F83C31B4F8642201FB0233E381EDE723
:105DD0002DE9F04F934690F85D7291F83E21894687
:105DE0008BB00025044640F2712A8DF81830062346
:105DF0008DF810508DF81930B7FBF2F102FB1177D6
:105E0000B9F83A210D21FFB25743D0F8C4200092CF
:105E1000EBF7D8F90E210190EBF77AF9D4F8D4100A
:105E20000AFB07F68046C97C012935D103A90198F0
:105E300003F0F1FB18B14A218E20EAF725FD039A01
:105E4000019203F046F9019A054692F82B01EFF70B
:105E500095FB94F85D2298F83E11B2FBF1FC01FB32
:105E60001C2212F0FF0261D094F811C0B8F83A1168
:105E7000624505BF4A43D8F830110CFB01110AFBFB
:105E8000021218BF0AFB01F229180BEB020089B2BB
:105E9000FDF770FB00F11005C4F8C4502046D8F897
:105EA0004CA16D00FCF796F9D4F8D430824594BF2C
:105EB00055442D18DB7C05F2DB15012B059504F10B
:105EC00018056DD1002F6BD0637C93B3284606F084
:105ED000E1FB40F27122B9F83A31009E534340F29F
:105EE000A91216EB02082CBF0122002213EB0803B3
:105EF00042F100021B1842EB0101D4F8C4006FF418
:105F0000D472121A34BF6FF001004FF0FF30D21874
:105F1000059B41EB0001A3602846CDE9082104A9B7
:105F2000FEF7F4FA002844D1FF2185E7D8F83021A4
:105F3000AAE7D4F8BC3040F2A916A6EB531606F037
:105F4000ACFBD4F8C830D4F8D4E0F717002BB8BFB6
:105F50001F334FEA63184FEAE37C9EF811309EF836
:105F600017E0012BB9F83A3140F2712914BF102221
:105F7000202209FB03F313EB08034CF1000C083B50
:105F80004CF1FF3CB3EB0E036CF1000C9B1947EB9B
:105F90000C071B1841EB07019B1A61F10001ACE7EC
:105FA000D9F83031D4E9002133449B1841F1000184
:105FB000A3E70BB0BDE8F08F13B50446084601A96E
:105FC00003F04BFB18B9A1892046F7F781FF02B017
:105FD00010BD2DE9F8430D210546EBF7F3F80E212E
:105FE0008046EBF795F895F85D42064690F83E71CD
:105FF000F7F73EFF96F83F3103F0FF0953B94146EA
:106000002846FFF7D9FF95F86232042B06D12846BF
:10601000FFF7AAFEBDE8F843FEF764BAB4FBF7F356
:1060200007FB13440134E4B2A742F3D001234A46EC
:1060300031462846FFF7CCFEECE738B5D0F8D4302F
:106040000446B0F86452B3F847302B4483810423EC
:1060500080F8623201F00F0141EA02120D2180F84E
:106060002022EBF7AFF801462046FFF7A5FF2046B8
:10607000BDE83840FFF778BE2DE9F14FDDE90A5B56
:106080000746894668880D2192469846EBF740F806
:1060900004460E216888EBF73BF80646E4B390F817
:1060A0003F31CBBB94F86732B3BB94F86232022B1A
:1060B00011D190F8723173B1BBF80630B0F870515D
:1060C000ED1A47F6FD73013DADB29D4203D901467D
:1060D0002046FCF7FFF994F86232032B14D1BBF889
:1060E0000630E589AB4241D194F82F210E2A16D80B
:1060F00094F86232052B0FD00F220221204601B006
:10610000BDE8F04FFFF799BF94F86232022BE6D05A
:1061100094F86232052BE2D001B0BDE8F08FB6F8FA
:106120003821A4F818321344B7EB0A02E38169EB73
:10613000080352EA030114BF0121002157452174CD
:1061400079EB0808C4E9007904D240F24B218E2093
:10615000EAF79AFB13B14FF41371F8E702233146C3
:10616000204601B0BDE8F04FFFF732BEED1A47F60A
:10617000FD73013DADB29D42CED994F86232052B3C
:10618000CAD0E38903220021A4F81832B6E72DE92A
:10619000F047914686B00746884650880D21EAF7B9
:1061A000B7FF04460E21B9F80200EAF7B1FF064630
:1061B000002C4DD0237C002B4AD00025D4F8D430BD
:1061C0002574DB7C012B0ED102F083FF054699F884
:1061D0008300EFF7D3F92918D6F8300189B2FDF71B
:1061E000C9F900F110056FF4D472D6F83031D6F841
:1061F0004C612046BA1868F1000A9B184AF1000A5F
:10620000B3EB05096AF1000AFBF7E4FF86424FF0A1
:106210000003694628BF06468DF8003040F202634D
:1062200004F1180006EB4506ADF8083006F2DB165F
:10623000CDE9049A0196FEF7C9F948B1D4F8D430F3
:10624000A660C4E90078DB7C012B08BFC4F8C45009
:1062500006B0BDE8F08770B50D210546EAF7B2FF3C
:106260000E21EAF755FF0446FF2380F83F3105F180
:106270001806304606F080F9304606F089F900230A
:1062800085F8623284F83F3170BDD0F8D42090F8A0
:106290006232022B20D1D0F8D43093F84B30162B39
:1062A00016D0282B16D0132B14BF0F23012390F8E0
:1062B000201263F3030180F82012002380F8623279
:1062C000B2F84730B0F864120B44A2F84730704778
:1062D0000123ECE70323EAE7FF2380F866327047E7
:1062E00038B50D210546EAF713FF0446F8B90D212C
:1062F0002846EAF7D1FE0446C8B100214FF42E72B9
:1063000006F0D8FB0E212846EAF702FF40B100F163
:10631000E20200F1DA0104F1DA03CA30FAF7D0FA46
:1063200040F6FF739D4202D02046ECF72FFA20463C
:1063300038BD10B50E21EAF7AFFE044618B95E214C
:106340005320EAF7A1FA4FF4BA72002106F0B2FB2B
:106350000123142284F8F33084F8F42084F81731F0
:1063600010BD40F6FF73984203D101F1400004F0E4
:106370005BBB0846FFF76FBF002381F8C230704750
:1063800010B50446EEF7C8FB4B0414D50D2120468A
:10639000EAF7BEFE40B10D212046EAF7CFFE18B164
:1063A00080215320EAF770FA0E212046EAF7C6FE54
:1063B00008B18321F5E710BD2DE9F0410C460E210F
:1063C0000746EAF7FFFE80460E21EAF7A1FE0D21FF
:1063D00005464046EAF79CFE3E23064623701623F8
:1063E00063703023A3707B7AA4F80480E37095F87F
:1063F0001631A37197F80A80B8F1010F84F807806D
:1064000028D12946FCF754F9414696F9D900FCF702
:10641000BBFC96F8953260722372D6F85032C3F303
:106420000722A372C3F30743E272237395F83E3148
:106430006373B5F83A31E381B5F838312382B5F8A2
:1064400052316382B5F85431A382B5F85031E382FA
:10645000BDE8F081002380F86232B7F90C10BDE886
:10646000F04101F04CB937B504460D4601A80021B2
:10647000EEF724FD014628B1019B0DF10301DB7805
:106480008DF803302A462046EFF7B2FB03B030BD4B
:1064900038B504460568ECF7B1FD002385F8913264
:1064A0002046BDE8384003F034BF10B50C46114615
:1064B0000368A4F12E020B2A2FD8DFE802F0062E83
:1064C000162E222E2E28102E2E1C9B7B382B01D010
:1064D0004F2B22D1012200F0DFFA002010BD9B7B60
:1064E000392B1AD1ECF7A2FAF7E79B7B3A2B14D1A0
:1064F000ECF7DEF9F1E79B7B3B2B0ED1FFF7C8FFF2
:10650000EBE79B7B3E2B08D1ECF7ECF9E5E79B7BB7
:10651000442B02D1ECF70EFADFE70220DEE72E393A
:106520000B291AD8DFE801F006190D1913191916ED
:106530000A19191001221A2100F0AEBA1A21ECF73B
:1065400075BA1A21ECF7B4B91A21FFF7A1BF1A21C5
:10655000ECF7C8B91A21ECF7EDB9704737B50C461E
:1065600001A9154603F057F868B9019AD37B443B5B
:10657000012B08D9937B443B012B04D92A462146A1
:1065800001A8ECF715FA03B030BD70B50C460E212A
:106590000546EAF717FE0E210646EAF7B9FD9522F1
:1065A000A68022706A7AE270002A53D190F84820BF
:1065B000A271B0F85420A4F8072090F84920627224
:1065C00090F84A20A27290F84B20E27290F84C208A
:1065D000227390F84D20627390F84E20A27390F8C9
:1065E0004F20E27390F850202274B0F85620A4F89F
:1065F0001120B0F85820A4F8132090F851206275AB
:10660000B0F85A20E282B0F85C202283B0F85E2015
:106610006283B0F86020A283B0F86220E28390F831
:10662000522084F8202090F8532084F82120B0F8DC
:106630006420628490F8662084F8242090F8672013
:1066400084F8252090F8682084F8262090F8693096
:1066500084F8273070BDF8B504460D46ECF7ACF869
:10666000027903462270427962708279A270C279FF
:10667000E270027A2271C289A4F80520028AA4F885
:106680000720427A62721E7841788778C27801F0DA
:106690000F01408A267341EA07119E8902F0030226
:1066A000A4F80D609E7AE6739E8A2682DE8A668250
:1066B0001E8BA6825E8BE682DE7AA172C0F3001189
:1066C000760042EA8102C0F34001267642EAC10226
:1066D000C0F38001C0F3C00042EA011242EA401256
:1066E000E27265B19A8BA4F819209A7FE276DA7F7C
:1066F000227793F82020627793F82130A377F8BDB2
:1067000008B51221B0F8AA00EAF702FD10B1407CEA
:10671000C0F3C00008BD0140002310B5D8B28242CA
:1067200001D8104605E041FA03F4013314F0010FDB
:10673000F4D010BD0138032810B59DF8084010D8DA
:10674000481E03280DD8501E03280AD8914208D8A5
:106750003BB10A2C05D840F21740E04000F00100A0
:1067600010BD0020FCE7F7B5C77A0D46C37B044691
:10677000817A067B0A09009301F00F0107F00303F9
:106780003046FFF7D7FF3DB17D0705D520B1E07E4C
:1067900000903046FFF7CEFF03B0F0BD30B5002AC1
:1067A0007BD04B7E8C7ECA7A43EA0423C2F38002FC
:1067B000A0F86430CB7E80F866300B7F80F86730BD
:1067C0004B7F80F868308B7F80F869300B7B80F8D6
:1067D00048308C7B4B7B43EA0423A0F854308B7AFF
:1067E000C3F3030380F849308B7AC3F3031380F8B3
:1067F0004A30CB7AC3F3010380F84B300B7880F832
:106800004C304B7880F84D308B7880F84E30CB7818
:1068100080F84F300B7980F850308C794B7943EA0F
:106820000423A0F856300C7ACB7943EA0423A0F86D
:1068300058304B7A80F85130CC7AC4F30013C4F34B
:10684000C005C4F340149B0043EA450343EAC40374
:1068500043EA0213A0F85A300B7C4A7C43EA022335
:10686000A0F85C30CA7C8B7C43EA0223A0F85E303F
:106870004A7D0B7D43EA0223A0F860308B7DCA7D00
:1068800043EA0223A0F86230CB7B80F852300B7EC3
:10689000C3F3460380F8533030BD1346426680F898
:1068A000682091E72DE9F8430568044688461646B6
:1068B00095F8A890B9F1000F06D02B6813F4085F83
:1068C00005D00120BDE8F883EB7B002BF9D13146E0
:1068D0004046FFF748FF0746EEF71EF90B040CD4BD
:1068E000B9F1000F02D0EB7B002BEAD11A2220462F
:1068F0002E21BDE8F84303F03ABD2368DA7C0AB1E3
:106900001A7D0AB92F22F2E70FB91E22EFE70E21F6
:10691000B3F8AA00EAF7FCFB074690F8C93073B158
:106920002368FF2283F84B21B9F1000F0ED15EB12D
:106930004F23EB73204603F0F4FC0020C2E73246FD
:106940004146FFF72BFFEFE73823F2E72B6836B11C
:1069500043F400532B60FF2387F8C330EAE743F486
:1069600000732B6087F8C360F8E7202A70B401F148
:10697000010604D10122314670BCFFF793BF1A2AE9
:1069800001D10022F7E7046894F8A84014B970BC5C
:1069900003F01ABD097870BC03F005BDF8B50F68A7
:1069A000461C0D463846FFF7ABFE044650B12B6837
:1069B000202207F1A80093F8A810EFF78DF880F0D7
:1069C0000104E4B230462146FFF745FE002C0CBF1F
:1069D0001A202020F8BD70B50568044620222846FC
:1069E00010F8A81FEFF778F806462068FFF788FE32
:1069F000AB7B30B12EB943B14FF4FB71D520E9F731
:106A000043FF2BB140F2FB11F8E74F23AB7370BD8E
:106A10003823FBE738B50B68451C93F8A8206AB902
:106A2000DC7BA4F14F035C425C4128462146FFF722
:106A300012FE002C0CBF1A20202038BD0E21B3F806
:106A4000AA00EAF765FB90F8C340003C18BF012498
:106A5000EBE738B50468054694F8A83033B9E37B12
:106A600043B140F29711D520E9F70EFF236813F4E4
:106A7000085FF6D0002104F1A800EBF7BFFF2B68F8
:106A800093F8A8301BB1236823F4085323602846E9
:106A9000BDE8384003F057BC70B50668154604469B
:106AA00006F1A800EBF7AAFF15B1002386F84B31D9
:106AB0002046BDE8704003F02CBC202AF8B50546FE
:106AC0000C4607680DD01A2A28D097F8A8301BB9B1
:106AD000BDE8F84003F078BC0978BDE8F84003F061
:106AE00062BC0126BB7B382B01D04F2B22D1013455
:106AF00031462046FFF737FEC8B10E21B7F8AA008D
:106B0000EAF706FB90F8C93003F0FF0743B1002213
:106B10003A212846FFF7C0FF0020F8BD0026E1E734
:106B200032462146FFF73AFE01223946F1E70122BB
:106B30001E21EEE70120F0E770B50C460E21054658
:106B4000EAF740FB0E210646EAF7E2FA3E23A6806A
:106B5000014623704C2363702D23A3706B7AE3707E
:106B60002BB9A01D4822BDE87040FEF7D7B970BD13
:106B7000036810B5DB7B04469BB9EDF7CDFF0B0432
:106B800006D41A2220463621BDE8104003F0EFBBA0
:106B90002368DA7C1AB11B7D0BB11122F2E72F2298
:106BA000F0E7012010BD08B503689A7B1AB1862171
:106BB000D820E9F769FE39229A7308BD38B5044632
:106BC000084623689B7B392B12D103F02DF82368EC
:106BD00005460E21B3F8AA00EAF79AFA4822294698
:106BE000FEF79CF920460021EBF720FF002038BD7E
:106BF0000120FCE70B680E2110B50446B3F8AA008B
:106C0000EAF786FA90F81631022003F03F0363702A
:106C100010BD08B503689A7B1AB1DC21D620E9F7CC
:106C200033FE3A229A7308BD70B50568044695F89C
:106C3000A8602EB9EB7B33B1E421D620E9F724FE1E
:106C40002B685B05F8D500212046ECF75DF81EB1F6
:106C50002B6823F480632B602046BDE8704003F06E
:106C600072BB03282DE9F843154699469DF820404C
:106C70009DF824809DF834709DF8406002D9002072
:106C8000BDE8F8830846FBF783FC0028F7D0002D09
:106C9000F5D009F1FF33022BF1D8002CEFD0221FE1
:106CA000D2B2FA2AEBD9FF2C10D0B9F1010FE6D0FD
:106CB000B9F1020F2FD104F0FD04012CDFD1B8F19E
:106CC000000FDCD09DF828309845D8D89DF82C309E
:106CD000032BD4D89DF83030013B022BCFD87B1E3C
:106CE000012B01D9082FCAD19DF83830062BC6D800
:106CF0009DF83C303343012BC1D8012EC0D19DF803
:106D00004430012BBBD89DF84800023806288CBFC0
:106D100000200120B4E7022CD0E703787F2B10B5C8
:106D200004468CB002D900200CB010BD3F2B03F0FC
:106D30003F0004D803288CBF00200120F4E7637DC6
:106D4000611C0A93237D1A0903F00F03099208932B
:106D5000E37CC3F3011203F00F0307920693A37CB5
:106D60000593637C0493237C0393E37B0293A37BCF
:106D70000193637B0093237BE27AFFF772FF002885
:106D8000D1D0A37D072BCED8E37D072BCBD8237E94
:106D9000092BC8D8607E0228CDE7032930B5044608
:106DA0009DF80C50184601D0032A03D1237913F023
:106DB00001031ED010B9A3793BB930BD01380128B9
:106DC00094BFE079207A0028F7D0022D0BD1637AA6
:106DD00013F00200F1D09DF81030012B0BD1A07CF4
:106DE000C0F38000E9E7082DF5D1637A13F00400C1
:106DF000F0E71846E1E70120DFE72DE9F34104461B
:106E00008846EBF7D9FC0546E67C98F8F23006F0A8
:106E10003007B7FA87F25209134113F0010335D056
:106E2000237D03F00F030193A37C009306F00F036F
:106E3000627B217BFFF7B1FF28B3A27D062A04D82D
:106E4000AB8A134113F0010320D0E27D062A04D857
:106E5000EB8A134113F0010318D0227E082A04D8CC
:106E60002B8B134113F0010310D0627E012A04D84A
:106E70006B8B134113F0010308D0730603D517B9C8
:106E8000A87CC0F3001002B0BDE8F0811846FAE714
:106E900070B5066804460D46B37B3A2B2ED10E2101
:106EA000B6F8AA00EAF734F96A7890F8161102F0F9
:106EB0003F0290F8F830914214D001227BB980F85B
:106EC000173180F8F8201E212046EBF71DFF002522
:106ED00086F84D51204603F01CFA284670BD80F814
:106EE0001721F0E733B9012280F8172180F8183113
:106EF0000021E9E7002380F81731F9E70120EDE7E9
:106F000070B50C460E210646EAF75CF93E230546AD
:106F10002370042363702E23A370767AA080E6701A
:106F2000BEB90E21EAF7F4F80D210446A0F840613D
:106F30002846EAF7EDF848B100F1DA0304F1E2027D
:106F400004F1DA0104F1CA00F9F7BAFCFF2384F86E
:106F5000C43070BD7FB505460E4601A80C2114460D
:106F6000EAF74EFB01AB03CB039B696028603360FB
:106F7000EEF70CFE0546EEF709FE6060256004B0F2
:106F800070BD10B5A0F1880400F1620200F1560155
:106F90004A30FFF7DFFF0E212046EAF713F90221FE
:106FA000EAF7B6F83D23C37310BD0B680E2110B588
:106FB0000446B3F8AA00EAF7ABF800F1EA0300F1DF
:106FC000DE0200F1D201204602F052FE152010BD73
:106FD00038B505680446EB7B3B3B022B03D9B22155
:106FE000D420E9F751FC03F0AEF900212046E97303
:106FF000BDE83840ECF702B83E3804288CBF0020CA
:1070000001207047F8B500F1F9070E460446154611
:1070100000F148023846FBF7E5FA84F814013046DF
:10702000FAF71AFFA02201463846FAF7DFFFA84216
:1070300028BF2846F8BD73B50E21AA38EAF7C2F872
:1070400001A9064602F0E7FA044650B93046019D10
:10705000FFF746F938B943F20723A5F89A303523EC
:10706000EB7302B070BD012380F8623280F8D84023
:107070004023F5E738B50B780C4615461BB192F95D
:107080000020803209D190F8790004F083FD0123BB
:107090008340237000232B7038BD013B012202FA8C
:1070A00003F30B70F8E738B5044691F820010D465C
:1070B00004F070FD012394F857218340934223D0BC
:1070C000B5F8AA000F21EAF723F8054620B94FF4D6
:1070D000C171D320E9F7D8FB94F8570104F075FC8F
:1070E00005EB400595F9193094F9582113446FF0D8
:1070F0007E029342B8BF134694F9F4209342A8BF8E
:10710000134684F8593138BD95F92831ECE738B584
:10711000044690F820010D4604F03CFD012303FADB
:1071200000F0A84215D0B4F8AA000F21E9F7F0FF4B
:10713000044608B9002038BD284604F046FC04EB9C
:10714000400494F921307D2BF4DCBDE8384004F094
:1071500077BC1846EFE7F7B50E6804460E21B6F87F
:10716000AA0006F1A807E9F7D3FF96F89F30054675
:107170001BB9F3880633A0F83C3195F82D310DF199
:10718000070238460DF106018DF8063095F82E31CC
:107190008DF80730FFF76EFFB5F83C211D2095F8FC
:1071A0001631628095F8302103F03F03227195F883
:1071B0003121627195F83221A27195F83421E27182
:1071C00095F83521227295F836216272B5F8502172
:1071D0006281B5F83821A28195F83E21A273B5F8F5
:1071E0003A21A4F80F2095F84C21627495F84D21AE
:1071F000A27495F84E21E274B5F85221A282B5F836
:107200005421E28295F85621227695F82F21637059
:1072100062769DF80620A2769DF80720E276FF228E
:10722000227703B0F0BD08B503689A7B22B14FF412
:10723000F871D320E9F728FB3E229A7308BD036852
:10724000F7B50E210746B3F8AA00E9F761FF044637
:10725000D0F84C2190F85611FFF7D4FE94F83E3147
:107260000546C4F84C01012B1CD9B4F83A611EB98B
:10727000E321D320E9F708FB40F271235E4301F0DC
:1072800028FF00F5FA71304689B2FCF773F900F275
:10729000F7102B189E4205D2351A40F2E2439D4268
:1072A00038BF1D46D4F830316A463946204600932F
:1072B000D4F83431C4F84C51019301ABEBF7B0FE74
:1072C000009B23F07F43C4F83031019B23F07F43C0
:1072D000C4F8343103B0F0BDF7B50F6805460E2190
:1072E000B7F8AA0007F1A806E9F712FF97F89F3050
:1072F000044663B9FA88B0F83C11C2F57F43FA330B
:107300000B441BB2002BDCBF0632A0F83C2194F8E2
:107310002D310DF1070230460DF106018DF80630D2
:1073200094F82E318DF80730FFF7A4FEB4F83C2115
:10733000162094F816316A8094F8302103F03F0348
:107340002A7194F831216A7194F83221AA7194F863
:107350003421EA7194F835212A7294F836216A7240
:10736000B4F838216A8194F83E212A73B4F83A219E
:10737000A5F80D2094F84C21EA7394F84D212A7455
:1073800094F84E216A7494F85621AA749DF8062048
:10739000EA749DF807202A756B7000236B7503B0A3
:1073A000F0BD08B50368D87BFFF726FE20B940F290
:1073B000CE21D320E9F768FA4222DA7308BDF8B586
:1073C00017461D46064608460C46FAF745FDAB78BB
:1073D000BA78934228BF1346984201D90020F8BDDD
:1073E00031462046FAF744FD7B788342F6D3B6FA5D
:1073F00086F120464909FAF73BFD6B78834234BF9A
:1074000000200120EBE773B50E6805460E21B6F8A3
:10741000AA00E9F77DFE0D210446B6F8AA00E9F7B7
:1074200077FE18B93521D220E9F72EFAB37B01A9EE
:10743000D0F8D420442B18BF8389284618BFA4F85D
:1074400046314FF00003527F62F305038DF804309C
:10745000B4F84631ADF8053094F844318DF8073072
:1074600002F008FC052002B070BD10B504680D21C3
:10747000B4F8AA00E9F74CFE18B94D21D220E9F77B
:1074800003FAA37B0BB14F21F8E74423A373BDE8B4
:107490001040FEF7FABEF7B5076805460E46FC7BBE
:1074A000002C64D197F8A83023B93521B87BFEF7BA
:1074B000DAFF0446EDF730FB0B0452D52B68DA7C7B
:1074C000002A50D01B7D002B4DD0C4B9304601A9F5
:1074D00002F0DEFB2E680E21B6F8AA00E9F718FECE
:1074E0000D210446B6F8AA00E9F712FE9DF8043013
:1074F00094F8162103F03F03934209D00C2422464E
:107500003521284602F033FF0646304603B0F0BD71
:107510000028F3D090F86232012BEFD090F8663259
:1075200003F0FF060BBBBDF80520B4F8541193B26D
:1075300031B1B4F840C1A3EB0C039BB29942DDD941
:107540009DF80730A4F8482184F8443190F862325D
:107550000BB1FEF79AFE45232846FB7302F0E1FECD
:10756000D3E71A24CBE72F24C9E73A24C7E701263B
:10757000CBE773B50E6805460E21B6F8AA00E9F709
:10758000C7FD0D210446B6F8AA00E9F7C1FD18B9F8
:10759000D2210846E9F778F9F37B01A9D0F8D42085
:1075A000452B08BF8389284608BFA4F846314FF011
:1075B0000003527F62F305038DF80430B4F84631BE
:1075C000ADF8053094F844318DF8073002F06BFBCC
:1075D000052002B070BD70B505680446EB7B443BE6
:1075E000012B03D9E721D220E9F74EF90E21B5F896
:1075F000AA00E9F78DFD0D210646B5F8AA00E9F7C6
:1076000087FD002386F8453160B9002296F84511C0
:107610002046EBF7CDF900232046EB73BDE8704020
:1076200002F091BE90F86232002BEED0F3E7F7B58E
:10763000066805460F46B37B443B012B3ED80E211E
:10764000B6F8AA00E9F764FD0D210446B6F8AA00D1
:10765000E9F75EFD01A90646384602F032FB9DF8C7
:10766000043094F8162103F03F0393424FF00003D7
:107670000BBF84F845311E22019B84F845210DBFC4
:10768000C3F30F23A4F84831A4F84631A4F84831D5
:107690007EB9002294F845112846EBF789F92B684A
:1076A000002483F84F41284602F033FE204603B001
:1076B000F0BD96F86232002BEBD0F0E70120F6E740
:1076C00070B512680446B0F8545192F84F0108B1F1
:1076D0003A2070BD91F8666206F0FF00002EF7D1E7
:1076E000012D0AD003D9B1F86412A94205D2FF21B5
:1076F00082F84F1184F84431EBE70C20E9E70029C8
:10770000F8B511DDD0F8D4708CB2002600F1DA059E
:1077100001362846F8F7C0FEB3B2A342F8D3B7F853
:1077200047301C44A7F84740F8BD7FB50D680646B2
:107730000E21B5F8AA00E9F7EBFC04460D21B5F8D7
:10774000AA00E9F7E5FCD4F86A11034601AAD4F8C7
:10775000660103C2B4F86E111180AA7B432A0FD0D0
:10776000EA880632A4F870214322AA7343B193F841
:1077700062222AB193F8D83013B1012384F8723110
:10778000B4F87031304601A9ADF80E3002F0A4FA19
:107790000D2004B070BD08B503680E21B3F8AA002F
:1077A000E9F7B6FCFF2380F8C73008BD2DE9FF419B
:1077B000D0F800800F4606460E21B8F8AA00E9F777
:1077C000A7FC0D210446B8F8AA00E9F7A1FC01A91D
:1077D0000546384602F08FFA98F80F7097BB336869
:1077E000DA7C2AB31B7D1BB301AB03CB1B88C4F827
:1077F0005C01C4F86011A4F86431B5B195F8623247
:107800009BB195F8D83083B9BDF80E20B8F80610B2
:10781000531E5B1A47F6FD719BB28B420CD928238D
:10782000324629462046FFF74BFFFF2384F8C83035
:10783000384604B0BDE8F0810123A4F8702184F833
:107840007231F2E70127F3E700207047002070470C
:107850007047012070477047002070477047002034
:1078600070477047704700F0FD00003818BF0120D6
:1078700070470378012B03BFC07FB0FA80F0400946
:107880000020704720B190F86202003818BF012034
:1078900070472DE9F0411646B0F86A70B0F86C50A8
:1078A00071B304F049F80446022101F04EFE80460F
:1078B0000221204601F049FE474528BF4746BFB296
:1078C0001B2F38BF1B27FB2F28BFFB27854228BF54
:1078D00005467780ADB21B2D38BF1B25FB2D28BF79
:1078E000FB25B4F5A47F38BF4FF4A474F580B4F53C
:1078F000296F28BF4FF42964B4803481BDE8F0813A
:1079000003F0BAF9CFE713B501210020E9F700FC35
:10791000C0B901210846E9F7FBFBF8B903F06AFAA0
:10792000A0B906236C46019000908DF806302046E1
:10793000E9F728FCC0B100230093636007238DF8AA
:1079400006301FE0A830FEF76BF910B1012002B03D
:1079500010BDFEF754F90028DBD0F7E7A830FEF79A
:107960005FF90028DAD0F1E70098403003F01CF806
:107970000028DCD0EAE7009B586F503003F014F881
:107980000028E4D12046E9F7FDFB0028F3D00020D1
:10799000DDE71FB5002240F6881303A90092FBF72C
:1079A0006DF905B05DF804FB10B5044638B1EDF78C
:1079B000D1F824EA0000B0FA80F0400910BD01209F
:1079C000FCE770B505460C4603F02AFAF0B92846E4
:1079D00003F06CFBD0B904212046E9F799FB064679
:1079E00078B906212046E9F793FB054680B90321C3
:1079F0002046E9F7A3FB88B141F6CE013920E8F72C
:107A000043FF403002F0D0FF0028EAD00C2010E005
:107A1000403002F0C9FF0028E9D0F7E73EB1042169
:107A20002046E9F78BFB10B141F6D501E6E70DB929
:107A3000002070BD06212046E9F780FB0028F7D022
:107A400041F6DC01DAE770B505461C4608461646E5
:107A5000EB7C83B12B7D73B10E21E9F759FB2368D1
:107A6000C0F866316368C0F86A312389A0F86E31C6
:107A7000FF2386F8243070BD38B50D460446E9F77B
:107A8000A9FCA84212D3204603F0EFFC08B11F2D39
:107A90000ED8204603F061FB60B12946204603F072
:107AA00087FB00280CBF4520002038BD0720FCE7DD
:107AB0001220FAE74220F8E738B5044603F04DFB00
:107AC000D8B1204603F0ACF908B9002038BD2046F3
:107AD00003F0A2F80546204603F0A1F878B9002D7E
:107AE000F3D00221B5F8AA00E9F728FB0028ECD072
:107AF00041F6D8213920E8F7C7FE4220E6E70C20FE
:107B0000E4E7F0B587B00546008802A901F083FDDF
:107B1000044600287CD1029B93F87021029ED11E5E
:107B20004A424A418DF8062096F8A820002A72D1D0
:107B3000DA7B222A72D19DF8062082F0010293F8A6
:107B400066308DF807209B0603D49DF80730002B84
:107B500068D0EB881B3B9BB2E02B65D8298944F2A7
:107B60004810A1F5A4739BB283425DD86B881B3B80
:107B70009BB2E02B58D8AA88A2F5A4739BB283428B
:107B800052D8B1F5296F51D8B2F5296F4ED8FF27D9
:107B900086F82F719DF80630002B41D1029B03AA75
:107BA00006F1A80093F8A810B1FA81F14909FFF78E
:107BB00070FE6A88BDF8123040F64800BDF8141017
:107BC0009342B5F806C028BF13468142AA88A6F89A
:107BD000343128BF0146BDF80E30634528BF6346E7
:107BE000A6F83031BDF81030834228BF03462889FB
:107BF000834228BF03468A42A6F83231134628BF83
:107C00000B46A6F8363186F82E71002386F82F3100
:107C1000204607B0F0BD1A6892068CD422468EE743
:107C20003A24F2E71A24F3E71224F1E71124EFE7EC
:107C300010B5044603F0DEF858B901210020E9F739
:107C400067FAD0B901210846E9F762FAD8B90120EC
:107C500009E0ECF723FF68B1EBF708FE044603F0F8
:107C6000EDFB08B1002010BD204603F0E3FB002827
:107C7000E3D0F7E7002CE0D1F4E7A830FDF7D0FF20
:107C80000028DFD0EEE7A830FDF7CAFF80F0010042
:107C9000C0B2E8E7006890F8A8303BB190F8EA314C
:107CA00023B1002380F8EA31EFF7A8BD704710B583
:107CB00003780446012B01D9122010BDFFF723FEE3
:107CC00060B92078FFF7CFFD01280DD004F117032C
:107CD000E21D611CBDE81040EDF7BCBAEDF74CFBAE
:107CE0000028EED00C20E8E7A37903F0C003C02BF6
:107CF000E2D1EBE710B503780446012B0AD8FFF771
:107D000002FE48B9214611F8010BFFF7ACFD01F066
:107D1000A9FB38B9122010BDEDF72EFB0028F1D0D9
:107D20000C20F8E70020F6E708B50088EDF72AFBFD
:107D300000280CBF3020002008BD38B50546FFF7ED
:107D4000E2FD044638B92878003818BF0120EDF765
:107D50000DFB204638BD0C20FCE708B5FFF7D3FD2E
:107D600018B9EDF7F3FA002008BDEDF705FB002880
:107D7000F7D00C20F8E70823037000207047112289
:107D80004FF442530270C2705922A0F80130828031
:107D9000C38000207047082108B5E9F731FC0020B6
:107DA00008BD73B5064600880C46088001A980B25C
:107DB00001F031FC054640B9B3784BB9019B93F90A
:107DC0002801A070F3F7DCF8A070284602B070BD5F
:107DD0007F20FFF7DEFDF4E710B504466FF07F006B
:107DE000FFF7D7FDF3F7CCF820707F20FFF7D1FD28
:107DF000F3F7C6F86070002010BD0A4600F11001CC
:107E000008B5072304F099FD002008BD10B5014610
:107E100004460020EDF790F808B92060A08000200B
:107E200010BD10B50446ECF709FE28B90020214624
:107E3000EDF76AF8002010BD0020FFF7F9FE0028DA
:107E4000F4D10C20F7E710B504460120FFF7F0FE4F
:107E500028B101202146EDF757F8002010BD0C2075
:107E6000FCE7FFF74EBE1FB502880A8044F290215E
:107E700083888B4215D8B3F5296FADF8042042886A
:107E800001A828BF4FF42963ADF80620ADF80830EB
:107E9000ADF80A20ADF80C30FFF733FE05B05DF801
:107EA00004FB1220FAE737B508800D4601A901F05E
:107EB000B2FB044640B901982A4610F8A81FB1FA4F
:107EC00081F14909FFF7E5FC204603B030BD0346C8
:107ED0006FF06F0100200A2210B56FF00404587093
:107EE00099701C70DA701C7158719971DA7110BD3B
:107EF00010B50446FFF707FD58B92078611CFFF75D
:107F0000B2FCE279EDF702FB80F001004000C0B264
:107F100010BDEDF731FA0028EFD00C20F8E773B56B
:107F200000880D46088001A980B201F074FB044668
:107F300080B9019E86F8224196F82001EAF772FA8C
:107F4000A87096F82101EAF76DFAE87096F82231E8
:107F5000002BEFD1204602B070BD1FB5044603A927
:107F6000008801F058FB38B9A388022B14D8E078B8
:107F7000FFF71AFD10B9112004B010BDA078FFF76B
:107F800013FD0028F7D0012303A80093A388E2780B
:107F9000A178ECF70DFEEFE71220EDE737B5837817
:107FA000C17803F00104027903F0020351EA0405E9
:107FB0001DD052EA03051AD0002C18BF0021002B57
:107FC000037818BF00228DF802108DF80320427844
:107FD00043EA0223ADF8003043798279684643EAE8
:107FE0000223ADF80430FFF7B8FF03B030BD112015
:107FF000FBE713B50C4601A901F00DFB28B9019B65
:1080000093F8A820DB8812B9238002B010BD013399
:10801000FAE713B5044601F048FA00284DD020468F
:10802000FF24EDF7F7FA0023CDE900336846E9F7BE
:10803000A9F848B300244FF44033CDE90043FF24AE
:108040006846E9F79FF818B300204FF48023FF2417
:10805000CDE900036846E9F795F8E8B100214FF44F
:10806000C023FF24CDE900136846E9F78BF8B8B1C7
:1080700000224FF42023CDE900236846E9F782F877
:1080800090B1002002B010BD009B83F83D42CDE7C7
:10809000009B83F88A40D3E7009B83F83440D9E7FC
:1080A000009B83F83440DFE7009B93F83820032AD5
:1080B000E3D1FF2283F82220DFE71220E2E707B5B1
:1080C000008801A901F0C9FA30B9019B93F83F215A
:1080D00012B9FF2283F83F2103B05DF804FB10B50D
:1080E0000446ECF719FD20600020616010BD10B55A
:1080F0000446ECF711FDC4F80510C4F80100ECF7D4
:1081000011FD0368EC220021C4F8093004F10D00D0
:1081100004F0D0FCECF70AFD2070002010BDF0B593
:10812000044689B000200E4604F11807ECF7B0FCB5
:1081300023466A461868083353F8041C1546BB42A8
:1081400003C52A46F6D119889B782980AB70002395
:108150008DF81B308DF81C30637E042B10D8A37E65
:10816000042B0DD8237D022B0AD0637803F018036B
:10817000082B05D031466846EBF770FE09B0F0BD1C
:108180001220FBE7F0B5044689B000200E4604F14A
:108190001807ECF77DFC23466A461868083353F845
:1081A000041C1546BB4203C52A46F6D11B782B702A
:1081B00000238DF81930ADF81A308DF81C30237D6E
:1081C000022B0AD0637803F01803082B05D0314640
:1081D0006846EBF743FE09B0F0BD1220FBE710B58F
:1081E000032104460078E8F793FF20B12178BDE829
:1081F0001040FFF7E6BB422010BD2DE9F7430646CD
:10820000477803210078E8F783FF0446002852D01E
:1082100003F02BF9042F054696F8039004D1B9F129
:10822000000F4ED0122013E0E06CFDF776FCF378DF
:1082300000EB09081FFA88F86BB9204603F0D4F860
:1082400080450ED9204603F010F90028EAD1072016
:1082500003B0BDE8F083204603F0D8F80028ECD145
:10826000E0E741462046FFF707FC0028F0D1FB1E5F
:10827000012B22D9B9F1000FD4D0002DD2D1012F7A
:1082800004D10222E16C6846E9F7BCF84B467268FB
:108290000121E06CFDF7A7FB0028D8D0023F012F99
:1082A00007D8E06CFDF739FC01210246E06CFDF7D0
:1082B000CAFB0020CCE74220CAE785F00102D2B217
:1082C000E0E70028AED1204602F0AAFD0028A9D0A0
:1082D000E06CFDF738FC0028A4D0204603F0F1F84C
:1082E000E7E737B50446EBF7C1FA054623781F2BBD
:1082F00018D8C16C04226846E9F784F822460021A8
:10830000E86C12F8013BFDF76EFB68B1EC6C20469F
:10831000FDF70EFC002102462046FDF794FB0020ED
:1083200003B030BD1220FBE70720F9E72DE9F74342
:108330000746467890F8039003210078E8F7E8FEB6
:10834000044600284FD0ECF7A9FB30B1204603F0DB
:1083500075F8002808BF4FF00009E06CFDF7E8FB56
:10836000FB7800EB09081FFA88F84BB94146204614
:10837000FFF782FB054650B1284603B0BDE8F08305
:10838000204603F05BF80028F0D11225F4E7042E14
:10839000FBD0032E0CD1204603F067F808BB012E5A
:1083A00014BF05220622E16C6846E9F72BF808E0C5
:1083B000B9F1000FE9D0204602F032FDA8B9012E34
:1083C000E9D04B467A680021E06CFDF70CFB70B1F8
:1083D000023E012ED0D842460021E06CFDF733FB6F
:1083E000CAE70422DFE74225C6E70C25C4E70725D4
:1083F000C2E713B504460020ECF74AFBE378FB2BF9
:1084000013D82278043468468DF803308DF80020A4
:1084100014F8022C8DF8022014F8032C01948DF826
:108420000120FFF783FF02B010BD1220FBE710B55B
:1084300004460020ECF72CFBE8F7CCFF208000205E
:1084400010BD73B504460020ECF722FB63787BBBBC
:1084500023783BBB01936C46009303238DF80630D1
:108460002046E8F78FFED0B90098FFF725FB0028DB
:10847000F6D018E09E00032104EB83039878E8F718
:1084800047FEB8B12378012B0BD1B11C2144EBF787
:108490000BFB013538B96278EBB29A42EAD800207A
:1084A00001E013B1122002B070BDFFF705FBF0E749
:1084B0000025F0E74220F6E738B5032105460078AD
:1084C000E8F726FE0446A0B102F0AAFC28B920462F
:1084D000691C02F08BFE002038BD204602F0AEFF82
:1084E00008B10C20F8E7204602F0A4FF0028EED0E7
:1084F000F7E74220F0E737B50446EBF7B7F9054652
:1085000023781F2B18D8C16C00226846E8F77AFF41
:1085100022460121E86C12F8013BFDF764FA68B1CC
:10852000EC6C2046FDF7F9FA012102462046FDF7E2
:108530008AFA002003B030BD1220FBE70720F9E7DC
:1085400013B504460020ECF7A3FAE378FB2B13D80D
:108550002278043468468DF803308DF8002014F832
:10856000022C8DF8022014F8032C01948DF80120C0
:10857000FFF743FE02B010BD1220FBE773B50546BE
:108580000026EBF773F904468DF8046002F05AFFF9
:108590002B78C0018DF80760012BADF8050005D1DF
:1085A00001A92046EBF780FA02B070BD2BB9204636
:1085B00002B0BDE87040FFF77FBA1220F4E710B5B3
:1085C000044634F8020B0880022180B2E8F7A0FDCF
:1085D00020B12146BDE8104003F07CB9022010BD57
:1085E000008808B50880022180B2E8F791FD20B12B
:1085F0000021BDE8084003F06DB9022008BD37B581
:10860000044600880D460880092180B2E8F780FD05
:1086100010B10C2003B030BD0B212088E8F778FDA5
:108620000028F6D10C212088E8F772FD0028F0D14F
:1086300001A9208800F0EFFF0028EBD1019B9B8F60
:108640006B80E7E737B5044600880880092180B2CF
:10865000E8F75EFD10B10C2003B030BD0B2120887F
:10866000E8F756FD0028F6D10C212088E8F750FDE8
:108670000028F0D163880BB91220EDE701A920880A
:1086800000F0C9FF0028E7D1658842F21072019B13
:10869000A9B2D3F8C8405143B3F8DE206243B3F81F
:1086A000D04004FB02229142E6D3D3F8C820D3F88D
:1086B000C8409442F9D100229D875A63621E0A4441
:1086C000B2FBF4F29A63C7E738B5038805460C4657
:1086D0000B8080780138C0B203F0B2F9B8B10F2135
:1086E0002888E8F715FDA0B1AB785D1EA370EDB248
:1086F00000EB450090F91900F2F742FCE0702846C3
:1087000003F0B9F9F2F73CFC2071002038BD1120CC
:10871000FCE70220FAE710B5044680780138C0B2C1
:1087200003F08EF980B10F212088E8F7F1FC68B1E1
:10873000A178012300220139C9B203FA01F1BDE891
:108740001040C9B203F07DBB112010BD0220FCE730
:10875000038810B504460B8098B2A378012B22D869
:10876000E378012B1FD80F21E8F7D2FCE8B1A278FB
:10877000003A18BF012280F82C20E278111E18BFA1
:108780000121012A80F82D1004D190F82E2012F03A
:10879000010201D0002010BD0223202103F051FB73
:1087A0003A28F8D1F6E71120F5E70220F3E710B5F3
:1087B000044680780138C0B203F042F988B10F2135
:1087C0002088E8F7A5FC70B1A178012394F9032073
:1087D0000139C9B203FA01F1BDE81040C9B203F092
:1087E00030BB112010BD0220FCE710B50446EEF7A7
:1087F00007F928B9A17A6078BDE81040F2F7B0BB5C
:1088000010BD008810B508800C4680B20F21E8F733
:108810007FFC20B102F0ACF8A070002010BD022057
:10882000FCE710B50C460221E8F772FC90B1022C6F
:1088300012D804F00102C4F3400480F8EC2180F85F
:10884000EB4112B190F8EA310BB9002010BDEEF700
:10885000D5FFFAE70220F9E71220F7E710B5044642
:108860000078FF280AD00321E8F752FC58B163785A
:10887000A27843EA0223C384002010BDB4F80100AB
:10888000EFF7E8F8F8E74220F7E710B5044600787C
:10889000003818BF0120F2F717FA2078003818BF07
:1088A0000120EEF797FF002010BD38B5837804460D
:1088B000012B07D80388292B39D005D8202B0BD0C2
:1088C000262B2FD011202CE02F2B10D0492BF9D1A3
:1088D000ECF728F9417807E0ECF71EF90546ECF7CC
:1088E0001BF9010F41EA557101F0010103E0ECF7BA
:1088F00013F9C1F38031A378012B01D10029E1D014
:108900000020FDF70CF805460220FDF708F8B5B980
:10891000A8B9A3782088012BC0B20DD1ECF7C4F818
:10892000002038BDECF7F8F8C1F34011E3E7ECF7AD
:10893000F3F8C1F30021DEE7ECF7CAF8F0E70C200A
:10894000EFE707B50378ADF80430437801A88DF858
:108950000630FFF7AAFF03B05DF804FB0620ECF732
:10896000A3B80820ECF7A0B802F0E4BF08B549218D
:108970000120EDF789F8EDF73BFDF2F76FF9BDE85F
:108980000840EFF76DB82DE9F04F89B00446ECF7D9
:10899000C3F80B0449D5E9F70FFF837990F805C0B8
:1089A0000193C379878A0293037AC68A0393C389A2
:1089B000058B0493038A418B0593437A827A06934D
:1089C000438AB0F80CB090F801A090F8029090F8AB
:1089D000038090F804E00793C37A0078A4F801B00C
:1089E000207084F803A084F8049084F8058084F84B
:1089F00006E0019884F807C02072029867826072CE
:108A00000398A682A0720498E582A4F80B0005984A
:108A10002183A4F80D000698A276E0730798E37608
:108A20002082002009B0BDE8F08F0C20FAE72DE984
:108A3000F04F8DB00446ECF76FF80B0461D5E9F701
:108A4000BBFE8379B0F80CB00093C37990F801A015
:108A50000193037A90F802900293C38990F80380FF
:108A60000393038A90F804E00493437A90F805C0D6
:108A70000593438AC77A0693838A868B0793C38AB2
:108A80000893038B0993438B0A93837A0B93857F17
:108A9000C17F90F8202090F821300078A4F801B030
:108AA0002070009884F803A02072019884F8049044
:108AB0006072029884F80580A072039884F806E03A
:108AC000A4F80B00049884F807C0A4F80D000598DA
:108AD000E07306982082079860820898A08209981F
:108AE000E0820A98E77620830B98A683A076002080
:108AF000A577E17784F8202084F821300DB0BDE817
:108B0000F08F0C20FAE7F7B50446ECF705F80B04F4
:108B100003D40C25284603B0F0BD278801A93846A8
:108B200000F09BFD05460028F4D1019CE37C5BB37B
:108B3000237D4BB394F86960EBF7F4FF0368C6F349
:108B4000C00603F400634EB9FF2284F83F210BB145
:108B500084F84021FF2384F84B31DBE794F86B2045
:108B6000D209D6D0002BF5D094F86D30DB09F1D0C6
:108B700012213846E8F7CCFA0028EBD0037BFF2B14
:108B8000E8D184F84031E5E72F25C3E7F7B505467E
:108B90000C46E9F711FE01A92B8806469FB22380F7
:108BA000384600F05AFD0446A8BB38460E21E8F7C7
:108BB000AFFAAF780246032F30D8214647FA01F3C7
:108BC000D80705D5F3780B41DB070AD4112422E03E
:108BD00002F1F800FEF74DFE18B192F80C318B420D
:108BE0001CD04B1C0121022BE8D1EB78FD2B05D8C2
:108BF000591E032912D871789942E7D395F90400D8
:108C000000F17F01C9B2932908D882F8F27082F886
:108C1000F33082F8F400204603B0F0BD1224FAE7E6
:108C2000038873B59CB20B8040F6FF7306469C42E6
:108C30003BD001A9204600F010FD054628B9019B54
:108C400093F86920120703D40C25284602B070BDA2
:108C500093F86B30DB09F7D00E212046E8F758FA7D
:108C6000044690F8C230002BEED0B0F85A309B0783
:108C700008D54822294603F01DFFFF2384F8C5309C
:108C80001125E2E790F8C530002BDDD1F830FEF772
:108C9000F0FD0028D8D14822B11C2046FCF73EF94F
:108CA000FF2384F8C5300025CFE720460E21E8F7E2
:108CB000F3F904460028EED10725C6E78B7880F843
:108CC00048300A79CB7843EA0223A0F854304B7934
:108CD00080F849308B7980F84A30CB7980F84B3076
:108CE0000B7A80F84C304B7A80F84D308B7A80F8D4
:108CF0004E30CB7A80F84F300B7B80F850308A7B37
:108D00004B7B43EA0223A0F856300A7CCB7B43EA34
:108D10000223A0F858304B7C80F85130CA7C8B7C01
:108D200043EA0223A0F85A300B7D4A7D43EA02232E
:108D3000A0F85C30CA7D8B7D43EA0223A0F85E3048
:108D40004A7E0B7E43EA0223A0F86030CA7E8B7E07
:108D500043EA0223A0F862300B7F80F852304B7F49
:108D600080F853308B7FCA7F43EA0223A0F8643037
:108D700091F8203080F8663070477FB5038804464C
:108D80000B809EB2EBF7C8FE0B0427D503A9304633
:108D900000F063FC054610BB237F0093E379A279C2
:108DA0006179A078FDF7C6FC28B30E213046E8F7BC
:108DB000AFF9024620B943F219613920E7F764FDA3
:108DC000F830FEF756FD48B9FF2682F8C96092F8E0
:108DD000C23003EA06052BB182F8C9000C252846EB
:108DE00004B070BD21461046FFF768FF80F8C260EE
:108DF00080F8C950F3E71E25F1E770B58AB00D463B
:108E0000034600F1180601AA1868083353F8041C39
:108E10001446B34203C42246F6D1186800222946FC
:108E2000206001A89B88A380BDF81630ADF82220F1
:108E300023F010038DF82420ADF81630FFF79DFFC6
:108E40000AB070BD37B50588044601A9284600F070
:108E500004FC18BB0D212846E8F75AF9FEF712FD6D
:108E6000F0B90E212846E8F753F9A3780246032B00
:108E700018D890F81611994214D1F830FEF7F9FC81
:108E800080B192F8C63003F0FF006BB982F8F800A9
:108E90000199FF2381F84D3182F8C63003B030BD0F
:108EA0000C20FBE71220F9E73A20F7E72DE9F04321
:108EB000078885B00646B7F5706F04D3122528469B
:108EC00005B0BDE8F0838378032BF7D8C378012B76
:108ED000F4D86946384600F0C0FB05460028EED1BC
:108EE0000E213846E8F714F9B37890F816210446B5
:108EF0009A42E3D100F1F8094846FEF7BAFC00288F
:108F0000DCD0DDF8008098F86B30DB0901D10C254E
:108F1000D5E7B4F85A309B073AD594F8C230002B05
:108F2000F5D094F8C430002BF1D0F378012B44D164
:108F300000981D2210F8A81FECF7CEFD002836D1AE
:108F40003846FDF7CDF9064698B3FEF79BFC00289E
:108F5000DDD194F81831002BD9D094F8C730E3B1A3
:108F600001AA04F5B3714846F9F762FA01A8F9F7C6
:108F70000FFB00B398F80E30332BC8D0009AFF23B4
:108F800082F84E31012286F8622286F8D83096E7C0
:108F900094F8C530002BC0D1B9E701ABD4F8F90083
:108FA000D4F8FD10B4F8012103C31A80DEE745258B
:108FB00085E7072583E7482581E70D213846E8F74F
:108FC000A7F801460028A2D090F86232012B9ED06B
:108FD000FEF758FC00289AD013236A462046FEF775
:108FE0006FFB05466BE70378032B01D8EBF768BCF2
:108FF0001E20704710B5044604B910BD2368984779
:109000006468F9E703680BB9016070471A465B684A
:1090100013B18A42FAD170478A4218BF5160704733
:109020000D2008B5FCF78AFC0E20BDE80840FCF7CF
:1090300085BC08B5F0F7DEF8EEF7C0FBBDE80840E8
:10904000F0F7C0B808B5E9F799FB0020BDE8084083
:10905000F4F702B808B5EEF77FFBF0F7A3F820B1FC
:1090600040F263119320E7F70FFC0320BDE80840AE
:10907000FCF764BC08B50220FCF760FC0020FCF79C
:109080005DFCE8F731F9EBF7F3FEE9F75BF820B1A7
:1090900040F243119320E7F7F7FB08BDFFF7EABF63
:1090A00008B5FFF7D7FFF0F733FF20B14FF4BC71DD
:1090B0009320E7F7E9FB08BD08B500F0A5F9E9F74B
:1090C00051F80220FCF73AFC0020BDE80840FCF70C
:1090D00035BCFAF79BBA0B46892203F8032BD0F86C
:1090E0000920C1F80320427B1A71704738B50D463C
:1090F0000446EBF72FFD2B78002B08BF034684F8BE
:1091000074306B78002B08BF034684F875306B8889
:10911000A4F8763038BD37B58B780546046803F07F
:10912000070384F819314B7803F0070384F81831EA
:109130002623E37394F8393113BB94F83831012BAB
:109140001ED094F8213194F81821D91E012998BF16
:1091500004239A42B4F81E3118D194F8202194F8CF
:109160001901D11E0129B4F81C1198BF04229042A4
:109170000CD10222A4F83A11A4F83C3184F8382129
:10918000284603B0BDE8304001F0CBB8022094F887
:109190001D2194F81C1100902846EBF709FD0028CA
:1091A000EED04FF46671AE20E7F76EFB38B503687A
:1091B00004460D4693F83831012B02D11E21EBF7FE
:1091C00071FD2368002083F8380165B1182283F807
:1091D000992009229A7393F84E3093B940F25B417B
:1091E000AE20E7F751FBDA7B243A072A03D8204662
:1091F000DD7301F0A8F820461821BDE8384001F0E1
:10920000D2B838BD08B503689A7B22B14FF4E67135
:10921000AE20E7F739FB24229A7308BD034610F00D
:10922000010007D19A0704D413F0040018BF0320EB
:109230007047022070472DE9F34B1646054610464D
:109240001F4646EA0104FFF7E9FF83460846FFF799
:10925000E5FF89464BEA0404DDF8288001900443C9
:10926000E4B2003C18BF0124EBF774FC064018BFC1
:109270005E46EBF76FFC95F8202110EA0901019B8F
:1092800018BF1946B24214BF3346002388F8003095
:1092900095F821218A4208BF00210B4388F801106C
:1092A0000AD1EB88013FFF1A47F6FD73BFB29F4218
:1092B0008CBF002404F00104C6B995F82001E9F739
:1092C000C1F803280ED195F83831012B0AD1B5F831
:1092D0003C2195F82031012A0AD1042B0AD004231D
:1092E00088F80030204602B0BDE8F08B032EE9E795
:1092F000032BF7D00323F3E7032906D101280AD172
:1093000004210120518013807047042903D10128D2
:1093100001D00321F5E700207047012807D002287B
:1093200005D0033801288CBF002001208000704741
:109330002DE9F0410C6805460F4694F84222D31EF1
:10934000012B2DD894F82031D91E012928D8D31A01
:1093500018BF012394F84302FFF7DFFF06460BBB5B
:109360001046FFF7DAFF804694F89F306BB948EA61
:10937000060313F0FF0306D0204601F034F83B68E3
:10938000DB8803449BB2A4F84032B4F84032052095
:10939000AE70EB701B0A85F801802B71BDE8F0817F
:1093A0000023D7E74FF00008DEE770B505680246F6
:1093B0000B46EC7BA4F12406072E15D994B9AD7B9E
:1093C000292D11D04D786E0706D08D786D0703D00A
:1093D000FFF7A1FE204670BD19781046BDE8704029
:1093E00000F0E1BF0124F5E72024F3E708B50368A6
:1093F000DA7B262A05D022B140F2D351AE20E7F71E
:1094000043FA2722DA7308BDEBF732BD704730B557
:1094100042401C7808785D7860404C786C409D78BC
:1094200020448C786C40DD782044CC786C401D79E9
:109430005B7920440C7949796C404B4020441844B6
:109440001044B0FA80F0400930BD024600200139D6
:10945000C9B2FF2900D17047535C83F00103034474
:10946000D8B2F4E708B5EBF78DFD082807D0EBF785
:10947000ABFD082803D0EBF7BBFD012008BD0020A1
:10948000FCE708B5EBF77EFD082803D0BDE80840EF
:10949000EBF79ABD08BD08B502F0D8FE18B1BDE8DB
:1094A0000840F1F757BF082008BD70B503791F2B9E
:1094B0000FD8461E051D002416F8010F00F0C7FE48
:1094C0000444AE42E4B2F7D1012C94BF0020012045
:1094D00070BD0020FCE701440023884203D1B3FAA9
:1094E00083F04009704710F8012B1343F5E7F8B5F6
:1094F00005460C46D0E9047603F052F918B952211A
:109500002920E7F7C1F9E4B1D5E90423D21B63EBC5
:109510000603012A73F100014FF0000113DB6FF025
:1095200001009042994101DA5C21E9E7631E13448E
:10953000B3FBF4F35C43E41946F10006C5E90446C5
:109540001C462046F8BD0C46FBE7022905D13C2805
:109550001AD980100F3880B27047CB1E012B0ED85D
:1095600004290BBF96234FF416731022402203F5F3
:10957000BC73984208D9C01A90FBF2F0EBE7702850
:1095800002D9C0100E38E6E700207047022908B55E
:10959000034614D005D8012909D0E7212920E7F78F
:1095A00073F903390129F8D840F6A66008BD40F6E2
:1095B000C41040F2E242002B08BF1046F6E740F626
:1095C000C410F3E7801A723810B58842029C94BF29
:1095D000091A491A2268012902EB510294BF00209E
:1095E000012022601A68A2EB51021A6010BD69B115
:1095F000A0F57A7241F270739A4207D84FF47A73E9
:10960000B0FBF3F000F5506080B2704740F2E243E7
:10961000B0FBF3F0F8E738B50C4600210546E7F754
:1096200077FD206048B902212846E7F771FD2060E8
:10963000B0FA80F04009400038BD0020FCE7036824
:10964000587BC0B293F830302BB900F0FB000038E3
:1096500018BF012070470020704710B50C46FFF777
:10966000DAFF38B92046FFF7EAFF80F0010040003A
:10967000C0B210BD0220FCE738B54FF444720D466D
:109680000021044603F016FA6FF036020123A4F815
:10969000AA5084F867200422E37584F868206FF0EC
:1096A0003B0284F86E3084F869206F2284F8A83079
:1096B00084F86A20032284F86B20002284F86C204E
:1096C0006FF07F0284F86D202B2284F86620FE2242
:1096D00084F89E207F22E27238BD40F6B83307B589
:1096E000B0F8D220D0F8C8100190838701A8EBF71A
:1096F00053FF03B05DF804FBC2B292FAA2F2030A70
:1097000093FAA3F31B0E100E40EA032070470131B9
:1097100005300022C9B270B510F8013F8B4216D354
:1097200010F8054C0023012505FA03F626421CBF5C
:1097300001F1FF31C9B269B10133082BF4D1013213
:10974000D2B2052AE8D19B214620E7F79DF8C91A35
:10975000C9B2F4E703EBC200C0B270BD0B6870B5CC
:10976000C0F8013004460B790546461D03F01F037F
:1097700043710023C37215F8010F00F068FD687192
:10978000B542E37A1844E072F5D170BD81EA114127
:1097900070B58CB20546C17A032682EA0400FFF751
:1097A000ABFF013E00EB001016F0FF0604EB0002D9
:1097B00090B2F4D144402522B4FBF2F302FB1343F0
:1097C000C3F3C402D8B203F007032A445678012237
:1097D00002FA03F31E4207D161432846C1F3074151
:1097E000BDE87040FFF793BF70BDF8B590F8225008
:1097F00004466B1E242B03D9E1214620E7F744F8E9
:10980000DAB1C07D002843D194F8243094F82310B5
:1098100002FB01322523B2FBF3F103FB1123DBB280
:1098200004EBD30203F0070684F82430117E0122F2
:10983000B240114202D084F82530F8BDB3FBF5F2F6
:1098400005FB123304F11C01013303F0FF0311F88F
:10985000012F9A4219D311F8055C0022012606FA5D
:1098600002F72F4208D0013B13F0FF0304D102EBB3
:10987000C00284F82520E0E70132082AEFD1013048
:10988000C0B20528E3D1D721B7E79B1ADBB2F6E7D0
:10989000E28804F11700496AFFF778FF84F8250091
:1098A000CBE70378890123F0400301F040010B432B
:1098B00003707047037803F07F0343EAC11303701A
:1098C00070471F2A38B50546144603D9A8212A2017
:1098D000E6F7DAFF06340930FBF720FB6C7038BD81
:1098E0001F2A38B50546144603D9CA212A20E6F7AF
:1098F000CBFF06340930FBF711FB6C7038BD0378E1
:10990000024603F00F03032B3ED0052B42D1C37F49
:1099100090F82000034392F82100034392F82200BC
:10992000034392F8230000F01F00184333D053780C
:10993000222B2FD1B2F81930B1B1B3F5506F13D932
:1099400040F607518B4225D8B2F81B30B3F5FA7FA9
:1099500020D2B2F81D0040F676430A3880B2984211
:109960008CBF002001207047991F40F67A4089B2D1
:1099700081420FD8917D481E07280BD8994209D201
:10998000B2F817109942DEE74078A0F10C03584274
:109990005841704700207047C37813F03F035DD0F3
:1099A00007295BD8DFE801F0040B1E29343F4A5534
:1099B000037913F0010F0CBF0020052070470279D6
:1099C00012F002004BD0052002F00102072902EB41
:1099D000420200EB4200C0B241D1021F9A42C8BF0E
:1099E00000207047027912F0040038D0052012F0F0
:1099F000020F1CBF0630C0B2E6E7027912F0080081
:109A00002DD0052012F0040F1CBF0130C0B2EEE7CC
:109A1000027912F0100022D0052012F0080F1CBFAE
:109A20000230C0B2EEE7027912F0200017D00846EB
:109A300012F0100F1CBF0330C0B2EEE7027912F033
:109A400040000CD0052012F0200F1CBF1230C0B215
:109A5000EEE702795006F5D50620F4E700207047BE
:109A600070B50C46064611461D4624B94FF41F71C9
:109A70002A20E6F709FFFFF78FFF10B940F27D219A
:109A8000F6E7031F2B443F2B02DD40F27E21EFE778
:109A90002A4621463044BDE87040FBF73FBA10B576
:109AA0000446FFF779FF00B1204410BD30B5C1F383
:109AB0008003C1F38014C1F340052344C1F30014B3
:109AC00004EB44042344C1F3401404EBC40403EB4B
:109AD0004403C1F300042C44C1F3C005134404EB58
:109AE00044042C4403EB440313F0FF031CBF013375
:109AF0000171C17818BFDBB221F03F0103F03F04D0
:109B00002143C170591C41701AB104339B1A013AA8
:109B1000C25430BD70B5C4780646154604F03F0403
:109B20001319FE2B04DD40F2B9212A20E6F7ACFE22
:109B30000135201D2C443044FBF7F0F9747070BDE2
:109B4000C378024613F03F0022D0137913F0200FA0
:109B5000C3F3C001C3F3400014BF0922002213F075
:109B6000100F114403F001020244C3F3800002EB22
:109B700042020A44C3F3801114BF032300230844A4
:109B8000184400EB420010F0FF001CBF0130C0B2CF
:109B900070471B2A08B504D940F299312A20E6F70C
:109BA00073FEBDE80840FBF7B9B98388A1B1B3F5EE
:109BB000506F11D940F6075293421BD8C388B3F5B2
:109BC000FA7F17D2008940F676430A3880B298426D
:109BD0008CBF0020012070479A420BD8B3F5486F24
:109BE00008D84278511E072904D89A4202D24288E6
:109BF0009A42E2E700207047013001F1200351F85A
:109C0000042B994240F8042BF9D10B88038070474C
:109C100038B515460446FFF7EFFF2B68C4F823302C
:109C20006B68C4F8273038BD0130704710B50C6838
:109C3000C0F801404C68C0F805401268C0F809201F
:109C40001A68C0F80D205A68C0F8112010BD10B570
:109C5000D0F801400C60D0F805404C60D0F80910F5
:109C60001160D0F80D201A60D0F811205A6010BD94
:109C7000FFF7DCBF0B78C3F305034370B1F8013085
:109C80008370B1F801301B0AC370CB780371704741
:109C900042780B7862F305030B704388A1F801301A
:109CA0000379CB7070470B78C3F305034370B1F8A9
:109CB00001308370B1F801301B0AC370CB78037197
:109CC000704742780B7862F305030B704388A1F864
:109CD00001300379CB7070470B68C0F801304B68D6
:109CE000C0F805300B89A0F809304B89C3724B8945
:109CF0001B0A03737047D0F801300B60D0F80530B1
:109D00004B60B0F809300B81B0F80B304B817047D5
:109D10002DE9F04F85B08846154603A99DF83840D7
:109D20000193FFF778FC814618B9039E2DB90123F2
:109D30007375012005B0BDE8F08FD6F8C0A02946A4
:109D40005046FBF72FFC074608B90020F2E7E9F779
:109D5000A7FD8542F9D839465046FBF75FFD727D75
:109D60008346A0F80190002A18BF4FF0020880F83F
:109D700000803846FBF75AFD0746DCB1B6F8E640EE
:109D8000C4B102F0D6FB40F271225443241841F1D1
:109D9000000179602A4601990BF103003C60FBF752
:109DA000BDF829465046FBF738FC28B983212B2003
:109DB000E6F76AFD2146ECE7039B93F8A83033B140
:109DC00003A8FDF767FF039B0022A3F8E22100230D
:109DD000AEE7437837B5C3F301120446032A03D82C
:109DE000DFE802F0050E1D05002003B030BD057848
:109DF00003F00F00002300930221231D628807E077
:109E0000057803F00F00002301210093231D6288D1
:109E100045EA0020FFF77CFF60B10120E5E7EAF7A3
:109E200081FE03685B05DFD560780123257800F0AB
:109E30000F00E0E7EBF7D0FDEFE71A230B700123EB
:109E40004B708B707047EBF78DBC10B521B940F2A9
:109E5000A9211020E6F718FD4A600B72EFF3108479
:109E600072B6031D0B6042681AB1127A012A08BF4C
:109E7000036003681960016004B962B6BDE8104070
:109E8000EBF7BABC0222EBF795BD0322EBF792BDCC
:109E90000422EBF78FBD0222EBF7D0BD0322EBF7D4
:109EA000CDBD0422EBF7CABD007A003818BF0120EF
:109EB00070478D230B7030F8B53CA1F8033030F8B3
:109EC0006B3CA1F8053030F8673CA1F8073030F85A
:109ED000693CA1F8093030F8653CA1F80B307047B7
:109EE00008B5CB1E012B04D8800100F5747080B238
:109EF00008BD012902D10E30C000F8E7022902D1C5
:109F00000F308000F3E74FF40C710620E6F7BCFC3D
:109F1000022908B50DD005D8012908D0DC21B420CC
:109F2000E6F7B2FC03390129F8D81E3000E00A3008
:109F300008BD1430FCE7022908B50DD005D8012969
:109F400008D0DC21B420E6F79FFC03390129F8D8BA
:109F50001E3000E00A3008BD1430FCE730B587B091
:109F600004460D46E9F7A2FC80B334F8BE4C6946BE
:109F70002046FDF798FF18B1FB212C20E6F784FC62
:109F8000BDF8063003A8ADF80C40ADF80E30BDF8B2
:109F90000830ADF81030BDF80230ADF81230BDF821
:109FA0000430ADF81430FDF75CFF10B14FF482714E
:109FB000E3E7ADF80C009DF80C30002063F30700D8
:109FC0009DF80D3063F30F2007B030BD2B469A2269
:109FD00003F8032BD4F80920C5F80320D4F80D208A
:109FE0005A60B4F811201A810423ADF80C30E2E76E
:109FF00040687047033901298CBFC08A4FF429603B
:10A00000704770B590F878608D88033E0C89012EFA
:10A0100004D943B11678033E012E04D8B5F5296F53
:10A0200038BF4FF4296590F87960033E012E04D9BA
:10A0300043B15378033B012B04D8B4F5296F38BFE3
:10A040004FF42964CB884A88A0F86430A0F86020D7
:10A05000A0F86250A0F8664070BD8383BDF8003060
:10A0600001834283C38370471B2200294FF01B11D9
:10A070000CBF4FF4A4734FF42963828402840285D9
:10A0800002F1A472C160C3844384C3838383438287
:10A090000382C0E9052170470346B3F85810B3F8AE
:10A0A0006420F0B5914293F87940B3F85C5028BF32
:10A0B0001146033CB3F86620E4B2B0F84E70AA42F1
:10A0C000B0F85200A3F84E1028BF2A46012CB3F86E
:10A0D000544087BFB3F8566015464FF429664FF4D5
:10A0E00029658C42A3F8525038BF0C46B24238BFA3
:10A0F00032468F42A3F85440A3F8562026D1401B85
:10A1000018BF0120B3F86020B3F85A10B3F84C50D0
:10A110009142B3F8504028BF114693F87820033A93
:10A12000012A15D9B3F85E20B3F86260B24228BFA5
:10A1300032468D42A3F84C10A3F850200BD1944224
:10A1400018BF40F0010000F00100F0BD0120D9E788
:10A150004FF42962EDE70120F5E738B5CB1E044640
:10A16000012B10D9C58B438C9D4228BF1D46207AF8
:10A17000FFF7B6FE6389AB4228BF2B46984238BF33
:10A18000184680B238BD4FF42965F0E72DE9F84351
:10A19000994607460D46808919461446FFF7A0FEEA
:10A1A00006469DF8208049463846FFF7D6FF86428E
:10A1B0004146A8F1030828BF0646B88AFFF790FE7B
:10A1C000B8F1010F0346B6B28CBFFA8A4FF4296288
:10A1D000904204F1060028BF134628449BB2334442
:10A1E0001844BDE8F8830346828F13B5403049B95F
:10A1F000598F93F87940009493F87830FFF7C6FFB1
:10A2000002B010BD198FF4E770B50C46154619461B
:10A210004BB9068FFFF7E7FF28443044A04294BFB4
:10A22000201A002070BD468FF4E738B50D46114660
:10A230000446FFF7D8FF2844606438BD01F19C0351
:10A2400083423DBF9C38401A40080020704700F010
:10A250005503400800F05500034403F033009B0809
:10A2600003F03303034403F00F0000EB13107047B7
:10A2700032280CD006D8162818BF012894BF012018
:10A2800000207047A0F13E0358425841704701201A
:10A29000704708B50246FFF7EBFF40B10846FFF7ED
:10A2A000E7FF20B18A420CBF23202A2008BD8A4242
:10A2B0000AD1A2F13003DBB20B2B0FD840F62100FC
:10A2C00020FA03F3DB071ED4322901D1262A03D05A
:10A2D000322A03D1262918D12A20E7E73E2907D1BF
:10A2E000262AF9D03E2A12D03B2A10D11F2902E09B
:10A2F0003E2A04D126290CBF2A200020D6E73B297C
:10A30000F2D11F2AF7E72320D0E73E29F7D100201A
:10A31000CCE7036800229A7383F84E20A3F84A2002
:10A320007047026892F8A8302BB9A2F85230012386
:10A3300082F8543070470023A2F8523092F854301B
:10A3400001335BB2F4E7026808B592F8A83013B99C
:10A3500082F8543008BD92F85430013B5BB2002BB8
:10A3600082F85430F6DA52214A20E6F78DFA08B521
:10A37000036883F89B1083F89A203522DA73FFF77D
:10A38000D0FF002008BDA0F10A03042B09D9A0F1D9
:10A390004703012B05D9243807288CBF0020012052
:10A3A0007047012070470268136810B513F0080465
:10A3B00008D143F0080382F898101360FFF7B1FF4B
:10A3C000204610BD0120FCE7036810B5DC7B44B9D2
:10A3D0000A7883F898200322DA73FFF7A2FF204659
:10A3E00010BD0124FBE7D0F8C82041F64B539A4238
:10A3F00096BF4AF6C8730623B3FBF2F3B0F8D02039
:10A40000B0F8DE001344584380B270470368002060
:10A410001A7C073A012A81BF4A785A7407221A74B3
:10A4200070470268137C073B012B84BF0823137419
:10A430007047026870B5D57BE5B9CB88D688A2F89D
:10A44000D832013B9B1B47F6FD769BB2B34206D93F
:10A45000282382F83130EBF7D3FF284670BDD1F8BE
:10A460000130C2F8DA324B7982F8DE320A22036810
:10A47000DA73F2E70125F0E72DE9F74F0646894642
:10A4800090460193FFF7AFFFD6F8FC71044657B929
:10A490000023C8F80030F38823449CB2019B1C8041
:10A4A00003B0BDE8F08FECF771FB0028F0D1D6F8CF
:10A4B000C8C0D6E978320CFB04FE1EEB030ED7E9C8
:10A4C000021342F100020B44D7E900155B1845F175
:10A4D0000005734575EB020114D2BEEB03016FF06A
:10A4E000010B62EB050A8B4570EB0A0A03D23D2192
:10A4F0005620E6F7C9F93869471E3944B1FBF0F137
:10A50000E0FB0135B3EB0E0365EB02056FF00102D2
:10A510009A424FF00002AA4101D24821E8E7B3FB7A
:10A52000F9F209FB1233B3FBFCF291B20CFB1133CD
:10A53000C8F80030F3881C441444A4B2AEE70B46BC
:10A54000822203F8032BD0F80920C1F80320D0F8A9
:10A550000D205A60427C1A720023CB70704703684A
:10A56000F7B5DD7B06460C46002D63D193F82971C3
:10A5700006230DF107018DF80730FDF773F99DF8FB
:10A58000072039462046FFF710FB38B921783046BE
:10A59000FFF709FF0546284603B0F0BD326863891E
:10A5A000D188A2F8D832013B5B1A47F6FD719BB205
:10A5B0008B4206D92823304682F83130EBF720FF52
:10A5C000E9E7A3886FF450615918062995BFA3F5F0
:10A5D000506340F2E2414FF47A7128468CBF4B43FE
:10A5E0004B43C2F8E0326378C0B103EB830303EB63
:10A5F00083039B00A2F8DA326388C0B164214B4325
:10A60000C2F8DC32E388A2F8E4322389A2F8E63209
:10A61000002382F8EC320D23D373BCE7C3EB431164
:10A6200003EB810303EB83035B009BB2E2E740F2A1
:10A63000E241E4E70125AEE7F8B50D6804460F46B0
:10A64000D5F84C0295F82911FEF7D1FF6FF450624E
:10A65000B5F8463282182071000A92B26071062A5B
:10A660008BBF40F2E2426422002601268CBFB3FB7E
:10A67000F2F3B3FBF2F36370B5F85032A3711B0A27
:10A68000E371B5F8523223721B0A6372386890F88E
:10A690009F303BB905F5117305F51272D5F84C12D0
:10A6A000FFF7EAFEB5F84432A3721B0AE372D5F84D
:10A6B000483246B164220C20B3FBF2F3A370C3F31B
:10A6C0000723E370F8BD40F2E242F4E70B46842230
:10A6D00003F8022BD0F80920C1F80220D0F80D2091
:10A6E0005A6070470B46852203F8022BD0F80920E8
:10A6F000C1F80220B0F80D209A80704738B5036881
:10A700000546DC7B34B1113C0F2C8CBF012408249E
:10A71000204638BD1A7D002AFAD0D3F8A4302BB9D0
:10A72000FFF7FFFD2B681122DA73F1E70C220A21F3
:10A73000BDE83840FFF71BBE08B50368DA7B162A70
:10A7400004D040F253211F20E6F79EF8012283F83F
:10A7500055201822DA7308BD0368DA7B122A05BF78
:10A76000132200200220DA737047036810B5DB7BE8
:10A7700004461C2B06D1FFF7E6FD236820220020AB
:10A78000DA7310BD0220FCE708B50368DA7B112AF2
:10A7900004D040F27E211F20E6F776F8012283F8EC
:10A7A00055201222DA7308BD08B50368DA7B182A2F
:10A7B00004D040F28A211F20E6F766F81C22DA73E3
:10A7C00008BD3E230B700C234B7004238B70D0F814
:10A7D0000930C1F80330D0F80D30C1F80730B0F8B7
:10A7E0001130A1F80B30C37C4B73704708B5036878
:10A7F0009A7B1AB1CF211C20E6F746F804229A73FF
:10A8000008BD08B5036893F8A82032B9DA73A3F835
:10A810005220BDE80840FFF796BD1A68D10703D45F
:10A82000DD211C20E6F730F822F001021A60F0E783
:10A8300087230B7030F8AC3C4B807047036893F86B
:10A84000A8109A7B59B9052A08BF00224FF00000D2
:10A8500002BF83F83E2083F84E209A7370470F2A78
:10A86000F2E738B5046894F8A85045B9E37B4BB9D2
:10A87000FFF757FD45B90223E373002038BD236875
:10A880005B07F5D50120F9E7236843F00403236053
:10A89000F3E7036893F8A8201AB11A6822F00402BB
:10A8A0001A60FFF750BD08B503689A7B1AB1722190
:10A8B0004B20E5F7E9FF93F8A820002A14BF0F22E8
:10A8C00005229A7308BD10B5D0E90D42A24206D305
:10A8D0000B8D121BC98E05334B43934202D30123C8
:10A8E00080F83E3010BD0C230B7008234B70002302
:10A8F0008B70B0F85230A1F80330437A4B71438922
:10A90000CB8083890B81704710B5046894F8573069
:10A910009A070CD4A37B1BB177214020E5F7B4FF45
:10A920000122A4F84A30A27384F84E2010BD94F896
:10A93000A8303BB9E37B0BB9FFF705FD002384F892
:10A940003E31F3E723689B07F8D5FFF7FCFC23684B
:10A9500023F002032360F1E710F1800F06D01429E1
:10A9600004DC8842ACBF0020012070470020704703
:10A97000806800F5006040F30730704710B50B7930
:10A9800001284C790A6843EA0421104608BF41F4C3
:10A99000803110BD07B5FFF7F1FF0DF10702ECF7AD
:10A9A0009BF803B05DF804FB90F838300BB9002039
:10A9B000704790F83830012BF9D090F838000738FC
:10A9C00018BF0120704790F83830012BDAB201D05F
:10A9D000FFF7EABF1046704770B50446FFF7F3FF74
:10A9E00008B394F83830022B1BD094F83850EB1E83
:10A9F0005D425D4101290AD1072384F8383004F112
:10AA00000806304601F0B8FD304601F0C1FD0123D3
:10AA100084F838303DB104F14800BDE87040ECF7EF
:10AA2000BDB80125E6E770BD10B50446FFF7CBFFC2
:10AA300030B101212046FFF7CFFF002384F83830E2
:10AA4000002010BD002307B501A80193F8F7E6F830
:10AA5000019810F0030018BF012003B05DF804FB5B
:10AA600010B5FFF7EFFF002814BF14240024FAF7F5
:10AA7000F3FA404200F01400204410BD73B50C46B8
:10AA8000B1F8051005461A2921D9B4F80730B3F5F5
:10AA9000A47F1CD3B4F801201A2A18D9B4F80340B3
:10AAA000B4F5A47F13D30068009400F1A806E83041
:10AAB000FFF7D3FA2C683046FFF7EEFA10B9012001
:10AAC00002B070BD04F25F10EAF7C4FFF7E70020A0
:10AAD000F6E708B503689A7B1AB12621A320E5F7AB
:10AAE000D3FE21229A7308BD38B505680446AB7BB6
:10AAF000213B022B0BD8FFF7C1FF18B106212068BC
:10AB0000ECF7F2FE002085F84E00A87338BD012056
:10AB1000FCE702681368D90610B5044603D4B821CF
:10AB2000A320E5F7B1FE990601D5B921F8E723F096
:10AB300010031360FFF707FC20680621BDE81040F2
:10AB4000ECF7D2BE38B50546F1F7F8FB00F5444303
:10AB50004FF47A72033D4933B3FBF2F4FFF780FF01
:10AB6000012D00F1A4038CBF0020282023441844A9
:10AB700038BD10B5044690F87900FFF7E3FF0122D5
:10AB800001462046BDE81040FFF74FBB002313B538
:10AB90001A464373A0F89032194600930446ECF726
:10ABA0008DF820B14FF4F3713020E5F76DFE0123ED
:10ABB000C4F81802C4F810026373A4F82E02A4F8B3
:10ABC0002C0284F83102E388A4F89202013BE3806E
:10ABD00002B010BDF8B50D460023D0F810110446A0
:10ABE00080F81431D0E9506781F8ED2180F85031B8
:10ABF000D0F81001FEF771FDD4F81001C0E99E678E
:10AC0000C0F89452C0E9A267FFF7C0FFF1F764F9FA
:10AC1000BDE8F840F9F766BCD0F81001704738B5C8
:10AC2000044690F850319BB1FF2380F85831012140
:10AC300000F044FC94F8503153B104F1E805284683
:10AC400001F09AFC284601F0A3FC002384F850315F
:10AC5000002038BD08B590F8582142B990F8142169
:10AC600042B1D0E94631994202D9EEF7E9FC00221F
:10AC7000104608BD0122FBE710B50446FFF7F0FEC1
:10AC800000F25911226A236C9A4228BF1A461046D4
:10AC9000FFF7D4FAB0F5296F28BF4FF4296080B2CE
:10ACA00010BD012A70B506460D4614460BD0022A87
:10ACB0000ED08AB9F0F708FF224601462846BDE8C3
:10ACC0007040FFF787BFF0F7FFFEC6F8940270BD33
:10ACD0000122D0F89412F1E740F2C2713020E5F77A
:10ACE000D3FD70B5044621B101297FD040F2D27165
:10ACF00079E000F078FA94F8513105460E46DBB160
:10AD000050EA010318D0D4E94832D4E95001C01AFE
:10AD1000334661EB02012A4601F05CFE05FB01F3BC
:10AD200000FB0633A5FB00021344D4E948211218A6
:10AD300043EB0103C4E94823E38CEBBB0020D4E9D7
:10AD40004832ED184FF0000346EB02062D1840F292
:10AD5000024284F8303146F1000684F85131A4F8FB
:10AD60003821C4E94856C4E9505694F8583103F0E4
:10AD7000FF01DBB96FF00043D4E952029A4208BFE9
:10AD8000B0F1FF3F25D02046D4E9505600F0EAF953
:10AD9000AE30D4E952325B1B62EB06021B1A62F141
:10ADA0000002002A15DA2046EEF74AFCF1F794F883
:10ADB000BDE87040F9F796BB204600F043FB002841
:10ADC000BCD1EAF7CBFEE38CB0FBF3F202FB13003D
:10ADD000B5E704F5987104F1E800F9F797FB00284E
:10ADE000E4D140F2FF613020E5F74EFD002380F80A
:10ADF0001431DBE7002307B5CDE9003303238DF8D9
:10AE000006306846E6F7BEF918B1002003B05DF8D9
:10AE100004FB009B93F85031002BF2D00120F5E7A2
:10AE200090F85001003818BF012070470B4681226E
:10AE300003F8032BB0F80920A1F80320C27A9A7016
:10AE400070470B468C2203F8032BD0F80920C1F879
:10AE50000320D0F80D205A6070478B88F7B513F0A7
:10AE6000180506460C461FD1086820B940F2EA31A1
:10AE70002D20E5F709FD00F0ACFB217CECF70CFE82
:10AE8000677CA38801463A46304600932B46ECF790
:10AE900021FEA430D4E90223824273F100032CBFC7
:10AEA0000120002003B0F0BD0120FBE710B50446EF
:10AEB000EAF754FE82B204F1690104F13600FEF7AC
:10AEC00065FC84F8440010BD37B504460D46FFF715
:10AED000EDFF01222B466179204603B0BDE83040EA
:10AEE000ECF76EBF38B588220B460C4603F8032BEF
:10AEF00000F10902293052F8041B824243F8041B76
:10AF0000F9D1127802211A700123A588A37128466D
:10AF1000E6F7FEF8A0B1E3784BB102212846E6F748
:10AF20000DF968B140F233212D20E5F7ADFCE9F7CA
:10AF3000F3FD4B0404D52846BDE83840FBF7F9B9CA
:10AF400038BD70B504460D46173019461646FEF753
:10AF500005FC84F8205184F82151FF2384F8223124
:10AF6000E91E04F1E80001298CBF00210121FFF74F
:10AF70007BF8314604F1A800EAF7EEFA94F82A319A
:10AF8000002B14BF4D239623A4F8E230A4F8E03040
:10AF90000023A4F8E43070BD70B50D46044691F866
:10AFA00029111646D5F8C800FEF721FBB5F8D030B8
:10AFB000A4F8AC0004F1A002A4F8AE30B5F8D23089
:10AFC000A4F8B03095F82B3184F8B230237F73B3F6
:10AFD00094F86830012B2AD194F86E3003F0C00346
:10AFE000402B24D1D4F86930C4F8A030B4F86D30C7
:10AFF0009380082E236A04F1A60193F8AC2003F194
:10B00000AD0084F8992004F19A02D3F8AD3019D03C
:10B01000C4F8A630838830468B8004F19901EAF7A2
:10B02000C5F940B940F6E2312D20E5F72DFC0023AB
:10B03000C4F8A030DCE794F8993043F0020384F8B8
:10B04000993070BDC4F89A30838893800023C4F887
:10B05000A6308B80F5E70B468B2210B503F8032B47
:10B06000D0F80920C1F80320427B1A71CB78A3B134
:10B0700030F8B43C1B0710D4B1F80540022120463B
:10B08000E6F746F848B102212046E6F757F820B126
:10B0900040F276212D20E5F7F7FB10BD0121EDF7F9
:10B0A00011BAFFF7FBBFEDF7DFBA704708B590F8AC
:10B0B00094300BB1012008BD90F8CC30002BF9D1B1
:10B0C00090F8BE3003F0FF00002BF4D0E9F7E6FC67
:10B0D00080F00100C0B2EEE730B54FF4B07285B039
:10B0E0000D460021044601F0E5FCFF2323701323E5
:10B0F000638042F21073E384E6F73EF900220146D2
:10B10000E0646846E6F77EF900220121E06CFAF778
:10B110009AFC0422E16C6846E6F774F90022E06CC0
:10B120001146FAF790FC04F13000A57400F001FA22
:10B1300002A8EAF75FFA20B94FF449712D20E5F72C
:10B14000A3FB02A904F13600FEF708FB05B030BDF1
:10B15000FF23C86C0B70FAF743BC0078FF3818BFA8
:10B1600001207047F7B5044630300E4600F031FA42
:10B1700061880746CA0605D52822EEF7ABFA6D307E
:10B1800003B0F0BD8B07E06C0FD5FAF7FEFC217918
:10B1900005463846ECF780FC638801462846009354
:10B1A00033466279ECF796FCE9E7FAF7DEFCEEE766
:10B1B000034608465A8812F0180F30B587B010D1F0
:10B1C00003F13001ADF80420D3E902459B880091DA
:10B1D0006946ADF81030CDE90245FFF73EFE07B0F5
:10B1E00030BD0120FBE7D0E9020170470B68C0F8D1
:10B1F00015308B88A0F819300123C37670472DE9EC
:10B20000F04F07469DB00C46054610AE0DF12008E4
:10B210000FCF0FC60FCF0FC697E80F0086E80F00BD
:10B2200040466E7900F085F9A37A277D0393237851
:10B230007A1E0493022A637803F07F0AD14600F253
:10B240008380D90603D4A67D731E022B7CD8637E2F
:10B2500003F0FD03012B02D1032F08BF0427A37EB7
:10B2600003F0FD03012B02D1032E08BF0426617AEF
:10B27000404600F065F9237D227F4046022B02F113
:10B2800001020CBF617D0121D2B204BF0131C9B2FC
:10B2900000F058F91AF0080F6CD1404600F099F907
:10B2A00063788346DA0654D4E6F794F88246394642
:10B2B0005846ECF7F1FB0123014632465046CDF8E3
:10B2C0000090ECF707FC40F27122217900F2862011
:10B2D000E378B0FBF2F043EA01236179504343EA9B
:10B2E00001435343984239D84FF0000B94F818A00B
:10B2F0000793A37CE86C05930AF1FF33D3F1000AAE
:10B300004AEB030AFAF731FC0690E86CFAF73DFCC9
:10B310000699079B814238BF014688B268B308A9E5
:10B320000C9306930A910AA9ADF82C90CDF834B08D
:10B330008DF838708DF83960FFF78FFD069BE0B906
:10B3400045201DB0BDE8F08F40F212310620E5F730
:10B350009BFA28224946EEF7BDF9B4E7E179A379D3
:10B3600043EA0123217A43EA01435343834228BF3E
:10B370000346B9E700239B46B8E7CDE9123B059B9E
:10B38000049A8DF853308DF8447010AF039B8DF8FC
:10B3900045602E468DF850A08DF854308DF8402031
:10B3A000ADF842900FCF0FC60FCF0FC697E80F0032
:10B3B00086E80F0098E8030028630020A986E37A56
:10B3C00003F0FD03003B18BF012385F86F30E368ED
:10B3D0002B67238AA5F8743095F84630E27D62F336
:10B3E000071385F84630ACE7438813F0100005D00A
:10B3F00013F0040F14BF00201F2070479A0704D4D5
:10B40000DB0701D4E5F7E6BFEE20704708B5FFF78C
:10B41000EBFF003818BF012008BD4FF40043A0F82F
:10B42000483043881D2B08BF00214174704790F9B4
:10B4300012007047408800F0010070478078C0F328
:10B44000400070478078C0F3C000704710B5448852
:10B45000C06CE30654BFC4F340040024FAF77CFB3D
:10B4600084F001042043C0B210BD8078C0F3001006
:10B4700070474079C31E012B05D8B1F81E31012B4E
:10B4800014BF03200420704710B50446EAF766FB9A
:10B49000C0F30B00A042F9D010BD90F868300162F3
:10B4A00081F8B330D0F86930C1F8B430B0F86D30FD
:10B4B000A1F8B83070477047ECF704BE80F88810E8
:10B4C0007047FF2380F88B3070478278034612F074
:10B4D000010002D0D978C90710D5900702D5D978D4
:10B4E00089070AD512F0040008D0D878C0F380008C
:10B4F00080F001008000C0B2704702207047C0F3A6
:10B500004002C0F3800300F0010013441844704768
:10B51000022808B507D0042807D0012807D0392110
:10B520002E20E5F7B1F9262008BD2720FCE72520CD
:10B53000FAE70023C0F8023001234370037070471C
:10B540008170704710B54270144601708078FFF723
:10B55000D6FF484304FB00F2FE2A03DD5C212E20C7
:10B56000E5F792F910BD0023C37043710371704772
:10B5700010B50446FFF7A9FF637962780133DBB2A7
:10B580009A4263710CD1E3780022A178034362717F
:10B59000DBB29942E37001BF2379E270013323717A
:10B5A000BDE81040FFF7B4BF38B504468078FFF718
:10B5B000A6FF0146E078FFF7A2FF2378227965789D
:10B5C0009B1A6B4359436379C91A00FB1510C0B22B
:10B5D00038BD014608B58078FFF791FF4A780B78AF
:10B5E00053435843C0B208BD08B5427903462AB157
:10B5F000FFF76BFFBDE80840FFF78ABFC0788107FF
:10B600000BD410F00100F5D19B785A0707D413F042
:10B61000020F14BF02200120ECE70220EAE7042019
:10B62000E8E7032806D1920102F53472803201FB6B
:10B6300002F07047042803D1120102F5E772F5E722
:10B6400002280BBF0B320A329200D200EEE740F222
:10B65000EE20704740F25A335843704738B50546DC
:10B660000C46B0F8AA000D21E5F752FD50B190F854
:10B6700062323BB1C389EA889B1A9BB213B19C42E8
:10B6800028BF1C46204638BD10B50446FEF741FED3
:10B690002046BDE8104000F01BBA10B5044600F08B
:10B6A00030FA10B92046FEF734FE002010BD08B570
:10B6B0000368DA7B182A04D040F27E513120E5F786
:10B6C000E3F81E22DA7308BD08B590F89E30FE2B11
:10B6D00004D040F67A113120E5F7D6F8002380F83F
:10B6E0009E1080F89F3012B9A0F8522008BDA0F833
:10B6F0004A30012380F84E30F8E708B50368DA7B5A
:10B70000352A05D10022DA73BDE80840FEF71BBEDA
:10B71000182A02D11E22DA7308BD40F2935131205B
:10B72000E5F7B2F8037D63B9C37BA3F11002032AE6
:10B7300007D990F8560028B1202B8CBF002001209B
:10B74000704701207047037D63B9837BA3F110022A
:10B75000032A07D990F8560028B1202B8CBF00206F
:10B760000120704701207047036810B59A7B93F859
:10B77000A010092A08D193F899208A4204D1002206
:10B780009A7383F84E2010BD1A6812F0080406D090
:10B7900022F00802BDE810401A60FEF7D4BDFF2970
:10B7A00004D1372283F8CC429A73ECE74FF4AF61AF
:10B7B0003120E5F769F838B50E38136814460D46A0
:10B7C0009A7B09283ED8DFE800F0053D3D3D0F3D5E
:10B7D000183D3D27042A05D12046FEF79AFD204654
:10B7E000EAF79EFF002038BD0F2AFBD10022204639
:10B7F0001146BDE83840FFF721B8212AF2D1204692
:10B80000FEF787FD002DEDD0226892F8663023F018
:10B81000200382F86630E5E7DA7B272AE2D10025AB
:10B820002046DD73FEF78FFD236893F83831012B36
:10B8300003D129462046E9F735FA2368002283F828
:10B840003821CFE740F262213120E5F71DF80246AA
:10B8500000680B4690F8661041F0040180F866100D
:10B8600099785878EEF75AB938B50C460546D1E9BB
:10B870003001E5F725FD637B3BB104F50E742046EE
:10B8800000F07AFE204600F083FE0F212846E5F7FF
:10B8900055FC10212846E5F751FC12212846E5F712
:10B8A0004DFC11212846E5F749FC13212846E5F710
:10B8B00045FC28461421BDE83840E5F73FBC00228E
:10B8C000C281827490F8503013B10221ECF70CB8A9
:10B8D0000321FBE738B504460846E37B162B09D065
:10B8E000A3F118025342534194F8C82222B10C2507
:10B8F000284638BD0123F7E7002BF8D094F8F8323A
:10B9000003F0FF05002BF2D190B194F8063223B971
:10B9100040F67A313120E4F7B7FF052304F18002C5
:10B9200004F5FB7101F009F8012384F8C832DFE760
:10B930000223FAE7EAF7D6BA10B50446FFF790F803
:10B9400000F58A71226A236C9A4228BF1A46104673
:10B95000FEF774FCB0F5296F28BF4FF4296080B260
:10B9600010BD70B50D4604210646E5F7D1FB04462F
:10B9700048B906213046E5F7CBFB20B115B190F868
:10B98000E53003B90446204670BD90F83C00A0F1B4
:10B99000FF035842584170471FB501230A4603A9C7
:10B9A000009340F68813F7F769F905B05DF804FBDA
:10B9B00008B5E9F7B1F80346C2054CBF03200120E2
:10B9C0001B0548BF40F00C0008BD08B5002320FA55
:10B9D00003F2D20706D40133042BF8D14B21AC205B
:10B9E000E4F752FFD8B208BD73B50C46064618B945
:10B9F000A921AC20E4F748FF457B2846FFF7E5FF87
:10BA00003E232370092363702123A370D6F80930E5
:10BA1000C4F80330D6F80D30C4F80730431CE37186
:10BA200001238340002025EA030504237573003DAC
:10BA300063F3070018BF012565F30F2002B070BD46
:10BA400010B50446E9F768F8032C11D8C1054CBFBE
:10BA50000323012302054FF0010000FA04F048BF60
:10BA600043F00C03C0B21840003818BF012010BDCD
:10BA700000200346F7E701467F20FFF78DBF014610
:10BA80006FF07F00FFF788BF2DE9F84304460E46AC
:10BA90000025FFF78DFF07465FFA85F90234484617
:10BAA000FFF7E9FF80464846FFF7E9FF811B27FAC9
:10BAB00005F201354B424B41B04508BF43F002034C
:10BAC000D20744BFE675A375042DE5D1BDE8F88320
:10BAD00003680F2110B593F86A200446B3F8AA0052
:10BAE00022F0060283F86A20E5F712FB01230246E2
:10BAF00021461A20EFF7F4F82368002283F8542136
:10BB000010BD232938B50446154613D103689A7B26
:10BB10002D2A0FD10F21B3F8AA00E5F7F9FA012376
:10BB2000024621462846EFF7DBF82368002083F819
:10BB3000540138BD0220FCE7F8B5066896F86A4063
:10BB4000A70717D592F82E40A40715D596F853717C
:10BB500007F0FF0497B982F82F1082F830309DF873
:10BB6000183086F85331014623462046EFF7B8F8DF
:10BB70002046F8BD1A24FBE70C24F9E73A24F7E73E
:10BB800010B50C460F21E5F7C3FA2146BDE8104079
:10BB9000FFF77ABF0138C0B2032808B504D940F2D4
:10BBA000F221AC20E4F770FE08BD2DE9F041D2F897
:10BBB000008006460D460F21B8F8AA001746E5F7A3
:10BBC000A7FA242E04461FD0252E40D0232E51D173
:10BBD00090F83160B30607D50126C07BFFF7DAFF86
:10BBE0008640F6B284F831603046FFF7EEFE6E70A4
:10BBF00004EB400094F83230AB7090F91900EFF785
:10BC0000BFF9E870BDE8F08190F82F00FFF7DDFE86
:10BC100098F80E3006462D2B16D0A068EAF71EFFC6
:10BC2000804604EB46031A7E6A7094F83020AA70AE
:10BC300093F91900EFF7A4F985F80480E8703B68E0
:10BC4000002283F85321DDE74FF0FF08E9E790F881
:10BC50002F603046FFF7B9FE6E7004EB4000037EA4
:10BC6000AB7094F83030EB7090F91900EFF788F969
:10BC70002871E4E74FF4A371AC20E4F705FE2DE949
:10BC8000F84F074693F900000E46154698464FEACE
:10BC9000420900283DD001EB09037F2893F901A058
:10BCA00006D050447F282FDC10F1800F2EDB40B2ED
:10BCB0002946FFF771FE04462846FFF7DCFE231AEB
:10BCC0002846D3F1000B4BEB030BFFF7D8FE844261
:10BCD000A4EB0A044FEA4B0BE3B208BF4BF0010B95
:10BCE00060B206F815B04E4488F8000072789C18CF
:10BCF00064B2747097F87800FFF74CFFA84208BF51
:10BD000087F88040BDE8F88F7F20D1E76FF07F0093
:10BD1000CEE70346E7E72DE9F74345780E468378FB
:10BD2000D1F80080C4788DF80730FFF741FE284233
:10BD300045D06F1E2F4042D17E2C4FFA84F940D05F
:10BD40003268937B3E3B042B03D83A2003B0BDE816
:10BD5000F083D37B3E3B042BF7D90F21B8F8AA0020
:10BD6000E5F7D6F990F82E30044643F0020380F848
:10BD70002E302846FFF729FE024604EB400393F9D4
:10BD8000211049451CBF83F8219083F82070336847
:10BD900093F853110129D8D8032183F853110DF1D9
:10BDA000070308F1A80004F1180184F82F50FFF7E9
:10BDB00066FF9DF80730002084F83030C6E7202069
:10BDC000C4E71E20C2E770B505460E4640880F2125
:10BDD000E5F79EF904463046FFF7DCFE04EB40042D
:10BDE000637E85F8803070BD2DE9F3410568044617
:10BDF0000E460F21B5F8AA009046E5F789F92368A9
:10BE0000074693F85331D3B995F92851751B6BB296
:10BE10009D4204D040F20931AC20E4F735FD3146B3
:10BE2000FFF732FEFFF7C4FD2B4601463A46204697
:10BE3000CDF80080FFF780FE02B0BDE8F0813A2027
:10BE4000FAE72DE9F34104460D46B0F86C0001A96C
:10BE500090461F46FDF7DFFB20B140F21631AC20C3
:10BE6000E4F712FDA806019E12D42846FFF7ADFDA7
:10BE7000D6F86630D9054CBF032101211A054FF0D1
:10BE8000010348BF41F00C0103FA00F0014211D058
:10BE900096F86A309B070DD596F8543103F0FF00F1
:10BEA00053B984F8315084F8328086F8547102B066
:10BEB000BDE8F0811A20FAE73A20F8E72DE9F04FC3
:10BEC000002689B04FF400730DF11009B2460290BC
:10BED000ADF8103019F8013B4FF00108CDE906AA82
:10BEE0008DF81E3006A8E5F74DF9044630B1731CF5
:10BEF0000126022BEED109B0BDE8F08F05A9BDF8EF
:10BF00001C00FDF788FB20B14FF46171AC20E4F711
:10BF1000BBFC059D0F21B5F8AA00E5F7F9F88346AB
:10BF200095F82001FFF736FE08FA00F50BEB400309
:10BF3000E9B293F919700391FFF73AFD20EA05027F
:10BF400003990BF11905D2B222FA04F0C30707D501
:10BF500015F91400B84202BF08FA04F00843C1B250
:10BF60000134042CF0D1029B5A4605A8CDF800807C
:10BF7000FFF7E2FDB6E708B503689A7B22B14FF4FC
:10BF80006471AC20E4F780FC2D22B3F8AA000F21E5
:10BF90009A73E5F7BDF890F82E3043F0010380F86E
:10BFA0002E3008BDF8B506460846346894F8A870E7
:10BFB0002FB123685B0605D501252846F8BDE37B34
:10BFC000002BF9D13146FFF7A6FE054650B117B157
:10BFD000E37B002BF0D12A4630462321BDE8F84010
:10BFE000FEF7C5B92FB92D23E3733046FEF799F953
:10BFF000E3E7236843F040032360F6E770B5046885
:10C00000054694F8A8308BB9E373A4F85230FEF7D4
:10C010009AF90F21B4F8AA00E5F77AF8002302464E
:10C0200029461846BDE87040EEF75ABE23685A0606
:10C0300004D440F2E231AC20E4F726FC23F04003C4
:10C040002360E4E7FEF765B908B500F01CF9BDE828
:10C050000840EEF795BF1D2310B504460370E8F7BE
:10C060009FFD6070022010BD1E2310B504460370B2
:10C07000E8F796FD6070022010BD01234380038025
:10C0800000238380C3804FF44863038170471021ED
:10C09000E5F73EB873B501A90546FDF7BCFA0446BD
:10C0A00018B121215420E4F7EFFB2846019EFFF749
:10C0B000EEFF30B10123A6F8DE3084814481048292
:10C0C000C48102B070BD3C2303804FF4FA43438027
:10C0D0000123C38083800023038143814FF448639D
:10C0E00083817047F8B50446E8F71CFD074663787E
:10C0F00003EB43035D00E8F729FD0646EDB2E8F7E0
:10C1000015FD2070062D4FF0000109BF3B6800238C
:10C110003268134004BFC4F802300123C3F10602A1
:10C1200004EB830092000230BDE8F84000F0C2BC8E
:10C13000F7B50D46074620B94FF48E716120E4F73C
:10C14000A3FB12210238E5F73DF801A90446FDF7EB
:10C1500062FA10B140F22311F0E79923AC80019A02
:10C160002B70BB7AFF2B08BFB87292F869301B079F
:10C1700003D41A23EB7003B0F0BD002607F10E01C3
:10C1800005F11000EE70BB7AAB71FB7AEB71D2F85F
:10C190006630AB60D2F86A30EB60EB7A23F00803CC
:10C1A000EB72FC7A04EB4404E400E4B22246083467
:10C1B000F8F7B4FE3146E4B2C4F1F802083402F0F4
:10C1C000F802281903B0BDE8F04000F073BC08B5D0
:10C1D000036893F8A8205AB9D97B4B2903D0A7212B
:10C1E0006120E4F751FBDA73BDE80840FEF7ABB815
:10C1F0001A68D10401D4AC21F2E722F480521A600B
:10C20000F2E70B68122110B50446B3F8AA00E4F770
:10C210007FFF0378601CA370FFF764FF1B2010BD35
:10C2200008B503689A7B1AB1C4216120E4F72CFB9E
:10C230004C229A7308BD08B5EFF722FCEFF7AEF871
:10C24000EEF7DCFFBDE80840F0F772B910B5C8247E
:10C25000EFF768F8022808D1013C14F0FF04F7D189
:10C260000620E9F7C7FB204610BD431E584258413F
:10C27000FAE710B5EFF730FC044600F00EFA20188C
:10C2800041F1000110BD07B501ABF1F723F803B090
:10C290005DF804FB38B504461546EFF7CFF90146C3
:10C2A0002A462046BDE83840EFF71EBD704719B951
:10C2B00043780BB1C3788370704710B504460846C5
:10C2C000F0F73CF84FF47A73B0FBF3F0201A10BD8E
:10C2D00038B5044608461546F0F730F84FF47A733F
:10C2E00000F2E730033DB0FBF3F0012DA4EB0004B6
:10C2F0008CBF02200A20201A38BD01207047831C01
:10C30000212B04DD4C2B04DC2038C0B27047002008
:10C3100070472A2070477F2808B5034604D0F0F7FD
:10C3200081FCC0F11003DBB258B208BD7047013880
:10C3300008B507280BD8DFE800F00F1106040A0F34
:10C340000F08032008BD0220FCE70420FAE740F2B2
:10C3500089410620E4F798FA0020F3E70120F1E78D
:10C3600008B503280FD8DFE800F00212070B0029F8
:10C3700014BF0320052008BD90000530C0B2FAE7C5
:10C3800090000B30FAE75C218720E4F77DFA062065
:10C39000F1E72DE9F04104460F461646F6F778F925
:10C3A00094F86232062B08D094F86232052B04D040
:10C3B00040F275218820E4F767FAFE22002304F199
:10C3C000DA08A4F85C221D46D4F8D420A4F8603220
:10C3D00084F8B03084F8A0326374927A84F8B22280
:10C3E000AF4212D194F82F3184F87B3184F8C531F3
:10C3F000002384F8663294F86222052A0AD14EB9E5
:10C40000022384F86232BDE8F08140460135F4F73A
:10C4100043F8E5E784F86232D4F8D420B4F8641223
:10C42000B2F847300B44A2F84730ECE70023F7B5E9
:10C430000646A0F2A624CDE900330D238DF8063080
:10C440006846E4F79FFE054608B103B0F0BD009BC7
:10C45000A342F5D116F8403C002B14BF012700275A
:10C460000DD00D212046E4F7ADFE06460E21E4F77F
:10C470004FFE2A4690F845113046FAF76FF8B4F8A7
:10C4800064123A46B4F8B0322046C91A89B2013172
:10C49000FFF77FFFD9E700F038B8801A00F30700F4
:10C4A00038B50D46144659B240B2F6F76DFC00237C
:10C4B000287020446B7040B238BD00230360704781
:10C4C0007047002070474FF0FF3070474FF0FF304B
:10C4D000704770474FF0FF307047002070470020D2
:10C4E00070470023037070479DF800300022FFF76B
:10C4F000D4BF4FF0FF307047002070474FF0FF303F
:10C5000070474FF0FF307047704770470020F6F7D4
:10C510007FBC0020F6F756BD0020F6F767BD00206F
:10C52000F6F776BC7047F6F7AFBDF6F7C1BDF6F784
:10C53000B1BDF8F73FBAF7F7EFBEF7F705BFF8F769
:10C5400059BA00F04FB9F8F747BA10B5837F8BB9E5
:10C55000034601F1180251F8044B914243F8044B91
:10C56000F9D1012484772146F7F7E4F8F7F7C6FEFE
:10C57000204610BD0020FCE710B504460221F7F765
:10C58000D9F8F7F7BBFEA07FB0FA80F0400910BDE4
:10C5900038B50446A37F03B938BDA37F032B02D06F
:10C5A000A37F042B0ED1EFF3108572B62046F7F768
:10C5B000DFFA05B962B6A37F002BEDD0FF2103207F
:10C5C000F8F7B0FAA37F012B02D14FF48271F6E79E
:10C5D00000F0BDF9DEE7F8B50746F7F7FDFE0446C3
:10C5E00020B940F229110320F8F79CFAF7F7FAFE78
:10C5F000A46800252418384641F100062246334637
:10C60000F7F73EFBA04271EB060309D3001B6FF066
:10C61000010361EB0601834275EB010102D3F8BD12
:10C620002846FCE74FF0FF30F9E72DE9F0410446DA
:10C630000F46F7F7D1FE064620B94FF4A371032049
:10C64000F8F770FA8568002362195B4113B1002086
:10C65000BDE8F081F7F7C6FE2A18384641F100031D
:10C6600014EB020843F10005F7F70AFB4045A94126
:10C67000EDD3F8F79FF900F074F8B368012037752F
:10C680002344B360E4E7837F012B01D1F7F7D4BBE8
:10C6900000207047D0E900017047F7F7A3BE80681B
:10C6A000704708B5F7F798FE20B940F29B110320B8
:10C6B000F8F738FA007D08BDF8B50369044623B1E0
:10C6C0004FF4D1710320F8F72DFAF8F773F9054606
:10C6D0000E46F6F785FF70B36435D4E9003246F1B3
:10C6E0000001AB4272EB010001D22B460A46C4E9BD
:10C6F0000032EFF3108572B6F7F76EFE064698B17A
:10C70000F7F770FEB3680B332CBF012200221B1811
:10C71000D4E9006042EB0101B34271EB00023CBF7F
:10C7200033460146C4E9003105B962B62046BDE88A
:10C73000F840F7F71BBBF6F773FF0746F7F760FE05
:10C74000B84238BF3846963546F100024319D4E95D
:10C75000000142F10002834272EB0105C7D2034699
:10C76000C4E7F7F701B9032910B5044606D8012933
:10C770000ED840F25D11B020F8F7D4F90429F8D1B1
:10C78000F6F7EEFF20B12046F7F792FB022010BD2E
:10C790000020FCE7C0E908122022002100F08AB93D
:10C7A00010B5037886B0044623B14FF4AB71452031
:10C7B000F8F7B8F90593CDE90333D0E90423CDE9BF
:10C7C000002343680293037A68468DF81430FFF71C
:10C7D00073FF0120DDE90023C4E9042306B010BD86
:10C7E000F7F782BF10B5029C241841F10001A01A8E
:10C7F00061EB0301B0F1004F71F1000103DBAA21ED
:10C800000420F8F78FF910BD70B50024F8F746F949
:10C8100005462646E0B2854200D870BDF8F744F9D7
:10C820000134068580F82A60F4E7F8B503790446F8
:10C830001BB11B219D20F8F775F94679017126B9C6
:10C8400001234371217909B96171F8BD2768204638
:10C850002671B84702280546F4D103212046B8477F
:10C8600008B12F21E6E7236829462046984700288B
:10C87000E8D03021DEE70346006800B970478842FF
:10C88000F9D102681A60704701F11003013813F8FA
:10C89000012D8B4200F8012FF9D170472DE9F047A7
:10C8A00013F0010F8EB004460D4617469A46DDE997
:10C8B000168924D006A8FFF7E7FFA30735D002AA00
:10C8C00004F110052068083454F8041C1346AC42E7
:10C8D00003C31A46F6D106AD02AC1AF0020F434666
:10C8E000CDF8009023D0294620460AAAF8F7C4F9CB
:10C8F0000AA93846FFF7C8FF0EB0BDE8F08713F06D
:10C90000040F0DD106AB0E4601F1100C1D46306828
:10C91000083656F8041C1A46664503C21346F6D17B
:10C92000214602A8FFF7B0FFD6E706ADD5E73A46A5
:10C9300029462046F8F7A0F9DEE713B50024CDE933
:10C940000044FFF7ABFF02B010BDF8F799BA20BF63
:10C95000704720BF70479142F8B503D373219620EA
:10C96000F8F7E0F8B2FA82F33BB1C3F12004994042
:10C970009A4020FA04F4984021434FEA124C93B2B3
:10C98000040C87B2B1FBFCF50CFB151E05FB03F68E
:10C990004FEA0E4E0EEB1040864205D9361A9642EB
:10C9A00094BF01260226AD1B04EB0141280405FBC0
:10C9B0001211B1FBFCF40CFB1411634307EB0147AC
:10C9C000BB4205D9DB1B934294BF01230223E41A27
:10C9D0002043F8BD2DE9F0411D4607460C4616469A
:10C9E00052EA050303D1A6219620F8F79BF885B9F2
:10C9F000914204D2FFF7AFFF2946BDE8F081084617
:10CA00002946FFF7A8FF05463246384606FB154182
:10CA1000F0E7B5FA85F80123400803FA08F3C8F1F6
:10CA20001F0840EAC470A3FB0212610803FB052241
:10CA3000FFF791FF30FA08F04FF0000102D0013803
:10CA400061EB010100FB05F3A0FB062C06FB0133A3
:10CA5000BF1A634464EB0304B742AC41CDD3013049
:10CA600041F10001C9E762B1013910B5841810F82D
:10CA7000012B11F8013FA04201D09A42F7D0D01A01
:10CA800010BD10467047431A934200EB020310B5E5
:10CA900008D3013902469A420BD011F8014F02F82F
:10CAA000014BF8E70A4412F8014D8A4203F8014DA0
:10CAB000F9D110BDF0B5C9B20446A30726460ED180
:10CAC0004FF0013522F003034D43E718BC420CD16F
:10CAD000334402F003021A44934209D1F0BD002A04
:10CAE000FCD0013A04F8011BE7E744F8045BEDE7EA
:10CAF00003F8011BF0E700280CBF6FF015000020C1
:10CB00007047002070470723037000207047002003
:10CB100070470020704710F8012B11F8013B012AE3
:10CB200028BF9A42F7D0D01A7047034611F8012B5C
:10CB300003F8012B002AF9D17047034613F8012BA3
:10CB4000002AFBD1181A013870472DE9F0478C46AE
:10CB50008E46089E154604461946002B40F0D080AC
:10CB6000724547D9B2FA82F74FB1C7F120030EFAE6
:10CB700007FCBD40BC4020FA03F343EA0C0C4FEA2B
:10CB8000154EA8B2230CBCFBFEF80EFB18CC08FB1C
:10CB900000F943EA0C43994528D9EB1808F1FF3214
:10CBA00004D2994502D9A8F102022B44A3EB090350
:10CBB000A4B2B3FBFEFC0EFB1C330CFB00F044EAFA
:10CBC0000344A04214D92C190CF1FF3304D2A04223
:10CBD00002D9ACF102032C44241A43EA02401EB1EC
:10CBE000FC40002334607360BDE8F0874246DDE717
:10CBF0006346F1E7002A79D0B2FA82F3002B3FD0E6
:10CC00001946C1F1200302FA01F500FA01F42EFAE7
:10CC100003F20EFA01FE20FA03F3AFB243EA0E0369
:10CC20004FEA154EB2FBFEFC0EFB1C201A0C0CFB4F
:10CC300007F842EA004290455AD9AA180CF1FF3091
:10CC400004D2904502D9ACF102002A44A2EB0802BA
:10CC50009BB2B2FBFEFC0EFB1C220CFB07F743EA67
:10CC600002439F4246D9EB180CF1FF3204D29F4297
:10CC700002D9ACF102022B44DB1B42EA004202E083
:10CC8000AEEB020301224FEA154EAFB2200CB3FB0C
:10CC9000FEFC0EFB1C330CFB07F840EA03439845EF
:10CCA0002AD9EB180CF1FF3004D2984502D9ACF127
:10CCB00002002B44A3EB0803A4B2B3FBFEFC0EFB63
:10CCC0001C330CFB07F744EA0344A74216D92C197E
:10CCD0000CF1FF3304D2A74202D9ACF102032C4479
:10CCE000E41B43EA00400F46114678E71F2188E71E
:10CCF0006046ABE76246BFE76046DBE76346EFE7C7
:10CD0000734506D916B9002108466DE7C6E9000E3D
:10CD1000F9E7B3FA83F787B9734501D3824207D89D
:10CD2000841A6EEB030301209C461EB900215BE7C9
:10CD30003846FAE7C6E9004CF8E7C7F1200CBB40DB
:10CD400000FA07F422FA0CF520FA0CF1BA401D4360
:10CD50002EFA0CF30EFA07FE4FEA154941EA0E01CE
:10CD60001FFA85FEB3FBF9F809FB18300B0C08FB22
:10CD70000EFA43EA00439A4540D9EB1808F1FF3018
:10CD800004D29A4502D9A8F102002B44A3EB0A036E
:10CD900089B2B3FBF9F809FB183308FB0EFE41EA30
:10CDA00003418E452CD9691808F1FF3304D28E4512
:10CDB00002D9A8F10203294443EA0040A1EB0E0185
:10CDC000A0FB02984145CE46434602D306D14C45CE
:10CDD00004D20138B9EB020E68EB0503002EA5D092
:10CDE000B4EB0E0261EB030101FA0CFC22FA07F32B
:10CDF000F9404CEA0303C6E9003197E74046C5E72E
:10CE00004346D9E7000000002020020240402222D1
:10CE100060606161242462626363353564646565C2
:10CE20003737666667673939686869696969791C7F
:10CE30001C1C1C202022222424262628282A2A2CB6
:10CE40002C2E2E303032323434363638383A3A3CA2
:10CE50003C3E3E404042424242460000000000004C
:10CE60000022F0B585B0114640F6034002AF08F04D
:10CE70000FFF0446002858D108F0ACFC214641F2CF
:10CE800003003A1D08F004FF044600284DD17A68DB
:10CE9000934DD16805F12C03D1F80100D1F80510AC
:10CEA00003C3104607F09AFB214641F201003A1DE8
:10CEB00008F0EEFE0446002837D17868C3685A7837
:10CEC00085F824205A88EA841A7985F82520B3F851
:10CED00007202A85B3F805306B8507F07FFB2146D4
:10CEE00041F202003A1D08F0D3FE0446E8B9D7F833
:10CEF00004C005F13406DCF80C20531C41323446E2
:10CF000018685968083303C493422646F7D160462F
:10CF100007F064FB95F8303058060AD40121714AB5
:10CF200071481DF0F1FF6FF0120420460C37BD462A
:10CF3000F0BD002142F203003A1D08F0A9FE0446AC
:10CF40000028F2D17A68694BD168D1F80100D1F894
:10CF5000051003C3104607F041FB214642F20200D0
:10CF60003A1D08F095FE04460028DED17E68F4687C
:10CF7000B4F801309AB292B1E27882B1A5F8B43037
:10CF8000E378032B06D00322022100925648584A28
:10CF90001DF0D9FCE2785748114620F01CFB3046C2
:10CFA00007F01CFB002142F23A003A1D08F070FE27
:10CFB0000446002840F087807868C368B3F80130E1
:10CFC000A5F8C83007F00AFB95F8306016F0200687
:10CFD00018D14FF0FF304FF0FF3108F01BFC044632
:10CFE00000286DD002210C3007F006FC01232146F9
:10CFF00003704670324640F66D4008F049FE044624
:10D00000002892D195F850301A0712D5002142F22B
:10D010001C003A1D08F03CFE0446002885D17868C3
:10D02000C368D3F80120D3F80530C5E9262307F0FB
:10D03000D5FA95F890309B0621D53846B91C08F0F2
:10D04000D1FE044600287FF470AF4FF0FF304FF060
:10D05000FF3108F0DFFB064690B304210C3007F0E7
:10D06000CBFB3B88224603807B883146438042F2DB
:10D07000240008F00DFE044600287FF456AF95F812
:10D0800090305E0610D5002142F22A003A1D08F0C9
:10D09000FFFD044600287FF448AF7868C3685B78DA
:10D0A00085F8CA3007F09AFA95F895305C0637D5BE
:10D0B0004FF0FF304FF0FF3108F0ACFB0446E8B909
:10D0C0006FF0680431E7411D7FF42FAF02210A4A57
:10D0D00005481DF019FF1F23A5F8C83074E700BFED
:10D0E00038120020774F040008FE0300C812002009
:10D0F0009B4F0400F0120020E14F040002210C308D
:10D1000007F07AFB2F23037001232146437000228E
:10D1100042F2740008F0BCFD044600287FF405AF1D
:10D120004FF0FF304FF0FF3108F074FB0446002849
:10D13000C6D008210C3007F05FFB95F8901002462E
:10D14000AD4811F0020FAD4B08BF0346880695F8B5
:10D15000910048BF43F0400310F0090F18BF43F49B
:10D160000063C90754BF184643F0100095F8953086
:10D1700001215B0608D595F865305E0754BF40F67F
:10D1800001019F4941F4FE211DF0D9FE21460022F4
:10D1900042F2010008F07CFD044600287FF4C5AE91
:10D1A00095F83030B5F8B41098065BD4C9B941F29F
:10D1B00005003A1D08F06CFD044600287FF4B5AE6A
:10D1C000B5F8B4307C684BB9E368B3F80120A5F832
:10D1D000B4209A888B48114620F0FDF9204607F0CC
:10D1E000FDF94FF0FF304FF0FF3108F013FB04461C
:10D1F00000283FF465AF08210C3007F0FDFA95F8E0
:10D2000090300246D90737D44FF000517E481DF0C8
:10D2100096FE2146002240F6014008F039FD044602
:10D2200000287FF482AE01463A1D4FF6014008F017
:10D230002FFD28B3754A022175481DF065FEEB7974
:10D24000002B40F0AA8009F05DFD044600287FF421
:10D250006CAE0CF0AFF8044600287FF466AE08F020
:10D26000C5FB62E60029BCD101216A4A68481DF06D
:10D270004BFE6FF0040458E65DA1D1E90001C6E75A
:10D280007B686E46DC688AB0B4F80130042B96BF28
:10D29000614A624952F8231002AAD3614FF4007325
:10D2A0005F4813845F4BC2E9050142F8103F4FF419
:10D2B000135157481DF037FEB4F80120B546022A35
:10D2C000B4F8033049D1052B47D8574A52F82310F8
:10D2D0006E468AB002AAD3614FF400735348138498
:10D2E000504BC2E9050142F8103F4FF41351484832
:10D2F0001DF019FEB546637994F806C0032B98BF5C
:10D300004B4AB4F80760D4F809006C468CB094BF5F
:10D3100052F82310414902AAC2E9073C4FF40073B6
:10D32000DFF810E19385444BC2E905E1C2E90960E9
:10D330004FF4735142F8103F35481DF0F4FDA546F7
:10D34000786807F04BF900214FF602403A1D08F0CB
:10D350009FFC044618B1394A6DE73049B8E7786850
:10D36000C368B3F80130A5F8753007F037F995F8C0
:10D3700075305A077FF563AF21464FF603403A1DDB
:10D3800008F086FC08B12E4A55E77868C3685B78D8
:10D3900085F8743007F022F951E72E78002E7FF4DB
:10D3A00052AF95F875309B061ED54FF0FF304FF009
:10D3B000FF3108F02FFA044600283FF481AE062121
:10D3C0000C3007F019FAD5F80130214603601D4BE7
:10D3D00032469B8883804FF6064008F059FC04468D
:10D3E00000283FF430AFA0E56FF085049DE500BF55
:10D3F00090880002008000200E1207002E12070005
:10D4000001088000F0120020108800026150040022
:10D4100008FE03003E50040058080400AD4D04000F
:10D420008550040004000001400804009E500400E0
:10D4300030080400B650040007000001E350040067
:10D440000C5104003912002008B5094BD3E8AF3F56
:10D4500043B1F6F7CBF804A1D1E90001BDE80840DB
:10D4600012F052BF08BD00BF389C1C000000000035
:10D47000B4F200200000000013B500246FF009038F
:10D480004FF4A06212491348009416F01BF9124998
:10D49000104820F017F91149114815F0D5FE224621
:10D4A00004211C2006F086FA01220E4BD3E8EF1F60
:10D4B000C3E8E02F0028F9D103A1D1E9000112F05F
:10D4C00023FF204602B010BD389C1C000000000065
:10D4D00070360120A07700204D790400CD020300B2
:10D4E000BCF20020B4F2002070B4174E0C46B042DB
:10D4F000154608D00136B0420FD0023EB04210D0DF
:10D5000070BC1AF08DBE0AA3D3E90023C5E900233D
:10D510000E4B0020236070BC704707A3D3E90023A3
:10D52000F4E707A3D3E90023F0E700BFAFF30080DF
:10D5300002C0FF7F0000000003C0FF7F000000006A
:10D5400001C0FF7F0000000002C0FF7F03004E808B
:10D5500037B51F4B05461B5C0A46002B36D01D4BCA
:10D5600053F8300003EBC5031979012303FA01F1E5
:10D57000436804691B6819420ED1174940F2A2633F
:10D58000164A17481CF0B7FF16481CF0B4FF40F2CB
:10D59000A26112481CF0A6FF23680B40003B18BF95
:10D5A00001239342836814BFDB681B6998470446D4
:10D5B00060B1022000F082FE40B10B4B022153F813
:10D5C00025300A4A0A48009400F0F2FE03B030BD4C
:10D5D00058FA0020FC04040019230400E822040087
:10D5E0005723040074230400F40404008623040079
:10D5F000BD8C040037B5C37E0446032063B900F038
:10D600005DFE38B1E37803210093A37E144A1548E8
:10D6100000F0CEFE03B030BD00F050FE48B1237FD5
:10D6200003210193E378104A0093A37E0D4800F094
:10D63000BFFE0E4D227FAB7F9A42EBD0022000F05E
:10D640003DFE0028E6D0AB7F094A022152F8232094
:10D650000448CDE90032074A237F00F0A9FED9E74C
:10D66000A1230400BD8C0400CD2304005BFA00203C
:10D670000C0504001D240400084659B94FF0010CA4
:10D68000054BD3E8EF2FC3E8E1CF0029F9D161467C
:10D69000FFF75EBF704700BFE87A00201FB5044661
:10D6A000032000F00BFE58B1E37C03210293637B5F
:10D6B000044A0193E37804480093237B00F078FE4A
:10D6C00004B010BD66240400BD8C040008B5837945
:10D6D0000146022B0AD109481CF0D1F80B7C4BB94A
:10D6E00007481CF0CCF86FF08B0008BD042BF5D177
:10D6F0000448F1E70F2BF6D10348F2E7F07A002057
:10D70000F87A0020EC7A0020F47A0020002008B596
:10D71000074BD3E8EF2FC3E8E10F0029F9D1014609
:10D72000FFF716FFBDE8084000210120FFF710BFFA
:10D73000E87A00202DE9F0430A2885B004460D461A
:10D7400017469846DDF8309026D8344B53F82060C1
:10D7500000F0FD03082B20D1022000F0AFFD48B1FE
:10D7600033460221CDE90289CDE900572C4A2D48E4
:10D7700000F01EFE072C1FD00A2C1DD0062C24D131
:10D78000294BD3E8AF1F003918BF0121012005B094
:10D79000BDE8F043FFF7DCBE244EB9F1000FDBD14A
:10D7A000032000F08BFD0028E4D033460321204AFB
:10D7B0001C4800F0FDFDDDE700210120FFF7C8FE59
:10D7C0000A2C08D005B0BDE8F083032C1DD100223F
:10D7D000184B1A70F6E7012DF4D1164C237801335B
:10D7E000DBB2042B2370EDD9284600F067FD28B189
:10D7F00029462378104A0B4800F0DAFD1CF0ABFBF9
:10D8000003F0BCFF012003F01BFA042CDAD10B4813
:10D8100005B0BDE8F0431CF078BC00BFC8040400AC
:10D82000B6240400BD8C0400E87A00200A5B0400E2
:10D83000F82404005AFA0020012504005BFA0020B5
:10D840001FB5032000F03AFD98B10E4BD3E8AF3F6F
:10D850000D4AD2E8AF2F0D49D1E8AF1F0C48D0E8F0
:10D86000AF0FCDE90110009203210A4A0A4800F0E7
:10D870009FFD0023094A0A4805B05DF804EB16F045
:10D88000C9B800BFF87A0020F47A0020F07A0020AE
:10D89000EC7A002031250400BD8C04005A6202009D
:10D8A000081200202DE9F0419AB00EA81CF063FB8D
:10D8B000044620B90EA800F0EFFC044658B1A11CA4
:10D8C00009D0022000F0FAFC28B1234602219E4A2A
:10D8D0009E4800F06DFD00269D4C9E4F20681FF075
:10D8E00007FE002800F08C8020682179E38803F08F
:10D8F0003002302AD0F810C0D0E9018E0ED19649FE
:10D9000040F2F733954A96481CF0F5FD95481CF017
:10D91000F2FD40F2F73191481CF0E4FD03F00602FD
:10D92000042A09D1904940F2FE338C4A8C481CF0FD
:10D93000E2FD40F2FE31EEE70125D8F80080DA077B
:10D9400005FA01F554BF43F4B01383F4D01315EA7C
:10D95000080F23F480120CD1844940F211437F4A0E
:10D960007F481CF0C8FD82481CF0C5FD40F2114103
:10D97000D1E713F0010FDCF8003014BF2B43AB43A9
:10D98000CCF80030DEF8003098470546002D0CBF7B
:10D990000123002307F8013B0CD0022000F08EFC8D
:10D9A00040B1744B022153F82630734A6748009502
:10D9B00000F0FEFC751C022D4FF0010604F1080476
:10D9C0008CD1032000F07AFC28B12B4603216B4A4E
:10D9D0005E4800F0EDFC6A480DF10F0100F0E8F937
:10D9E000044680B1012000F069FC28B12346654A55
:10D9F0000121564800F0DCFC00201AB0BDE8F0819F
:10DA00006FF01205C2E79DF80F300320CBB100F094
:10DA100055FC30B15C4B03211B685C4A4B4800F05D
:10DA2000C7FC4FF44071564A594800F0ABFA041E47
:10DA30003ADA012000F042FC0028DDD02346554AA6
:10DA4000D6E700F03BFC0028EBD00321524A3F48C8
:10DA500000F0AEFCE5E70A21204621F03BFB06463C
:10DA6000E8B1051B032000F029FC30B12B4603214F
:10DA70004A4A3648009400F09BFC06B101352C441C
:10DA800020780028E7D108F01BFB044670B1012084
:10DA900000F014FC0028AFD02346414AA8E72046F6
:10DAA000FFF74BF80546DDE7394CE9E70EA81BF018
:10DAB000BDFF044638B1012000F000FC00289BD0D7
:10DAC0002346384A94E7032000F0F8FB48B19DF85C
:10DAD000523003210093344A9DF851301B4800F026
:10DAE00067FC9DF85130022B03D19DF85230032B77
:10DAF0000ED8012000F0E2FB00283FF47DAF0423A4
:10DB000000930223294A0121104800F051FC73E7D9
:10DB10001B4DAC7F2E7B072C4ED9012000F0CEFB95
:10DB200028B123460121224A084800F041FC012087
:10DB300000F0C4FB00283FF45FAF1E4A01210348F8
:10DB400000F036FC58E700BF88250400BD8C0400B7
:10DB5000FC04040058FA0020B8250400E822040060
:10DB600057230400F12504002E2604001923040085
:10DB700074230400F4040400612604007A260400DF
:10DB80005BFA0020A126040040050400CB26040017
:10DB900058F700201F270400F02604004327040044
:10DBA000482704006A27040093270400BD270400C7
:10DBB00011280400DD280400032000F07FFB6A4BDD
:10DBC0001F5D58B1694B03211B5D694ACDE90073A4
:10DBD000684B694853F8243000F0EAFB9DF8513057
:10DBE000BB4205D3614A115D9DF85220914213D981
:10DBF000012000F063FB002899D09DF852300121EC
:10DC000001939DF851305D4A00935A4B5A4853F89E
:10DC1000243000F0CDFB8AE7721E032A10D89E4202
:10DC20000ED9012000F04AFB002880D09DF8513029
:10DC300001210093524A33464F4800F0B9FB76E782
:10DC40009DF80F30002B36D14E4C01260DF11408F3
:10DC5000404604A9049608F0C5FE049B8BB3631EDE
:10DC6000002413F8012FA2BB062607AF46493B1933
:10DC700018F80620013E4FEA121002F00F02085C6D
:10DC80008A5C18705A7003F10203F1D104F1680341
:10DC90000DEB030404F8406C384607F05FFF0446C0
:10DCA00058B3012000F00AFB00283FF4A5AE3B4624
:10DCB000364A009427E71CF069F904460028C4D1CD
:10DCC000C2E7304600F0FAFA00283FF495AE304A39
:10DCD00034E7202AC5D00A2C08D1012000F0EEFA42
:10DCE00000283FF489AE23462A4A81E604F1680100
:10DCF000694401F84C2C0134B3E7274801F042F89D
:10DD00000446A0B91C223146384621F0C4F96B689C
:10DD10003846CDF81D30214B5B68CDF8213040F2FC
:10DD20000113ADF834301CF0C7F9044640B10120AE
:10DD300000F0C4FA00283FF45FAE2346184A57E6C5
:10DD4000032000F0BBFA48B107F028FFAA78034689
:10DD500000920321134A084800F02AFB0023124ACC
:10DD6000124815F057FE47E6B58C0400AD8C040050
:10DD7000372804000C050400BD8C0400772804003B
:10DD8000B6280400822504009C8C04006F2904003E
:10DD9000112904002F290400980404005FFA0020D0
:10DDA00093290400B42904005A62020008120020DA
:10DDB000F0B51C4A8BB004460F461068516802ABA0
:10DDC00003C3138904ADADF8043002F10A031A321B
:10DDD0002E4618685968083303C693423546F7D172
:10DDE00018689B883060B38020461CF0BCF8B0FAFD
:10DDF00080F35B093B70831C12D1204602A91BF003
:10DE00009BFE68B9204601A91BF0A7FE40B9204639
:10DE100004A91BF0B0FE18B9014620461BF0C8FE4D
:10DE20000BB0F0BD08040400F7B500931346DDE91C
:10DE300008670A4627490A9C05461CF058F84FF027
:10DE40000A0C40F2E242F18830880CFB01F1738841
:10DE50000191B1885343009142431F4928461CF069
:10DE600046F8284697F901303A781C491CF03FF8EB
:10DE700040F27121A388228800934A432846638890
:10DE800017491CF034F8E36828460093A368E28839
:10DE900014491CF02CF8E37C28460093227C637C18
:10DEA00011491CF024F894F9122012F1800F0CD1C2
:10DEB00028460E491CF01BF82846637D227D0C493C
:10DEC00003B0BDE8F0401CF012B8284609491CF028
:10DED0000EF8F1E7712A0400A12A0400E42A0400E4
:10DEE000162B0400522B0400852B0400CD2B0400BC
:10DEF000162C0400FB2B0400072810B511D84B1E6C
:10DF00000E2B0ED8002301F0010449082344FAD156
:10DF1000054901EB40018A5C934234BF0020012097
:10DF200010BD0020FCE700BFCE8C040038B50446CD
:10DF3000F8B1242500212A4621F0ADF801230E4A2C
:10DF4000237013686570636053680E3444F8063CB0
:10DF50000A4B1B8824F8023C094B03F1140253F8C6
:10DF6000041B934244F8041BF9D100201B88238032
:10DF700038BD6FF01500FBE7F68C0400F48C04004C
:10DF8000DE8C040010B5144688B01AB96FF0150085
:10DF900008B010BD0A46014604A81BF096FF0028F1
:10DFA000F4D104A80A491BF0A2FF234613F80E1B64
:10DFB00004A8029304F10C030193231D0093A3789A
:10DFC0006278FFF731FF04A81BF0B6FFE0E700BF5F
:10DFD000432C04002DE9F04F8BB0914698468246C1
:10DFE000149C20B96FF015000BB0BDE8F08F00292C
:10DFF000F8D00F78012FF5D84B78062BF2D8042AE9
:10E00000F0D80678032E00F21081DFE806F0130244
:10E010002F08013B012B2BD9022700260AE0013BE8
:10E02000012B8CBF0527062709F10106F6B2B9F1CD
:10E03000000FD7D0314638461BF090FE9AF80250B8
:10E04000854240F0F5802DB1DAF80430002B00F065
:10E05000EF800025EAB296420CD8784BC6EBC60595
:10E06000DB5D1D440335C4B92846BDE70427DBE763
:10E070000327D2E7052FDAF804100CD0062F0CBFC7
:10E080000E2300234846C95C10F046FA002805F12B
:10E090000105DFDAA6E70623F4E7159BAB42C0F0E3
:10E0A000CA802770657084F80280052FDAF8048032
:10E0B0000DD0062F0CBF0E230023013F18F803B02C
:10E0C000052F06D8DFE807F0192A35536A8506239D
:10E0D000F3E798F800309AF8016098F9010098F891
:10E0E0000210B8F80320E67003F00F061B09267132
:10E0F0006371A071E1712281B6E798F800309AF857
:10E10000010098F9011098F80220E07003F00F0068
:10E110001B0920716371A171E271A5E705A803468F
:10E1200051461BF035FE03CBC4F80300C4F80710BA
:10E130009AE7514603A805AE1BF02AFE03C886E8FD
:10E14000030008F106001BF039FE079008F10A00F1
:10E150001BF034FE0334089009AA334603CB9342E4
:10E16000206061601E4604F10804F6D17CE79AF84D
:10E1700001308DF815B08DF81430BDF814304A46D2
:10E18000A4F803300421334666710634CDE900B4A7
:10E190008DF8166040461BF017FE65E7514603A850
:10E1A00005AB1BF0F5FD03C883E803008DF81CB038
:10E1B0008DF81D6003CB1B88C4F80710A4F80B3042
:10E1C000C4F803000D3433464A460521CDE900B4B6
:10E1D000E0E7514603A805AF1BF0DAFD03C887E866
:10E1E000030008F106001BF0E9FD079008F10A00A2
:10E1F0001BF0E4FD3B4608908DF824B08DF82560B7
:10E20000E21C0DF1240C1F4603CF674510605160DE
:10E210003B4602F10802F6D13B88153413800621F3
:10E2200033464A46CDE900B4B4E76FF08500DBE63B
:10E230006FF04C00D8E66FF00B00D5E6FE8C0400C2
:10E240002DE9F047DFF848800446D8F800900D46E5
:10E2500016461F46B9F1000F06D0DFF838C09CF80B
:10E2600000C0604500D8C847D8F804E0BEF1000FF0
:10E270000BD0084B5B78A34207D33B463246294676
:10E280002046F446BDE8F0476047BDE8F08700BF90
:10E29000281400200818002050B10178042907D85C
:10E2A0004278042A04D8044B002019705A70704731
:10E2B0006FF01500704700BF08180020431E032BA5
:10E2C000024612D80A4B196811B9586830B970471C
:10E2D000084909788842F8D801207047054B5B78D7
:10E2E0009A428CBF0020012070470020704700BF79
:10E2F0002814002008180020F8B502460B462648CE
:10E3000014F0D2FB0446002843D04FF0FF324FF008
:10E31000FF33224814F050F963896168207A04F1D0
:10E320000C02FFF78DFF214600241D4813F072FEFA
:10E330001C4BD3E8EF5FC3E8E24F002AF9D125B3C5
:10E340000220FFF7BBFF00B32B4640F20111164A33
:10E3500016481AF0F3FF05461FF03CFA4FF47A76A0
:10E36000A0FB060747F61222002306FB0171F6F711
:10E3700089FEA54201460DDDFF2DD4BF2B464FF48B
:10E3800080730220094AFFF75BFF044814F0DCF9B0
:10E390000120F8BD2346F4E7101A00205019002090
:10E3A00098180020007B00207B2C04007FFA0020BE
:10E3B0000CB4F0B585B006460C461FF07DF960B18F
:10E3C00033495D23334A34481CF095F833481CF038
:10E3D00092F85D212F481CF085F8631E032B16D898
:10E3E000002200232E4802A913F088FDA0B12D4B76
:10E3F000D3E8EF1F0131C3E8E21F002AF8D12A4B0E
:10E40000D3E8EF1F0131C3E8E21F002AF8D105B0BD
:10E41000BDE8F04002B07047029D1FF0DBF94FF4F9
:10E420007A77A0FB070C47F6122207FB01C10023F5
:10E43000F6F728FE1D4B68602C7253F8243040F22A
:10E4400001111B4A009605F10C001AF077FFB0F598
:10E45000807FA8BF4FF4807020EAE07404F10C00C4
:10E46000C4F580710BAB0A9A0131284403931BF069
:10E47000D1F90028A8BF2418FF2CCCBF4FF480741A
:10E48000A4B229460B486C811FF090F8BFE700BF8B
:10E49000F32C0400AA2C040057230400022D0400CE
:10E4A00098180020007B0020FC7A00202C05040036
:10E4B0001D2D0400101A002013B54FF47A7408467D
:10E4C000B1FBF4F1009204FB110202481BF0FDFFC6
:10E4D00002B010BD462D0400044B93F8590020B142
:10E4E0000A38022894BF002001207047302E0020F7
:10E4F0000022044B83F8CB20A3F8CC2083F8CE2055
:10E50000704700BF302E0020F0B5002787B00546C9
:10E51000019700F055FD80F001041648E4B21BF0AD
:10E5200037FD00B3E4B102AE0122394630461FF098
:10E5300052F801AB6B654FF0FF324FF0FF332E65A1
:10E540000D4829461FF013F880B934B14FF0FF325F
:10E550004FF0FF3302A814F0FDFB019807B0F0BDA7
:10E5600000220023ECE76FF01500F7E76FF00A00D8
:10E57000F4E700BF087B00209019002073B51E4C03
:10E5800006461E4894F8D2501BF00DFD1C481BF0A7
:10E590000AFD0023022D84F8593084F85A300CD13A
:10E5A00004301BF0F5FC4FF6FE73984221DC154851
:10E5B0001BF0EEFC80B21BF044FED4F8D4302A46A7
:10E5C000009300230025194607201BF0C0FDD4F856
:10E5D000DC3084F8D150C4F8D45043B1D4F8E030E2
:10E5E0001E60D4F8DC0014F037FBC4F8DC5002B035
:10E5F00070BD4FF6FF70DEE7302E0020047B002058
:10E60000307B0020347B002008B50D4B1B7873B99C
:10E610000C4940F246330C4A0C481BF06CFF0C4886
:10E620001BF069FF40F2463107481BF05BFF05F025
:10E63000D3FA084B1858084BC31A5842584108BD22
:10E6400046020120812D0400562D040057230400AA
:10E65000942D040008000000A82D002028B1034BD1
:10E66000D3E8AF3FC31A584258417047107B00208F
:10E6700010B5034612481BF08BFC044618460A46A8
:10E68000FFF7ECFFD0B1C9B114F0FF0416D04B7AFC
:10E690003BB90C4BD3E8EF0F0130C3E8E10F002981
:10E6A000F8D1611E18BF0121104600F0E3FC012CD7
:10E6B00004D1BDE8104004481BF06ABC10BD00BF87
:10E6C000147B0020347B0020187B002010B504460A
:10E6D0000022014600230A481EF049FF78B10220BB
:10E6E000FFF7ECFD28B102212378064A0648FFF720
:10E6F0005FFEA06818B1BDE8104009F08FBC10BDE6
:10E7000090190020B62D0400058D040070B5A8B046
:10E7100006460D4614460021582212A820F0BBFCE4
:10E720000F2330468DF848308DF849501BF043FCDC
:10E730001490002868D0002D35D1002C33D0032050
:10E74000FFF7BCFDA8B1237A03210793E3792F4A91
:10E750000693A3792E480593637904932379039351
:10E76000E3780293A3780193637800932378FFF70B
:10E770001FFE0320FFF7A2FDA8B1637C03210793CE
:10E78000237C244A0693E37B21480593A37B0493CF
:10E79000637B0393237B0293E37A0193A37A009331
:10E7A000637AFFF705FE002200233146CDE90023FE
:10E7B00008A823462A461BF028FA10B908A81BF01F
:10E7C00002FDF5B9ECB12378627BE17902F0010238
:10E7D000032B8DF858308DF85A108DF85C2010D826
:10E7E0000D4A134419730123207802F10801834074
:10E7F000D1E8EF4F1C43C1E8E04F0028F8D1156184
:10E80000958212A8FFF762FF28B070BDDA2D0400D0
:10E81000058D04004F2E0400147B002013B50B4C13
:10E8200084F8590084F85A1071B10B2808BF4FF2D0
:10E8300024424FF0000318BF054A68461EF0CCFF83
:10E84000DDE90023C4E9182302B010BD302E0020FA
:10E85000B4C40400F7B5234C1746A26805460E461B
:10E8600032B90021284603B0BDE8F0401BF093BB4D
:10E87000FFF732FE58B10129F3D16FF08B0300206E
:10E8800084F8D210C4F8D430FFF778FEE9E794F8A2
:10E8900059300A2BE5D194F8583001A9012B0CBF4F
:10E8A00094F86A3094F8A63010468DF804300023AE
:10E8B0008DF805301EF01DF901460028D2D1012146
:10E8C0000B2084F8D11084F8D260C4F8D4702B6D7A
:10E8D000C4F8DC306B6DC4F8E03003B0BDE8F04044
:10E8E000FFF79CBF302E00202DE9F7430546FFF7C8
:10E8F000F3FD164600278046194889461BF053FB56
:10E90000BE4208BF6FF00406164C4B4684F859709F
:10E9100084F85A703A4629460A2000961BF017FCE4
:10E92000B8F1000F19D094F85830022B02D13846B4
:10E9300001F0A4F8FFF7DCFD94F82D306BB1A0686E
:10E9400058B1093D012D08D90123132184F839302C
:10E9500003B0BDE8F04309F08BBD03B0BDE8F08320
:10E96000047B0020302E0020034B93F85830022BFC
:10E9700001D100F0D7BF7047302E0020F0B5AF4C6A
:10E980009DB002A800F052FFDDE9022394F85A106E
:10E9900039B1D4E91801904271EB03053CBF02463E
:10E9A0000B4602A81EF03DFFDDE90223A44806A99C
:10E9B00013F018FD074610BB9DF81830112B00F21C
:10E9C0004D81DFE813F01200410045006100640052
:10E9D000900097009E00A200A600AA004B014B01E8
:10E9E0004B014B014B014B01AE0000F073FD0146A2
:10E9F00006A81BF0D0FA089808B109F00FFB94F8AC
:10EA00005A30002B00F07281D4E9182302A81EF0BE
:10EA100008FFDDE90223134340F06881002394F8E6
:10EA2000595084F85A306B1E0A2B00F25F81DFE8E0
:10EA300013F0600162016201240124012501250116
:10EA40005D0137015D01390106A800F06FFDCEE7D9
:10EA500094F8593073B1012284F8D2206FF08B0200
:10EA60000A2BC4F8D42002D0FFF736FD30B90020BD
:10EA7000FFF784FD06A800F093FDBCE7002384F8AF
:10EA8000593084F85A30F5E76FF08501B0E7A36894
:10EA90001BB394F859301BBB94F85830022B01D0AB
:10EAA000FFF726FD0222674B84F85820D3E8EF1FBA
:10EAB000C3E8E02F0028F9D1634D0AAE0FCE0FC591
:10EAC0000FCE0FC533682B60002384F8D130C4F813
:10EAD000D430FFF749FF39468AE76FF07F07FAE73E
:10EAE0006FF00F07F7E76FF08B02012106A8FFF721
:10EAF000B1FE80E70A9A0421002A08BF6FF08B025A
:10EB0000F4E706A800F0A2FD75E706A800F03CFEB9
:10EB100071E706A800F0F4FD6DE706A800F06AFEB4
:10EB200069E79DF8195094F8593005B30B2B11D1B2
:10EB3000D4F8DC305BB16FF00402D4F8E0301A6036
:10EB4000D4F8DC0014F088F80023C4F8DC3000238B
:10EB500084F8D13094F85930002B3FF44CAF6FF06B
:10EB6000040208209DF81910FFF7BEFE43E79DF848
:10EB70002920012A37D1092B05D040F60202B4F82A
:10EB80005810914217D10122304BD3E8EF1FC3E850
:10EB9000E02F0028F9D12E481BF005FA0A2384F84B
:10EBA0005930002306201A46194684F85A3000933B
:10EBB0001BF0CDFA1FE70A2B3FF41DAF0220FFF731
:10EBC0007DFB20B10221234A2348FFF7F1FB9DF88A
:10EBD0002830A0688DF81430002305A98DF8153071
:10EBE0001DF087FF07E70B2B03D12846FFF7C6FC74
:10EBF00001E70A2B7FF4FFAE94F858300121012B76
:10EC000014BF032302230B2084F8D230C4F8D4505D
:10EC1000FFF704FE2846FFF7B1FC94F85830022BAA
:10EC20007FF4E9AE09232A4684F8593029462B4659
:10EC3000052084F85A500095BAE700BF302E002016
:10EC400090190020147B0020D42E0020047B00208B
:10EC5000347B0020C22E0400058D040094F8582057
:10EC6000012A3FF4C8AE022A03D106A800F0B6FE7E
:10EC7000C1E60F2B7FF4BFAEF7E705250220FFF7B3
:10EC80001DFB30B1022194F859301C4A1C48FFF793
:10EC90008FFB6FF0730200212846FFF725FE25E069
:10ECA0000825EBE7D4F8DC305BB16FF03D02D4F817
:10ECB000E0301A60D4F8DC0013F0CEFF0023C4F873
:10ECC000DC3000250F4884F8D150C4F8D4501BF034
:10ECD0006AF96FF073032A46009308212B460A2035
:10ECE00084F8595084F85A501BF031FA00F0C0FDF6
:10ECF00047E60225C2E70325C0E700BFF22E040065
:10ED0000058D0400047B002037B51B4C94F8593066
:10ED10000A3B022B0BD819481BF045F96FF07F0313
:10ED2000009300230522194607201BF010FAD4F89F
:10ED3000DC305BB16FF07F02D4F8E0301A60D4F8B9
:10ED4000DC0013F089FF0023C4F8DC3000250C48F8
:10ED500084F8D150C4F8D4501BF025F9012084F870
:10ED6000595084F85A5000F089FEFFF7C1FB84F82F
:10ED7000CF5003B030BD00BF302E0020047B0020F8
:10ED8000307B002070B5054688B078B301231A4E59
:10ED9000D6E8EF2F002A03D1C6E8E13F0029F7D1DA
:10EDA00027D1164B1D6000F0A1FD044628B1304666
:10EDB0001BF0F9F8204608B070BD284600F0D8F8DE
:10EDC00000220023CDE9062307234FF4C062CDE9DA
:10EDD0000243CDE900440A4B0A4904940A4815F05D
:10EDE000ABF80A4908481EF06DFCE3E76FF0150424
:10EDF000E0E76FF07704DDE7087B0020302E00208D
:10EE00007DE9010048050120A82D00200B2F0400FA
:10EE100037B503780446062B10D8DFE803F0041159
:10EE20001B1F23323D00214B1B681D6835B18368D1
:10EE30000093C379827941790079A84703B030BD46
:10EE40001A4B1B68DB68002BF8D0201D03B0BDE80F
:10EE500030401847154B1B681B69F4E7134B1B68C0
:10EE60005B69F0E7114B1B685B6A002BE6D0007909
:10EE700028B9621D202103B0BDE8304018470022A8
:10EE8000F8E70A4B1B689B6A002BD7D08168808803
:10EE900003B0BDE830401847044B1B68DB6A002B09
:10EEA000CCD0808803B0BDE830401847407B0020BC
:10EEB00010B50446FFF7A8FB424263EB0303094881
:10EEC00021461EF054FB58B10220FFF7F7F938B184
:10EED00023780221BDE81040034A0448FFF768BACE
:10EEE00010BD00BF64190020132F04000E8D040014
:10EEF00070B51A4C1A4EA8B04FF0FF324FF0FF33E6
:10EF00006946184813F06EFA6846FFF781FF002241
:10EF1000D4E8EF5FC4E8E32F002BF9D1002DEBD04C
:10EF2000502200210DEB020020F0B5F805238DF8EA
:10EF30005030D6E8AF3FADF854306FF06803022090
:10EF40001693FFF7BBF928B12B460221064A074862
:10EF5000FFF72EFA14A8FFF75BFFCDE73C7B0020FC
:10EF6000387B0020641900203E2F04000E8D040021
:10EF700000B50E4B89B0186000220023CDE90623AE
:10EF800000230822CDE90133CDE9032300934FF498
:10EF90008062074B0749084814F0CEFF074906482E
:10EFA00009B05DF804EB1EF08DBB00BF407B002074
:10EFB000F1EE0100480B0120182F0020702F0400F3
:10EFC00008B50D4B1B7873B90C4940F246330C4A17
:10EFD0000C481BF090FA0C481BF08DFA40F24631B9
:10EFE00007481BF07FFA04F0F7FD084B1858084B50
:10EFF000C31A5842584108BD46020120812D040021
:10F00000562D040057230400942D0400080000002E
:10F01000182F002008B5074B1B689B6933B1984730
:10F02000B0FA80F3044A5B09137008BD6FF08500E5
:10F03000F6E700BF407B002080FB0020044B1B78DC
:10F0400023B1044B1B68DB6903B11847704700BF4D
:10F0500080FB0020407B002008B5044B1B681B6A26
:10F0600003B198470022024B1A7008BD407B002074
:10F0700080FB00202DE9F04F002590F800B0ABB0E8
:10F08000BBF1030F044690F80DA002910D957ED8B8
:10F090005948D0E8AF3F23FA0BF3DB0777D5BAF135
:10F0A000040F74D8083800EB0B031E7B2146103088
:10F0B0001AF0F2FE1E278DF841602E46029BCDE924
:10F0C000115513958DF84030ADF8420020695FFA74
:10F0D00085F930B10EAA0DA91AF0AFFE10F13D0F5F
:10F0E00058D14FF0010894F908309DF841200A9357
:10F0F000BDF84230E57B039363880B920493636809
:10F100000993637A0593A37A0693E37A0793237BA3
:10F1100008931AF0D8FE4FF0000C029B0B9A8DF862
:10F1200054300A9BCDF866008DF85730039BCDF81C
:10F130006A10ADF85830049B3146ADF85A30099B3F
:10F1400014A81793059B8DF864508DF86030069BCA
:10F150008DF865C08DF86130079BADF850708DF863
:10F160006230089B8DF852908DF853B08DF8552081
:10F170008DF856A08DF86330FFF74CFF054618B99F
:10F180000D90EEB2B14522D84046FFF765FF2BB097
:10F19000BDE8F08F38B9CDE900004B46524610A9C2
:10F1A0000EA8FEF717FF00280EDB0135B5F5807FAE
:10F1B00008D0514607449DF838001AF066FE3044E6
:10F1C00086B283E74FF0FF094FF000088BE70EAAE5
:10F1D0000DA920691AF031FE38231CAF5246019365
:10F1E00010A9334600970EA8FEF7F4FE3846FFF745
:10F1F00025FF0135C5E700BF1C7B002010B5074C7B
:10F20000A36C33B1E36C1860A06C13F025FD0023F0
:10F21000A364002384F8383010BD00BF302E0020D6
:10F2200030B58DB00446FFF719FA38B3144D2B688A
:10F2300023B35B6813B3204603A909F0A3FDE8B923
:10F240009DF80C30012B19D140F2E242089BBDF829
:10F250002610B3FBF2F3BDF828209BB2ADF80430C2
:10F26000ADF806302B68ADF80810ADF80A2020463E
:10F270005D681DF0FFF8014601A8A8470DB030BD3C
:10F28000302E002037B50446ADF80010ADF802105E
:10F29000ADF80420ADF80630FFF7E0F950B1064BA9
:10F2A0001B683BB15D682DB120461DF0E3F80146B7
:10F2B0006846A84703B030BD302E002030B597B067
:10F2C0000D4604465822002168461FF0E4FE07233D
:10F2D0008DF801508DF8003065B1134BD3E8AF3F86
:10F2E000042B1AD1204608F071FE02906846FFF701
:10F2F000EDF912E00D4BD3E8EF2F002A03D1C3E85C
:10F30000E14F0029F7D10AD00220FEF7D7FF20B144
:10F310000221074A0748FFF74BF817B030BD2046D7
:10F32000FFF77EFFDEE700BF0C7B0020107B002094
:10F330007F2F0400178D0400044B1871044BD3E891
:10F34000EF2FC3E8E10F0029F9D17047302E0020DC
:10F350000C7B00202DE9F041424E94B0337D002B10
:10F360006DD106F01BFC092540F20118062703ABFE
:10F37000044606938DF81C50ADF814808DF80C707F
:10F38000FDF7DBFB02AB0F9340F20323ADF84030F7
:10F39000354B8DF81D001B882046ADF8103004ABAE
:10F3A00008948DF84850ADF838808DF808701193A6
:10F3B000FDF7C3FB2D4D13942C688DF849003CB12B
:10F3C00096F82C302868DBB90222009305A91BE0CF
:10F3D0002146142209A81FF05EFE40F20342A0233A
:10F3E000CDE90A23F02321462A4609A80C9308F008
:10F3F0000FF804460028E3D0204614B0BDE8F081A1
:10F400000023032200930EA91CF07DF80446002877
:10F41000F2D10320FFF790FF286809A9ADF8244036
:10F420008DF8264008F026F82646044618B13046E6
:10F43000FFF782FFE0E701201AF015FFDCE7346AEE
:10F4400064B90B4BD3E8EF2FC3E8E14F0029F9D1A2
:10F450000220FFF771FF2046FFF76EFF6FF0850473
:10F46000CAE700BF302E002028040400447B00209F
:10F47000487B002030B597B00D4658220446002145
:10F4800068461FF008FE08238DF8003000230F4A5D
:10F490008DF80150D2E8EF1FA14203D1C2E8E03F4E
:10F4A0000028F7D10FD10A4AD2E8EF1FC2E8E03FA7
:10F4B0000028F9D120469360938108F087FD0290DF
:10F4C0006846FFF703F917B030BD00BF107B00207E
:10F4D0001C7B002010B5074B1C7944B90120FFF7B5
:10F4E0002BFF2046FFF728FF6FF0850010BD6FF05F
:10F4F0000F00FBE7302E002013B50B4C94F837308B
:10F500007BB194F82D3063B1012347F6122284F8C1
:10F510003A30684600231EF05FF9DDE90023C4E9B4
:10F52000102302B010BD00BF302E00202DE9F041A5
:10F53000194D07462B79012B02D10020FFF7FCFE65
:10F5400095F80480B8F1000F23D1144C07F1100690
:10F550000FCE0FC496E8070084E80700D7E90B0137
:10F56000A986090C286385F83610FB690C34002B3A
:10F5700018BF23462B620123A5F8388085F8373061
:10F5800085F83A80FFF7E6FE08B185F83780BDE8D8
:10F59000F0816FF00F00FAE7302E0020442E00209B
:10F5A00037B505460020274C237984F83700032B14
:10F5B00084F83A002AD004D8013B012B2AD9002034
:10F5C00035E01A1F012AFAD8A068E2681321052B3A
:10F5D00018BF104608F04CFF10B110F1800F26D173
:10F5E0006FF08B00FFF70AFE012384F838302B6D93
:10F5F0006846A3646B6DE364D5E904231EF0ECF860
:10F60000DDE90023C4E9142303B030BD0E4B1868B4
:10F6100030B90020FFF790FE09201AF024FECEE753
:10F620001BF046FF10F1780FF3D00028F1D02B6DBE
:10F63000002BE9D06B6D1860286D03B0BDE8304039
:10F6400013F00ABB302E0020447B002073B54678AF
:10F6500005462A4C26B32379042B4DD1E06818B116
:10F6600008F0DCFC0023E3600020FFF765FE94F85F
:10F67000382042B109201AF0F6FD002002B0BDE8A2
:10F680007040FFF7BBBD6FF06E03009301210A20AD
:10F690006B781AF05CFD02B0BDE87040FFF72CBF3C
:10F6A000E06810B108F0BAFCE660A86808F08EFCCB
:10F6B0000023A06005202374FFF73EFE94F8385025
:10F6C00035B11321A06802B0BDE8704008F0D0BE8B
:10F6D00003201AF0C8FD0221A0681BF0A1FF58B159
:10F6E0002B46022100902A460A201AF030FD012301
:10F6F000052184F83930E5E702B070BD302E0020D6
:10F7000037B51E4C8268A36805469A4233D194F8F7
:10F71000383083BB436813B9037C012B1BD801200D
:10F72000FEF7CCFD38B12B7C012100936B68144AA5
:10F730001448FEF73DFE01236FF00C020021022069
:10F7400084F83930FFF7D0F80521A06803B0BDE890
:10F75000304008F08DBE237C6BB901230420237454
:10F760001AF081FD94F85930012B04D103B0BDE8A3
:10F770003040FFF7F9B803B030BD00BF302E002095
:10F78000992F0400178D040073B5194C8268A36883
:10F7900005469A4229D10026FFF7B6FAA06808F07C
:10F7A0003DFC3046A6602674FFF7C6FD94F838305D
:10F7B00043B109201AF057FD304602B0BDE8704051
:10F7C000FFF71CBD94F8392032B184F8393002B00B
:10F7D000BDE87040FFF790BE6FF07F0300931146C5
:10F7E00008206B781AF0B3FCF1E702B070BD00BFDF
:10F7F000302E002007B50C4B1B79022B10D10020B6
:10F80000FFF79AFD6FF0850302460093012103463E
:10F810000A201AF09CFC03B05DF804EBFFF76CBE05
:10F8200003B05DF804FB00BF302E002037B54FF069
:10F83000FF334FF0FF32044668461DF0CDFFDDE98F
:10F8400000230A4991F83A0008B1D1E91023886CE5
:10F8500038B1D1E91401904271EB03053CBF024677
:10F860000B462046C4E9002303B030BD302E0020F3
:10F870001FB51D4CA36C8BB1D4E9142302A81DF055
:10F88000D0FFDDE90223134308D16FF07302E36C6C
:10F890001A60A06C13F0E0F90023A36494F83A30E6
:10F8A000FBB1D4E9102302A81DF0BBFFDDE9022360
:10F8B000134316D1002384F83A3094F8373083B1DB
:10F8C000247974B9FFF746FD58B1009023462246CB
:10F8D00001210A201AF03BFC04B0BDE81040FFF7FC
:10F8E0000BBE04B010BD00BF302E002008B502488A
:10F8F0000BF092FE002008BD3014002010B5084C1B
:10F9000094F8D01004F1A4001AF052F930B9A168AB
:10F9100004F1A400BDE810401AF06CB910BD00BF9E
:10F92000302E002030B52B4C8FB0237C33B9012111
:10F9300008460FB0BDE83040FEF770BF94F8CA50DB
:10F940008DB9A06803F0E6F910F1780F02460AD0ED
:10F9500030B1294603200FB0BDE83040FEF7C4BFE8
:10F96000012384F8CA3094F8CB30DBB902A81AF02E
:10F970005DF858B902A81AF004FCA16816481AF0FC
:10F9800020F918B9A0681DF06FF830B102460021C7
:10F990000520FEF7A9FF0FB030BD01210420FEF7BE
:10F9A0003DFFF8E794F8CF3033B1FFF7A7FF0246E9
:10F9B00010B100210620CEE70025052029462B4660
:10F9C0002A4600951AF0C3FB94F8CF002946083068
:10F9D000C0B2AEE7302E0020D42E002010B5037840
:10F9E0000F2B18D0102B3CD00D2B44D1224B93F869
:10F9F0005920042A3FD1417831B16FF0040205202B
:10FA0000BDE81040FEF770BF012283F8CB20BDE8AF
:10FA10001040FFF787BF4478174B44B193F8593033
:10FA2000082B28D16FF0040221460620E8E70122C6
:10FA300083F8CF20027C83F8D02093F85820022A44
:10FA400019D193F85930083B012B14D8FFF756FF12
:10FA500002460028E8D1BDE8104001460920FEF723
:10FA6000DDBE417839B1044B93F859301BB16FF0CA
:10FA70000C020720C4E710BD302E002010B5064C44
:10FA800094F8CA301BB1A06808B103F07DF90023D7
:10FA900084F8CA3010BD00BF302E00202DE9F84F89
:10FAA00004461AF009FCB0FA80F0C0F11F0004EB24
:10FAB0008006D6F81090CD0005F1040A0B460635F5
:10FAC0008FB2B9F1000F0AD10121E26881400A43E7
:10FAD000E260336124F80A706753BDE8F88F4FEA9B
:10FAE000C906043634F806B04FEACB0808F1060818
:10FAF00034F8083099450CD001210A4A0A481AF016
:10FB00000FFF002383F31188BFF36F8F0423184680
:10FB100002DF24F80AB024F8059024F80870A753EF
:10FB2000DBE700BFBC2F0400A8FE030010B500EB0C
:10FB3000C1035B880446DB070A460ED41AF0C1FBFA
:10FB400034F83030C01A814207D134F831102046E1
:10FB5000511A1AF0B6FB82420CD00121064A07481E
:10FB60001AF0DEFE002383F31188BFF36F8F0423A6
:10FB7000184602DF10BD00BFE02F0400A8FE0300FE
:10FB80002DE9F84300EBC103DF880446B94202F1D6
:10FB900004080BD1012303FA02F2C36823EA02032B
:10FBA000C360002340F82830BDE8F883B3F8049020
:10FBB000FD004FEAC9060636835B0435994202D13F
:10FBC000435B99420CD00121084A09481AF0A8FE6B
:10FBD000002383F31188BFF36F8F0423184602DFDD
:10FBE00044F82870A75324F80590DDE7BC2F0400E3
:10FBF000A8FE03002DE9F84F8A4600AF002900F067
:10FC00009A8004680E1F361BF50826F0070604EBE1
:10FC10000608B8F802B01BF0010B16D1E94688B00F
:10FC20006A46464BCDE90531032342F8103F4FF4B5
:10FC3000C2515B46424801F0FDFECD468BF3118870
:10FC4000BFF36F8F0423184602DF294620461AF0BF
:10FC500038FB34F83030C01A854217D0E94688B0F6
:10FC60006A46384BCDE9053A032342F8103F00239A
:10FC70004FF4C251324801F0DDFE0023CD4683F33C
:10FC80001188BFF36F8F0423184602DFA15B204663
:10FC9000691A1AF016FBA84217D0E94688B06A46DE
:10FCA000294BCDE9053A032342F8103F00234FF4D6
:10FCB000C251234801F0BEFE0023CD4683F31188D4
:10FCC000BFF36F8F0423184602DFB8F802302946CD
:10FCD00023F00103A8F8023020461AF0F2FA04EBF0
:10FCE000C0035B888046DA070CD401462046FFF744
:10FCF0001DFF414620461AF0E9FA424629462046B1
:10FD00001AF030FBA65BAE1B04EBC6035B88DB0777
:10FD10000DD431462046FFF709FF314620461AF040
:10FD2000D5FA2A46314620461AF01CFB35462946AC
:10FD30002046FFF7B3FEBD46BDE8F88F79300400DA
:10FD4000A8FE03002930040052300400B2F5802FD1
:10FD50002DE9F8430ED33E494FF437733D4A3E48F0
:10FD60001AF0C9FB3D481AF0C6FB4FF43771394809
:10FD70001AF0B8FB042A0CD8394940F2E323354A7B
:10FD800035481AF0B8FB37481AF0B5FB40F2E321CA
:10FD9000EDE7043ACD1D114425F0070521F00706D3
:10FDA000A6EB0508B8F1170F4FEAD8070CD82E4973
:10FDB0004FF43B73274A28481AF09DFB29481AF054
:10FDC0009AFB4FF43B71D2E7B7FA87F44FF0000982
:10FDD000C4F12002C4F12404A4000734E408631C25
:10FDE000BB420560AF60C5F80C900CD91F4940F2CA
:10FDF0000233184A18481AF07EFB1A481AF07BFBA7
:10FE000040F20231B3E74946920005F110001FF0BD
:10FE100042F9A2B2530043F001036B803B1B9BB23B
:10FE200005EBC4015800A5F80090488025F834205F
:10FE3000A6F8029025F8083005EBC7035A8821463A
:10FE400042F001025A802846BDE8F843FFF726BE7B
:10FE5000F93004009E300400572304000F310400E1
:10FE60002631040047310400603104008931040068
:10FE70002DE9F04F91B0009302F004030293C2F316
:10FE8000C2030133840705460E46DDF868A00392DD
:10FE9000059340F0C781041D002837D101F0070603
:10FEA000341DC6F10806009B4FF0000804275A1EB7
:10FEB0004FF0FF33C1460193C3463B46CDF8108057
:10FEC0000DB1009921600598002800F3C080944886
:10FED0000099814203D393488142C0F0B8800399CE
:10FEE000601B11F0020C40F0CB80B9F10F0F40F213
:10FEF000CA808D4940F281238C4A8D481AF0FBFA62
:10FF00008C481AF0F8FA40F28121B6E00729CAD8E5
:10FF10006FF01B0011B0BDE8F08F7A285AD84B283B
:10FF20000FD8472856D829282DD825284FD051D862
:10FF3000202818BF23280CBF4FF0010B4FF0000BF7
:10FF40006EE04C382E2845D8DFE800F06A4444447F
:10FF5000444444444444444447444444444444445E
:10FF600044544447475454546A4768446A441847C1
:10FF70001844447C7A47444447447A0000204FF0B8
:10FF8000000B042734E001212A38C0B201FA00F046
:10FF900010EA0E0F44D110F0625C2BD110EA010B75
:10FFA0003ED06046013C3C44B4FBF7F47C4325B1B1
:10FFB000A3EB050CA444B445AAD8002800F0978010
:10FFC0000599013905915AF8041B009178E70199C8
:10FFD000013901914FF0000B22E012F8010C6C285E
:10FFE00032D1002012F8023C83466C2BC9D108277D
:10FFF0003B46D7E70AF1070A2AF0070A073424F03C
:020000022000DC
:100000000704FAE802BC35B106982044B0423FF636
:100010007FAFC4E900BC4FF0000B083408273B4613
:1000200012F8010F002800F08980BBF1000F7FF467
:1000300074AF2528F4D14FF0010B019B01330193DC
:100040000427ECE758469AE700208346AAE703997D
:1000500088072FD54FF0010C601BB0F5007FFFF42F
:1000600044AF31494FF41F73304A31481AF043FA14
:1000700031481AF040FA4FF41F712C481AF032FA46
:100080004FF0000CE9E705B309F140010DEB010E5B
:100090000199C0F387000EF8200C0EF8101CBCF17B
:1000A000000F0ED060F07F000EF8200C08F1010860
:1000B00009F10109C5F108014FF6DA7E0434069111
:1000C000AEE7049801300490F2E7BCF1000F01D0D4
:1000D0000136EDE7029802360028E9D10098CDE913
:1000E0000632FCF72AFDDDE906320644E0E7042B80
:1000F00008D10AF1040015B1DAF800102160824637
:1001000004348DE70AF1070323F0070303F1080A1B
:100110001DB1D3E90001C4E90001082308347FE7D9
:10012000F0F1030008900400F57C0400BC310400E9
:10013000572304000B320400EA310400631BB3F5BB
:10014000806F0CD3394940F2D223394A39481AF02A
:10015000D2F939481AF0CFF940F2D2218DE71DB912
:10016000A6F10804E018D5E6029A9B0828602B70D7
:100170009DF81030BAB1EB7085F80280B8F1000F2D
:1001800005D0002208A8C5F1010791450DD14FF017
:10019000000AC5F1010308AF01930DF1300BD14501
:1001A00012D1601BB6E66B70E6E710F8013B19064A
:1001B00008D507EB040CB44503F07F033FF6A8AE67
:1001C00004F8013B0132E0E7B8F1000F03D097F9E2
:1001D0000020002A16DB029BC3B11AF80B2004F89A
:1001E000012B0022019B18191044B0423FF690AE3B
:1001F0003878009904F8010B204603921EF025FF81
:10020000039A14440AF1010A0137C8E73A7855F80D
:1002100022300093029B009845F82230FCF78DFCB9
:10022000421CDFE76FF00D0074E600BFF57C0400B0
:10023000BC31040057230400253204002DE9F04F9F
:1002400095B000AF8A460546C7E9083258B99A49C1
:1002500040F29933994A9A481AF04DF940F299318F
:1002600096481AF03FF949B903784678807800EB50
:1002700083002844564521D8A0EB050ABB6F95F8AA
:10028000028003F00103BC6F3B61EB78B8F1000F13
:100290000CBF002404F00104FB6113B1BB6F9A078B
:1002A00015D4A4B97B6A1BB1514628463A6A9847CF
:1002B000564630465437BD46BDE8F08F441C2046B4
:1002C000FCF73BFC013020440AF1010AD2E7BB6F86
:1002D000C3F3C0037B612B78FB609B007B606B6882
:1002E000BB60FB6805EB830B7B6A002B71D1564624
:1002F000D844ACB11C461BF8013B55F82300FCF771
:100300001CFCFB6F01303BB1D7F88030A34282BFA9
:10031000FB6F23F814000134C3450644EBD1D846E3
:10032000BB6F4FF0000913F0050F0CBF4FF0020B2D
:100330004FF0010BFB699945BBD298F8013008F1E9
:10034000020855F823A05F4B9A45C0F080815E4BB0
:100350007A699A452CBF002301230AB318F8021CBE
:10036000B8687B621AF090F87B6AC8B1EA468AB036
:100370006A46564B0593BB68CDE906314FF40073CE
:10038000ADF82030524B42F8103F00234FF4125189
:10039000504801F04FFBD546023E09F10109C9E77B
:1003A00023B13B692BB9A6EB0B06F6E7BB6F9B07A6
:1003B000F3D55046FCF7C1FBFB6F43B1D7F8803053
:1003C0009C423FBFFA6F431C22F8143001340644AC
:1003D000E3E7002C65D1B8F1000F68D0BB6F580778
:1003E00068D5C14607F14000424659461EF02DFE31
:1003F0000BEB0803BB610023334AF9698B426BD3D3
:10040000BA6F95F801B03969920704EB0B0348BF46
:100410000022DBB258BF4FEA5902002940F0E180C8
:10042000B96F11F0040F14BF494600216B70A97019
:10043000EA7028463A6A79687B6A9847061EFFF692
:1004400038AFFB6849462B70FB693A6AEB7085F858
:1004500001B07B6A85F8028007F140009847B0F14F
:100460000009C0F2F0807B68FA69B86903EB4201C9
:1004700041443A6A7B6AAAEB010198470028C0F21E
:10048000E4804FF0000BB14409EB000607F1300A9D
:10049000A345C0F0A88000213A6A08467B6A9847C5
:1004A00007E744464FF0000907F130009CE7444657
:1004B000C1469DE7A1469BE73C320400BC310400E5
:1004C00057230400F0F103000890040057320400A1
:1004D0000400000150FE0300B869DFF88CC110F879
:1004E000021B10F8016CB86155F826006045C0F099
:1004F000B480904278692CBF4FF0000B4FF0010B95
:1005000030B1B8683B6019F0BFFF3B68574A60BB29
:10051000BBF1000F2BD0396959B10F2C36D9544992
:1005200040F24343534A544819F0E5FF40F2434137
:1005300096E6B96F490718D5B9F10F0F09D94F4998
:1005400040F246434B4A4C4819F0D5FF40F2464131
:1005500086E609F1280007F1280C09F1010100EBFA
:100560000C0909F8106C5FFA81F9013345E7B86F9F
:10057000800715D50F2C09D93D4940F24D433D4A1E
:100580003D4819F0B8FF40F24D4169E6611C04F1A5
:10059000280007F12804041904F8206CCCB2E4E721
:1005A000B9F10F0F09D935494FF48A63314A3248FE
:1005B00019F0A1FF4FF48A6152E609F1280C07F106
:1005C000280EF44409F101000CF8101C07F1500149
:1005D00009F1020951FA80F05FFA89F900F8106C0C
:1005E000C3E7002122E71BF80A3055F8239087F86B
:1005F0002F30FB6F23B3D7F880309B4520D2FB6FA1
:1006000033F81B8001213A6A7B6A07F12F00984773
:1006100000281ADB0644B8F1000F06D14846FCF763
:100620008CFA00F101081FFA88F8414648463A6AF8
:100630007B6A9847002808DB06440BF1010B27E78B
:100640004FF00008DEE74E4633E6064631E67B69AA
:10065000002B3FF4ABAE002380E67869002886D0FB
:100660004FF0000B4DE700BFF0F1030008900400CD
:10067000FA320400BC31040057230400193304008B
:10068000014B1860704700BF3814002080B5054644
:100690000E461746984614F0A5FB034603F09CFA55
:1006A000DFF83C90044649F800304246394630466F
:1006B000A8470C4B1B7873B90B4940F246330B4AE1
:1006C0000B4819F018FF0B4819F015FF40F246319E
:1006D000064819F007FF54F8090003F015FA00BFA7
:1006E0000800000046020120812D0400562D040060
:1006F00057230400942D040038B50D4604462022EB
:1007000000211EF0C8FC0022EB68E361AB68A36126
:100710002B6823626B68A26263622A6923B1591E47
:10072000194208BF42F0010222610122002104F1B6
:100730002C001CF050FF48B1054906482F23064AFB
:1007400019F0D9FE2F21044819F0CCFE38BD00BFA6
:100750007E690400572304004A3304002DE9F04F5A
:10076000002789B0CDE90123436A04468B428846BD
:10077000BA460597079754D300F11406EFF3118595
:10078000402383F31288BFF36F8F3046A94614F0DD
:1007900013FE58B984234D4A4D494E4819F0ABFE1B
:1007A00031464D4819F0A7FE842163E0304614F02D
:1007B00027FE079A2AB13946204619F082FF002306
:1007C000079306A9204619F0A3FE069983464145E2
:1007D00030D32268236A204613F8221003EB820AE2
:1007E00021F0030103F822102168424619F0B4FEFB
:1007F000E3682060984218D04FF0000B304614F0A8
:10080000E9FD50B389F31188BFF36F8F059929B1C2
:10081000A2690AB12046904700230593BBF1000F5F
:10082000ACD1504609B0BDE8F08F236943F008030E
:100830002361E1E718B1204619F0A8FEDEE7DDE903
:100840000132134339D003911CF036FF0399A0BB4A
:100850009DBB304614F0BEFD78B94FF499731B4A26
:100860001E491C4819F047FE31461D4819F043FE49
:100870004FF49971154819F035FE85F31188BFF3CF
:100880006F8F04F12C00DDE9012312F063FA834637
:10089000EFF31189402383F31288BFF36F8F304643
:1008A00014F08AFD00283FF475AFBBFA8BFB30468D
:1008B00014F0A6FD4FEA5B1BA0E7204607AB05AA94
:1008C000276819F082FE834698E700BF7033040062
:1008D0009D33040057230400B2330400C8330400DE
:1008E000DF3304002DE9F0410446C36908460E4693
:1008F000984704F114050746EFF31188402383F36A
:100900001288BFF36F8F284614F056FD68B9842310
:100910001A4A1B491B4819F0EEFD29461A4819F0DE
:10092000EAFD8421154819F0DDFD284614F068FD24
:1009300033783A4643F0010333706168204619F07A
:100940000BFE6060204619F0D7FE284614F042FDE9
:1009500068B94FF49973094A0C490A4819F0CBFD5C
:1009600029460B4819F0C7FD4FF49971DAE788F36F
:100970001188BFF36F8FBDE8F08100BF70330400B2
:100980009D33040057230400B2330400C83304002D
:10099000DF3304002DE9F0470446002700F1140678
:1009A000EFF31188402383F31288BFF36F8F304633
:1009B00014F002FD054668B98423394A39493A489A
:1009C00019F099FD3146394819F095FD84213448D4
:1009D00019F088FD304614F013FD2369A16818074B
:1009E00002D463688B4200D2636A5B1A002B41D049
:1009F000206A10F8213000EB810913F003023CD08B
:100A0000022A04D150F821205FEA920A05D1DA07C0
:100A100020D44846E36998478246A168524620465A
:100A200019F09AFD5146A060204619F0A3FD2F460B
:100A3000304614F0CFFC10BB4FF49973184A1C4990
:100A4000194819F058FD31461A4819F054FD4FF471
:100A50009971BCE743F0020300F82130E36948468E
:100A6000A568984729460246204619F075FD0025DD
:100A7000A060DDE71D46A946DAE71546FBE788F3E7
:100A80001188BFF36F8F002D8AD137B1B9F1000FF4
:100A900003D104F12C0012F0DFF84846BDE8F087DE
:100AA000703304009D33040057230400B233040064
:100AB000C8330400DF3304002DE9F0410446C36964
:100AC00008460D46984704F114060746EFF31188CF
:100AD000402383F31288BFF36F8F304614F06CFC11
:100AE00068B98423274A2849284819F004FD31466B
:100AF000274819F000FD8421224819F0F3FC304604
:100B000014F07EFC2B7823F001032B7023699B07E4
:100B100005D5E268236A03EB82039D4222D12B783C
:100B200023F002032B70D4E90231994204D13A46F2
:100B3000204619F011FDA0603946204619F01AFD33
:100B4000304614F047FC90B94FF499730D4A11499F
:100B50000E4819F0D0FC31460F4819F0CCFC4FF488
:100B60009971C9E72B6867F39F032B60E8E788F367
:100B70001188BFF36F8F04F12C00BDE8F04112F033
:100B80006BB800BF703304009D330400572304008A
:100B9000B2330400C8330400DF33040070B50446E8
:100BA00000F11405EFF31186402383F31288BFF39D
:100BB0006F8F284614F000FC68B984231A4A1B4939
:100BC0001B4819F098FC29461A4819F094FC842116
:100BD000154819F087FC284614F012FC2369A06818
:100BE0001B0702D46368834213D2646A241A28461E
:100BF00014F0F0FB78B94FF499730B4A0E490C4886
:100C000019F079FC29460D4819F075FC4FF49971DB
:100C1000DEE71C1AEBE786F31188BFF36F8F201E07
:100C200018BF012070BD00BF703304009D33040065
:100C300057230400B2330400C8330400DF33040038
:100C4000044608B5EFF31183402383F31288BFF302
:100C50006F8FEFF3108372B60EF0A2FA204603F006
:100C6000C7FE034819F031FC19F0DAFFFCE700BFBA
:100C7000F43304002DE9F84F0546AB8B08461907FD
:100C8000904616D501280CBF43F0100343F0200313
:100C9000AB831435284614F09DFB002840F0B18149
:100CA000AE494FF49973AE4AAE4819F024FC294678
:100CB0009DE0022803F0070140F07D81284619F0ED
:100CC00028FD052800F2FA8001A353F820F000BFA8
:100CD000930C0200B70F0200BD0E0200610D02006E
:100CE000FB0D02005B0E020002F00702531F012BF6
:100CF0001AD80023062A2E68A4B2C5E9003309D108
:100D0000334603E0EA8B0132EA831B68002BF9D1FA
:100D100044F002042846AC8319F0FBFC002800F0E4
:100D20005A8144F0200455E1042A0DD1A4B228468A
:100D3000AC8319F0EEFC0646002800F04C8144F02C
:100D400020040026AC8346E1874940F21B13874A02
:100D5000844819F0D0FB40F21B11844819F0C2FB03
:100D600049B183494FF4AB73804A7E4819F0C3FB05
:100D70004FF4AB71F1E72B684BB97E4940F2571342
:100D80007A4A784819F0B7FB40F25711E5E72B692A
:100D90001F684FB978494FF4AD73744A714819F020
:100DA000AAFB4FF4AD71D8E70E468A464FF006090C
:100DB000AC8B24F0070444F00604A4B2AC83AB6807
:100DC000002B00F00F814FF0010B44F00804AC83BE
:100DD00005F11404204614F0FDFA002878D15F498B
:100DE0004FF499735E4A5F4819F085FB21466348CA
:100DF00019F081FB4FF499718EE0022909D0604906
:100E000040F25D13594A574819F075FB40F25D11E5
:100E1000A3E7EE8B4EB15B494FF4AF73534A514891
:100E200019F069FB4FF4AF7197E72B695F684FB911
:100E3000514940F261134D4A4A4819F05CFB40F2B7
:100E400061118AE7AC8BB24624F0070444F0040435
:100E5000A4B24FF00409AC83B1E7012909D04A4993
:100E60004FF4B273414A3F4819F045FB4FF4B27159
:100E700073E72B684BB93F4940F265133B4A394849
:100E800019F039FB40F2651167E72B699F684FB98C
:100E900039494FF4B473354A324819F02CFB4FF4FA
:100EA000B4715AE70026AC8BB24624F0070444F034
:100EB0000504A4B24FF00509AC8380E72A4940F24B
:100EC0006B132A4A274819F016FB40F26B1144E7CE
:100ED00088F31188BFF36F8FBBF1000F1ED1002E76
:100EE00033D117B128462949B847EFF31188402379
:100EF00083F31288BFF36F8F204614F05DFA002849
:100F00004AD18423164A2249164819F0F4FA214698
:100F1000204819F0F0FA842111481FE7A968002938
:100F2000DDD0D1F800800029D9D053464A46284662
:100F3000D1F804B0D847B8F1000F04D0D8F8003089
:100F400041469846EFE74346FAE7314653464A465C
:100F50002846366819F009FCC1E700BFC833040011
:100F60007033040057230400F57C04002834040087
:100F70004D340400593404007C340400DF33040091
:100F800093340400A9340400B834040011100200A2
:100F90009D330400B2330400204614F031FAAC8BC8
:100FA00024F00804A4B2AC83E20621D524F0100397
:100FB000AB8304F00701D5F818A0AA8BBAF1000F93
:100FC00022F00704BFF690AE00232E68C5E9003377
:100FD00044F00104AC8304F0070989454FF0000791
:100FE0007FF4EDAE0EB9002FDED04FF0000BECE633
:100FF000A3067FF54EAE24F02003AB8304F0070177
:101000005CE688F31188BFF36F8FBDE8F88F00BFEF
:10101000F8B504460D4600F11406EFF3118740239E
:1010200083F31288BFF36F8F304614F0C5F968B9A7
:1010300084230C4A0C490D4819F05DFA31460C48DE
:1010400019F059FA8421074819F04CFA304614F087
:10105000D7F9A5613A462046BDE8F8400121FFF7DF
:1010600009BE00BF703304009D3304005723040001
:10107000B23304002DE9F04704460E4619F065FB33
:10108000051E66DB04F11409EFF3118A402383F394
:101090001288BFF36F8F484614F08EF9804660B90E
:1010A0008423374A3749384819F025FA49463748E2
:1010B00019F021FA8421324843E0484614F0A0F99F
:1010C0004FF6FF72E38BA78B934207F0070743D0DD
:1010D000062F2CD8DFE807F01F43092B1F041F0041
:1010E0006FF085054FF0000802E002250133E3832D
:1010F000484614F06FF9002834D14FF49973204A10
:101100002349214819F0F7F94946224819F0F3F923
:101110004FF49971CFE700233360636823B9C4E9C2
:10112000006687B13D46DDE71E606660F9E71A4953
:1011300015484FF4E473194A19F0DDF94FF4E471DE
:10114000164819F0CFF9524602212046FFF792FDCA
:101150003D462846BDE8F0876FF00A05C2E76FF00C
:101160000405BFE78AF31188BFF36F8FB8F1000F52
:10117000EFD000233A463146204619F0F6FAE8E768
:10118000703304009D33040057230400B23304007D
:10119000C8330400DF330400B834040028340400EA
:1011A000F8B5054600F11406EFF31187402383F3E9
:1011B0001288BFF36F8F304614F0FEF860B98423B5
:1011C000254A2649264819F096F93146254819F04E
:1011D00092F9842120482BE0304614F011F9AC8BB1
:1011E00004F00704022C17D0012C0CBF6FF004048C
:1011F0006FF08504304614F0EDF838BB4FF4997366
:10120000154A1949164819F076F93146174819F068
:1012100072F94FF49971DDE7EB8B5BB91449104813
:1012200040F2EF13134A19F066F940F2EF1111483A
:1012300019F058F9013B9BB2EB83002BDAD13A4607
:1012400021462846FFF716FD2046F8BD87F3118892
:10125000BFF36F8FF8E700BF703304009D330400C5
:1012600057230400B2330400C8330400DF33040002
:10127000CE3404002834040008B54268034602F066
:101280000302032A81600AD06AB908490848452345
:10129000084A19F030F94521064819F023F9006889
:1012A00000225A6008BD0020FAE700BFF57C040068
:1012B00057230400DC34040008B558B9074908482E
:1012C00040F23513074A19F016F940F23511054876
:1012D00019F008F94368587908BD00BF3A35040091
:1012E000572304000235040010B548B908490948DD
:1012F000A023094A19F0FFF8A021074819F0F2F8D5
:1013000003681B6913B1BDE810401847184610BDAB
:101310003A35040057230400023504002DE9F84350
:10132000044606460127DFF8408094FAA4F5B5FA92
:1013300085F507FA05F308EB05156FEA030924EABA
:1013400003042B7B5BB12846FFF7CEFF38B96B68EF
:1013500004222846196806EA090619F071FA002CD9
:10136000E3D13046BDE8F883C8FE030010B5002283
:1013700088B00E490E481CF075FA002200230024A4
:10138000CDE906230E234FF40062CDE90334CDE905
:101390000144084B08490094084812F0CDFD084963
:1013A00006481CF08FF9204608B010BDA5140200B5
:1013B00030400020F1170200480F0120A02F00202C
:1013C000513504002DE9F047DFF8B8902E4C8046E7
:1013D000A9EB04038F2B0F460BD92C4940F2531372
:1013E0002B4A2C4819F087F840F25311284819F07D
:1013F00079F8294819F008FA064660B3002528460E
:10140000BDE8F087237B8BB12368DB680BB12046F6
:1014100098476368204683F806A0FFF765FFB0B9D8
:10142000636804222046196819F00AFA013610345C
:101430004C4514D9194940F25F13154A154819F063
:101440005AF8174819F057F840F25F11CEE70AFA38
:1014500006F31D43EAE705464FF0010AE8E7D1D35A
:10146000B8F1000FCBD0002DC8D02846FFF756FFAB
:101470000546002FF7D0002140F2391013F024FC6C
:10148000F1E700BFD8FE0300C8FE03008635040064
:101490005935040057230400607B0020B635040052
:1014A000D7350400014811F0D7BB00BFBC1900209C
:1014B000014B53F8200070475805040008B5034657
:1014C00008462BB1044A136000F096FD002008BDC9
:1014D0006FF01500FBE700BF3C14002010B5044C72
:1014E000237813B9034811F0B7FB0123237010BD13
:1014F00081FB0020BC19002010B50446094819F0F2
:1015000083F93CB1084BD3E8EF1F0139C3E8E21F70
:10151000002AF8D1054814F03FFBBDE8104004480C
:1015200011F09ABB587B00205C7B002030400020EB
:10153000BC1900200022044BD3E8EF0FC3E8E12FD1
:101540000029F9D1704700BF587B002070B5FFF724
:10155000F1FF0546104C114EB4421AD9104940F221
:101560001623104A104818F0C6FF104818F0C3FFA1
:1015700040F216210B4818F0B5FF2046FFF79CFEFD
:1015800028B123685B6813B1294620469847103478
:10159000E2E7F2D370BD00BFC8FE0300D8FE03002F
:1015A000B63504005935040057230400D73504002C
:1015B00010B5044C04492046FFF79EF8034B1C600D
:1015C00010BD00BF18180020440504004C7B00200B
:1015D0000023154A10B51370144A15491360154AB3
:1015E00015481360FFF76AFFFFF7E2FF134B14493A
:1015F00018468B4215D9134940F22B13124A13484F
:1016000018F079FF124818F076FF40F22B110E48BF
:1016100018F068FF1A1A5C68121101322271103337
:10162000E7E7F7D310BD00BF82FB0020587B002006
:1016300040420F005C7B002005A80300C8FE0300A9
:10164000D8FE0300B63504005935040057230400C2
:10165000D73504000146002200230148FFF77EB879
:10166000181800200148FFF795B900BF181800208E
:10167000024B01461868FFF71FBA00BF4C7B0020E1
:101680000148FFF78BBA00BF18180020F8B5314B9E
:101690001B78002B5BD0FFF7E5FF0446002846D1FE
:1016A0002D4B2E4D1B68002B19DD1CF093F84FF4C9
:1016B0007A76A0FB060747F61222002306FB01718B
:1016C000F3F7E0FCD5E90032C01A40F2E93361EBF0
:1016D0000201984271F1000101D3FFF737FFD5E90C
:1016E000003213F57A7342F10002C5E9003274B397
:1016F000BDE8F840FFF7C4BF2846FFF7DDFD20B185
:101700002B68214628461B6898471035B54211D9E9
:10171000134940F20A23134A134818F0ECFE134809
:1017200018F0E9FE40F20A210E4818F0DBFE104DD9
:10173000104EEBE7E0D32046FFF79AFF0E4BD3E8BD
:10174000EF1F0139C3E8E21F002AA9D0F7E7002004
:10175000F8BD00BF81FB0020587B002028400020FE
:10176000B63504005935040057230400D73504006A
:10177000C8FE0300D8FE03005C7B002070B5154D49
:10178000297831BB0120FFF71DFE134C134EB442E4
:1017900018D9134940F2CF13124A134818F0ABFE80
:1017A000124818F0A8FE40F2CF110E4818F09AFE29
:1017B0002046FFF781FD18B1236820469B689847B3
:1017C0001034E4E7F4D3FFF761FF0028FBD10123D5
:1017D0002B7070BD82FB0020C8FE0300D8FE030002
:1017E000B63504005935040057230400D7350400EA
:1017F0002DE9F843374F384BFB1A1B090AD13749FB
:101800004FF46F73364A374818F075FE4FF46F7116
:10181000334819E000210846FFF7D4FD0446A8B17B
:1018200040F21B684FF000092F4B1B789BB92F49E2
:1018300040F246332E4A2B4818F05DFE2D4818F032
:101840005AFE40F246312A4818F04CFE4FF0FF385D
:101850004FF0FF39E8E702F0BFF9274B274A1B5842
:10186000136033B1264B1B68092B02DD254811F0AC
:10187000F3F9002544B12046FFF750FD044618B99E
:101880004FF0FF384FF0FF39FFF700FF064628B949
:1018900035B91C4842464B4611F05CFA3546E9E73B
:1018A0000D4D08E0F5D22B689B691BB1002228463C
:1018B000114698471035BD42F4D913494FF46C7363
:1018C000074A084818F017FE104818F014FE4FF4A5
:1018D0006C719DE7D8FE0300C8FE0300F6350400D6
:1018E000593504005723040046020120812D0400CD
:1018F000562D0400942D040008000000547B0020A5
:101900005C7B0020BC190020B6350400D7350400EC
:1019100013B52C4818F078FF2B4B1B78002B35D0D3
:10192000EFF31184402383F31288BFF36F8F2748AE
:1019300013F042FD68B98423254A2649264818F049
:10194000DAFD2249254818F0D6FD8421204818F0F8
:10195000C9FD1E4813F054FDFFF798FE1B4813F015
:1019600039FD68B94FF49973194A1D491A4818F09E
:10197000C2FD16491B4818F0BEFD4FF49971E5E70A
:1019800084F31188BFF36F8F02B010BD164B1B6834
:10199000002BF9D050B9002200231448CDE90023D0
:1019A00047F61222002314F089F8EDE70928EBD15D
:1019B0000E4814F0F1F80E4802B0BDE8104011F0E6
:1019C0004BB900BF5C7B002082FB0020507B0020D5
:1019D000703304009D33040057230400B233040025
:1019E000C8330400DF330400547B00203040002063
:1019F000BC19002010B5064B04461B6898472146C9
:101A0000A0600448FEF76EFFBDE81040FFF780BFFE
:101A10003C14002018180020044A054B9B1AB1EB17
:101A2000D30F34BF52F8310000207047C0FD0300CF
:101A3000C8FE03002DE9F04F8FB0C1F34A2604AF72
:101A40000D469046B8607B600C0D002E66D04FF0BE
:101A500000090A234FF0040B07F1140AFE60C7E9DE
:101A60000799C7F824900093CDF808B0CDF804A0EA
:101A700007F11C034A464046F968FEF7DFFBB0F564
:101A8000006F03461CD36C468AB0D8F8041004AB30
:101A90002B481A46C3E9050140F2FF71D9614FF4A2
:101AA00000711984274B42F8103F4FF412514B46F6
:101AB0002548FFF7BFFFA5462C37BD46BDE8F08F90
:101AC000C0F30A0604F11700184420F0070080084C
:101AD0003B60FFF7BFFD66F35325044630B33B6818
:101AE00000F11001C7E908390A23F961CDE901AB1A
:101AF00000934046154AF96807F11C03FEF79EFB68
:101B0000002813DA1249134840F24913124A18F018
:101B1000F2FC40F24911104818F0E4FC04F11700FF
:101B200020F007008008FFF795FD044666F3532573
:101B30002A4620467B68B96818F0A2FEBCE700BFC1
:101B40001F3604000400000168FE030053A80300D0
:101B50008B360400572304005E3604002DE9F04F55
:101B600087B00546DDE9106BDDE9127A8846144638
:101B700099462FB33B465A4610210020CDF800A0CD
:101B8000CDF814A0FEF774F900280BDA27494FF4BA
:101B9000BF73274A274818F0AEFC4FF4BF712448A2
:101BA00018F0A0FCB0F5006F01460BD340F2FF73B4
:101BB0000221214A214807B0BDE8F04F18F0B9BE14
:101BC0003946384604F0070305F00704E40044EA08
:101BD000831444EA402444EA065406F117000844FA
:101BE00020F0070080080391FFF734FD0546A0B1FF
:101BF0009FB13B465A460399CDF800A01030FEF73E
:101C000037F9002809DA094940F2A313084A0948BC
:101C100018F071FC40F2A311C1E74B462246414641
:101C2000284607B0BDE8F04F18F02ABE8A360400F7
:101C30005E360400572304009436040068FE030057
:101C4000406820B1034BC01A40F3CF0070474FF0FB
:101C5000FF307047C0FD03000EB403B503AB53F86B
:101C6000042B01460448019302F06EFA02B05DF8BD
:101C700004EB03B0704700BF991C0200CA0605D4EC
:101C80008B064CBF02490349FFF7E6BF704700BF10
:101C90002E7F04001738040038B54B6805461A68D3
:101CA000CB680C469A4202D1084618F066FE63687B
:101CB000D3E8EF2F511CC3E8E01F0028F8D1A36838
:101CC0009D5463681A68E3689A4209D90549064831
:101CD0007223064A18F00FFC7221044818F002FC27
:101CE000002038BDFB36040057230400CC36040026
:101CF0002DE9F04F89B099469DF85080159B044618
:101D000006930D46DDE916A3189F05920493B8F1DA
:101D1000000F00F0A180B8F1040F0BD988494FF4EF
:101D20001573884A884818F0E6FB4FF4157185480A
:101D300018F0D8FB07F48073079318F07FFD07F0C5
:101D4000020B0246002856D020468049FFF784FF48
:101D50000646BBF1000F08D017F0440F4DD12A46BC
:101D600020467B49FFF778FF064407F0010353B193
:101D7000784B204653F82820774B7849002A08BF33
:101D80001A46FFF769FF07F48073002B07F008037A
:101D900018BF4FF00009002B5BD0714B204653F861
:101DA00028207049FFF758FF0546059B2BB11A46BE
:101DB00020466D49FFF750FF0544B9F1000F05D0EB
:101DC0004A4620466949FFF747FF054468483544BD
:101DD000069B002B47D02246664918F024FB0028BA
:101DE00041DA654940F2B123564A574818F083FB5F
:101DF00040F2B1219BE70646ABE7604B186800282C
:101E0000B2D05F4B4FF47A7B1B684FF03C0CB5FBB4
:101E1000F3F5B5FBF0F14FF4616300FB11550BFBDB
:101E200005F5B1FBF3F2B5FBF0FE03FB121100FB6D
:101E30001E55B1FBFCF30BFB05F5B5FBF0F50CFBF8
:101E4000131120460091CDE901E54E49FFF704FF4B
:101E50008AE707F00805A8E7B9F1010F45460CBF6E
:101E600043484948B4E7049B002B54D0DDF8109058
:101E70003946B9F1100F204628BF4FF0100900264F
:101E8000FFF7FCFEB54218DC0026334620461AF860
:101E900003203E49FFF7E0FE0136102E13D07107F4
:101EA00003D120463A49FFF7D7FE4E453346EDD3DE
:101EB00020463849FFF7D0FEEEE720463449FFF7C9
:101EC000CBFE0136DEE7002620463349FFF7C4FE8D
:101ED00033461AF803202046A2F120035F2B28BFC7
:101EE0002E222E49FFF7B8FE0136102E0DD07207B4
:101EF00003D120462649FFF7AFFE4E453346E8D3CF
:101F000020462349FFF7A8FEEEE7049BCA44B3EB43
:101F100009030493AAD1B8F1000F0AD0FB0704D536
:101F200020460D4A0D49FFF797FE39462046FFF738
:101F3000A5FE204609B0BDE8F04F18F01EBD00BF59
:101F400030370400CC360400572304003B3704002C
:101F50003F370400680504002B370400EC4D0400F3
:101F60007C050400643704006A370400222D040055
:101F7000991C0200494102006E370400687B002072
:101F8000647B00204837040095A9030077370400DC
:101F90007F3704007D370400813704008337040055
:101FA00042F20F7373B58B4228BF0B460568044697
:101FB000052168460D4A17F0C1F9064663682846B0
:101FC0000B225B680A4918F0CAFC6368324669460E
:101FD00028465B6818F0C3FC63681B2228465B68D0
:101FE000044918F0BCFC02B070BD00BF543A0400B4
:101FF0003C8D0400208D040000210123064A9042FC
:1020000006D8064A01B901231360054B18607047D2
:10201000012140085B00F2E740420F00647B002092
:10202000687B00200122034B1A70034B034A1A609D
:10203000704700BF83FB00208C7B002086FB0020C4
:10204000014B002019607047807B00200148FFF79A
:10205000A7BF00BFAC05040010B5064B0C461868BE
:10206000FFF726FA2146BDE8104003460F2202483A
:10207000184700BF807B0020AC0504000122F8B5A2
:10208000084B094D094E1A70D5E900470CB92C6070
:10209000F8BD214630463A4600F01EF8241A0644A0
:1020A000F4E700BF84FB0020747B002085FB002048
:1020B00010B9074B18707047064B1B781BB142F2E2
:1020C00010701BF011BA40F23910002112F0FCBD63
:1020D00083FB002084FB00202DE9F74FDFF8BC9143
:1020E000074699F80030884643B90446DFF8B091B6
:1020F00007EB08039C423FD3E41B17E00125694E20
:1021000099F80040B4B91BF0E2F9424682463946DC
:1021100020460FF077FB044650461BF0E0F9F4B17F
:102120000123337099F8003083B94446204603B048
:10213000BDE8F08F4246394600200FF063FB0446AD
:10214000EDE728466C1EFFF7B3FF254600200FF091
:10215000E9FB0028E9D03378002BF2D1E5E73378AA
:1021600033B1013D2846FFF7A3FF3378002BC7D1D9
:102170003378002BD9D0D9E714F8013BD9F80050B7
:102180000A2B40F08280484EB54209D84749812346
:10219000474A484818F0AFF98121454818F0A2F99C
:1021A000AB1B012B4FF00D0308BF013505F8013CB7
:1021B0000A23DFF804A12B70DAF800306A1C002B28
:1021C000C9F80020019335DD3C4B196891BBDDF85F
:1021D00004B0921BBBF1630FA8BF4FF0630B802AC2
:1021E00007DD37498E23324A324818F084F98E21B0
:1021F000D3E72D4901F117001CF034FF314A2A4979
:102200002E4B02F1140052F804CB824241F804CB69
:10221000F9D11088927808808A7001221A60019B97
:102220001835092BC9F800501DDC202373750BF1FC
:10223000300333751BF04BF9D9F8002005461A49D5
:102240000020921B0FF0DEFA834628461BF047F968
:10225000BBF1000F13D1DAF800300133CAF80030B7
:10226000C9F8006044E70A23BBFBF3F203FB12B397
:10227000303373753E2330323275F374DAE700235E
:102280000E4ACAF800301360EAE70F4A95423EBF93
:102290006A1CC9F800202B702AE700BF84FB0020CD
:1022A0008C7B002083FB002086FB0020D3370400BA
:1022B0009637040057230400887B0020847B00208D
:1022C000E73704000238040005FC0020014B0360DE
:1022D00000207047BC05040010B54FF42814DFF847
:1022E00020C086B0CDE904C40824029404AC019453
:1022F000BDF8204000941AF03AF806B010BD00BFB7
:102300001800280008B5044818F0DFF8034818F052
:10231000DCF8002008BD00BF2A3804005F38040044
:10232000034B1A6882420CBF18460020704700BF5A
:102330001041002008B5FFF7F3FF30B1BDE80840B9
:1023400000F1080101481BF0A7B908BD6840002052
:1023500008B5FFF7E5FF30B1BDE8084000F108011E
:1023600001481BF099B908BD6840002010B504462B
:1023700002210748074A18F0D3FA012384F8913064
:10238000A4F110010448BDE810401BF085B900BF5E
:10239000B0FE03008C3804006840002013B50446EA
:1023A00012B9022002B010BD002142F6164301AA64
:1023B00008488DF80410ADF8063009F0B9FA032288
:1023C0000146204609F0DAFA0028EAD06FF0FC0056
:1023D000E8E700BF4806040013B5044612B902201E
:1023E00002B010BD002142F6154301AA08488DF83D
:1023F0000410ADF8063009F09BFA0322014620468E
:1024000009F0BCFA0028EAD06FF0FC00E8E700BF52
:102410004806040073B50646FFF782FF0D4642F6F4
:1024200016430021044601AA0C488DF80410ADF8AB
:10243000063009F07DFA014674B10322304609F0F6
:102440009DFA48B101230648A4F8C05084F8C8306A
:1024500004F128011BF020F902B070BD4806040009
:1024600068400020F7B50546FFF75AFF0E460446C0
:10247000D8B1002142F616436A461F488DF8001075
:10248000ADF8023009F054FA03220146284609F05B
:1024900075FA014658B10123A4F8BE6084F8C7302C
:1024A00004F1280115481BF0F7F803B0F0BD42F61F
:1024B00015438DF8040001AA0F48ADF8063009F065
:1024C00037FA03220146284609F058FA0028ECD0D2
:1024D00094F8C670002FE8D13146284618F059FB11
:1024E00001236060A4F8C470A4F8C27084F8C630F8
:1024F00004F10801D6E700BF480604006840002048
:102500001FB504240294044C0194BDF818400094B3
:1025100019F02DFF04B010BD48150020F8B516467F
:10252000022205461C4609F029FAF8B12846FFF7B1
:10253000F7FE054610B96FF0FB00F8BD00F1180773
:10254000384610F0F7FE0028F5D1631E042B10D892
:102550002246314605F1B8001CF077FD39460648A1
:1025600085F8BD401BF098F82046E6E76FF0FC00C8
:10257000E3E76FF00C00E0E76840002010B50024AE
:102580000B4B86B00B480393CDE9044411F080F85F
:1025900003AB4FF480620849009306480E2311F004
:1025A00091F8064800F0F4FD204606B010BD00BFCB
:1025B0009B38040068400020481701205814002070
:1025C00070B588B0ADF8062004460A462D480021B3
:1025D00009F0AEF9054658B92B494FF427732B4A39
:1025E0002B4817F088FF4FF42771284817F07AFF1F
:1025F00001460222204609F0C1F9064610B32046E2
:10260000FFF78EFE48B9234940F2A1231F4A204814
:1026100017F071FF40F2A121E7E70DF10602002358
:10262000C0F8B0200222C0E92A33C0F8A450C0F894
:10263000A030A0F8B42000F1A001204609F0FCFA77
:1026400008B070BD01222946204609F097F980B1F3
:102650003146182202A81CF01EFD0DF1060304935A
:102660000223204602A90395ADF8143009F06AFC54
:10267000E6E709480221094A18F052F96FF01500FF
:10268000DEE700BF48060400E8380400AA3804006A
:1026900057230400FD3A0400B0FE0300ED380400A7
:1026A00013B590F8A130044653B150F8240C18F03B
:1026B00080FA002344F8243CA4F89C3084F8A1302C
:1026C00094F8A030BBB100238DF8043042F61943D2
:1026D000B4F8982054F8280C01A9ADF80630FFF79B
:1026E0006FFF034620B10221114A124818F0EFF99A
:1026F000002384F8A03094F89F30BBB100238DF8FC
:10270000043042F61843B4F8962054F8280C01A976
:10271000ADF80630FFF754FF034620B10221064A08
:10272000044818F0D4F9002384F89F3002B010BD9B
:102730001E390400B0FE03003C390400F7B5002543
:1027400042F6174304460F462148294601AA8DF850
:102750000450ADF8063009F0EBF8064658B91D49AB
:1027600040F282231C4A1D4817F0C5FE40F2822128
:10277000194817F0B7FE01460222204609F0FEF87C
:10278000F0B12046FFF7CCFD48B9154940F2872348
:10279000114A124817F0AFFE40F28721E8E7C0E97E
:1027A00022563A6800F18801C0F89820BA88C0E93A
:1027B0002455A0F89C20204609F03EFA03B0F0BD55
:1027C00008480221084A18F0ABF86FF01500F5E749
:1027D00048060400E8380400AA380400572304001F
:1027E000FD3A0400B0FE03005439040030B585B052
:1027F0006B464FF400320D460446022101A8CDE994
:102800000223CDF804D018F072FA294601A818F076
:102810006EFA204601A9FFF791FF034620B102217D
:10282000024A034818F053F905B030BD7639040068
:10283000B0FE0300F0B587B000F1A00190F8A5202C
:10284000044603A818F03AFA03A818F067FA94F8B7
:10285000AE10054619B1072154F8180C62E042F693
:10286000154302AA51488DF80810ADF80A30BDF89A
:10287000107009F05DF80322014654F8180C09F0B5
:102880007DF8064630B14A4A02214A4818F048F815
:102890000321E1E7042F3B4628BF04234DB1012D5E
:1028A00064D003212B46444A424818F010F9022113
:1028B000D2E7022F05D00221404A3E4818F007F91E
:1028C000E6E703A818F032FA42F616432946064610
:1028D00001AA36488DF80450ADF8063009F028F802
:1028E000054658B93649374840F2F523364A17F0BD
:1028F00002FE40F2F521344817F0F4FD01463A4655
:1029000054F8180C09F03AF840B90122294654F855
:10291000180C09F033F808B92C4AB5E754E9060554
:102920001DB10721FFF762FF1EE0314618F028F9BC
:10293000034654F8180C0BB90821F3E70121FFF7FF
:1029400055FF314654F8180C18F023F9012344F8C8
:10295000140CA4F8AC501E48A4F8AA5084F8AE3069
:10296000A4F110011AF098FE07B0F0BD022FA2D119
:1029700003A818F0DBF954F8143C13B19B88834288
:1029800001D0082168E704F1200013F005F954F89C
:10299000143C84F8B1609D7354F8140C18F009F9D4
:1029A000294644F8146CA4F8AC6055E748060400C6
:1029B00094390400B0FE03001B3A0400D53904002A
:1029C000E838040057230400AA380400E73904005B
:1029D000684000202DE9F04790F8BE3004468CB0E6
:1029E000002B00F0ED8050F8043C002B00F0E88054
:1029F00050F8080C58B9B54940F24F13B44AB548DD
:102A000017F079FD40F24F11B14817F06BFD19F046
:102A100031FD042803460AD80221AF4AAF4818F016
:102A200056F820460CB0BDE8F04718F082B84FF0D9
:102A30000009AB4FC31EBA68A0F1040899B238462A
:102A4000A7F804903A6001F0D7FE1FFA88F805460F
:102A500078B90121A34AA14817F062FF6FF00B0576
:102A600002212B46A04A9D480CB0BDE8F04718F063
:102A70002EB823460DF10F0233F8BCAF0092411C73
:102A8000424654F8040C00F093FB86B2002E00F08E
:102A90009080BAFA8AFA2B784FEA5A1A6AF300033E
:102AA0002B709DF80F20DBB262F341032B70B4F85A
:102AB000BA20A8EB060162F3870338462B7001F0B9
:102AC000BBFE54F8088C4046FFF72AFC48B98749FA
:102AD00040F252237E4A7F4817F00DFD40F252210A
:102AE00092E742F61543494605AA8148ADF81630EB
:102AF0008DF8149008F01CFF03220146054640465D
:102B000008F03CFF014650B942F616438DF8180014
:102B100006AA7748ADF81A3008F00AFF05460322E6
:102B20002946404608F02AFFC0B90221714A6B4885
:102B300017F0F6FE6FF015000546034602216E4AB7
:102B4000664817F0C4FFB4F8BC3015F1800FA3EB52
:102B50000603A4F8BC303FF464AF81E74DB9674980
:102B60004FF418735A4A5B4817F0C5FC4FF41871BC
:102B70004AE701222946404608F000FF814610B38B
:102B8000182200210DEB02001CF085FA3B6840463C
:102B90000893BB8806A9ADF82430594B07950A93D2
:102BA00009F0D0F90028C7D1B4F8BA300133A4F83D
:102BB000BA309DF80F3063BB214652481AF06CFDC5
:102BC0000CB0BDE8F08702222946404608F0D6FE48
:102BD0000028AFD04046FFF7A3FB48B9434940F275
:102BE0006F233B4A3B4817F086FC40F26F210BE70E
:102BF0003B68C0E91C95C0F88030BB8800F17001CB
:102C0000A0F88430404BC0E91E39404609F014F862
:102C1000C8E70026204684F8BE6010F0D1FC42F6DA
:102C20001643314605AA3248ADF816308DF81460C7
:102C300008F07EFE0322014654F8080C08F09EFEC0
:102C4000054630B354E902534FF440329F88314671
:102C500004AB06A8CDE90723069318F048F83946D7
:102C600006A818F04BF8284606A9FFF767FD0346AB
:102C700020B10221254A194817F029FF002200231C
:102C800004F13000CDE900230023214A12F016FFA1
:102C900096E742F6154301468DF8180006AA144837
:102CA000ADF81A3008F044FE0322014654F8080C2F
:102CB00008F064FE002883D054F8040C17F079FF64
:102CC00044F8045CA4F8BC507AE700BF3C3A040026
:102CD000AA38040057230400473A0400B0FE03005A
:102CE0004C150020573A0400DE3A0400FD3A040077
:102CF00048060400763A0400B03A0400E8380400BC
:102D00005123020068400020352302007639040078
:102D10005A62020070B50646FFF702FB18B36FF067
:102D200077001FE0D022214628461CF0B4F9304637
:102D300005F04CF9034628460E4940F8083B10F0D0
:102D400083FA0D4905F1180010F07EFA0B4905F1E0
:102D5000280010F079FA05F13800224608491AF0E7
:102D600081FD204670BD074D2C68002CDAD06FF035
:102D70000B00F7E7D529020035280200A126020042
:102D80006D2302001041002010B5FFF7C9FA044678
:102D9000B8B1083010F014FC04F1180010F010FC69
:102DA00004F1280010F00CFC04F1380012F0F4FEDD
:102DB0000021044810F0F6FC206805F02FF90023EC
:102DC000236010BD68400020F0B50E4C002625465B
:102DD00041F6145C276887420DD1A7888F420AD13B
:102DE000277B974207D1677B9F4204D141F614535A
:102DF00003FB0650F0BD0136042E6444EAD10020E6
:102E0000F8E700BF9C7B002038B50D46144605F05E
:102E1000A7FA48B109490A489E230A4A17F06BFBF2
:102E20009E21084817F05EFB35B9E278064B1A7010
:102E30004FF0FF32054B1A6038BD00BF453B040020
:102E400057230400023B04001DFC0020987B002057
:102E5000F8B50646002541F61457064C2368B342E0
:102E600002D1204617F076FE05F24575BD423C447E
:102E7000F4D1F8BD9C7B002073B58578CA880135F4
:102E80001544ADB2B5F5E85F06460C461DD9086895
:102E900005F066FA064648B115491648B023164AA9
:102EA00017F029FBB021144817F01CFB4FF4E8532E
:102EB000124A1348009301212B4617F044FD304677
:102EC000A288104B1A6002B070BD0178A3180132BD
:102ED00092B2D97402F11300E280B2787168204492
:102EE0001CF0B3F8B378E28801201344E380EAE7EA
:102EF000193C040057230400023B04000D3D04006C
:102F0000B0FE0300987B00202DE9F74FB1F804A034
:102F10000D46CAF30B090123002249460746FFF775
:102F200053FF0446384605F01BFA48B18C498D48DA
:102F3000CB238D4A17F0DFFACB218B4817F0D2FA5A
:102F40006A7AAB880F2ADFF824820AD1C8F80030E9
:102F5000002C00F0B080204603B0BDE8F04F17F021
:102F6000F9BDD8F800209A42F2D04FF0FF33C8F8EC
:102F70000030002C56D126464FF6FF7B20462146D6
:102F800041F6145C7A4B1A68974216D11A7B0131CC
:102F900089B292B15A7B82B99A8803F1080EDEE8B1
:102FA000AFEFBEF1000F08D1A9EB020292B282424C
:102FB00082BF1E461046B3F804B01CB91A68002A36
:102FC00008BF1C466B4A63449A42DCD1032940D8AF
:102FD000384604F0FBFF4FF48073A3810023206088
:102FE000A4F80490A373E38004F10802D2E8EF1F71
:102FF000C2E8E03F0028F9D1237C84F80FA023F039
:103000000F03CAF3032A43EA0A0323742A7862F3FC
:1030100007132374584B1B78637401236A7B934016
:10302000013BA374E38803F1130208339BB2B3F5A9
:10303000E85F04EB0206E38040D94FF4E852012137
:1030400000924E484E4A17F07EFCA388C8F8003024
:1030500081E73EB3B37BC3B1304617F07BFD384602
:1030600004F0B4FF4FF48073B38100233060A6F8FE
:103070000490B373F38006F10802D2E8EF1FC2E8B0
:10308000E03F0028F9D13446B6E73E4B1C68002CDF
:10309000E2D054F8043C083C13B1594638469847EE
:1030A000A468F4E7AB880321374A344817F041FCA1
:1030B000AB88C8F8003003B0BDE8F08F6B88A3522E
:1030C000EB8873806A7A337962F303033371AA7AE7
:1030D00062F307133371EA7A737962F3030373714E
:1030E0002A7B62F30713737195F90830B371AB7AD9
:1030F0000F2B1ED10023F371AB88D8F800209A4221
:103100003FF429AF48F20103327902F00F02D340B5
:10311000DB07D0D50123A3811A4B1C68002CCAD031
:1031200054F8083C083C13B1494638469847A4680F
:10313000F4E7AB7BF37128690028DDD0026883686F
:103140001249A2EB030A2246B0F804B00BF0A4F92E
:103150002B699A68A3F804B012FA8AF21A60CBE7D6
:10316000453B040057230400023B0400987B0020E9
:103170009C7B0020ECEF00201DFC0020B0FE030033
:103180000D3D0400907B00204F3D0400792E02008D
:1031900000238360054B00F10802596811B9C3E9A7
:1031A000002270470A605A60704700BF907B002081
:1031B00084462DE9F0419CF80C40084690461F4695
:1031C0003CB3BCF806601B880436B6B2F51AADB243
:1031D00095422C4628BF1446B3420BD90E490F48DE
:1031E00040F26F130E4A17F086F940F26F110C4847
:1031F00017F078F903F10F01224661441BF025FF17
:1032000045458CBF002501253B8823443B80069B18
:103210001D702046BDE8F0817A3D0400572304006C
:10322000023B040008B50348034A0021121A17F0B4
:10323000D2FC08BDB01B002048020120074808B599
:10324000074A0849121A17F0C8FCBDE808400648AA
:10325000064A0749121A17F0C0BC00BF201100200F
:10326000B01B002010900400181100202011002035
:10327000089004002DE9F04706460C4600AF0029EF
:1032800036D0D1E90012E9468AB06D46A3684FF006
:10329000050AE8461F48CDE90723CDE9050148F8AE
:1032A00010AF002342464FF421511B48FEF7C2FBEA
:1032B000D4E90312CD466369AD461848C5E9072332
:1032C000C5E90501C5F810A0002342464FF421517D
:1032D0001148FEF7AFFBCD46E3690121104A0E48C5
:1032E00017F027FBA36901210E4A0B4817F021FBB9
:1032F000012E07D1EFF305830B4A31460648103BF8
:1033000017F017FB214630460EF06CFBBD46BDE8BA
:10331000F08700BF923D0400A0FE0300C13D040001
:10332000F03D0400FF3D04002D3E040030BFFFF7D8
:10333000FDBF00BF2DE9F04105460B4EDFF82C80A4
:10334000324606EB0807CC1B204609491BF07DFEE0
:10335000A01942460021083C1BF09DFEAC6707F116
:103360000800BDE8F08100BF00000000040000007C
:10337000D8FE030010B5244C2449254817F03AFC28
:10338000A36A99013ED52248224917F033FC1E203A
:10339000A36ADA0104D51E481F4917F02BFC1F2031
:1033A000194CA36ADB0204D519481C4917F022FC0A
:1033B0000220A36A1C0304D51548194917F01AFC0A
:1033C0002120114CA36A590304D51148154917F05F
:1033D00011FC2220A36A9A0304D50D48124917F064
:1033E00009FC2320084CA36ADB0304D508480F49D5
:1033F00017F000FC2420A36A6FEA03436FEA13432B
:10340000A36210BD1D20C3E700ED00E0403E0400B4
:10341000A0FE0300583E04006B3E0400853E0400FD
:10342000AF3E0400CD3E0400F23E04000C3F040019
:1034300070B506460D46334C3349344817F0DAFB75
:10344000A36AD9064DD53148314917F0D3FB112075
:10345000A36A1A0704D52D482E4917F0CBFB12207A
:10346000284CA36A9B0712D52B49284817F0C2FBAA
:10347000636BA26A110609D50121284A234817F077
:1034800058FA1EB1A36A23F08003A36213201D4CD7
:10349000A36ADA0704D51D48214917F0ABFB1420B5
:1034A000A36A9B0604D519481E4917F0A3FB1520F3
:1034B000144B9A6AD60602D49A6A940713D59B6A6B
:1034C000D90610D5184940F22D13184A184817F09C
:1034D00012F8184817F00FF840F22D11134817F0A2
:1034E00001F81020B4E7074B9A6A920642BF5A6A65
:1034F00022F400525A629A6A42F0FF029A62002352
:103500002B7070BD00ED00E0373F0400A0FE03000B
:103510004D3F0400803F0400933F0400AB3F040094
:10352000C13F0400E03F0400414004000F4004009C
:10353000572304008B40040070B506460D46284C06
:103540002849294817F056FBA36AD9043CD52648D8
:10355000264917F04FFB1720A36A1A0504D5224805
:10356000234917F047FB18201D4CA36A9B0512D571
:103570001D48204917F03EFBA36BA26A100409D531
:1035800001211D4A184817F0D4F91EB1A36A23F48B
:103590000043A3621920124CA36A590504D51248AE
:1035A000164917F027FB1A20A36ADA050ED50E4834
:1035B000134917F01FFB1B20094A936A43F47F430A
:1035C000936200232B7070BD1620C5E7A36A9B048D
:1035D000F2D505480B4917F00DFB1C20ECE700BFA6
:1035E00000ED00E0EF400400A0FE030005410400F0
:1035F000803F0400164104002F41040044410400B0
:103600005F410400E03F0400F0B58BB07A4B044604
:103610005868002500AFC0F3080385F31188BFF395
:103620006F8F02F07F46B6F17F4F07D102F00C0694
:10363000082E12D17149724817F0DCFA714940F234
:103640001B43714A714816F056FF714816F053FF3C
:1036500040F21B416C4816F045FF16074CBF0C4664
:103660000125002CEAD00022FA71DA1E092A00F2A4
:10367000A280DFE802F005989B7BA0A0A0A0A09EFE
:1036800064495F4817F0B6FA00235B4EFB71F36A9A
:103690009A0705D560495A4817F0ACFA00232DE087
:1036A000F36A002B01DA5D49F5E7F36A5B006DD53B
:1036B0005B49534817F09EFA7369A26943F480731B
:1036C0007361BFF34F8FBFF36F8F32F8023C7269A3
:1036D00022F480727261BFF34F8FBFF36F8F03F4D8
:1036E0007F42B2F55F4F2AD1DBB2022B27D123688C
:1036F00001214C4A424817F01CF92368FA79DAB9DB
:1037000007F1080604F1200C32462068616808348D
:1037100003C264451646F7D17A6A002D68D0C2F319
:10372000080121B96FEA52226FEA42227A621846F2
:1037300007F10801FFF79EFD2C37BD46F0BD2E4B6B
:103740009A6AD2B22AB10120F91DFFF771FE034631
:10375000D4E79A6A12F47F4F04D00120F91DFFF7D5
:10376000EBFEF4E79B6AB3F5803F02D3FFF702FE5E
:10377000EDE72D4940F2ED23234A244816F0BBFE25
:103780002A4816F0B8FE40F2ED2163E726494FF4CF
:103790003C731D4A1D4816F0AEFE254816F0ABFEE0
:1037A0004FF43C7156E70020F91DCEE70020F91DCB
:1037B000D5E720496FE7204A6E4610F4F87F8AB0BB
:1037C0001E4918BF11466A46103B07934FF4007319
:1037D0001B48ADF820301B4BCDE9050142F8103FE6
:1037E00000234FF411510648FEF724F9B54655E77A
:1037F0006FF308029AE700BF00ED00E0A541040066
:10380000A0FE0300D04104000F4004005723040031
:10381000E3410400214204003842040059420400FC
:103820006742040086420400F57C0400A2420400C2
:10383000C6420400F64204008C41040077410400B3
:103840001A43040004000001064B5A6942F01002BA
:103850005A615A6942F480625A615A6922F0080238
:103860005A61704700ED00E0EFF30880EFF3098143
:1038700001B57246FFF7C8FE01BD00BF002080F30E
:103880001488BFF36F8F002080F30A8880F30B88C1
:103890000F4880F308880CF02FFE00200D490860C7
:1038A000BFF34F8F00F02CF8402080F311880A48B6
:1038B0004FF40061401880F30988EFF3148002216F
:1038C000084380F31488BFF36F8F00F0B7F800004F
:1038D000B054012094ED00E0703B01200023184615
:1038E0000649D1F89020C2F30722934200DB7047CB
:1038F000C1F89830C1F8A0000133F6E700ED00E010
:1039000010B572B6002484F31388FFF7E7FF23464F
:103910004FF0FF300C4A03F120010133102B42F825
:103920002100F8D100234FF0FF30074A03F1600176
:103930000133102B42F82100F8D162B6BFF34F8F4C
:10394000BFF36F8F10BD00BF00E100E01EF0040F59
:103950000CBFEFF30880EFF30980816911F8021CB6
:103960000229FFD001B5724617F039F901BD00BF39
:1039700000B2002807DB01234109034A00F01F00C1
:10398000834042F82130704700E100E000B2002897
:103990000CDB01220649430900F01F00824020335E
:1039A00041F82320BFF34F8FBFF36F8F704700BFE5
:1039B00000E100E038B5D30704460D4612D48B1C55
:1039C000072B10D96B23114A1149124816F093FDA9
:1039D000294611480623224616F08DFD6B210B481F
:1039E00016F080FD002320B20028ACBF00F160403B
:1039F0000A4A4FEA4313DBB2ABBF00F5614000F067
:103A00000F0080F80033135438BD00BF2D4304006D
:103A100064430400572304007F43040014ED00E0D6
:103A2000044B054A23F07F039360BFF34F8FBFF32E
:103A30006F8F70470000000000ED00E008B5FFF751
:103A4000EFFF074AD2F8883023F47003C2F88830B9
:103A5000FFF7E8FBFFF7F2FB00F09CF80EF01EF911
:103A600000ED00E042F8203C009B0B4942F81C3C72
:103A7000019B21F0010142F8183C029B42F8081C0E
:103A800042F8143C4FF0807342F8043C0023203A83
:103A90000265C367704700BF8D06020000B50D4B7D
:103AA00015469860826F0C4B0E461A60836E83F346
:103AB0000B882C4686F309880020044B9847204643
:103AC000002100220023024C2047000013AC030019
:103AD0008D060200D0F20020ECEF00201022014BF6
:103AE0001A61704700ED00E0054B5A699B689A42E5
:103AF0001FBF044A536843F080535360704700BFB0
:103B0000D0F2002000ED00E0084B9B6883420BD10F
:103B1000EFF3058343B1064B5A6842F080525A6076
:103B20005A6A22F400425A6211F062B9D0F20020BF
:103B300000ED00E014498A684FF030001044EFF3C4
:103B4000098C80E8F01F402080F31288BFF36F8F4C
:103B50000E4F4FF000664A698A603E60906F0C4CD1
:103B60002060D06F0023D36780F3118802F130000A
:103B700090E8F01F8CF3098802F1000004B517F0FB
:103B800041F8BDE804407047D0F2002004ED00E0A9
:103B9000ECEF00200023402040F20F1210B5044C3F
:103BA000E1180133934281F80003F9D110BD00BF41
:103BB00000E100E008B5EFF30583064A103B02EB95
:103BC000C30152F8330049688847BDE80840FFF751
:103BD0008BBF00BF60F3030001480068704700001E
:103BE000ECEF00201FB50121094B0A4A0A4800F0FA
:103BF0000FF90023064A0393084B0121019301A802
:103C0000D31A029300F028F905B05DF804FB00BF59
:103C10000000042000000020B0070400B01B0020BA
:103C20000A7A0B6810B562F304031C46CB6852098C
:103C300023F01F0343EA4203044A43F00103C2F89E
:103C40009800C2F89C40C2F8A03010BD00ED00E022
:103C500010B50A4BD3F89030C3F30723013B9842C9
:103C600008D901210346064A064816F062FE6FF0A5
:103C7000150010BDFFF7D4FFFBE700BF00ED00E02B
:103C8000C343040080FE03002DE9F04F894614462B
:103C900006464FF000084F4D85B0C84527DAD6F8E4
:103CA00004A0BAF1000F44D0BAF11F0F17D91AF0CF
:103CB0001F0F14D1D6F800B01BF01F0F0FD15846BC
:103CC00016F0CAFF07460AEB0B00013816F0C4FFD6
:103CD000874210D06FF015073F4A3B4601E043464C
:103CE0003E4A01213E4816F024FE6FF0150420469E
:103CF00005B0BDE8F08F17F1160FEDD0BC42EBDD3B
:103D0000C5F89870D5F89C10C5F89870D5F8A03013
:103D100021F01F0143F01F0BD6E900321A449942EB
:103D200002F1FF3A1AD1D34507D13146F8B216F065
:103D30009CFF08F101080C36AFE73146C5F89870D2
:103D4000D5F89C30E0B263F30402C5F89C2016F06D
:103D50008CFF10F1160FC8D0441CEAE7C5F8987024
:103D6000D5F8A020013B23F01F0302F01F021343EC
:103D7000D3453146E0B2C5F8A030E8D016F075FF63
:103D800010F1160FB1D0C5F89870D5F89C209DF8A9
:103D900008300BF1FF3B62F304038DF80830D5F8CF
:103DA000A0309DF808205B0863F347128DF80820C7
:103DB000D6E900321344009323F01F035B44A3EBC6
:103DC0000A03013023F01F036946C0B20393FFF7D3
:103DD0003FFFBEE700ED00E00F440400E9430400AC
:103DE00080FE03000522044BC3F89420BFF34F8FDD
:103DF000BFF36F8F704700BF00ED00E0BFF35F8F30
:103E00000022024BC3F89420704700BF00ED00E091
:103E100038B50C4D0C462A78FFF736FF287016305F
:103E20000FD140F28913084A0849094816F063FB8C
:103E30002146084816F05FFB40F28911024816F04F
:103E400051FB38BD1EFC002032440400F57C040008
:103E500057230400614404002DE9F74F314D894692
:103E600006464FF00008AB462F4FC84502DB03B0B3
:103E7000BDE8F08FD6F804A0BAF1000F4CD031683D
:103E80000846019116F0E8FE019904460AEB01008C
:103E9000013816F0E1FE84424FF01402234B15D096
:103EA00002FB08F36FF015024BF8032040F2991360
:103EB0001F4A2049204816F01EFB49461F4816F0AD
:103EC0001AFB40F299111A4816F00CFB14F1160F68
:103ED0002C60EBD01978A142E8DD02FB08B0C7F8EE
:103EE0009840C7F89840D7F89C4000F10801007B43
:103EF00064F304000871D7F8A0000C79400860F35F
:103F000047140C71D7F89C1021F01F016960D7F895
:103F1000A01021F01F01296108F1010814350C36A9
:103F2000A3E700BFF0EF002000ED00E01EFC002042
:103F300032440400F57C0400572304008D4404003F
:103F40002DE9F0416B4D6C4ED5F890303468C3F3D9
:103F500007239C4286B013D940F20223674A68497E
:103F6000684816F0C8FAD5F8902021466648C2F392
:103F7000072216F0C0FA40F20221604816F0B2FAA9
:103F80000020FFF73BFF614BC5F8C03084421BD1D6
:103F90005F4D01A82C70FEF799F9002607464FF0F7
:103FA00061085C4CB74216D100202B785149D1F8FA
:103FB0009020C2F307229342C0F295800020FFF7C1
:103FC00011FF06B0BDE8F081716801EB0011FFF749
:103FD00027FE0130DAE7019A300102EB0613D3F82D
:103FE0000CC00CEA0401B1F1807F57D00AD8B1F5BA
:103FF000001F29D0B1F5800F43D0B1F5801F14D038
:104000000136CFE7B1F1006F48D0B1F1805FF7D151
:1040100059689B681258013B21F01F000344CDE909
:10402000021223F01F0301220BE0596812589B680B
:10403000CDE902122122013B21F01F00034423F0AD
:104040001F038DF8102036E0596812589B68CDE99F
:1040500002124122013B21F01F00034423F01F0301
:104060001CF0010F8DF81020059325D02A498423D8
:10407000224A244816F03FFA284816F03CFA8421D8
:104080007BE759689B681258013B21F01F000344ED
:10409000CDE9021223F01F030622D2E75968125815
:1040A0009B6821F01F00013BCDE90212034423F07D
:1040B0001F038DF810800593287802A9FFF7C8FD2B
:1040C00000280CDA0E4940F235230C4A0D4816F050
:1040D00012FA134816F00FFA40F235214DE72B780B
:1040E00001332B708CE7C1F89830C1F8A000013380
:1040F0005DE700BF00ED00E0BC07040032440400AF
:10410000F57C040057230400BC440400AAFF4400CB
:104110001EFC00200000F0FFF044040016450400DF
:104120004545040008B5054905481B23054A16F016
:10413000E2F91B21034816F0D5F900BFF57C040015
:10414000572304007E450400F0B587B007460E46AD
:1041500014460021102268461D461AF09CFF0223D7
:104160008DF80230054B2A4621466846CDE9047693
:10417000019315F00DF907B0F0BD00BF9DAC030031
:1041800008B5024815F0BAF8FEE700BFAC450400D8
:1041900008B5024B1B689847002008BD04F00020BA
:1041A000034B044A1860937843F0020393707047FE
:1041B00004F000205815002008B50649064821F0F3
:1041C0000701C1F1005202F58022FBF7BFFD00207C
:1041D00008BD00BF0DD7012008F0002070B541696F
:1041E0000446867A0A4D59B1437ADB0706D42C235C
:1041F00003FB06535B6A1B689B6898470023636157
:104200002C20214600FB0650BDE8704019F0D9B9BA
:10421000241A00202C22024B02FB0030704700BF02
:10422000241A00202C21827A054B01FB02339A6A62
:104230001B7F801A1B3323F00303B0FBF3F070479E
:10424000241A002038B52C24827A064B04FB023352
:104250005B6AD3E901240C601568FFF7E3FF04FBF8
:10426000005038BD241A002008B543684BB10749F7
:1042700007486323074A16F03EF96321054816F004
:1042800031F903824369C36008BD00BFD64504000D
:1042900057230400B14504002DE9FF470546684651
:1042A00017461C46039119F097FADDE9008955B9C4
:1042B0005C494FF485735C4A5C4816F01CF94FF476
:1042C0008571594818E005F11406EFF3118A40236F
:1042D00083F31288BFF36F8F304611F06DF868B921
:1042E0008423534A5349514816F005F93146524840
:1042F00016F001F984214E4816F0F4F8304611F01A
:104300007FF86B8B002B5AD02A8B9A4239D9002226
:10431000002328460EF0C8FB0446002831D0304662
:1043200011F058F868B94FF49973414A43493F482E
:1043300016F0E1F83146424816F0DDF84FF4997175
:10434000D9E78AF31188BFF36F8F039D002D59D0F1
:1043500042464B46684619F064FA2C21A27A394B42
:10436000204601FB02335B6A03A91B681E68DDE976
:104370000023B0476061002837D12046FFF72EFFA9
:104380002EE06C8B3046631E6B8311F023F80028FF
:10439000C9D08AF31188BFF36F8F2B7F2A8B1B3311
:1043A000121BAC6A23F0030302FB0344254B264A8D
:1043B000EB1A9B105343A3722B7FE372C5E7304681
:1043C00011F008F80028AED08AF31188BFF36F8F80
:1043D00023463A4628460EF067FB04460028B4D12F
:1043E0000024204604B0BDE8F087039B9D420BD912
:1043F000164940F25F130C4A0C4816F07CF840F264
:104400005F115EE72B466561002101226160228118
:104410006382E27A04F118001AF03DFE2046FFF7AD
:1044200023FFDEE732620400B14504005723040095
:10443000703304009D330400B2330400C833040019
:10444000DF330400241A0020A38B2EBAF0450400A9
:1044500070B50C46054658B928494FF4D373284A1D
:10446000284816F048F84FF4D371254816F03AF86A
:1044700049B9254940F2A713214A224816F03BF8D2
:1044800040F2A711F1E7EFF31186402383F312887E
:10449000BFF36F8F1D4810F08FFF60B984231C4A53
:1044A0001C49184816F027F818491B4816F023F83D
:1044B00084211748DAE7154810F0A2FF0023236093
:1044C0006B689BB9C5E90044104810F083FF80B9C0
:1044D0004FF499730E4A11490A4816F00CF80B492B
:1044E0000F4816F008F84FF49971E2E71C606C6011
:1044F000EAE786F31188BFF36F8F70BD256D040066
:10450000B145040057230400DD4C040014F00020E2
:10451000703304009D330400B2330400C833040038
:10452000DF33040070B5044658B92349234840F2EC
:10453000B313234A15F0DFFF40F2B311204815F002
:10454000D1FFEFF31186402383F31288BFF36F8FFF
:104550001C4810F031FF60B984231B4A1B491748DF
:1045600015F0C9FF17491A4815F0C5FF84211648F0
:10457000E5E7144810F044FF25682DB162682B6808
:104580009542236008BF63600E4810F023FF68B9AE
:104590004FF499730C4A0F49084815F0ACFF0949CC
:1045A0000D4815F0A8FF4FF49971E0E786F31188E4
:1045B000BFF36F8F284670BD256D0400572304009C
:1045C000B145040014F00020703304009D33040052
:1045D000B2330400C8330400DF3304002DE9F04196
:1045E0000446F8B100264FF02C081D4F254664689C
:1045F00005F10802D2E8EF3F591EC2E8E01F00288B
:10460000F8D113F0FF0319D140F2D713154A164918
:10461000164815F070FF2946154815F06CFF40F25A
:10462000D71108E013494FF4E2730E4A0F4815F012
:1046300062FF4FF4E2710B4815F054FF012B0AD1D1
:10464000AB7AEE6008FB03736E601B6A284623B1E9
:104650009847002CCAD1BDE8F081FFF7BFFDF8E70D
:10466000241A0020B1450400014604005723040029
:104670000E460400DD4C040038B5044658B9134911
:104680004FF4FE73124A134815F035FF4FF4FE71D4
:104690000F4815F027FF00F10802D2E8EF3F591C40
:1046A000C2E8E51F002DF8D1DBB2FF2B0DD14FF48E
:1046B0000073074A0849074815F01DFF21460748BF
:1046C00015F019FF4FF40071E2E738BDDD4C04002E
:1046D000B145040057230400234604003346040078
:1046E00008B5034658B90849084840F24923084A22
:1046F00015F001FF40F24921054815F0F3FE184678
:104700005B68002BFBD108BDDD4C0400572304007F
:10471000B145040070B50D46044658B90F494FF431
:1047200015730F4A0F4815F0E6FE4FF415710C484B
:1047300015F0D8FE49B90C4940F25523084A0948FA
:1047400015F0D9FE40F25521F1E746681EB1084642
:10475000FFF7C6FF4660656070BD00BFDE4804001D
:10476000B1450400572304004F46040038B5054600
:104770000C4659B90C490D484FF418730C4A15F002
:10478000BAFE4FF418710A4815F0ACFE20B9BDE826
:1047900038400846FFF770BFFFF7A2FF2146FFF73A
:1047A000B9FF284638BD00BF4F4604005723040018
:1047B000B145040008B548B90B492B230B4A0C48F6
:1047C00015F099FE2B21094815F08CFE83883BB12A
:1047D00008492C23054A064815F08DFE2C21F2E7E6
:1047E00083680B44036008BDDD4C04005C46040094
:1047F0005723040088460400034670B50568828884
:10480000DC889E68A818A41AAD1B641BA14209D9B4
:10481000064907483E23074A15F06DFE3E2105482C
:1048200015F060FE0A449A8070BD00BF97460400F0
:10483000572304005C46040008B583888B4209D2E4
:1048400007490848B023084A15F055FEB02106482C
:1048500015F048FE5B1A9BB283800068184408BDBF
:10486000BB460400572304005C46040008B5034619
:1048700000689A68821A91420BD90949094840F2A6
:104880005513094A15F037FE40F25511064815F048
:1048900029FE9A88401A11441860998008BD00BF0B
:1048A000CB460400572304005C46040008B5828808
:1048B00003468A420BD20949094840F2C313094A08
:1048C00015F019FE40F2C311064815F00BFE521AFE
:1048D000828000680844186008BD00BFBB46040021
:1048E000572304005C46040008B503469A88006814
:1048F0008A420BD20849094840F2CF13084A15F002
:10490000FAFD40F2CF11064815F0ECFD521A0144B1
:104910009A80196008BD00BFBB46040057230400FD
:104920005C46040008B5244A244B1A6009F030FFA5
:104930004FF47A612248D0F82436C3F30802C3F357
:1049400009434B4382F480721E49883201FB0233D3
:104950004FF4FA215B00B3FBF1F201FB12331A4969
:10496000B3F57A3F28BF0132C1F80429D0F82036C8
:104970004FF47A60C3F30802C3F30943434340F69C
:10498000C41082F4807202F2172200FB02334FF44B
:104990007A701B0AB3FBF0F200FB12330020B3F570
:1049A000FA7F4FF0010328BF0132C1F81C27C1F87C
:1049B0000009C1F8003608BD0020A10768170020D3
:1049C00000C0FF00B80B00800000125048B1054B3A
:1049D000054A1B68B3FBF2F35843044B43F0010351
:1049E000184770476817002040420F007004040009
:1049F000BFF34F8F0549064BCA6802F4E0621343C8
:104A0000CB60BFF34F8F00BFFDE700BF00ED00E0BC
:104A10000400FA0570B50B7892B006460C4607AD57
:104A2000032B31D8DFE803F0022A2C2E194928463F
:104A3000F8F77BF805956378174A0493A3781E214D
:104A40000393E3780AA80293237910AD0193637965
:104A50000093A37914F072FC32460AAB1C4603CCD7
:104A6000AC4210605160234602F10802F6D1206882
:104A700010603046A388938012B070BD0749D6E716
:104A80000749D4E70749D2E70A212846064A14F025
:104A900055FCCFE7024704002447040009470400FF
:104AA000104704001A470400A86A04000E4B40296E
:104AB00028BF402170B51D460C4C4618B04203F18A
:104AC000020304D1002305F81130074870BD0278B5
:104AD0001209A25C03F8022C10F8012B02F00F025D
:104AE000A25C03F8012CE9E71FFC0020628D0400A2
:104AF00010B50024094B86B009480393CDE904445E
:104B00000EF0C6FD03AB00934FF420620A23054963
:104B100003480EF0D7FD204606B010BD4E470400F6
:104B2000E0410020481B0120014601480EF0EEBE86
:104B3000E04100200146014818F0AEBDE0410020F0
:104B4000884208B501F1100310D9984213D20E49DA
:104B500040F2B3230D4A0E4815F0CDFC0D4815F078
:104B6000CAFC40F2B321094815F0BCFCEFD000F1BB
:104B700010029142EAE7013813F8012D8B4200F848
:104B8000012FF9D108BD00BF894704005747040031
:104B900057230400E0470400034630B41A7808465F
:104BA000012A11D0022A20D062B9124A02F110045F
:104BB00052F8045BA24241F8045BF9D15B881A0AFF
:104BC0008270C37030BC70470A4A02F1100452F878
:104BD000045BA24241F8045BF9D15B681A0C190E20
:104BE00042700170C3F30722EAE7591C30BCFFF79B
:104BF000A7BF00BF738D040010B516F039F918F087
:104C00005BFD044608B90FF013FE064BD3E8AF3F37
:104C10000BB10A2098471CB9BDE810400FF07ABECE
:104C200010BD00BF18F00020811EC9B21E2938B582
:104C3000044604D81A4820FA01F1C9070CD41949CE
:104C40007A23194A194815F056FC194815F053FCF7
:104C50007A21154815F046FC164816F02BF8054643
:104C6000D0B1082C1AD00CD8022C10D0042C15D09E
:104C700011490E485223114A15F03DFC52210F48AC
:104C8000E8E7102C01D0202CF2D1052100E004210E
:104C900005F10C0016F02BF8284638BD0221F7E785
:104CA000410000404148040012480400572304001A
:104CB00086480400001B0020F57C0400A648040080
:104CC000034BD3E8EF2FC3E8E10F0029F9D1704778
:104CD00018F000200F2810B50CD80D280CD90A4860
:104CE00015F0E8FF044618B104210C3015F0FFFF61
:104CF000204610BD1328F2D009B10448F0E7022085
:104D0000BDE81040FFF790BF841B00207C1A0020F4
:104D100038B50B6805460C464BB90E490E48FA23C8
:104D20000E4A15F0E8FBFA210C4815F0DBFB4A6847
:104D3000DA600B684A895A820868FFF74FFC204600
:104D4000102200211AF0A7F92846BDE8384016F0D5
:104D50008FB800BFD848040057230400124804004D
:104D60002DE9F84305460C461F4616464AB9264922
:104D7000D623264A264815F0BEFBD621234815F037
:104D8000B1FB38B92349D723204A214815F0B3FB9A
:104D9000D721F3E7CA684B699A4207D11E49DB2342
:104DA0001A4A1B4815F0A7FBDB21E7E7084616F077
:104DB00077F8804638B11949DD23144A144815F0B4
:104DC0009AFBDD21DAE701F10C09484605F10C01F7
:104DD00015F07AFFE368626931469B1A13FA86F38D
:104DE0006B82012348466B722E82FFF75FFDE368FA
:104DF00028467B60638AC4F80C807B81A4F812800B
:104E00003C60BDE8F88300BFEB4604001248040094
:104E100057230400E5480400EA4804000749040059
:104E2000C3681B780221024A024816F06FB800BF1F
:104E30002F49040008FE030038B5C5682B7893B9E4
:104E4000B5F801400F21204603F064FAEB780546DF
:104E500050B90A4A118831B96FEA04506FEA10500C
:104E60001080074A137038BD0373012103F064F901
:104E70002846BDE8384003F0D1B800BF38F700201D
:104E8000A0FC002070B5C3681D78BDB9B3F80160FF
:104E90000F21304603F03EFA044638B9012133466B
:104EA000BDE87040064A074816F030B8294603F0BE
:104EB00043F92046BDE8704003F0B0B870BD00BFB4
:104EC0005749040008FE030010B5C3680121B3F878
:104ED0000140204603F01EFA38B901212346BDE8FF
:104EE0001040044A044816F011B8BDE8104003F021
:104EF00095B800BF7D49040008FE030010B5C368E3
:104F000001211C88204603F005FA38B90121234607
:104F1000BDE81040034A044815F0F8BFBDE8104052
:104F200003F07CB87D49040008FE030037B5082172
:104F30000C30FFF7D9FC01210446B0F8010003F062
:104F4000E9F9054648B9B4F801300121104A114881
:104F500003B0BDE8304015F0D9BFE3788DF80030DC
:104F600023798DF8013063798DF80230A3798DF8BB
:104F70000330E3798DF8043002AB13E9060003F047
:104F80007DFF284603B0BDE8304003F047B800BFBE
:104F9000A149040008FE030010B501210C30FFF701
:104FA000A3FC03780121BDE81040024A024815F035
:104FB000ADBF00BFD649040008FE0300014610B58E
:104FC0000848FFF745FA0849084818F065FB031E32
:104FD00006DABDE810400121054A064815F096BFE3
:104FE00010BD00BF241300206816002030430020AD
:104FF000F849040008FE030073B5C5680121B5F83F
:105000000160304603F086F9044640B90121334679
:105010002D4A2E4802B0BDE8704015F077BF2B78BE
:105020001A2B19D1C378012B4AD14FF48041043097
:1050300015F06EFF43040FD4D4F88C30694600930A
:10504000D4F894302046019304F060FC204602B06E
:10505000BDE8704002F0E2BF2B788BBB40F2E24229
:10506000B5F803301A495343C4F88830B5F8052021
:10507000A4F89020B5F80720A4F89220A3F5EA52EE
:105080000C3A8A4204D90221124A104815F03EFF18
:10509000B4F89030B3F5FA7F04D302210E4A0B48DE
:1050A00015F034FF40F67641B4F89230A3F10A02CD
:1050B00092B28A4204D90221084A044815F026FF18
:1050C000204603F021FCC1E77D49040008FE0300EF
:1050D00095F03C00154A04003C4A0400634A040071
:1050E00010B5002486B003AB00934FF480624FF0FC
:1050F000FF3305490548CDE9034405940EF0E2FA73
:10510000204606B010BD00BF48250120884200207F
:105110000121024A024815F0F7BE00BF8F4A040081
:1051200008FE030098B53C2800AF14D06C468AB046
:105130006A460A4B4FF41251CDE90530084B094835
:10514000079340F20133ADF82030074B42F8103F8F
:1051500015F0E9FEA546BD4698BD00BFA94A04006A
:105160002F7F040008FE0300040000010B46B0B5C9
:105170000D8A00AF04462946D868FFF797FC8AB02D
:105180006A46094BCDE90750CDE9053440F20243A8
:10519000ADF82430054B4FF43251054842F8103F2A
:1051A00015F0C1FEBD46B0BDC54A040005000001B2
:1051B00008FE030070B5C5680121B5F801603046EE
:1051C00003F0A8F8044638B901213346BDE8704021
:1051D0000B4A0C4815F09ABE2B783BB9D5F8033032
:1051E000C0F89830D5F80730C0F89C30201D4FF437
:1051F000803115F08DFE2046BDE8704002F00EBFF4
:105200007D49040008FE030037B50446084602EB5A
:10521000C3039A4202D16FF05E0010E0114611F80C
:10522000085BA54211D1038A5178994209D90848EF
:105230000121084A009415F086FB6FF0150003B0B9
:1052400030BD536898470020F9E70A46E1E700BF00
:1052500008FE0300E74A04002DE9F0470C460FF072
:10526000E7FAE5682B78022B75D0042B0AD00121D0
:105270003D4A3E4815F04AFE2046FFF7AFF96FF071
:1052800015040EE0B4F81080B8F1020F0ED84346B2
:10529000374A3648012115F039FE2046FFF79EF9BE
:1052A00000240FF037FB2046BDE8F08768783E28E1
:1052B0000CD1B8F1030F02D12E4A4346E9E7EB784F
:1052C000012B01D00A2B46D1032704E015F009FE7B
:1052D0000746F8073FD504F10C0601213046D4F803
:1052E00014A0FFF7E3FA02213046FFF7FDFA8146EA
:1052F00000783E2807D1E3681B78012B01D00A2BE8
:1053000006D1032614E015F0ECFDC10706460FD4C4
:1053100041F26813184A1949194815F0ECF80023AE
:1053200083F31188BFF36F8F0323184602DF022631
:10533000144A0623214699F8000015F011FEB20721
:105340000DD56369A5EB0A0513FA85F5E560A4F8A8
:105350001080BB07A4D52046FFF730FEA0E720460B
:10536000FFF73CF9F5E700BF924B040008FE03008D
:10537000094B0400254B0400454B0400794B040005
:10538000572304006C08040010B5012104460C30BA
:10539000FFF7AAFA2146BDE810400223014A00782F
:1053A00015F0DEBD9C08040073B53E48FFF7BAF85F
:1053B0000446002873D000F10C05284615F0AEFC19
:1053C0000228034603D0042847D0374A03E0238A43
:1053D000032B05D8354A0121354815F097FD13E018
:1053E00004212846FFF780FAFF23428806882376A7
:1053F000238AC6F30B009A42608309D001210092F0
:105400002B482C4A15F09FFA2046FFF7E7F812E0E8
:105410000F2102F07FFF054610B9638B264ADAE7B9
:1054200002F09EFF21462076320B284602F052FD04
:10543000284602F0F3FD214BD3F8EC307BB3204932
:10544000204818F029F9031E29DA01211E4A1848BC
:1054500002B0BDE8704015F059BD28460221FFF7A3
:1054600043FA054600783E2812D015F03AFD10F0B8
:1054700002060DD140F69A43144A1549154815F015
:105480003AF886F31188BFF36F8F0323184602DFC3
:1054900006232146104A287815F062FDB4E702B0D1
:1054A00070BD00BF241300203B4C0400A64B040039
:1054B00008FE0300C74B0400EB4B04003812002029
:1054C0006816002030430020F8490400454B0400D2
:1054D0000D4C040057230400AC08040010B5012152
:1054E00004460C30FFF700FA2146BDE810401323B4
:1054F000014A007815F034BDDC080400F8B501213C
:10550000044600AF0C30FFF7EFF906780023214680
:105510003046104AFFF778FE5F3019D1258AE068DF
:105520002946FFF7C3FA6C468AB06A460A4BCDE9B2
:105530000750CDE9053640F20243ADF82430074B61
:105540004FF43251064842F8103F15F0ECFCA546E6
:10555000BD46F8BD740904004F4C0400050000016D
:1055600008FE03002DE9F347002307468846164648
:10557000DFF81091D9E8EF4FC9E8E23F002AF9D1EE
:1055800044B901213B46404A404802B0BDE8F047DB
:1055900015F0BCBC2046FEF745FE4FF00C0A3C4D12
:1055A0000AFB00504388BB4220D02046FEF73AFE5B
:1055B0000AFB0050438801210093364A3B4633489A
:1055C00015F0C1F9D9E8EF3FC9E8E24F002AF9D157
:1055D000002B54D03049314840F6EE13304A14F0D5
:1055E0008AFF40F6EE112E4814F07CFFA64208D048
:1055F0002046FEF739FE328AF16804F10C0015F0FE
:105600006AFB2046FEF70EFE0C2606FB00504368A0
:10561000ABB1B8F1000F12D12046FEF703FE012115
:1056200006FB00504268536803F01F008140106879
:105630005B0900EB8300137AEBB115F069FC20469F
:10564000FEF7F0FD0C2606FB005083686BB1204688
:10565000FEF7E8FD704305F800802046FEF7E2FD06
:1056600006FB0055A8680DF0F7FA204602B0BDE829
:10567000F047FEF7B3BFC94315F058FCDFE702B0AF
:10568000BDE8F08720130020814C040008FE0300D1
:105690001CF00020A94C0400DC4C0400572304003B
:1056A000454B04002DE9F84FD0F80C90018A99F889
:1056B000004000AFA30001338B4278D96D468AB019
:1056C0006A46CDE9073105233A484FF42151CDE927
:1056D0000504394842F8103F15F025FCAD46BD469B
:1056E000BDE8F88F01212B46344A334815F00EFCF3
:1056F000013699F800309E42F1DA09EB8603B3F8DF
:1057000001500F212846B3F8038002F003FE04463F
:105710000028E7D000F1BC0AB8F1000F03D1204601
:1057200002F07CFCE4E7656985B90121244A22483E
:1057300015F0EAFB234940F28723234A234814F05B
:10574000DAFE40F28721204814F0CCFEA2692B68D3
:1057500095422046636108BFA36102F049FB0DF04A
:105760007BFAC5F800B0236A93B9C4E90755DAE8B3
:10577000AF3F08F1FF381FFA88F863B914494FF4B6
:105780002473114A114814F0B6FE4FF42471DAE77D
:105790001D602562EBE7DAE8EF3F013BCAE8E23F34
:1057A000002AF8D10021204602F02CFBB4E70026A5
:1057B000B3469EE7E14C040008FE03000C4D0400D4
:1057C000284D0400F57C0400454B040057230400D9
:1057D0003F4D0400054BD3E8AF2F02F00B02D3E896
:1057E000EF1FC3E8E02F0028F9D17047C012002056
:1057F00010B5C1E900239DF808300C460B72FEF786
:1058000011FD0C22024B02FB00335C6010BD00BF97
:105810001CF00020F8B502460B46104815F04AFA75
:105820000446C0B104210C30FEF7C4FF2046FEF749
:10583000F9FC0C2700260A4D07FB00504680204645
:10584000FEF7F0FC07FB005086602046FEF7EAFCFE
:1058500007FB00556E602046F8BD00BFD41A00203B
:105860001CF0002029289ABF014B185C09207047C2
:105870008D8D040070B5C3680F21B3F801601D78E9
:10588000304602F047FD044638B901213346BDE8F1
:105890007040184A184815F039BB65B12846FFF723
:1058A000E1FF29460246204603F02EF92046BDE8D6
:1058B000704002F0B3BB8378012B07D107F01AFFC9
:1058C000204615F0F6FA002808BF05252846FFF700
:1058D000C9FF29460246204603F016F9002DE5D0FF
:1058E0000121064A044815F00FFB0521204602F06D
:1058F000BFFDDBE75749040008FE0300584D0400D4
:105900002DE9F041C6680F21B6F8017035783846A8
:1059100002F000FD044638B901213B46BDE8F041E4
:105920001E4A1F4815F0F2BA65B12846FFF79AFFE4
:1059300029460246204603F0E7F82046BDE8F0413C
:1059400002F06CBBF278C37A934205D10221154A6A
:10595000134815F0DBFAF0E78378C272012B08D107
:105960000AB107F0C7FE204615F0A3FA002808BFC9
:1059700005252846FFF776FF29460246204603F014
:10598000C3F8002DD9D00121074A054815F0BCFA0B
:105990000521204602F06CFDCFE700BF5749040007
:1059A00008FE03007E4D0400584D040010B5044667
:1059B00092B048226846064919F047FB112C9DBF5A
:1059C00012AB03EB840454F8480C024812B010BD2B
:1059D000E0FE0300AD4D0400034B0146D3F808017F
:1059E00082689268104700BF381200202DE9F04FFE
:1059F00091B0042100AF484815F08AFA6D4688B08E
:105A00006A46464B4FF4E6510593454B454806938D
:105A10004FF40073ADF81C30434B444C42F8103F38
:105A200015F081FAAD46E179414B424E07F120086D
:105A3000012998BF1E4640462146FEF7EBFF8AB07B
:105A40006A463D4BCDF81C80CDE905363B4B4FF403
:105A5000235108933A4B334842F8103F15F063FA4C
:105A6000A246AD460125374EDFF8DC80E3790AF126
:105A7000070A9D4238DB94F824506E462846FFF70B
:105A800095FF8CB06A46E18C638DCDE907514FF4E8
:105A90000075DFF8B8C009932D4BCDE905C0ADF80E
:105AA00028504FF4535142F8103F1E4815F03BFA6E
:105AB000B54694F825603046FFF778FF8AB06A460D
:105AC000238D2449CDE90763234BCDE90510ADF8BB
:105AD00024504FF43351134842F8103F15F023FA85
:105AE0004437BD46BDE8F08F51463846FEF792FF79
:105AF000E9468AB06A4640F20133CDE90565079769
:105B0000ADF820304FF41351064842F8108F15F0CD
:105B10000AFA0135CD46A9E7C0120020B94D0400AC
:105B2000CB4D040008FE03000300000138120020E2
:105B30002F7F0400B54D0400CF4D04000002010387
:105B400004000002DE4D040004000001EF4D0400DB
:105B5000060000012D4E04000500000138B5054681
:105B6000F6F7EBFF2028044610D829460948F6F737
:105B7000D2FF48B122462946064819F066FA0022AB
:105B8000054B234483F80C21002038BD6FF00B0037
:105B9000FBE700BF44130020381200200048704784
:105BA0004413002010B50B490B4817F075FD041E77
:105BB0000FDA41F25F43094A09490A4814F09BFC95
:105BC0002146094814F097FC41F25F41034814F064
:105BD00089FC10BD5816002088420020454B040067
:105BE0006E37040057230400544E040070B5054678
:105BF0000C4639B1CB684A699B1A032B0ED86FF05B
:105C0000150509E04FF0FF304FF0FF31FFF702FEBE
:105C1000044618B96FF06805284670BD2046FEF7A7
:105C200001FB0C22164BA61802FB00330321304661
:105C30005D80FEF71BFE0580238A0121033B8370F4
:105C4000304615F064F840F635439D420FD12046AA
:105C5000FFF7C2FE05460028DED001210346094AAF
:105C6000094815F053F92046FEF7B8FCD4E7214661
:105C7000064817F09BFC0025FFF794FFCCE700BF18
:105C80001CF00020594E040008FE03002C130020D5
:105C90002DE9F04784B0804691460C4600AF71B9BB
:105CA0004FF0FF304FF0FF31FFF7B4FD0446C0B9AD
:105CB0006FF0680528461037BD46BDE8F087887A42
:105CC000FEF7A8FA3A4B83420BD03A493A484FF4D0
:105CD000D7733A4A14F00FFC4FF4D771374814F0D9
:105CE00001FC01220021384617F075FC2046FEF722
:105CF00099FA0C23DFF8C8A003FB00A087602046B8
:105D0000FEF7BAFC01464046FFF770FF054618B1A2
:105D10002046FEF763FCCDE700233846294A0DF004
:105D200019F8064690B14FF4F173244A26492248E7
:105D300014F0E1FB32464146244814F0DCFB85F3C5
:105D40001188BFF36F8F0323184602DF2046FEF74A
:105D500069FA0C2358431AF80060FEB16D468AB008
:105D60006A461B4B0796CDE905381A4B4FF4325162
:105D7000089340F20243ADF82430174B174842F81D
:105D8000103F093E15F0CFF82046AD46F6B2FEF7BB
:105D900025FC092E08D8124B9D578BE7B9F1000F4F
:105DA000B6D0C9F8004085E76FF0040582E700BF70
:105DB000D41A0020F57C040057230400454B04004E
:105DC0001CF00020B4C404007E6904007B4E040073
:105DD000C04E04002F7F04000500000108FE0300F0
:105DE000838D040073B506460D4642F22F00002154
:105DF00001AAFFF74DFF044638B10121144A1548A6
:105E000015F082F8204602B070BD0198C368B3F85F
:105E100001203280B3F803302B80FEF7DFFB33889C
:105E2000A3F11B02E02A04D902210B4A094815F00C
:105E30006DF844F248112B88A3F5A47292B28A42FD
:105E4000E0D90221054A034815F060F8DAE700BFFF
:105E5000DF4E040008FE0300FF4E0400244F040040
:105E60002DE9F04F8DB00478054600AF5CB165496F
:105E7000654840F28153654A14F03DFB40F2815180
:105E8000624814F02FFB624BB0F80190198849F476
:105E90007042914205BF1C805E4BA24693F800A061
:105EA00000F0ACFCEB7805F10408012B08BF5A4B5D
:105EB000404608BF93F8234014F0D6FF07F10806C8
:105EC000414680B34FF0010B304614F0C2FFD5F8C5
:105ED0001130C7F80130B5F81530A7F80530EB7868
:105EE000012B35D007F1100441462046FEF792FD04
:105EF0006D4688B06A46494B4FF4E251CDE905340E
:105F00004FF40073ADF81C30454B464842F8103F43
:105F100015F009F81321AD46484615F05CF8343702
:105F2000BD46BDE8F08F204615F097F9034600689E
:105F300095F804B0B8609A889B796868B280B371AC
:105F4000B8F8042098F806303860BA80BB71C6E70C
:105F5000314B062293F82300314602F097FE2E4B78
:105F6000044640B90522304993F8230002F08EFE22
:105F700004460028B6D02346B5F8012023F8702B3C
:105F8000B279B868B18820679A7140F2E24299808C
:105F9000B5F8173053430022C4F88830B5F81930EB
:105FA000A4F89030B5F81B30A4F89230EB78227347
:105FB000012BE37012D187F800B0BB793868BA883A
:105FC000C4F87700A4F87B2084F87D30D5F80B3036
:105FD000C4F87F30B5F80F30A4F88330072120468D
:105FE00002F0AAF8BAF1000F05D00121204684F88A
:105FF0000CA002F0A1F8204602F02AFA204602F096
:106000000DF88CE7474F040057230400454B04006C
:1060100038F70020A0FC0020381200205B4F04005D
:106020000300000108FE0300488D040000B5C368AA
:1060300089B0187820B109B05DF804EBFFF772B8A9
:10604000B3F801208DF80000ADF80120DA788DF862
:106050000320B3F80B20ADF81720B3F80D20ADF8EE
:106060001920B3F80F20ADF81B205A7C8DF81D20A5
:10607000586801901A899B7AADF808208DF80A308B
:10608000084B68461A689B88CDF80B20ADF80F3096
:10609000CDF81120ADF81530FFF7E2FE09B05DF83C
:1060A00004FB00BF5C8D040010B5F6F7D9FE034B6E
:1060B0001B6813B1BDE81040184710BD40F0002028
:1060C00037B52F4C0546D4F8080117F011FA48B936
:1060D00001212C4A2C4814F017FF6FF012042046BF
:1060E00003B030BD6FF0020104F1880014F01EFF10
:1060F000012114F00DFFC3073ED42448FFF72EFD05
:1061000030B16FF00B030221214A1F4814F0FEFE4C
:10611000204B1D6001222048114617F05CFA1F48F1
:1061200017F03BFA1E480DF0B3FA00234FF4486213
:1061300000931C496FF0070319480DF0C3FA1A4980
:10614000174817F0BFFAD4F80801184983681B688C
:106150009847044630B101210346154A0A4814F015
:10616000D5FEBCE725B903B0BDE83040F6F778BEF0
:1061700010480DF091F9B2E76FF07704AFE700BF78
:10618000381200203551040008FE03008225040067
:106190004D51040040F00020101300202C1300206B
:1061A00030430020482901206C510400595202005C
:1061B00075510400B0120020F0B5C56801212F8888
:1061C00087B0BCB2204602F0A5F8064640B90121CE
:1061D0002346274A274807B0BDE8F04014F096BE92
:1061E00002ACD5F80220D5F80630019469890091F7
:1061F00016F019FB48B34FF0FF304FF0FF31FFF7B7
:1062000009FB054648B901211B4A1A4814F07CFED7
:10621000304601F003FF07B0F0BD12210C30FEF74D
:10622000EBFA0346224623F8027B144603CC59605E
:1062300006A98C421860224603F10803F5D12946CD
:1062400042F21A00FFF7D2FCE2E74FF0FF304FF0C6
:10625000FF31FFF7DFFA04460028D4D002210C30CA
:10626000FEF7CAFA2146078042F21B00EAE700BFA8
:106270007D49040008FE03009151040073B5C36812
:10628000D9789A781E8842EA0122ADF8002059791F
:106290001A79B4B242EA0122ADF80220D9799A798A
:1062A000204642EA0122ADF804201A7A5B7A0121E5
:1062B00042EA0323ADF8063002F02CF8054658B93F
:1062C00001211D4823461D4A14F020FE02212046CC
:1062D00014F0DFFE02B070BD694602F079FB38B9F8
:1062E0001E21204614F0D5FE284601F097FEF1E766
:1062F0004FF0FF304FF0FF31FFF78CFA04460028D3
:10630000F2D00E210C30FEF777FA00230680C0F899
:106310000A30BDF8003021464380BDF8023083804A
:10632000BDF80430C380BDF80630038142F220007E
:10633000FFF75CFCD8E700BF08FE03007D490400BE
:1063400038B5042104460C30FEF7CEFA03464088E7
:106350005D7818B122461978FFF704F935B1044881
:106360000CF07AFCBDE83840FFF71CBC38BD00BF1C
:1063700010130020B0B50446032100AF0C30FEF727
:10638000B3FAE2680346117840F63542B0F80100EE
:10639000904216D16C468AB06A46104B1048CDE93F
:1063A0000531104B4FF41251079340F20133ADF811
:1063B00020300D4B42F8103F14F0B5FDA546BD4608
:1063C000B0BD1D7810B12246FFF7CCF8002DF6D0F5
:1063D00006480CF041FCFFF7E5FBF0E7A85104008C
:1063E00008FE03002F7F04000400000110130020AA
:1063F00038B50EF01DFA2F4DD5F8F430002B56D0DD
:106400000022002305F1D8000CF0A4FC00284ED196
:106410000022002305F1F4000CF046FB044668B9A5
:1064200040F6AA43244A2549254814F064F884F329
:106430001188BFF36F8F0323184602DFD5F8E830C9
:106440005BB101211F4A204814F05EFDD5F8E80039
:10645000FEF7C4F80023C5F8E8302046FEF70CF933
:10646000C5F8E8002046FFF7B7FA0346C8B1012196
:10647000164A154814F04AFD15480CF0EDFB20466D
:10648000FDF7D0FE0C22134B02FB0033588818B1E5
:1064900022461F21FFF766F82046FEF79FF8FFF718
:1064A00081FBFFF77FFBBDE838400EF033BA02F006
:1064B0001BF8F8E738120020454B0400DD4C0400BF
:1064C00057230400E051040008FE0300594E040065
:1064D000101300201CF00020F8B506460024094DDA
:1064E000EF79E3B29F4202D86FF0010007E029463E
:1064F000304614F0F4FD0735631C08B12046F8BDA2
:106500001C46EEE73812002037B504460D4671B13F
:106510002846124914F0E3FD48B929461048C4EB57
:10652000C404204414F0D4FD002003B030BD6846FC
:1065300014F081FC0028F8D16846FFF7CDFF002851
:10654000F5DA074BC4EBC4006946184414F0C0FDEB
:10655000002DE9D001462846E4E700BF4F8D040036
:106560003812002070B5194E06223146054618F043
:10657000A1FD30B34FF0FF304FF0FF31FFF74AF984
:10658000044600B3062229460C3014F0A4FB214631
:10659000002242F20500FFF77BFB044648B110F1F0
:1065A0000D0F04D102210A4A0A4814F0A0FD20462A
:1065B00070BD33462A6843F81D29AA88B28001229B
:1065C0001A770024F3E76FF06804F0E75512002013
:1065D0002053040010FE030038B505460C4659B997
:1065E000204940F2DD33204A204813F084FF40F276
:1065F000DD311D4813F076FF086848B91C4940F2A8
:10660000DE33194A194813F076FF40F2DE31F0E725
:106610004DB9184940F2DF33134A144813F06BFFA9
:1066200040F2DF31E5E7037A5A0709D5124940F213
:10663000E1330D4A0D4813F05EFF40F2E131D8E737
:106640004B686BB90B7A13B92B7A5B0708D52A789C
:1066500003789A4204D0294614F0B4FD00B1656075
:1066600038BD00BF5D5304002F53040057230400BE
:106670007553040098530400B0530400064BD3E84C
:10668000EFCF4CF4806CC3E8E2CF002AF7D1037A55
:1066900019430172704700BFC0120020F7B50021F6
:1066A00004460222084602F0F1FA054648B12046A7
:1066B0000121FFF7E3FF284603B0BDE8F04001F0F9
:1066C000ADBC8DF800006946414800F083FE9DF89E
:1066D00000602EB101212046FFF7D0FF03B0F0BDCE
:1066E0003C4D31463C4800F075FE95F8CB307BB10F
:1066F000304614F03BFD58B10221384A384814F0B6
:10670000F6FC0021374803B0BDE8F04000F062BE5F
:1067100095F8CB2095F8CA309A4218D10221324A16
:106720002F4814F0E4FC002242F229001146FFF742
:10673000AFFA10B101212D4AE0E795F8CB300133D3
:1067400085F8CB30237A43F004032372D9E722463D
:10675000671C394612F82E0B14F0CBFC064610B11C
:10676000234A01210EE095F8CB30013385F8CB3078
:10677000237A43F00403237295F85B305B0708D457
:1067800002211C4A164814F0B2FC012014F0EEFC61
:10679000B7E73946684614F09BFC01234FF0FF3001
:1067A0004FF0FF318DF80730FFF734F8044660B141
:1067B000082269460C3014F08EFA3246214642F225
:1067C0004E00FFF765FA0028DFD00B4AC9E700BF8B
:1067D0003BB20300381200200BB20300E553040063
:1067E00010FE03009FB103000A5404003B54040050
:1067F0005B5404007B540400A5540400084BD3E808
:10680000EF2F22F48061C3E8E01F0028F7D1530581
:1068100004D500220220034907F066B8704700BF84
:10682000C012002059B303001FB500230190CDE929
:10683000023302208DF80C1001AA034907F054F826
:10684000029805B05DF804FBD9650200034610B458
:1068500070B10A4991F8CA4091F8CB200CB194422A
:1068600008D2013281F8CB201A7A42F004021A725F
:1068700010BC704710BCFFF711BF00BF38120020DA
:106880002DE9F341044668B34B4D95F8CA2095F8BD
:10689000CB309AB1013293421DDC0021022208461E
:1068A00002F0F4F9064600B320460221FFF7E6FEA7
:1068B000304602B0BDE8F04101F0B0BB5BB93F49E2
:1068C0003F4840F2E5433F4A13F015FE40F2E541F0
:1068D0003C4813F007FE013B85F8CB30237A23F0C8
:1068E0000403237202B0BDE8F0818DF807000DF1BA
:1068F0000701354800F06EFD9DF8076026B10221C2
:106900002046FFF7BBFEEDE73146304800F062FD60
:10691000304614F02BFC064690B1012103462C4A68
:106920002C4814F006F895F8CB3013B1012014F080
:106930001DFC0021284802B0BDE8F04100F04ABD2E
:1069400095F8CB3095F8CA209A420CD2013B85F8D5
:10695000CB30237A024623F0040302201F4923721E
:1069600006F0C2FFDFE74FF0FF304FF0FF31FEF7D8
:1069700051FF04F10108074668B107210C30FDF70B
:106980003BFF414614F0A4FB3246394642F2280050
:10699000FFF77EF928B10121114A0E4814F0A7FB38
:1069A000C1E795F8CB30013B85F8CB30237A23F053
:1069B00004032372B7E700BF38120020C05404005C
:1069C000572304002F5304003BB203000BB2030013
:1069D000D954040010FE03009FB1030057B1030017
:1069E0000655040038B50D460649CC7938B12B68F8
:1069F0009C4228BF1C46C4EBC40218F026FB2C6046
:106A000038BD00BF3812002070B5044611BB20B35A
:106A1000254914F064FB00BB2046FFF75DFD00280C
:106A20003BDA237853B92148C279002A35D121466F
:106A300014F04EFB0123C371104670BD012B04D12D
:106A4000A37903F0C003C02B07D00121184A1948CD
:106A500014F04DFB6FF01500EFE7144DEB79012BAF
:106A60001ED005F1880014F030FBC30707D4002CBA
:106A7000F0D020460C4914F032FB0028EAD1EE7920
:106A80002146731C3046EB71FFF73EFD08B93046D6
:106A9000D3E7EB79013BEB71CFE76FF07700CCE701
:106AA0006FF00B00C9E700BF4F8D040038120020C3
:106AB0002B55040010FE03002DE9F341044640B9B4
:106AC0001A4A02211A4814F012FB002002B0BDE855
:106AD000F081002141F2090001AAFFF7D9F805462B
:106AE00008B1144AEDE7019E0622D6F80C8012493F
:106AF00008F10107384618F0DDFA28B106223846B9
:106B00000E4918F0D7FA18B93046FDF767FDDCE7F3
:106B1000D8F801303046C4F80130BB882570A4F89D
:106B20000530FDF75BFD0120D0E700BF595504009B
:106B300010FE0300725504005C8D0400568D0400A5
:106B400007B56846FFF7B8FF044BD87118B169461E
:106B50000020FFF7D9FC03B05DF804FB38120020D9
:106B60002DE9F041304E88B0F179002954D196F8E2
:106B7000764014F0010411D12C4A02212C4814F063
:106B8000B6FA0024F471162500240127F379E0B247
:106B900083422BD8002B3FD000203AE06A464FF6C4
:106BA0000940FFF775F808B1224AE6E7DDF800C0B2
:106BB000DCF80C5095F80180B8F1000F0ED0AB1C3A
:106BC00002AA1235174618685968083303C7AB4242
:106BD0003A46F7D1186838609B88BB806046FDF75D
:106BE000FDFCB8F1000FCDD1134AC6E708AB05FB99
:106BF000003353F8182C33F8143C6946CDF80120C3
:106C0000ADF805308DF80070FFF77EFC01340028E8
:106C1000BCD008B0BDE8F0810021084608B0BDE84E
:106C2000F041FFF7F1BE00BF38120020905504007C
:106C300010FE0300BC550400DC5504002DE9F041B2
:106C40001D460E461746034648B145B10A0311D505
:106C50004C0708D50121284A284814F048FA6FF05B
:106C60001500BDE8F08114F056FB0028F9D101238E
:106C70002B70F6E7B107047824D021492FB1B20672
:106C800003D591F89020500632D5C4EBC40411F816
:106C90000480B8F1010F09D101341846214414F0E1
:106CA000E8FA0028DDD185F8008002E0B8F1000F95
:106CB000F9D02FB1B30642BF2B7843F002032B70FB
:106CC0000020CEE7720710D50D49C4EBC4040F5D58
:106CD000012F07D10134214414F0CBFA0028C0D190
:106CE0002F70E7E7002FE5D1FAE714F014FBBEE7B9
:106CF0006FF08500B5E700BF0556040010FE0300E5
:106D00003812002038B5104DEB7913B1002420461D
:106D100038BDFFF715FF044628B10C4A01210C4885
:106D200014F0E5F9F3E7EB79002BEFD1FFF718FF4B
:106D300004460028F1D1681CFFF714FC0446002823
:106D4000E5D0044AEAE700BF3812002024560400C8
:106D500010FE03004356040070B500F10F06044610
:106D60000D46072230460C4918F0A4F90346207856
:106D700073B90522094901F089FF044658B105732A
:106D8000002101F0D9F92046BDE8704001F046B974
:106D900006223146EFE770BD4F8D0400488D040098
:106DA000F8B504690646456844B140F203432B40F8
:106DB00039D005F48263B3F5806F34D015F4806365
:106DC00002D115F4F84F2ED1184F3078FB79834259
:106DD00029D9C0EBC00007221549384418F06AF9D8
:106DE000A8B115F0030306D197F82420082A02D889
:106DF000B2689F2A17D915F0300F09D09CB1EB0665
:106E000008D405F46035B5F5603018BF0120F8BD31
:106E1000002CF6D1D6E902239A4204D81F2A02D9BF
:106E2000B3F5804FEDD90020F1E700BF3812002004
:106E30004F8D040038B50E4D284614F09DFA10F021
:106E4000010412D1A5F1180318465822214618F062
:106E500022F90346D5E8EF2F42F00102C5E8E12F01
:106E60000029F7D118465C7038BD0020FCE700BF50
:106E7000F0430020F8B5044614F80F7B154B064686
:106E80000D4607222046144983F8237018F012F9A2
:106E900070B93846114901F077FE044610B96FF019
:106EA0000B00F8BD052101F047F900202C60F8E740
:106EB0002146384601F0AEFE40B92146307801F057
:106EC00063FE04460028EAD00621ECE76FF01500C7
:106ED000E7E700BF381200204F8D0400488D040002
:106EE0002DE9F04F91B015460390506800221446EA
:106EF0000691824212D1FB2C18D8A44BB3F8C830AB
:106F00009C421ED9A248009302212346A14A13F0B5
:106F10001AFD6FF0200011B0BDE8F08F296802342F
:106F200001EBC2014B7801321C44E2E7039B0821CC
:106F300003F1180014F023FA0028DED06FF00A00E5
:106F4000E9E7FB2C6ED8039B0B2103F1180014F02A
:106F500016FA10B91F2C28BF1F244FF0FF304FF036
:106F6000FF31FEF757FC04F104080746002800F043
:106F70000A8141460C30FDF73FFC4FF00009064600
:106F80004246002118F087F84946D5F8008006F1FE
:106F9000040B6B6899450FD3039BF1705B7800225B
:106FA000337003233946737001230698B37011B010
:106FB000BDE8F04FFEF76CBE98F80120881C13184E
:106FC0009C4298F800C013D2BCF1090FA4EB000258
:106FD00001D1002A0ADC6E4801216F4A13F0A0FC9F
:106FE0003846FDF7FBFA6FF0150094E74FF0080CF8
:106FF0005FFA82FA0AF101030BF801300131C9B2DC
:107000000BF801C0C3B2D8F804105844049318F028
:107010001CF8049B09F101099A445FFA8AF108F10E
:107020000808B6E7002110220CA818F034F8002751
:10703000012340F272600B933B4669680A958B42CC
:1070400007D100240123A046A34605935FB9384623
:1070500061E72A68023702EBC3025278174487427D
:10706000C1D80133EBE7FB2F4FF0FF304FF0FF317A
:10707000BA4628BF4FF0FB0AFEF7CCFB0AF1040624
:10708000049000287FD031460C30FDF7B5FB039B00
:1070900081465B78002603704FF000035FFA8AF2A6
:1070A00083700792031D55F83B2005EBCB0102EBE3
:1070B000C80252780232944209D14A6808F10108A4
:1070C000904509BF00240024A0460BF1010BBBF141
:1070D000010F12D055F83B204FEAC80112EBC80C43
:1070E0000BD09819ACB901249CF8012001329A55B3
:1070F0000136F6B2079AB242D5D8B74229D227490B
:107100002748B023274A13F0F6F9B021254813F099
:10711000E9F9012C05D1525C013602240270F6B265
:10712000E8E79CF80120AAEB0601121B02328A4212
:1071300028BF0A46DCF804C0A11E614409930892E6
:1071400017F083FF089A099B14443244A4B2D6B2C4
:10715000D0E7059BBF1B8BB1002F0CBF032301237E
:1071600000220499069889F8036089F80130FEF737
:107170008FFD00287FF4CFAE059067E7B7FA87F35D
:107180005B095B00ECE76FF06800C4E63812002092
:10719000C0FD03006656040094560400DC5604004B
:1071A00057230400AD5604002DE9F3470F690D463F
:1071B000496890463A1E18BF012201650DF103038C
:1071C0000646FFF73BFD0446002840F0DB8006F151
:1071D0000F03002F00F0DA802A6911684FF0FF30AA
:1071E000C6F80F109188998092794FF0FF319A710B
:1071F000FEF710FB8146002800F0D78019210C30E3
:10720000FDF7FAFA04460021192217F044FF7378BB
:107210002370AB68E370C3F307221B0C2271637108
:10722000EB68A371C3F307221B0C2372E2716A6837
:1072300012F4004F14BF06230723D10348BF03F005
:107240000503920348BF03F0FB0363729DF803300C
:10725000A3727F23E374012323756B6803F44063F7
:10726000B3F5806F14BF01230223A3756B68DB04A1
:1072700042BF03232375A3756A68C2F3802383F09A
:1072800001031B0150049BB248BF43F0400391042B
:1072900048BF43F02003D20544BF012222766A682A
:1072A000900775D043F0010A1FB9510501D443F08E
:1072B000030A900502D4B8F1000F03D04AF0020A85
:1072C0001FFA8AFA002F65D0D1062A6948BF4AF012
:1072D0000403116858BF4AF00C03C4F80B109188DE
:1072E0009BB2A4F80F10927962746A784946E275ED
:1072F000AA7842F236006275A4F8013001AAFEF7BE
:10730000C7FC044600283DD1019806F11807C36860
:1073100093F90130B370FDF761F9D7E8EF3F43F01F
:107320000203C7E8E23F002AF7D16FF010013846A8
:1073300014F02CF8C2062FD46A68092112F0030257
:1073400018BF0122384614F02CF80A213846CAF337
:10735000400214F026F82A790C213846C2F3800244
:1073600014F01FF86A790B213846C2F3800214F03A
:1073700018F89DF803200321531E5A4238465A41FB
:1073800014F00FF8204602B0BDE8F087084A24E761
:107390009A468EE75346A8E7304606F1090113F0F6
:1073A00068FF0028C8D00446ECE76FF06804E9E7FE
:1073B0004F8D040008B520B9044813F0DDFFC30762
:1073C00001D4002008BD0248FCE700BFF0430020C4
:1073D000D8430020034610B5044813F0CDFFC20780
:1073E00003D5BDE810400248184710BDF043002007
:1073F000D843002010B5054CA06930B16FF00101F1
:10740000183013F0C3FF0023A36110BD3812002011
:10741000F8B50446164813F0AFFF43070F4616466B
:107420001DD5FAB12046FFF7BBFCD8B1FFF702FD2E
:107430000546D0B123782146037063780022C370DB
:107440004760FFF7B1FE044638B16FF0010105F166
:10745000180013F09BFF2046F8BD3560FBE76FF086
:107460000A04F8E76FF01504F5E76FF00B04F2E794
:10747000C01200200023F7B50E46054601930028F0
:1074800062D000F118070821384613F078FF002871
:107490005DD1304813F070FF420501D5FFF7AEF91A
:1074A0000921384613F06BFF80BB002E38D13246DD
:1074B0000721384613F075FF0921384613F05FFFA6
:1074C00070B90C21384613F05AFF48B96FF0080123
:1074D000384613F05BFF03072BD4284613F01BFF3D
:1074E00032460121284613F09BFF044640B3012198
:1074F000194A1A4813F014FA019D75B12846002163
:1075000000F01AFE284600F089FD06E0284601A991
:10751000FFF7B0FC04460028C7D0204603B0F0BDFA
:10752000338823B9B278003A18BF0122C0E701229C
:10753000BEE70E21384613F022FF0028CDD1CFE759
:1075400001980028DFD1E8E76FF01504E5E76FF058
:107550007704E2E7C0120020FF560400C0FD0300DC
:107560002DE9F341C6687078FFF724FF044638B967
:107570000121364A364802B0BDE8F04113F0D0B9D7
:1075800004F11808758813F090FF6FF4807140467D
:1075900013F0FCFE33782F4F1BBB2846012100F06F
:1075A000B9FE054650BB6FF08001404613F0EEFE79
:1075B00003060ED5204613F0C5FEFFF71FF96368DA
:1075C0003BB11B682BB1327920468DF8042001A90C
:1075D0009847BB699C4235D102B0BDE8F041FFF746
:1075E00009BF0921404613F0CAFE18B12046317880
:1075F000FFF7B2FB3378002BD5D1CEE7236D00F136
:107600007E0213F4002F12D0A368C0F87E30A38945
:107610009380A37B937163682BB15B681BB1204699
:10762000019501A99847284600F0F8FCBBE7037ACA
:10763000C3EBC303F918FB58C0F87E308B889380E6
:107640008B79E7E702B0BDE8F08100BF1A5704006C
:10765000C0FD0300381200207FB5C5682878FFF709
:10766000A9FE044638B90121134A144804B0BDE804
:10767000704013F055B943688BB19B687BB10135FD
:10768000284613F0F1FB02AE294650B1304613F004
:10769000E0FB636820469B68019601A9984704B007
:1076A00070BD207813F0D9FD0346006802909A88D7
:1076B0009B79B280B371ECE71A570400C0FD030058
:1076C000884208B501F1200310D9984213D20E491F
:1076D00040F2B3230D4A0E4812F00DFF0D4812F090
:1076E0000AFF40F2B321094812F0FCFEEFD000F18E
:1076F00020029142EAE7013813F8012D8B4200F88D
:10770000012FF9D108BD00BF894704005747040085
:1077100057230400E047040070B59AB018220021F6
:1077200003A817F0B8FC47F21213ADF808304FF475
:10773000807344F20102ADF80A30364B694602A864
:10774000CDE904230FF0C4F8034618B3324A0121EF
:10775000324813F0EEF81F25314BD3E8EF1F21F02C
:107760000101C3E8E21F002AF7D12E4E0DF060F8A8
:10777000346804B1043C002D2B4D18BF0025002CAB
:1077800041D023680BB1284698476468002C3AD052
:10779000043CF6E701AB4122009809A916F015FA5E
:1077A000034608B1214AD2E7214A0DF125030DF124
:1077B000650153F8040B8B4242F8040BF9D101AB7D
:1077C00020221C49009816F0DDF9034608B11A4A38
:1077D000BDE700980EF06AFF054610B1174A034650
:1077E000B5E713491048FFF76BFF15491548FFF738
:1077F00067FF154BD3E8EF1F41F01001C3E8E21F0C
:10780000002AA9D0F6E70023C6E900330DF082F87C
:107810001AB070BD000002092E570400F8FD0300E5
:1078200044F000204CF0002001FD00204C570400E3
:10783000C1FC0020A1FC00206F57040093570400F6
:10784000E1FC002021FD0020C012002030B5A7B0CF
:107850001822002107A817F01EFC04233D22002156
:1078600016A8159317F017FC47F21213ADF818304D
:107870004FF4807344F20102ADF81A30284B2949C5
:10788000CDE9082306A804AB20220EF055FF0346DD
:10789000E0B1254A0121254813F04BF86FF00404AC
:1078A0000CF0C6FF224B1D6865B100201860214B0B
:1078B000D3E8EF1F21F00201C3E8E21F002AF7D14D
:1078C00044B3A8470DF026F827B030BD1A4B0DF190
:1078D0005502194603F1400053F8044B834242F825
:1078E000044BF9D105AB029320230D48CDE90013D9
:1078F00015AA4123049916F037FA034608B10F4A36
:10790000C8E704980EF0D2FE04460028C8D00C4AFE
:107910000346BFE70DA80849FFF7D2FE0DA8D0E740
:1079200000000209A1FC0020B3570400F8FD030089
:1079300048F0002044F00020C1FC0020E95704007A
:1079400005580400402208B5034917F0B3FBB0FA0C
:1079500080F0400908BD00BFB78D040010B59AB093
:1079600004461822002103A817F095FB44F21213D5
:10797000ADF808304FF480734FF48042ADF80A3010
:10798000144B2146CDE9042304230DF125008DF885
:107990002430FFF795FE04F120010DF14500FFF7BB
:1079A0008FFE412201AB09A902A80EF0C5FE0446D4
:1079B00002A816F025FA2CB901980EF077FE0120E6
:1079C0001AB010BD044823460121044A12F0B1FF49
:1079D0000020F5E700000209F8FD0300225804002A
:1079E00010B5002834D01D4A136823B1043B9842D7
:1079F00031D05B68F9E71A4BD3E8AF1F890707D589
:107A000018480221184A12F08BFF6FF00F0010BDCA
:107A10001468011D44605068116000B95160D3E8DA
:107A2000EF2F42F00101C3E8E01F0028F7D1D30790
:107A300001D50020EBE70D4BD3E8EF1F21F010013B
:107A4000C3E8E21F002AF7D10948FDF773F8F0E711
:107A50006FF01500DBE76FF07700D8E74CF00020FF
:107A600044F00020F8FD030046580400C012002036
:107A700088160020044BD3E8AF3F13F0100F0348E3
:107A800008BF0020704700BFC012002001FD002089
:107A900070B50546194803688B4228D0184BD3E8C7
:107AA000AF3FDA0626D5036813B16FF00F0070BD43
:107AB000144AD2E8AF3FDB07F7D4D2E8EF3F43F0F8
:107AC0000204C2E8E64F002EF7D113F00204ECD115
:107AD000016029460C48FFF7F3FD0C4805F1200131
:107AE000FFF7EEFD0A48FDF725F82046DFE76FF0C7
:107AF0007700DCE76FF07C00D9E700BF48F000209A
:107B0000C012002044F00020C1FC0020E1FC002055
:107B10007816002010B50446FCF784FB044901EBFD
:107B200000112046FDF7F4F8BDE81040FEF73AB822
:107B300054F0002070B50546134B1C6844B154F84E
:107B40003C3C3C3C13B12846297B9847E46BF5E765
:107B50000E4C0F4EB44215D90E4940F2B6730E4A80
:107B60000E4812F0C8FC0E4812F0C5FC40F2B67187
:107B7000094812F0B7FC236813B12846297B9847BF
:107B80004034E7E7F7D370BD88F0002068FC0300BD
:107B9000A8FD0300A45804007458040057230400EF
:107BA000D735040008B50B4B1B7873B90A4940F26E
:107BB00046330A4A0A4812F09EFC0A4812F09BFC1F
:107BC00040F24631054812F08DFCFCF705F8064BF3
:107BD000185808BD46020120812D0400562D0400CE
:107BE00057230400942D04000800000010B50C4633
:107BF000817801290BD00C490C4840F2EE330C4A35
:107C000012F079FC40F2EE31094812F06BFCA169E8
:107C100004F118001160E26900211A60E27ABDE8FF
:107C2000104017F038BA00BFBF58040057230400B3
:107C30007458040070B505460022002316480BF066
:107C400089F838BB154B1C6834B154F8343C3C3CC3
:107C500003B19847E46BF7E7114C124EB44213D9C5
:107C6000114940F27C63114A114812F044FC11485A
:107C700012F041FC40F27C610C4812F033FCA36826
:107C800003B198474034E9E7F9D32846BDE870408E
:107C90000BF002BC70BD00BFCC19002088F00020A2
:107CA00068FC0300A8FD0300A458040074580400F5
:107CB00057230400D73504002DE9F0410446FFF7AF
:107CC00071FF1B4BD3F88830834223D14027002516
:107CD000EFF3118287F31288BFF36F8FE16929B147
:107CE000206A0B688142E36108BF236282F3118836
:107CF000BFF36F8FD1B1D1E901680E48C1E90155D9
:107D000015F054FC1EB1002241462046B047FDF755
:107D100049FFDDE7084909484FF49373084A12F018
:107D2000EAFB4FF49371064812F0DCFBBDE8F081EA
:107D300058790020FC190020D15804005723040072
:107D40007458040037B50446031DD3E8EF2F42F4FE
:107D50008061C3E8E51F002DF7D155053BD4D3E87A
:107D6000AF3FD90326D5E37823B902211B4A1C482B
:107D700012F0DFFD637B072B2DD11A4B93F8903067
:107D80009B0628D513F0FAF828B30DF1060101A8D7
:107D9000FEF728F8F8B92046BDF80620BDF8041013
:107DA00013F058F90346B0B101210F4A0C4812F004
:107DB000C0FD10E00B4B93F890301A07D3D513F0A9
:107DC0002EF9034620B10121084A054812F0B1FD01
:107DD000637B072BC7D003B030BD00BF3859040008
:107DE000D8FD03003812002051590400175904002F
:107DF0000348B0F8B430B830002B08BF00207047FB
:107E00003812002070B588B004460E46FFF7CAFE4F
:107E1000144BD3F88820824205D1204608B0BDE833
:107E20007040FFF749BF24342146184615F034FC52
:107E3000051E0FDA4FF4AF730B4A0C490C4812F0D1
:107E40005AFB29460B4812F056FB4FF4AF71064817
:107E500012F048FB1EB1694620460BF023FB08B028
:107E600070BD00BF58790020745804006E370400BC
:107E7000572304006D59040038B5002204468A4295
:107E800002D10024204638BD012004F1C403D3E808
:107E9000EF5F002D04D1C3E8EC0FBCF1000FF6D169
:107EA00002D0C8340244EAE7002CEAD0C422002100
:107EB000204617F0F0F804F1400004490BF0FAFCFA
:107EC000034904F124000BF0BFF9DBE7B99202008B
:107ED0007FB50300F7B516460D4601210446FFF7AE
:107EE00091FF012E23D0022E52D123693BB131489C
:107EF0000121314A12F014FD204613F064FB256184
:107F000021690B8A012B53D9CA681288043292B2B4
:107F100093424DD343D9012100922648274A12F0BB
:107F200012FD204603B0BDE8F04013F04CBB2069C1
:107F300040B9234A31461F4812F0F2FC204613F0A4
:107F400042FB01E02A8A2AB9284603B0BDE8F04086
:107F5000FCF744BB018A438A47695B1AC168C91BA5
:107F60005B1A9A420CD9174A3146124812F0D8FCD3
:107F700000222046216901F09DFC00232361E3E7F4
:107F8000E9680C3012F0A7FE2846FCF727FBB7E79C
:107F9000012133460C4A074812F0CBFCCEE7002300
:107FA00001222046236103B0BDE8F04001F082BC0D
:107FB00003B0F0BDD8FD030088590400085A04003E
:107FC000A5590400C3590400EA59040010B580B152
:107FD00000F1C402D2E8AF3FBBB1591CD2E8EF4F69
:107FE0009C4204D1C2E8EC1FBCF1000FF6D1F1D1E4
:107FF00010BD0749074840F2B553074A12F07BFA13
:1080000040F2B551044812F06DFA1846F0E700BF8F
:10801000175D0400572304007458040038B5044663
:1080200070B9284940F2DF53274A284812F063FA12
:10803000274812F060FA40F2DF51234812F052FA5A
:1080400024300BF077F904F1C403D3E8EF2F511E6D
:10805000C3E8E51F002DF8D1002A0CDC1D494FF4C0
:10806000BE63194A194812F046FA1B4812F043FA47
:108070004FF4BE61E1E7012A23D160B1174940F214
:10808000F953114A114812F036FA154812F033FA32
:1080900040F2F951D1E7134B9C4212D303F1C802CD
:1080A00094420ED2E41AC823B4FBF3F203FB124449
:1080B0003CB90D480AF0D0FDBDE838400B480BF044
:1080C000EBB938BD175D0400745804005723040051
:1080D000235A0400425A04004A5A0400685A040011
:1080E0007C5A040030440020CC190020A81600203F
:1080F00010B50446FFF76AFF0CF09AFB0C4B04F135
:10810000B801D3F8CC3043B90A4813F028FA0CF080
:1081100001FCBDE81040FDF745BD994201D01B6848
:10812000F1E70CF0F7FB2046FFF778FFF1E700BF1F
:1081300038120020041300202DE9F843467B044642
:108140008E420D4600AF1DD1082E98BF564B6C468F
:1081500088B094BF53F82630544B6A465449CDE951
:1081600005134FF40073ADF81C30524B42F8103F2A
:1081700000234FF4E4515048F9F75CFCA546BD4696
:10818000BDE8F88341730EB9FFF720FF637B082B2E
:1081900000F2868001A252F823F000BFDB810200CA
:1081A000318202007F8102007F8102007F81020014
:1081B0007F8102007F810200C18102007F81020075
:1081C0000023C4E90D33E378012BD8D100233B4AC7
:1081D00004F140000BF01EFCD1E7082ECFD8DFE8F9
:1081E00006F02005171C1C1C1720200004F1400578
:1081F00028460BF09DFC01212046FFF703FE204698
:1082000013F0E1F90022002328460BF08BFCB6E7BF
:10821000237B13B12046FFF78DFC2046FFF7FEFEBF
:10822000ADE72B46264A0221234812F082FBA6E73F
:10823000237B3E2B0FD16D4688B06A46214BCDE99A
:108240000534032342F8103F00234FF4C4511A4869
:10825000F9F7F0FBAD461C4D05F1B808616911B99D
:10826000FDF7A0FC8BE7A2690B68914208BFA361F0
:1082700063610023D1E901691448C1E9013315F0B4
:1082800095F926B16FF06D0249462046B047B5F822
:10829000B430002B14BF404600200AF0DDFCDDE7BF
:1082A0000B4A2B46BFE700BF88090400B35A0400FD
:1082B000BD5A040003000001D8FD03005A62020009
:1082C000CE5A0400E55A040038120020FC190020A0
:1082D0000C5B0400F8B5074609480D461646FFF743
:1082E00075FE044650B183781F4203D1BDE8F840C3
:1082F000FFF794BE3146A8472046F7E7F8BD00BF18
:1083000030440020002201200149FFF7E3BF00BFF5
:10831000BBB5030070B505460E480E46FFF756FE86
:108320000446A0B1437B012B02D0073B012B0CD8A4
:108330002388AB4208D1A3781E4209D102212B46E3
:10834000054A064812F0F5FA2046FFF767FE0024BA
:10835000204670BD30440020285B0400D8FD030097
:1083600008B5114B98420AD303F1C802904206D2D5
:10837000C822C01AB0FBF2F302FB130373B10B491E
:1083800040F21B630A4A0B4812F0B5F80A4812F093
:10839000B2F840F21B61064812F0A4F8074BC01077
:1083A0005843C0B208BD00BF304400203F5B04000A
:1083B0007458040057230400B65C0400295C8FC283
:1083C0002DE9F84305460F4616461C469046994649
:1083D00015F072F958B11749174840F23763174A38
:1083E00012F089F840F23761144812F07BF83443F8
:1083F0000BD0FFF7D7FB124BD3F88830834207D15D
:108400000221104A104812F08BFA4FF00008C146C2
:108410000E4942464B46002D14BF2846084612F02E
:1084200049FC044618B1791D0C30FCF7C3F920460D
:10843000BDE8F883F32C04005723040074580400AB
:1084400058790020D05C0400D8FD0300241A0020D5
:1084500010B5044605480BF01FF8204601F032F92C
:108460002046BDE81040FFF765BB00BF981600200E
:1084700010B5437B0446023B062B29D8DFE803F006
:108480000B042828281E0900017300212046FFF74D
:1084900053FE002010BD8378012BFAD04FF4F46313
:1084A0000D4A0E490E4812F026F8A1780D4812F038
:1084B00022F84FF4F461084812F014F8008812F022
:1084C0008AFD0028E6D1637B072BE2D10821DDE796
:1084D0006FF07F00DEE700BF74580400F57C0400F5
:1084E00057230400F95C04002DE9F04F002387B006
:1084F00000AFFB607B619D4B5A8B3AB19C4DD5F828
:10850000CC403CB91C37BD46BDE8F08F1B68002B42
:10851000F4D1F7E754F8B83903B1B83B00269549D0
:1085200013E01346B5F8B420002A00F0D881D5F83E
:10853000C020C2B904F1B806002BE3D0D3F8B820AC
:108540001C46002AEDD0A2F1B8039C42EAD18A4928
:1085500040F2B933894A8A4811F0CDFF40F2B9316F
:10856000864811F0BFFF0A68002AE3D0D4F8A4209F
:10857000002ADFD0D4F8A820002ADBD0D4F8AC2021
:10858000002AD7D0637B072B41D120469047002893
:108590003DD004F1BC03D3E8AF3F022B37DC2046CB
:1085A000FFF714FD04460028ACD0637B072B40F096
:1085B00093812046D4F8A430B5F8B41007F1100226
:1085C00098478046002800F07581B5F8B4203B69D3
:1085D0009A4208D30146D4F8A860204607F1140354
:1085E00007F10C02B0473B69D7F80CA07B60B8F8E4
:1085F0001030D7F81490002B3BD162494FF424730C
:108600005E4A5F4811F077FF4FF42471A8E704F148
:10861000B803B34209D15C4940F2D633574A5848AF
:1086200011F069FF40F2D6319AE7D4F8B820C6B904
:10863000D5F8D010C5F8CC208B4201D1C5F8D02098
:1086400000232046C4F8B830D4F8AC30984700284E
:10865000ABD0637B072B40F03F812046FFF748FDFE
:10866000A3E73260D5F8D020934208BFC5F8D060A8
:10867000E6E7404612F014FC48B1424940F2972325
:108680003E4A3F4811F037FF40F2972168E7B5F8BE
:10869000B4303E48002B08BF0020002200230AF01F
:1086A00059FB60B1374940F2A723344A344811F0EE
:1086B00022FF374811F01FFF40F2A72150E70022A8
:1086C00000232C480AF0F0F9064660B92D4940F223
:1086D000B2232A4A2A4811F00EFF2E4811F00BFF50
:1086E00040F2B2213CE7C0E901A97B68B5F8B4B01B
:1086F0005B4598F8083098BFB7F804B0013B012BF0
:1087000009D9254940F2D2231C4A1D4811F0F3FE35
:1087100040F2D22124E7404612F0C2FB814638B134
:108720001E49AC23154A164811F0E5FEAC2117E7A7
:108730000146002200230D48FBF7AEFD824658B1EA
:10874000FBF770FD164B414603EB00135A465046AB
:10875000FCF706FB804638BB124940F2DB23074A90
:10876000074811F0C8FE40F2DB21F9E6A81A002004
:1087700038120020FC190020105D04007458040019
:1087800057230400F57C04001C5D0400F012002057
:10879000375D04004C5D04005C5D0400845D0400F2
:1087A00054F000209E5D04007B68B5F8B42094F876
:1087B000C0B093428CBF4FF001090BF1020384F863
:1087C000C09098BF5FFA83FB04F1BC09D9E8EF2F92
:1087D0000132C9E8E12F0029F8D104F11403314630
:1087E00018467B6012F0BBFE94F802A0BAF1010FAC
:1087F00064D108F10C02042110467A60FCF736F8C7
:1088000021880BF0FD0341EA03330380B8F81030F0
:108810007A68043B43800221104612F078FA404601
:10882000FDF7DAF8002857D07860D9E8EF2F013A41
:10883000C9E8E12F0029F8D1314604F1140012F003
:10884000A1FE284A51467B68274812F072F840463C
:10885000FBF7C4FED6E9018900233146C6E901339E
:10886000224814F0A3FEB8F1000F04D06FF06D029F
:1088700049462046C047B5F8B4301D48002B08BF14
:1088800000200AF0E9F96D4688B06A46194B059355
:108890006FF00403CDE90634042342F8103F4FF48F
:1088A000015111480023F9F7C5F81321AD462046C0
:1088B000FFF7DEFD2046FFF7B1FB23E640F2FF2382
:1088C0000D4A0E490E4811F016FEA1780D4811F020
:1088D00012FE40F2FF2143E6FDF764F9EAE79368F0
:1088E000FFDE00BF594E0400D8FD0300FC19002034
:1088F000F0120020CF5D040074580400F57C0400E1
:1089000057230400B25D040040F2E2432DE9F04138
:10891000D0F888600446B6FBF3F6031DB6B2D3E880
:10892000AF2F920413D5B0F88C20B2420FD8B0F814
:108930008E20B2420BD3D0E92412914207D1D3E862
:10894000EF1F21F40051C3E8E21F002AF7D1194BB1
:108950001D6865B155F82C7C3C3D37B13146204649
:10896000B4F89230B4F89020B847ED6BF1E7124DAF
:10897000DFF84880454519D9114940F2FC73114A86
:10898000114811F0B8FD114811F0B5FD40F2FC712D
:108990000C4811F0A7FD2F6937B131462046B4F8D5
:1089A0009230B4F89020B8474035E3E7F3D3BDE800
:1089B000F08100BF88F0002068FC0300A8FD0300E0
:1089C000A45804007458040057230400D735040049
:1089D0002DE9F041074608460D4612F0D1FA064649
:1089E00018B900263046BDE8F0811C4B1C6884B1E4
:1089F00054F8303C3C3C0BB9E46BF8E72946384668
:108A000098470028EDD0284612F0BAFA0028F3D192
:108A1000E7E7134CDFF84C80444518D9124940F67B
:108A20003D03124A124811F066FD124811F063FD31
:108A300040F63D010D4811F055FD2946384698474E
:108A40000028CED0284612F09BFA20B9C9E7C9D237
:108A5000E368002BF1D14034DEE700BF88F000204E
:108A600068FC0300A8FD0300A45804007458040027
:108A700057230400D73504002DE9F041C37804469C
:108A80008BB900F17E06194B1D687DB13C3D04F1A8
:108A900070076B691BB13A46314620469847ED6B2B
:108AA00025B13C3DF5E700F17706ECE7104D114F9D
:108AB00004F17008BD4216D90F4940F6C5130F4A9C
:108AC0000F4811F018FD0F4811F015FD40F6C511C3
:108AD0000A4811F007FD6B691BB14246314620463A
:108AE00098474035E6E7F6D3BDE8F08188F00020EE
:108AF00068FC0300A8FD0300A45804007458040097
:108B000057230400D7350400F8B5437A054683722D
:108B1000164612F087FE154B1C684CB154F8243CE5
:108B20003C3C1BB132462846697A9847E46BF4E72F
:108B30000F4C104FBC4216D90F4940F61E230F4A66
:108B40000F4811F0D8FC0F4811F0D5FC40F61E215B
:108B50000A4811F0C7FCA3691BB132462846697A5E
:108B600098474034E6E7F6D3F8BD00BF88F0002010
:108B700068FC0300A8FD0300A45804007458040016
:108B800057230400D735040038B505460C460F4876
:108B90000121FFF771F9C0B1057223680367A3884B
:108BA000A0F87430A37980F8763001234372837281
:108BB0008370074BC0F8A430064BC0F8A830064BB2
:108BC000C0F8AC30054BC0F88C3038BD30440020C4
:108BD00081950200ED7B020073B5030018002800A8
:108BE00070B505460A480E46FFF7F0F9044620B175
:108BF0008378012B04D0FFF711FA0024204670BDC2
:108C00003246294612F047FD0028F7D12046F2E708
:108C100030440020F0B589B000AF0D46FFF7E0FF0B
:108C2000044618B329463846FBF7F4FE637B6D46CD
:108C3000082B98BF0F4A8AB094BF52F823300E4BCE
:108C40006A46CDE907730D4B0D4909930D4BCDE9EC
:108C5000051442F8103F00234FF442510A48F8F738
:108C6000E9FE2046AD46FFF7D9F901202437BD467D
:108C7000F0BD00BF88090400B35A040001030204D8
:108C8000F25D040005000002D8FD0300F8B50546BA
:108C90000E480E461746FFF799F9044620B183782F
:108CA000012B03D0FFF7BAF900240DE036B13246AC
:108CB000294612F0F0FC08B92046F3E7637BBB427B
:108CC000FAD1237AAB42F7D12046F8BD30440020D8
:108CD00070B58B780646012B0C4692B042D191F8C4
:108CE000703007AD032B37D8DFE803F002303234A1
:108CF0001E492846F3F719FF059594F871301E2197
:108D0000049394F872301A4A039394F873300AA8C3
:108D1000029394F87430019394F87530009394F8AA
:108D2000763010F00BFB32460AAB10AD1C4603CC7C
:108D3000AC4210605160234602F10802F6D120686F
:108D400010603046A388938012B070BD0949D0E707
:108D50000949CEE70949CCE70A212846084A10F01C
:108D6000EDFAC9E700238DF82830DCE7024704005C
:108D70002447040009470400104704001A47040070
:108D8000A86A040038B5837804460B70C3784B702A
:108D9000037A8B70457B082D47D8324B5B5D81F899
:108DA0002030002381F823308278012A00D1437AD1
:108DB00081F82130204612F026FC81F82200A378A9
:108DC000012B4BD104F170038B60237A264AC3EB4D
:108DD000C30313444B60E27804F1770304F17E008F
:108DE000002A32D11A460346C1E9032340F2E24287
:108DF000D4F888304B61B3FBF2F30B83B4F89030B6
:108E00004B83B4F892308B83D4F8A0302BB15B7CC9
:108E1000DA0644BF012381F82330D4F8A03013B11F
:108E20005B7C9B0613D4002038BD40F655330F4AB7
:108E30000F49104811F05FFB29460F4811F05BFB0A
:108E400040F65531094811F04DFB0246CCE791F848
:108E5000233043F0020381F82330E4E76FF015007C
:108E6000E2E700BFF78D04003812002074580400B8
:108E7000F57C0400572304002B5E0400F7B505467B
:108E80006E46154BCDE900121C6844B154F8203CE5
:108E90003C3C13B1314628469847E46BF5E70F4C4C
:108EA0000F4FBC4215D90F494FF440630E4A0F488B
:108EB00011F021FB0E4811F01EFB4FF440610A48EF
:108EC00011F010FBE36913B131462846984740344E
:108ED000E7E7F7D303B0F0BD88F0002068FC03009B
:108EE000A8FD0300A458040074580400572304008C
:108EF000D73504002DE9F04105460E461746164BBE
:108F00001C684CB154F81C3C3C3C1BB13A46314601
:108F100028469847E46BF4E7104CDFF8448044455A
:108F200016D9104940F676630F4A104811F0E3FA5B
:108F30000F4811F0E0FA40F676610B4811F0D2FAD2
:108F4000236A1BB13A463146284698474034E6E743
:108F5000F6D3BDE8F08100BF88F0002068FC030074
:108F6000A8FD0300A458040074580400572304000B
:108F7000D73504002DE9F04105460E461746164B3D
:108F80001C684CB154F8183C3C3C1BB13A46314685
:108F900028469847E46BF4E7104CDFF844804445DA
:108FA00016D9104940F687630F4A104811F0A3FA0A
:108FB0000F4811F0A0FA40F687610B4811F092FAC1
:108FC000636A1BB13A463146284698474034E6E783
:108FD000F6D3BDE8F08100BF88F0002068FC0300F4
:108FE000A8FD0300A458040074580400572304008B
:108FF000D73504002DE9F04105460E461746164BBD
:109000001C684CB154F8143C3C3C1BB13A46314608
:1090100028469847E46BF4E7104CDFF84480444559
:1090200016D9104940F697630F4A104811F063FAB9
:109030000F4811F060FA40F697610B4811F052FAB0
:10904000A36A1BB13A463146284698474034E6E7C2
:10905000F6D3BDE8F08100BF88F0002068FC030073
:10906000A8FD0300A458040074580400572304000A
:10907000D7350400F8B505460E46144B1C6844B1BC
:1090800054F8103C3C3C13B1314628469847E46BF9
:10909000F5E70F4C0F4FBC4215D90F4940F6A663B8
:1090A0000E4A0F4811F027FA0E4811F024FA40F644
:1090B000A6610A4811F016FAE36A13B13146284650
:1090C00098474034E7E7F7D3F8BD00BF88F00020A9
:1090D00068FC0300A8FD0300A458040074580400B1
:1090E00057230400D7350400F8B505460E46144B47
:1090F0001C6844B154F8083C3C3C13B13146284646
:109100009847E46BF5E70F4C0F4FBC4215D90F4958
:1091100040F6B5630E4A0F4811F0EDF90E4811F014
:10912000EAF940F6B5610A4811F0DCF9636B13B156
:109130003146284698474034E7E7F7D3F8BD00BFEB
:1091400088F0002068FC0300A8FD0300A458040078
:109150007458040057230400D73504002DE9F0416A
:1091600005460E461746164B1C684CB154F8043C95
:109170003C3C1BB13A46314628469847E46BF4E73D
:10918000104CDFF84480444516D9104940F6C563B9
:109190000F4A104811F0AFF90F4811F0ACF940F642
:1091A000C5610B4811F09EF9A36B1BB13A463146DD
:1091B000284698474034E6E7F6D3BDE8F08100BF83
:1091C00088F0002068FC0300A8FD0300A4580400F8
:1091D0007458040057230400D7350400F8B5054639
:1091E0000E46144B1C6844B154F80C3C3C3C13B183
:1091F000314628469847E46BF5E70F4C0F4FBC42C9
:1092000015D90F4940F6D5630E4A0F4811F073F98E
:109210000E4811F070F940F6D5610A4811F062F974
:10922000236B13B13146284698474034E7E7F7D31C
:10923000F8BD00BF88F0002068FC0300A8FD030013
:10924000A45804007458040057230400D7350400C0
:1092500038B5044608460D4611F092FE38B3154B5A
:1092600093F89030990707D4E37873B129462046E4
:10927000BDE8384000F04ABB94F898309A07F3D51F
:10928000231DD3E8AF3F5B04EED42946204612F0FD
:1092900022FA58B92B88A4F88C306B88A4F88E3049
:1092A000AB88A4F89430EB88A4F8963038BD6FF002
:1092B0001500FBE738120020F7B510F8333C0446E0
:1092C000A0F140068BBB304612F04FFA304B1D68C0
:1092D0004DB155F8383C3C3D1BB1304614F8341CB8
:1092E0009847ED6BF4E72B4D2B4FBD4216D92B4918
:1092F00040F2C5732A4A2B4811F0FDF82A4811F0B4
:10930000FAF840F2C571264811F0ECF86B681BB111
:10931000304614F8341C98474035E6E7F6D330461B
:1093200003B0BDE8F040FEF779BE10F83E3C012BDB
:1093300025D1A0F13C05D5E8EF3F23F40052C5E864
:10934000E12F0029F7D19B0411D5E36C6946009306
:10935000636D30460193FFF77BFF034688B9D5E87C
:10936000EF3F23F48053C5E8E23F002AF7D1D5E868
:10937000EF3F43F40063C5E8E23F002AF7D103B0B2
:10938000F0BD0221094A0A4811F0D3FAEFE700BF05
:1093900088F0002068FC0300A8FD0300A458040026
:1093A0007458040057230400D7350400435E0400BA
:1093B000D8FD030010B50E4814F0EFF80D490C4825
:1093C00014F0F4F80C490A4814F0F0F80B49084876
:1093D00014F0ECF812F00FFE02F062FF044628B918
:1093E00004F036FA044608B912F07EFA204610BDA1
:1093F000FC19002064F0002070F000207CF00020B8
:1094000010B50268D2F8B0305BB90D490D484FF481
:109410003C730D4A11F06FF84FF43C710A4811F09B
:1094200061F8D2F8B4401968A34200F1440008BFC3
:10943000C2F8B4108342C2F8B010E6D110BD00BF2C
:10944000155F040057230400E45E04000346012175
:10945000014A024811F06DBA2F5F040020FE03009C
:1094600080B500AF88B06A46074BCDE905300323CD
:1094700042F8103F00234FF4C2510448F8F7DAFADB
:109480006FF00B00BD4680BD575F040020FE030057
:1094900008B5064A136823B90548506018460A60A3
:1094A00008BDFFF7DDFF6FF00B00F9E79CF000202F
:1094B000D409040070B5044652EA030007D1002223
:1094C00013462046BDE870400431FEF779BF0E48D0
:1094D000007870B90D4940F246330D4A0D4811F03D
:1094E0000AF80D4811F007F840F24631084810F02C
:1094F000F9FFFAF771FB094D094ED5F8885030583D
:109500008542DED1DBE700BF46020120812D040049
:10951000562D040057230400942D04005879002090
:109520000800000073B5054618462B680BB35B7B3B
:10953000072B1ED1002A0CBF012302230E7A9E4264
:1095400009DD01210C4A0D48009611F0FCF96FF07D
:10955000150002B070BDCB7A072BF8D9C8618A61BB
:1095600005F1300014F022F8284612F0DEF8002051
:10957000EFE76FF07F00ECE77E5F040020FE030062
:109580002DE9F84F064688469146D0F8B04000AF26
:109590003CB1443C236B5BB92046FFF731FF646C60
:1095A000F6E7FCF7FFFA00263046BD46BDE8F88F27
:1095B00004F1300A504609F0E5FA05460028F0D0DB
:1095C000737B072B0BD0384940F2D633374A3848E3
:1095D00010F091FF40F2D631344810F083FF11F0C3
:1095E0005FFC80B16C4688B06A46324BCDE90535E8
:1095F000032342F8103F00234FF4C2512E48F8F7DE
:1096000019FAA546CFE72846FBF736F8A56C0646BB
:109610009DB9A38C058A403B9BB23F2B03D8238D79
:109620009D4228BF1D46042106F10C00FBF71EF9E0
:109630000580A38C04354380A56445452AD8B6F837
:1096400010B0AB4512D100220023504609F02CFA8D
:10965000864209D019494FF48163144A144810F026
:109660004AFF4FF48161B7E7FAF7B8FFA38CA3F183
:1096700040023F2A06D8AB451ABF00221346104AC3
:10968000F361B2612046FFF7BBFE236B13B12046A6
:1096900012F04BF8A36C98452CBF0021A3EB0801F6
:1096A000C9F80030A1647FE79E5F0400E45E040017
:1096B00057230400BF5F040020FE0300D75F0400AF
:1096C0009BB803002DE9F34104464FF000083D4DDF
:1096D0003D4FBD4271D93D494FF4D3733C4A3D489B
:1096E00010F009FF3C4810F006FF4FF4D37110E072
:1096F00029884B1E3E2B0FD940F2A913344A374913
:10970000344810F0F8FE2988354810F0F4FE40F295
:10971000A9112F4810F0E6FE204612F0B5F80646D3
:10972000019068B140F2AD13294A2E49294810F042
:10973000E2FE29882C4810F0DEFE40F2AD11E8E789
:1097400020466B6801A99847002831DB019B2A88D5
:109750009A829A8403F11002D2E8EF1FC2E8E06F08
:109760000028F9D15E649E649E60A16B03F108023B
:1097700001BBC4E90D221C60C3F80C8003F130006A
:1097800013F00BFF019843681B6803B19847019BD6
:109790001033D3E8EF1F41F00101C3E8E21F002AB4
:1097A000F7D101984368DB6913B100F110019847C4
:1097B00008358EE70A60A263DDE799D302B0BDE801
:1097C000F08100BF50FC030068FC030080600400CF
:1097D000E45E040057230400D7350400E75F04006B
:1097E00016600400416004005560040073B50D4626
:1097F0000646042105F10C00FBF776F82B8A428817
:1098000004469A4207D000921C4A01211C4811F0DC
:109810009AF802B070BD43783BB90121194A184843
:1098200002B0BDE8704011F07BB80378012BF0D096
:10983000132B06D1022AECD0022300931346124ABE
:10984000E3E70221114A0E4811F073F86178022211
:109850000120356811F0FEFF04460028D9D002210E
:109860000C30FAF7C9FF00232146037043702846E5
:1098700002B0BDE8704012F01DB800BFA760040040
:1098800020FE0300C8600400E960040014610400C5
:1098900008B50B8A032B06D80121044A044811F0AD
:1098A0003FF8002008BDFFF7A1FFFAE73C61040084
:1098B00020FE030038B50B8A0546032B0C4609D859
:1098C00001210F4A0F4811F02BF82046BDE838401F
:1098D000FAF784BE042104F10C00FBF705F8418877
:1098E000284611F0F8FF30B9074A0B460548022117
:1098F00011F01FF8E9E7436821465B699847E4E700
:109900005A61040020FE03007761040070B5134A19
:109910000C4613780646013313F0FF010ABF0123FA
:109920000B46194613701220082211F093FF0546CA
:1099300088B108210C30FAF75FFF2288294602809F
:1099400062884280A2888280E288C2803046BDE878
:10995000704011F0AFBF6FF00B0070BD41FD0020F3
:1099600023281FD81A2804D8431E182B0ED90620E6
:109970007047A0F11B03082B1ED8DFE803F0051D7C
:109980001B231D19251D05000320704701230F4AC5
:1099900083401A40C2B90E4A1A40002A0CBF062062
:1099A0000120704700F07F03522B05D10020704743
:1099B000012070470520704710F0400F14BF0020B1
:1099C000062070470420704702207047AAAA8A0226
:1099D0005455450138B50446EFF31185402383F310
:1099E0001288BFF36F8F24480BF0E6FC68B984231C
:1099F000224A2349234810F07EFD1F49224810F0D7
:109A00007AFD84211D4810F06DFD1B480BF0F8FC19
:109A1000002323601D4B5A689AB9C3E900441648D5
:109A20000BF0D8FC80B94FF49973144A18491548C3
:109A300010F061FD1049174810F05DFD4FF4997169
:109A4000E0E714605C60EAE785F31188BFF36F8F8D
:109A5000114809F021FD031E0CDA01210F4A1048BC
:109A600010F067FF002383F31188BFF36F8F032388
:109A7000184602DF38BD00BFF0F00020703304004C
:109A80009D33040057230400B2330400E8F00020A3
:109A9000C8330400DF330400EC160020B361040077
:109AA000C8FD0300094B011F9A680948914204BF91
:109AB00000229A601A6A914204BF00221A629A6BCD
:109AC000914204BF00229A6308F0A4BAF4F0002087
:109AD0007818002008B50B4B1B7873B90A4940F27F
:109AE00046330A4A0A4810F006FD0A4810F003FD02
:109AF00040F24631054810F0F5FCFAF76DF8064BD8
:109B0000185808BD46020120812D0400562D04007E
:109B100057230400942D04000800000010B50446EB
:109B2000807AFAF777FB0B4B83420BD00A490B483C
:109B30004FF4B5730A4A10F0DEFC4FF4B5710848D3
:109B400010F0D0FC2046FAF76DFB1822054B02FB03
:109B5000003010BD501A00200B620400572304008F
:109B6000DC610400F4F000202DE9F84F07460846B8
:109B70000C46FFF7D3FFE3680646D0F8089007F1DC
:109B80005002D2E8AF2FD20709D40121294A2A482E
:109B900011F0CDFE6FF015052846BDE8F88F228A3A
:109BA0005AB9264926484FF4DA73264A10F0A3FC26
:109BB0004FF4DA71234810F095FCE26812780271D4
:109BC000002202601B78D22B0FD13B682146186817
:109BD00012F096FE054640B101211B4A164811F0CD
:109BE000A6FE2046FAF7FAFCD6E70023D4F80C804C
:109BF000D4F814B0B4F810A01A462146B760381D46
:109C0000FFF790FC05460028C6D010F1690F04D17B
:109C100001210E4A084811F08AFE6369A8EB0B087F
:109C200013FA88F3E360A4F810A0C6F80890356032
:109C3000B2E700BF37620400C8FD030051620400B0
:109C400057230400DC610400776204008A62040088
:109C50000121024A024811F06ABE00BFAD62040051
:109C6000C8FD030010B5044600F14C03D3E8EF1F14
:109C700041F00101C3E8E21F002AF7D1201F11F0D3
:109C8000EDFE04F16C00044909F014FE2068BDE803
:109C9000104002F087BA00BF6DAF020073B50E46E8
:109CA000438D418B01328B4228BF0B469A420546B9
:109CB00009D9022100921A481A4A10F044FE0024E1
:109CC000204602B070BD3046FFF74AFE6FF0140325
:109CD000034113F001030ED0FFF7FCFE124BD3F843
:109CE0008830834219D0114B1B681A1A18BF4FF0E5
:109CF000FF32134600E00E4A00210E48FFF7DAFB60
:109D000004460028DCD0FFF709FF0121856004F13B
:109D10000C00FAF771FD0670D2E70022E9E700BFF8
:109D2000C8FD0300CA620400587900203CF10020FD
:109D30001C4E0E00501A0020F0B51E4603680D465A
:109D40000039044618BF012187B01868174612F081
:109D500005FC38B904F1500011F025FF002848D166
:109D6000122014E0002E46D018220021684615F07B
:109D700092F977B1002213212046FFF78FFF01905F
:109D800038B91E4801211E4A11F0D1FD112007B03B
:109D9000F0BD236831461B6830460093BDF8303073
:109DA000184AADF812300D9B8DF808500393BDF89A
:109DB0003830ADF8103001238DF814306B4611F0B7
:109DC000CEFE9DF814307BB14FB10198FAF706FC36
:109DD0003246294620469DF8143011F0EFFE182D2A
:109DE00007D19DF81400D2E7019911B1204611F076
:109DF000A8FE0020CBE70120C9E700BFC8FD030093
:109E0000EF62040033B90300F7B5144605460E4669
:109E10004FF495720146206812F02EFB207430B981
:109E20002946206812F0DAFB20B9082323740020A9
:109E300003B0F0BD6B8A5B0612D501230193E38961
:109E400029460093AF68A389A2682068B84738B153
:109E500010F1FF0F32BF0E204042C0B22074E6E77F
:109E600000220023094810F025FF606008B909238B
:109E7000DCE70683E38943836068A289A1680C302C
:109E800010F029FF002301202374D1E72C1B0020B0
:109E90002DE9F3410B8A04460D4643B90121294AB5
:109EA000294811F044FD002002B0BDE8F0810768A8
:109EB000012105F10C00FAF717FD7B7B0646072B05
:109EC000F1D154F8043C002BEDD0002203781F4F51
:109ED000043C17F832004FEAC208984207EBC2016F
:109EE00014D12A8A4878904226D901210093164835
:109EF0001346174A10F027FD04234744BA78012A75
:109F0000D1D1002BCFD00022317811E001320E2ABE
:109F1000DFD1104A02210C4810F00BFD31780846C1
:109F2000FFF71EFD2122C24012F00102BBD1062321
:109F3000204611F043FEB6E74B6820462946984775
:109F40000346DAE708630400C8FD0300FC090400C7
:109F50003D63040023630400F8B5104A074600235C
:109F60000F480D4610F0A6FE044638B901212B46D5
:109F70000C4A0D4810F0DDFC2046F8BD00F10C063F
:109F800009213046FAF716FC2046FFF7C7FD0121EC
:109F900087603046FAF730FC0570EDE71C4E0E0086
:109FA000501A00202F5F0400C8FD03002DE9F04F78
:109FB00006460025CB6887B01B78504F0493306865
:109FC000036A73B9002D40F08E8019213046FFF7E7
:109FD000C3FF0146002800F08E80304611F0B1FD2D
:109FE00081E02030FAF79EFA4FF00003BB80BB6897
:109FF000B0F818A0028AC168044640483B6010F0DF
:10A000006AFED6F80080D8F8205035B14FF0000B2A
:10A01000638BD5F800900593D5B9049B012B68D1CB
:10A02000BB88002202933B6818210193638B304662
:10A0300000935346FFF780FE054628B103461821DA
:10A040003046228B11F0BAFD2046FAF7C7FAB6E780
:10A050002A8B524532D16A8B002ADED0B988059B03
:10A06000581882422ED12A8AF888114481423EDC57
:10A070003846E96810F02FFE2A68BBF1000F14D1B2
:10A08000D8F82410C8F820208D4201D1C8F8242027
:10A09000002328462B60FAF7A1FAB9F1000F0FD080
:10A0A000D9F800204D469146B6E7CBF80020D8F805
:10A0B0002420954208BFC8F824B0E9E7AB46ECE796
:10A0C0004A46EFE707252046FAF788FA306820303D
:10A0D000FAF728FA04460028F5D12B4652461821F3
:10A0E000304611F06BFD002007B0BDE8F08F0D2564
:10A0F000E9E70025A8E70E20F6E700BFB816002024
:10A100002DE9F0410E8A0446043EF6B2022E0846BE
:10A110008CB001D0102E64D104210C30FAF7E4FB8E
:10A120000DF1080805884788011D3246404610F0A9
:10A1300062FE002857D0A5B300268FB3AF4230D3BC
:10A140004FF42053404601A98DF80460ADF8063065
:10A1500010F024FE48BB1422002107A814F09BFF36
:10A1600011212046FFF7F8FE0990002837D0012181
:10A170000C30CDE90748FAF73FFB00230A90394637
:10A1800003701A4A0B93284607AB11F0E8FCDDE98F
:10A1900009131B78FBB90846FAF720FA0A2301E0F5
:10A1A0003D4601232A4610210EE042F601034046B7
:10A1B00007A98DF81C60ADF81E3010F0EFFD0028E7
:10A1C000C9D010232A461946204611F0F7FC00207A
:10A1D0000CB0BDE8F081204611F0B3FCF7E7112088
:10A1E000F6E70420F4E70E20F2E700BF21A8020002
:10A1F0002DE9FF41036804460D461868012112F05D
:10A20000ADF940B904F1500011F0CDFCA0BB122013
:10A2100004B0BDE8F08110220021684614F03BFF35
:10A2200021212046FFF798FE029038B34FF0010835
:10A23000009405F10C072B8A012B04D820460299C3
:10A2400011F07FFC18E0384610F070FD6B460146B7
:10A250000B4A06468DF80C8011F081FC9DF80C30FD
:10A26000002BE8D00298FAF7B9F9324620212046AF
:10A270009DF80C3011F0A2FC0020C9E71120C7E7BF
:10A2800015BE03002DE9FF41036804460D4618681A
:10A29000012112F063F940B904F1500011F083FC80
:10A2A000A0BB122004B0BDE8F08110220021684656
:10A2B00014F0F1FE0F212046FFF74EFE029038B356
:10A2C0004FF00108009405F10C072B8A012B04D8EC
:10A2D0002046029911F035FC18E0384610F026FDB2
:10A2E0006B4601460B4A06468DF80C8011F037FC90
:10A2F0009DF80C30002BE8D00298FAF76FF932463F
:10A300000E2120469DF80C3011F058FC0020C9E7C2
:10A310001120C7E799BE0300F0B51D460368044647
:10A320000E4685B001211868174612F017F938B9A2
:10A3300004F1500011F037FC50BB122005B0F0BD05
:10A3400065B310220021684614F0A5FE3946204668
:10A35000FFF702FE029018B3BDF828302946ADF889
:10A360000430012328468DF80C300E4A6B460094C9
:10A3700011F0F5FB9DF80C3002995BB10846FAF735
:10A380002DF92A46314620469DF80C3011F016FC76
:10A390000020D3E7204611F0D4FBF9E70120CDE7F8
:10A3A0001120CBE799BE03002DE9F0410E8A044647
:10A3B000043EF6B2022E08468CB001D0102E76D1A3
:10A3C00004210C30FAF790FA0DF10408058847884B
:10A3D000011D3246404610F00EFD002869D085B3BD
:10A3E00077B3BD422DD80121606812F0B7F8064658
:10A3F00078BB42F602038DF8000069464046ADF88E
:10A40000023010F0CBFC20B342F60303404606A90D
:10A410008DF81860ADF81A3010F0C0FCC8B1012DED
:10A4200003D14FF6FF739F4213D004F1500011F097
:10A43000BAFB002814BF002012200CB0BDE8F08148
:10A440003D4601232A460821204611F0B7FB002093
:10A45000F3E7182200210DEB020014F01CFE092185
:10A460002046FFF779FD0890F8B101210C30CDE9C5
:10A470000648FAF7C1F90023099003700A23394608
:10A480008DF82C30284606AB0B4A11F068FB9DF87E
:10A490002C3008992BB10846FAF7A0F89DF82C301B
:10A4A000D0E7204611F04DFBD1E71120C5E704208D
:10A4B000C3E70E20C1E700BFD9A802002DE9F04391
:10A4C0000F460446062187B007F10C00FAF70CFA94
:10A4D0000588EDB1B0F80280B8F1000F17D04545FE
:10A4E00016D8002382888DF800308DF804304FF4A0
:10A4F0002053684601A9D7F80C90ADF80220ADF8BA
:10A50000063010F04BFC064660B10A2301E04546D8
:10A5100001232A460621204611F050FB002007B0F7
:10A52000BDE8F0830146142201A83F7C14F0B3FD7E
:10A5300007212046FFF710FD0290D8B10A234146BB
:10A540008DF81530284601AB0B4ACDE9036901941B
:10A550008DF8147011F003FB9DF8153002992BB1A2
:10A560000846FAF73BF89DF81530D2E7204611F07F
:10A57000E8FAD3E71120D2E7C5A602007FB5CB6881
:10A5800004461D888DB15E8876B1B5420DD8102283
:10A590000021684614F07FFD05212046FFF7DCFC12
:10A5A000019058B9112007E0354601232A460421BD
:10A5B000204611F003FB002004B070BD6B4631460D
:10A5C0002846084A009411F0CAFADDE9011323B9BC
:10A5D0000846FAF703F80A23E8E7204611F0B1FA33
:10A5E000E9E700BFA5B903002DE9F0470D46044691
:10A5F000042186B005F10C00FAF776F92368B0F86B
:10A600000090B0F8028001211868EF682E8A1FFAC6
:10A6100089FA11F0A3FF40B904F1500011F0C3FA18
:10A6200028BB122006B0BDE8F087BAF1000F43D076
:10A630001422002101A814F02EFD236851461B6846
:10A640005046019301231E4A8DF81430F6B201AB37
:10A65000ADF812800397ADF8106011F080FA9DF804
:10A66000143033B152461621204611F0A7FA0020CB
:10A67000D8E7206802992030F9F7EAFE1721204632
:10A68000FFF76AFC0290C8B104210C30FAF7B4F865
:10A690000546A0F80090A0F80280029831460C30E0
:10A6A000FAF7AAF839463246281D14F0CEFC2046A7
:10A6B000029911F046FADAE70120B3E71120B1E779
:10A6C000099E02002DE9F04342F60103002591B0F6
:10A6D000D2F8008006460F4600680BA9D8F804900F
:10A6E00014468DF82C50ADF82E3010F057FB002892
:10A6F0006DD04FF4205330680BA98DF82C50ADF875
:10A700002E3010F04BFB38B1A3681BB15A88BA4207
:10A7100000D25F80012010E06168084611F0EFF878
:10A72000B8F82A20B8F81A309A4294BFC0EB020059
:10A73000C0EB0300032803D8002011B0BDE8F0836C
:10A740000846F9F7CDFF05466168084611F0D7F8CD
:10A750006B8A2A8AA3EB020C6B69EA68D21AACEB0B
:10A760000203B8F82AC0B8F81A20944594BFC0EB89
:10A770000C00C0EB0200834228BF03466BB9887A05
:10A78000F9F748FD0022002310F094FA054600284E
:10A79000D2D001466068F9F7E9FF00230093314603
:10A7A000D6F804801023484602AAC047061E0EDBD6
:10A7B000227CE068964227D001460BA810F01BFBD4
:10A7C00040B9237C134A0221134810F0B2F8002349
:10A7D000A3609FE7F2B202A906A810F00CFB10B923
:10A7E0000E4A3346EFE706A90BA810F0D7FA002867
:10A7F000EDD100230421637405F10C00F9F7FCFF8F
:10A80000A0600780A36884E7324602A914F052FCD6
:10A81000EDE700BF5C630400C8FD03007B63040038
:10A820002DE9FF414FF000084FF4205305460E4636
:10A83000006802A9144617688DF80880ADF80A3040
:10A8400010F0ACFAA0B142F60103286803A98DF814
:10A850000C80ADF80E3010F0A1FA48B123691BB19D
:10A860005A88B24200D25E80012004B0BDE8F08177
:10A870006168286810F092FA10B100232361F3E7B1
:10A88000E368A0681A786AB1B7F81AC0798D038AAC
:10A890008C4594BFC3EB0C03C3EB0103934201DA75
:10A8A0000020E2E704210C30F9F7A6FF20610680C2
:10A8B000236929465E80074B0194009338460023A4
:10A8C000A26811F01EFA0028EADB2069003818BFE0
:10A8D0000120CAE7C5BA03002DE9F347176805460A
:10A8E0008946006851681446D7F804A010F056FA5B
:10A8F000804600284BD195222946504611F0BCFDD8
:10A900000646207540B1E3681B780BB184F81480CB
:10A91000002002B0BDE8F0872946504611F05CFEE9
:10A9200010B908232375F3E7A0682675F9F7D8FE58
:10A9300002210C30F9F760FF164B2061A0F800905F
:10A9400000930194334629463846A26811F0D9F99C
:10A95000002807DA10F1FF0F32BF0E204042C0B2CC
:10A960002075D5E72369002BD2D0A06810F0C7FF6F
:10A970007B8D7A8B9A4294BFC0EB0200C0EB030040
:10A98000E3681B78984294BF00200120C1E70120B2
:10A99000BFE700BF0FB903002DE9F04182B000AF5F
:10A9A000044688460022002339463B4807F0A6FAB1
:10A9B0000546B0B16D4688B06A46384BCDE90534DE
:10A9C000032342F8103F00234FF4C2513448F7F7F5
:10A9D00031F8AD466FF00B0630460837BD46BDE88E
:10A9E000F081FFF777F82F4B30221860294638683E
:10A9F00014F051FB3B6800221C603C680023C4E952
:10AA00000155C4E90A552848391D7D6007F076FADA
:10AA1000064688B123686C4688B06A462349CDE96A
:10AA20000513032342F8103F4FF4C4512B461C4832
:10AA3000F7F700F8A546CDE70146A822786814F09C
:10AA40002AFB78681A4B8360583012F0A6FD7B68A9
:10AA50005033D3E8EF2FC3E8E16F0029F9D17B68C9
:10AA60001C60A36A7D682BB904F10C0012F095FDFF
:10AA7000C4E90866A26A05F1A003C5F8A020E26A4D
:10AA8000A36202B9E36217227B685A855A830433B2
:10AA9000C8F80030A0E700BF581800209A630400EF
:10AAA000C8FD03003CF1002078180020BF630400BB
:10AAB000C416002008B5437B072B06D002210C4AA0
:10AAC0000C4810F034FF002008BD042110F003FFF3
:10AAD00010B9094A0121F3E700F14C03D3E8AF3F75
:10AAE000DB0701D4054AF5E750F8040CECE700BF9A
:10AAF000E4630400C8FD0300F2630400376204004D
:10AB00002DE9F04F85B000AFB860EFF31188402316
:10AB100083F31288BFF36F8F6D480AF04DFC68B95C
:10AB200084236C4A6C496D480FF0E5FC68496C4819
:10AB30000FF0E1FC842167480FF0D4FC694D6448B4
:10AB40000AF05EFC284610F0D0FE044660482E68ED
:10AB50000AF040FC68B94FF499735E4A62495F4855
:10AB60000FF0C9FC5A4961480FF0C5FC4FF49971C8
:10AB7000E1E788F31188BFF36F8F002C5CD020468B
:10AB8000FEF7CCFF03690021D0E902581822FB60D0
:10AB9000D0F800A090F80490B0F806B014F07BFA5A
:10ABA000A07AF9F737FB6169034659B1627AD00799
:10ABB00006D45A6A204612687B60926890477B6888
:10ABC000002262612146184612F0FBFCB9F1000F29
:10ABD0000DD065B12B6853B11B6843B1BAF1000FBA
:10ABE0002ED001215346424A42480FF0A2FE1EB326
:10ABF0000020B96812F050FD00281DDA6C468AB0BA
:10AC00006A463D4B05933D4BCDE906304FF400734A
:10AC1000ADF820303A4B42F8103F00234FF4115169
:10AC20003448F6F707FF0023A54683F31188BFF3E6
:10AC30006F8F0323184602DF1437BD46BDE8F08F3F
:10AC4000281D11F059F94846FEF78AFE012101FA44
:10AC500000F010F01404CAD110F0090F05F15003F0
:10AC600015D110F0220F23D0D3E8AF3FDA0704D478
:10AC7000244A204810F05BFEB9E76B6D002BB6D07C
:10AC80000023214A05F1700008F04CFFAFE72A6865
:10AC90001568D3E8AF3FDB07EAD5B8F1000FA6D0BF
:10ACA000A3B29B45A3D92846F968C0470134F7E70A
:10ACB00040F21633154A164908480FF01CFC0621CD
:10ACC00014480FF018FC40F21631104834E700BF6A
:10ACD000F0F00020703304009D330400572304007B
:10ACE000B2330400E8F00020C8330400DF3304006E
:10ACF0000D640400C8FD030045640400008E0400D8
:10AD000004000001376204001C4E0E00DC610400E8
:10AD1000F57C04002C640400F8B50F461646FFF7D6
:10AD2000C9FEB0B1846A20461CB150F8A04904B1F4
:10AD3000A03C731C194638B1428B458DAA4228BFEE
:10AD40002A469A4207D264B902210A4A0A480FF0F9
:10AD5000F0FD0020F8BD32463946BDE8F840FEF768
:10AD60009DBFD4F8A05005B1A03D20460B462C460F
:10AD7000E2E700BF60640400C8FD0300002337B5AC
:10AD8000054601930C46FEF7A5FE0E4B1B68834259
:10AD900004D00D4BD3F88830834201D100252C46D6
:10ADA00001A92A462346094807F0A8F8014630B908
:10ADB0001C22019814F06FF9019803B030BD0020F7
:10ADC000FBE700BF3CF1002058790020B8180020B4
:10ADD00010B50446806818B1F9F700FC0023A360A1
:10ADE0002146BDE81040014807F014B9B81800200A
:10ADF0002DE9F743044670300F4690461E4608F092
:10AE000097FE606D50B90221144A154810F08FFD6D
:10AE1000204603B0BDE8F04300F090B8114B9842D3
:10AE20004FF0000317D045684360606DD0F818906C
:10AE3000FFF7CEFF00232068636511F08EF83DB167
:10AE40002068CDF8009043463A4631460068A8474E
:10AE500003B0BDE8F0831D46ECE700BF7B6404004F
:10AE6000C8FD030040F10020F7B550F8044C05463A
:10AE7000002C5FD000F19C0104F1280010F07AFE54
:10AE80002E1F05F1540700220023384607F00CFE60
:10AE9000024690BB2B6D2BB101466FF06703304625
:10AEA000FFF7A6FF002345F8043C05F14C03D3E867
:10AEB000EF1F21F00101C3E8E21F002AF7D1A36AC6
:10AEC000002B37D104F120063046F9F72BFBB8B937
:10AED00004F10C0600220023304607F0E5FD90B98E
:10AEE00066689EB921461448266007F093F82868E2
:10AEF00003B0BDE8F04001F0AFB9F9F76FFBC2E76E
:10AF0000F9F76CFBE0E7F9F769FBE3E7A268336860
:10AF10009642636008BFA36077683FB1B3696FF082
:10AF200067010093002320681A46B8473046FFF7B0
:10AF30004FFFD5E703B0F0BD5818002010B5044608
:10AF40000430FFF791FF13216068FDF791FA034683
:10AF500030B1BDE810400121024A03480FF0E9BCBE
:10AF600010BD00BF92640400C8FD0300F0B589B0B5
:10AF7000044654F8703D00AF38461968FDF7A8FE46
:10AF80006E4688B06A460B4BCDE905374FF4007327
:10AF9000ADF81C30084B42F8103F00234FF4E2514B
:10AFA0000648F6F747FD2046B546FFF7C7FF2437AA
:10AFB000BD46F0BDB064040003000001C8FD0300FD
:10AFC00070B550F8043C0446061F002B3BD039B145
:10AFD000036D002B37D01B7CDA0734D505231CE02A
:10AFE0000568284601F024F96B7A012B2BD0246DDB
:10AFF0004CB3237CDB0726D5E368002BEED030462C
:10B000006269617CFEF74AFE054668B9637C0121EE
:10B010000D4A0E480FF08DFC0E2300223046BDE88D
:10B0200070401146FFF7E4BEE368D4E90512984783
:10B0300018B12846F9F7D2FAEEE729463046FEF76E
:10B0400093FD0028F5D170BDDC640400C8FD030049
:10B0500070B50D4658B9224940F6D673214A2248A8
:10B060000FF049FA40F6D6711E480FF03BFA49B985
:10B070001E4940F6D7731B4A1B480FF03CFA40F6B6
:10B08000D771F1E7FFF716FD044628B92846F9F70E
:10B09000A5FA6FF07F0070BD00F10C06294630461E
:10B0A00012F084FAA46AC4B154F8A05905B1A03DC5
:10B0B0000022104607E022467DB1D5F8A03003B14A
:10B0C000A03B2C461D46831C01D1002AF4D13146F9
:10B0D000204610F0BFFD0028EDD10020DBE700BFC7
:10B0E000175D0400DC61040057230400DD4C0400FC
:10B0F00038B50C46054658B9184940F6EB73184A5E
:10B1000018480FF0F8F940F6EB7115480FF0EAF91E
:10B1100049B9154940F6EC73114A12480FF0EBF9A2
:10B1200040F6EC71F1E709F083FB2846FFF7C2FC1B
:10B1300020B909F0EFFB6FF07F0038BD00232360DA
:10B1400083683BB9C0E9014410F007FF09F0E2FB56
:10B150000020F2E71C608460F6E700BF175D040082
:10B16000DC61040057230400FC64040008B512F0FD
:10B17000AFFD38B101210346034A04480FF0D9FB63
:10B180006FF0040008BD00BF0765040000FE030067
:10B1900038B5054648B1154B1A4613F8011C5C1E1C
:10B1A00010F079FA58B1204606E011490F4810F026
:10B1B000EEFF78B10D4B581E38BD0020FCE7284645
:10B1C000217C04F1110210F066FA0028F5D004F198
:10B1D0001000F1E7054B064903F1100010F0D7FF0E
:10B1E0000028EAD0014B03F10F00E5E775F10020DC
:10B1F0004F8D040070B50E4C054623780E468342F1
:10B2000003D1601C10F0C3FF68B9237BAB420CD1A3
:10B210003146084810F0BBFF20B10120404200F049
:10B220000C00204470BD0020F8E70020FAE700BFC2
:10B230003EF700204BF7002070B54A1C0C4605462F
:10B2400088B910460D4910F0A2FFA8B904F10A060A
:10B2500004F10B025DB12846A17A10F01CFA00B986
:10B260000026304670BD097810F015FAEDE710465B
:10B27000024910F08CFFF2E72646F2E74F8D0400FA
:10B28000024608B50749013010F097FF00230C3241
:10B2900002F8043CD2E8EF1FC2E8E03F0028F9D1F1
:10B2A00008BD00BF4F8D04002DE9F04180460F46D8
:10B2B00016461D46FFF79EFF044680B91249FFF768
:10B2C00099FF044630B9BDE8F04101210F4A10480A
:10B2D0000FF026BB394600F8018B10F06EFF238972
:10B2E0002BB962892AB926816581BDE8F0819E4229
:10B2F00004D36289AA42F8D29E42F5D2638926819C
:10B30000AB42F2D2F0E700BF4F8D04001D65040090
:10B3100000FE03002DE9F047284B164682680746D9
:10B320009A422BD1C568AB8A43B34FF000086C1C1E
:10B3300005F11509B4F807309BB12246304614F8E0
:10B34000011C10F0A8F9E0B9214614F8010CFDF732
:10B3500047FC30B1437B072B08BF48F00108FCF7DE
:10B360005DFE0A344C45E5D1B8F1000F06D1AB695A
:10B37000A5F8148013B14146384698470120BDE82E
:10B38000F08706F1700A5146307A0FF01BFE78B94B
:10B390000B4B9D4202D1304610F0A7FF20460949D1
:10B3A00010F00BFF002304F8013CA4F80730D8E7A5
:10B3B0005146204610F001FFD3E700BFC9B3020099
:10B3C000141700204F8D04002DE9F8431E46BDF8E8
:10B3D000203081460F46D1F80C80002B45D1731EDA
:10B3E000012B45D8012E41460CBF15781588FFF773
:10B3F00023FF0446C0B915B93046BDE8F88341467D
:10B40000FFF71AFF044638B91B4802211B4A0FF008
:10B4100087FA6FF01000F0E709F17001013010F0C9
:10B42000CCFE99F808302370D8F81C308BB92581F0
:10B43000B8F81430AB4203D04146384610F0C4FE91
:10B44000002DD9D10E49601C10F0B7FE2570258162
:10B45000D2E72A463946484698470028CDDB0138CE
:10B460000128E4D96FF00D00C7E76FF00600C4E7CC
:10B470006FF00C00C1E700BF00FE03003C65040054
:10B480004F8D04002DE9F0419846BDF8183006466E
:10B49000012B174635D84344012B454634DCFFF7D2
:10B4A00077FE044668B9FFF773FE044648B90221E7
:10B4B000184A19480FF034FA6FF010052846BDE815
:10B4C000F081B8F1000F11D00023217A21FA03F2A4
:10B4D000D00703D53A78DA40D20718D50133032BC9
:10B4E000F4D13B7803F0070319432172601C06F185
:10B4F000700110F062FE337A2046237010F01BFFBB
:10B50000DCE76FF00605D9E76FF00C05D6E76FF0C2
:10B510001205D3E75665040000FE030010B504468B
:10B520001149D1E8EF3F23F00203C1E8E23F002ACE
:10B53000F7D1084610F033FEC20705D500220023DC
:10B54000A1F1300008F0EEFA204610F07EFD50B177
:10B550002046FFF71DFE30B1037ADB0703D5BDE8B7
:10B56000104010F0E8BE10BDA8450020012110B524
:10B570001D4810F017FEC30735D402211A4810F0F9
:10B5800011FE08401FD11949194A0B88194CA242D3
:10B5900016D900B10B80184940F26B53174A18486E
:10B5A0000EF0A9FF17480EF0A6FF40F26B511348AA
:10B5B0000EF098FF5068083203449BB20120E6E782
:10B5C000F8D300B10B801049104808F073F940F22D
:10B5D000391200230D48F9F7A7FABDE810400C49CD
:10B5E0000C4808F067B910BD94F1002056F7002010
:10B5F000A8FD0300C0FD0300B965040082650400D6
:10B6000057230400D7350400F1B802000845002094
:10B6100089BD02007845002000234360044B021DD1
:10B62000596811B9C3E9002270470A605A6070472F
:10B6300098F1002003462DE9F04198B3008A88BBB9
:10B6400001244FF0140C1949DFF864E0714528D942
:10B65000184940F2E763184A18480EF04CFF1848A2
:10B660000EF049FF40F2E76113480EF03BFFD1E9CD
:10B670000076BB4204D30CFB0672143A93420ED9F7
:10B680003444A2B214460831E0E70CFB0578434588
:10B690000AD001356219B54292B2F6D1F2E700251F
:10B6A000F8E7E4D3BDE8F0811046FBE7A8FD03000E
:10B6B000C0FD0300B2650400826504005723040046
:10B6C000D73504002DE9F74F99464FF6FF73BDF8C3
:10B6D00030500746002D08BF1D462B4B90461B8857
:10B6E0000091834232D203B0BDE8F08F40468958C2
:10B6F00001930FF053FB019B90B101340AF1010A51
:10B70000A4B2736853452CD9009B9C42EBD8BC4231
:10B71000F3D30BFB0AF231688B18B8F1000FE5D1B7
:10B72000B9F1000F0BD1013D1846ADB221460E9A7A
:10B730000D9B9847002DD6D00028DED1D3E7DA68DC
:10B740009145DAD1EFE74FF0000ADAE701244FF034
:10B75000140B0E4E06E0C6D273682344BB42F2D2ED
:10B760009CB208360A4B9E42F5D90A4940F2AF73A3
:10B77000094A0A480EF0BFFE09480EF0BCFE40F22E
:10B78000AF7105480EF0AEFE56F70020A8FD03008D
:10B79000C0FD0300B2650400826504005723040065
:10B7A000D735040030B5F1B010220021684613F0FF
:10B7B00072FC1822002105A813F06DFC4FF4105301
:10B7C000ADF8103080231022ADF812304FF48063B2
:10B7D000244C6946CDE906340DEB02006EAB0AF04D
:10B7E000ABFF0BAD034630B11F4A01211F480FF0DC
:10B7F000A0F871B030BD01464FF4C672284613F070
:10B800004AFC22462846D5F88C1112F05EFA03460F
:10B8100008B1174AE9E72B464FF6FF710120154A98
:10B8200010F008FE10222846134904AB12F062FA09
:10B830000446D5F88C010AF039FF14B10F4A2346AB
:10B84000D3E721460C4B03F11002187812F8014D92
:10B850000131082903F8014B1070F6D1084810F0A7
:10B86000A1FCC6E70002C003E165040000FE03007E
:10B870000A660400E3C00300F844002028660400C0
:10B88000A84500202DE9F04116490446A1F13000F9
:10B8900015461E46BDF8187008F0A6F9124810F0BB
:10B8A0007EFC010701D4FFF77DFF2046FFF770FC07
:10B8B00068B1037ADA070AD500F10C04204610F0CB
:10B8C0006EFCC30703D40221204610F06BFC10234A
:10B8D0003A46069331462846BDE8F041034B10F046
:10B8E00097BC00BF38450020A8450020F844002040
:10B8F00008B5054810F053FC030703D4BDE8084021
:10B90000FFF750BF08BD00BFA8450020002307B5C2
:10B910000193FFF78FFE411C89B20846034A01AB31
:10B9200010F088FD019803B05DF804FBA7C0030088
:10B93000002370B586B006460C4615460593FFF702
:10B9400079FEA0B14FF6FF7124B103198B42A8BF55
:10B950000B4699B205AB0293074B2A46019301238C
:10B9600000930023FFF7AEFE059806B070BD002ED1
:10B97000FBD14FF6FF71EDE7A7C003002DE9F043BF
:10B9800087B00C461546804602AF70B9744940F640
:10B990003A53744A74480EF0AEFD74480EF0ABFD95
:10B9A00040F63A516F480EF09DFD61B9704940F67E
:10B9B0003B536C4A6C480EF09EFD6C480EF09BFDAC
:10B9C00040F63B51EEE7437B072B40F0C38000235A
:10B9D0003B7342F60303206807F10C01FB810FF073
:10B9E000DDF90646002843D1D4F80490B9F1000FE0
:10B9F00005D101215F4A60480EF092FFAAE00123C1
:10BA00002146009007F10802C847031E11DA6D466F
:10BA100088B002AAD36104235849C2E9051442F848
:10BA2000103F4FF4015133465348F6F703F8AD4643
:10BA300090E0012B05D00121514A4F480EF079FFCB
:10BA400088E03B7A13F0300F00F084802046FFF747
:10BA50005DFF044660B9464940F65953414A4248A1
:10BA60000EF049FD47480EF046FD40F6595199E762
:10BA7000002320683B7342F6021307F10C01FB819F
:10BA80000FF08CF988B12046FFF740FF044660B9FB
:10BA9000374940F65F53334A33480EF02CFD39489E
:10BAA0000EF029FD40F65F517CE7002642F60219B0
:10BAB000206839463E70A7F802900FF06FF918BB66
:10BAC000002320683B7342F6021307F10C01FB814F
:10BAD0000FF064F9064600283CD1D4F80490B9F17F
:10BAE000000F86D0022300902146404607F10C0249
:10BAF000C847031E8BDB022B9DD1BB8905EA0300DF
:10BB0000003818BF012026E042F603032068391DE3
:10BB10003E71FB800FF042F90028D1D04FF4205342
:10BB2000206807F108013E727B810FF037F9002889
:10BB3000C6D042F60103206807F10C013E73FB8179
:10BB40000FF02CF90028BBD02046FFF7DFFE04469B
:10BB50000028ADD100201437BD46BDE8F08300BFFA
:10BB6000175D040082650400572304003E6604004C
:10BB7000E83804005366040000FE03006766040012
:10BB80008D660400A66604002DE9F8431546894633
:10BB900094226968064610F06FFC8046002841D167
:10BBA000022230466968FFF7E9FE00283DD00021F7
:10BBB0001F48AF8AFFF7E2F80237044680B11D2123
:10BBC0001C4B47613A464174C0F80C804360856164
:10BBD0003046FFF7A1F8074638B92046FFF7F8F8D6
:10BBE0006FF00B052846BDE8F88301234246414625
:10BBF00010F04DFAA98A07F10C000231F8F7FCFDAC
:10BC000020F8029BAA8A296913F01FFA21463046C0
:10BC1000A760FFF76DFA05460028E3D02046FFF73E
:10BC2000D7F8DFE74FF0FF35DCE76FF01505D9E710
:10BC30001C4E0E00ADC0030030B505460C468BB05F
:10BC400071B9494940F6D733484A49480EF053FC88
:10BC500048480EF050FC40F6D73144480EF042FC04
:10BC60004B6873B90B6863B9434940F6D8333F4A10
:10BC70003F480EF040FC3F480EF03DFC40F6D83106
:10BC8000EBE73E4810F08BFA420767D515B16B7BA6
:10BC9000072B66D160680590FFF7CCFC2268ADF8F1
:10BCA0001800002A30D005A90291354900230191DE
:10BCB000012100914FF6FF710593FFF703FD059BEE
:10BCC0001BB96FF001000BB030BD6360059B04A988
:10BCD000186800238DF8103042F60303ADF81230D7
:10BCE0000FF05CF840B90598C3689B799B0608D5AE
:10BCF00010F059FBADF81800059810F0A6FB606035
:10BD000028B96FF01500DEE70028DFD1D9E7BDF8CC
:10BD100018003DB10123014622462846A375FFF7CE
:10BD200033FFD0E76FF07F0307930223ADF8203095
:10BD300042F60213ADF8123005ABA5750293114B14
:10BD40004FF6FF710193012304AA00932B46099437
:10BD50008DF81050FFF7B6FC0798B4E76FF00A00B3
:10BD6000B1E76FF07F00AEE7BC66040082650400B7
:10BD700057230400C3660400D9660400C0120020E3
:10BD8000DBC003008DC0020037B500F1300403466C
:10BD9000A0F12001204610F002FAC0F34002800713
:10BDA0000ED51A4940F2BA43194A1A480EF0A3FBBD
:10BDB00019480EF0A0FB40F2BA4115480EF092FB74
:10BDC00053F8080C0190D4E8EF0F20F00100C4E80C
:10BDD000E50F002DF7D1114823F8082C43F81C0C6F
:10BDE0000F4823F8062C43F8180C01A843F8100C50
:10BDF000042023F80C0C1046FFF71EFF18B902218F
:10BE0000204610F0CFF903B030BD00BFF666040045
:10BE1000826504005723040027670400BC0A04005D
:10BE20001DB502002DE9F84F90463D4B826805464E
:10BE30009A4200AF70D1D0F80C90D8F8004009F1C8
:10BE4000010609F1150AB6F80730F3B1324620466B
:10BE500016F8011C0FF01FFCB8B14FF4957229467B
:10BE6000204610F009FB30B3032812D1EB4688B00E
:10BE70006A462C4BCDE9053542F8100F00234FF4EC
:10BE8000C4512948F5F7D6FDDD460A36564543D05C
:10BE9000D9E7052820460CBF4FF0030B4FF0020BEB
:10BEA0000FF0F3FB834506D998F804305B45ECD2DC
:10BEB00088F804B0E9E74946284610F085F91B4B9D
:10BEC000994529D1207A04F17001FFF793F90546CD
:10BED00010B303890BB94389F3B12046FCF740FA4C
:10BEE0002A89134B134923F820206A8903EB800326
:10BEF0005A80182202FB00110B6104230E4A2046CF
:10BF00004A600E4A8B828A60FFF796FE20B10121BB
:10BF10000B4A05480EF004FD0120BD46BDE8F88F30
:10BF2000C9B302004267040000FE0300141700209A
:10BF30003AF700205CF10020BC0A04003FC3030074
:10BF40005667040030B505460C468BB071B94749B9
:10BF500040F6E623464A47480EF0CDFA46480EF032
:10BF6000CAFA40F6E62142480EF0BCFA4B6873B9B3
:10BF70000B6863B9414940F6E7233D4A3D480EF05E
:10BF8000BAFA3D480EF0B7FA40F6E721EBE73C4835
:10BF900010F005F9420763D515B16B7B072B62D111
:10BFA00060680590FFF746FB2268ADF81800002A8C
:10BFB00030D005A90291334900230191012100915C
:10BFC0004FF6FF710593FFF77DFB059B1BB96FF0E3
:10BFD00001000BB030BD6360059B04A91868002305
:10BFE0008DF8103042F60303ADF812300EF0D6FE95
:10BFF00040B90598C3689B79DB0608D510F0D3F9E2
:10C00000ADF81800059810F020FA606028B96FF0BC
:10C010001500DEE70028DFD1D9E7BDF818002DB103
:10C0200001462246284610F062FAD2E76FF07F03FD
:10C0300042F6021207930123ADF8122005AA0292DC
:10C04000114AADF82030CDE900324FF6FF712B4692
:10C0500004AA09948DF81050FFF734FB0798B8E74D
:10C060006FF00A00B5E76FF07F00B2E7BC6604002E
:10C070008265040057230400C3660400D9660400E7
:10C08000C0120020DBC003008DC002002DE9F84F74
:10C090001446404B826880469A423AD1D0F80C90C0
:10C0A0003D4B99451DD100263C4D28463C4910F09A
:10C0B0006EF878B90722294615F8010CFCF7E6FD61
:10C0C00050BB236929461A6915F8010C5388128858
:10C0D000FFF7EAF8731C022B4FF0010605F10C057F
:10C0E000E3D109F1010709F1150AB7F80720A3897F
:10C0F0009A420BD1394617F8010CFCF771FD064640
:10C1000020B1437B072B0AD0FBF788FF0A3757453E
:10C11000EBD14FF0010B2AE0FBF780FFDAE7D9F80B
:10C12000203023B14146984708B93046ECE79422C5
:10C130004146304610F0A0F983460028F5D1A38986
:10C14000022B17D1B7F807309A0720D5304622695D
:10C15000A188FFF719FD054618B92269937D0133BF
:10C1600093753046FBF75AFF002DA560CEDA58468E
:10C17000BDE8F88F012B0AD1B7F80730DB0706D5E9
:10C1800030462269A18810F0B2F90546E9E75D461C
:10C19000E7E700BFC9B30200141700203FF70020F3
:10C1A0004F8D040013B50446009001204FF6FF7137
:10C1B0006B460C4A8DF8040010F03CF920460FF055
:10C1C00064FA9DF80410884209D220460FF028FA3C
:10C1D000034620B10221044A04480EF0AAFB02B033
:10C1E00010BD00BF25BE02007367040000FE0300FF
:10C1F0002DE9F0410D4B06461B680F46904623B1D2
:10C2000053F8044904B1043C0BB9BDE8F0811B6844
:10C210001BB142463946304698472CB1656805B196
:10C22000043D23462C46EFE72546FAE798F1002027
:10C2300013B50446009001206B46064A4FF6FF7185
:10C240008DF8040010F0F6F80021204610F086F971
:10C2500002B010BD25BE020070B5044603464FF67D
:10C26000FF7101200D4A10F0E5F82046FEF790FF1F
:10C27000054688B104F170063146207A0EF0A2FE20
:10C2800020B92846BDE87040FEF7FABF3146681C69
:10C29000BDE870400FF091BF70BD00BF15B3020044
:10C2A0007FB54FF420520023ADF8162004AA029265
:10C2B0000A4A0120CDE900324FF6FF7105AA049326
:10C2C0008DF81430FFF7FEF9049B012B14BF6FF0BB
:10C2D0001500002007B05DF804FB00BFE1C50300B6
:10C2E000014608B5054810F094F9044B0028A3F165
:10C2F000040314BF1846002008BD00BFB445002049
:10C30000084B00F5B4701A68074BD0E8EF1F99424C
:10C3100004D1C0E8EC2FBCF1000FF6D1D0E8AF0F8C
:10C32000704700BF98F00020B045002008B5FFF727
:10C33000E7FFB8B1036843B1426832B1826812B90D
:10C340000B4A12783AB904200BE0094A127812B16C
:10C350000BB1826842B9426842B9002B14BF002079
:10C36000032008BD0320FCE70120FAE70220F8E7DC
:10C3700042FD002008B50121024A034810F047F9A8
:10C38000002008BDA767040040FE03000221024A06
:10C39000024810F03CB900BFC267040040FE030031
:10C3A000002370B51A460446EC300D46FDF7BAF886
:10C3B00058B1693004D10121084A094810F027F921
:10C3C0002846BDE87040F8F709B904F59C700023D1
:10C3D000BDE87040034A07F0A5BB00BF8A620400B5
:10C3E00040FE03001C4E0E0038B50446051D082112
:10C3F000284610F065F9084904F15700FBF748FB9F
:10C4000048B10821284610F03FF904480121044AA8
:10C4100010F0FDF8082038BD07C9030040FE0300F6
:10C42000DB67040038B50546EC22002112F033FE2C
:10C43000102105F1270003F0B3FD044648B905219A
:10C44000284610F03DF9FBF715FB034B186020461A
:10C4500038BD0824FBE700BFA0F1002070B5051D22
:10C460000E462846042110F0D4F868B100220021BD
:10C4700000230846FDF71EF8044638B90421284673
:10C4800010F01EF9204670BD034AF0E701210C3080
:10C49000F8F7B2F90670F5E71C4E0E0070B50446C9
:10C4A0000E4686B0FFF72CFF04F137021146F36801
:10C4B000054603F1100053F8046B834241F8046B06
:10C4C000F9D1237A052B00F29580DFE803F01723DA
:10C4D0002303936A02AB4B490093096804F12703D5
:10C4E00004F1570002F0DEF858BB0A21201D10F0BD
:10C4F000E7F8AB680299D4F8EC00984720460D2184
:10C5000010F0DEF8201D102110F0DAF8204610F0AF
:10C51000E7F817E094F8DC10D4F8D83002ADCB403F
:10C52000384903F001030095096843F0800304F1E2
:10C53000570010F050FC38B10121334A334810F055
:10C5400066F8082006B070BD1022294604F11700D5
:10C5500012F0B0FD08B10420F4E70321204610F0EA
:10C56000AFF810F0BDF80028EBD194F8DC300133BF
:10C57000DBB2142B84F8DC3009D10D21204610F0F9
:10C580009FF81021201D10F09BF80020DAE7102101
:10C5900004F1270003F004FD003818BF0120C0009B
:10C5A000D0E7102104F1270003F0FAFC0028C8D1DD
:10C5B00035B3EB6823B3164BE27A1B8812F0010FF8
:10C5C000ADF80830A37C08BF0320DB0703D50028A3
:10C5D00014BF0120022000238DF80900C4E938337C
:10C5E000201D0C2110F06CF8EB68D4F8EC0002A9C7
:10C5F0009847CAE70121074A044810F050F8A0E71D
:10C6000002209FE7A0F10020F467040040FE030031
:10C610002A0404000D6804002DE9F047044690B098
:10C620000CAD10220021284612F035FD237A052B8F
:10C6300034D8DFE803F0060303063323D4F8D830F8
:10C640000C93D4F8EC3004F1470204F1C707CDE9AC
:10C65000017204F1370803F17E0204F12709009208
:10C6600041464A46773304F1970001F0B3FFF0B139
:10C67000454A012145480FF0CAFF14E0D4F8E430E0
:10C68000002BDED02E4603F1100732461868596899
:10C69000083303C2BB421646F7D1D2E701213C4A18
:10C6A0003A480FF0FCFF082010B0BDE8F087D4F83E
:10C6B000EC3008AE03F177027E33019304F11103ED
:10C6C0000292009342462B4649463846039610F0A4
:10C6D000A7FB08B12F4ACCE7237A052B0ED1D4F85B
:10C6E000E01011B30B46AC4601F1100E624618681B
:10C6F0005968083303C273459446F7D1D4F8EC3037
:10C700000DF1100A03F17E027733019304F10A035D
:10C71000029200934A462B4641463846CDF80CA07B
:10C7200010F07EFB30B11C4AA3E71022284612F01D
:10C73000B2FCE3E71022514604F1B70012F0BAFC54
:10C74000F8B90D212046FFF789FE07460028AAD038
:10C7500010210C30F8F750F832460346164603CE47
:10C76000AE4218605960324603F10803F6D13946EB
:10C770002046FFF715FE201D01210FF0A1FF00202C
:10C7800092E70B2090E700BF2968040040FE0300F9
:10C790000D6804003E6804006168040073B5047A03
:10C7A0000546022C23D844B190F8DC30D0F8D840AC
:10C7B000DC4004F0010444F0800403212846FFF724
:10C7C0004DFE0646D8B110210C30F8F715F8009050
:10C7D00012482346006805F1270205F1570110F0C1
:10C7E000FAFA044680B13046F7F7F8FE07E0032C6A
:10C7F00008D0012123460A4A0A480FF050FF0820BA
:10C8000002B070BD0024D8E731462846FFF7C8FDC6
:10C81000281D21460FF038FF2046F1E7A0F1002047
:10C820000D68040040FE030070B5061DCD68044687
:10C830000B2130460FF028FF2B4604F1170205F1BB
:10C84000100153F8040B8B4242F8040BF9D1237A00
:10C85000012B09D0022B13D1204604210FF030FF09
:10C86000BDE87040FFF79ABF0A2130460FF0D1FEB5
:10C870000028F1D0304600210FF022FF002070BDCB
:10C8800003480121034A0FF00AFF0820F7E700BF21
:10C8900040FE03000D680400F7B50446FFF730FDC5
:10C8A000261D05460E2130460FF0B3FE78B94E4BDB
:10C8B0002022196804F1570012F0FCFB38B902215C
:10C8C0004A4A4B480FF0A3FE082003B0F0BD0C21EC
:10C8D0002046FFF7C3FD07460028F5D040210C3065
:10C8E000F7F78AFF404B02461B68014603F1200020
:10C8F00053F804CB834241F804CBF9D1203203F141
:10C90000200153F8040B8B4242F8040BF9D139464D
:10C910002046FFF745FD237A052B5DD8DFE803F0BD
:10C9200003491A035C59042120460FF0C9FEFFF7A2
:10C9300035FF0028C8D1304607210FF0C1FE08207E
:10C94000FFF7CEFC00284DD1204603B0BDE8F040F3
:10C95000FFF74ABD2046D4F8EC70FFF7D1FC042164
:10C960004FF0FF3305460DEB0100019303F018FB78
:10C970000028A9D1019B1F4A84F8DC00B3FBF2F127
:10C9800002FB11330193C4F8D83055B12B6843B181
:10C990000B2130460FF094FE38462B68D4F8D8109F
:10C9A0009847032120460FF08BFE0E210FF088FEE2
:10C9B000C1E7204603210FF083FE0E210FF080FE19
:10C9C00030460A210FF07CFE6B68D4F8EC009847E3
:10C9D000B1E704212046E9E70121074A04480FF0A6
:10C9E0005EFE71E7002070E7A0F10020856804007A
:10C9F00040FE030040420F000D68040070B505467C
:10CA00000E4605F15704FFF77BFC2246F36803F15D
:10CA1000200153F8040B8B4242F8040BF9D105F1C5
:10CA2000770203F1200153F8040B8B4242F8040B08
:10CA3000F9D12046FAF786FFF0B103211C4A1D48C0
:10CA40000FF0E5FD281D0E210FF03AFED5F8EC4061
:10CA5000D4F8A00038B9207A04F1700100F006FF84
:10CA6000C4F8A00098B1438A03F024037BB1437C4F
:10CA70009B070CD4032070BD2046FAF76FFF30B936
:10CA80000C4802210C4A0FF0C2FD0B20F3E70B4BC0
:10CA90001C682CB9281D06210FF012FE2046EAE77B
:10CAA0002846FFF7F9FE003818BF0120C000E2E772
:10CAB000A068040040FE0300C1680400A0F100204B
:10CAC00038B504460D49A0F1EC054C3006F0F2FEF5
:10CAD00028460FF069FE0A4A04F17C03D3E8EF1FF1
:10CAE000C3E8E02F0028F9D14FF0FF338034D4E8B9
:10CAF000EF2FC4E8E13F0029F9D138BDB9D60200D3
:10CB0000B045002080B500AF88B06A46074BCDE93C
:10CB10000530032342F8103F00234FF4C25104486C
:10CB2000F4F788FF6FF00B00BD4680BDDD680400A0
:10CB300040FE030008B5074AD2F8EC302BB906488E
:10CB4000EC32506018460A6008BDFFF7DBFF6FF05B
:10CB50000B00F9E7B0450020340B04002DE9F0414B
:10CB600088B006460B4600AF0D2104300FF051FD92
:10CB700090B3DD68D6F8EC30022003F1700842462D
:10CB8000197A00F08DFF0446E0B941463846F7F7C0
:10CB900041FF6E4688B06A46124BCDE905374FF427
:10CBA0000073ADF81C30104B42F8103F0F4823467D
:10CBB0004FF4E251F4F73EFF0820B5462037BD465A
:10CBC000BDE8F0812B462E3405F1100253F8041B0A
:10CBD000934244F8041BF9D1304609210FF070FD4F
:10CBE0000020EBE7026904000300000140FE03009F
:10CBF00038B5134B05461B78E3B101F00F04284606
:10CC0000FFF794FB0F4B03281B780CBF04F00B04B9
:10CC100044F0040405F5B670D0E8EF2F013203D1DB
:10CC2000C0E8E13F0029F7D1D0E8AF3F2BB144F095
:10CC3000010038BD01F00704E1E704F0FE00F8E769
:10CC400042FD002045FD0020F8B50D460446D0F811
:10CC5000EC70FFF755FBED68EB78102B01D0062048
:10CC6000F8BDD7F8A030002B73D0261D0F21304619
:10CC70000FF0CFFC20B92046FFF7D4FB002871D17C
:10CC8000012363722B682046C4F80A30AB88E38125
:10CC900002232374A978FFF7ABFFE0742046FFF767
:10CCA00045FB1023607423752B7903F00303637530
:10CCB0006B7903F00103A375E37C1A0754D40521B3
:10CCC00030460FF0A6FC00285CD0574B1B78A374AD
:10CCD000E37C980606D5AB78990603D51421304637
:10CCE0000FF0EEFCE37CDA074ED5AB78DB074BD5D3
:10CCF0000D2130460FF0E4FCA37D032184F8E830D9
:10CD0000637D304684F8E9300FF0DAFC237BE17C68
:10CD10002D7803EA0102100704D5E27AA07C0243D1
:10CD2000D20735D4042D35D80B4313F0040307D0B4
:10CD30002046FFF7FBFA3D4B05EB85052B441B5CBA
:10CD400023722046D7F8A0100FF069FC20BB032007
:10CD500086E7387A07F1700100F088FDC7F8A00077
:10CD6000002882D108207BE7AB781B07A7D50521D7
:10CD700030460FF0A5FC637D03F0020363750023CA
:10CD8000A3759CE72A4BA1E700236375A375B3E75E
:10CD90000523D5E70023D3E7D4F8EC309B7A032BA7
:10CDA00033D022D8013B012BDCD8052130460FF0CF
:10CDB00030FC0028CBD00C2120460FF081FC022152
:10CDC000FFF74CFB05460028CCD006210C30F7F7C6
:10CDD00013FDD4F8113029460360B4F81530838070
:10CDE0002046FFF7DDFA00203AE7042BBAD1237D75
:10CDF000627B934228BF1346102B7FF430AF05218E
:10CE000030460FF006FC0028A1D0237A002B9ED0DC
:10CE1000052130460FF0FDFB0028C6D1237A013BE7
:10CE2000012BC2D893E700BF44FD00203C8E0400D4
:10CE300043FD00202DE9F041C7780446012F04D0BE
:10CE40006FF015042046BDE8F0810FF02AFC05467E
:10CE5000002800F0A980061D042130460FF0D9FB00
:10CE6000002840F0A480032130460FF0D2FB10B11F
:10CE70006FF00F04E6E7394630460FF0CAFB002892
:10CE8000F6D12846FFF73CFAD5F8EC3007469B7AF6
:10CE9000032B40D030D8013B012B46D90F21201D58
:10CEA0000FF0B7FB0028CBD1D4F8A00090B904F163
:10CEB00070073A462020217A00F03AFDC4F8A0001D
:10CEC00040B93A460420217A00F032FDC4F8A000AF
:10CED0000028B5D0438A13F0240FB1D0A27A022AD9
:10CEE00023D9417CC907ABD5032A1ED09B06A7D501
:10CEF000037C102BA4D118E0042BCFD12846FFF7D8
:10CF000015FA032804D1002FC8D0FB68002BC5D028
:10CF1000284B1B7807E02846FFF708FA032804D1BE
:10CF2000002FBBD0FB68002BB8D0D4F8A0303BB1A9
:10CF30002846FFF777FA044670B16FF0680481E77E
:10CF4000207A04F1700100F091FCC4F8A0000028E0
:10CF5000EED16FF00B0475E70B212846FFF77EFA40
:10CF600007460028E9D001210C30F7F745FC0821DD
:10CF700080462846FFF73CFE2346224688F80000FC
:10CF8000394605F1EC00FCF7CDFA044618B13846F5
:10CF9000F7F724FB56E730460F210FF091FB0121F4
:10CFA00028460FF08DFB4DE76FF07F044AE76FF0E6
:10CFB000040447E742FD0020F8B5D0F8EC400546F0
:10CFC000D4F8A030061D002B3DD102213B4A3C483D
:10CFD0000FF01DFB07213B4B5F5CD4F8A0304BB139
:10CFE0001B7C002B60D1D4F8A00000F07DFD002355
:10CFF000C4F8A030022130460FF00BFB48B9072FD0
:10D0000094BF314B1F213A46204698BFD95DFBF7AC
:10D010007BFD032130460FF0FCFA10B32B4B1B684D
:10D02000FBB153F80C6906B10C3ED3B15B6813B188
:10D03000394620469847002E3DD0F26802B10C3A9E
:10D0400033461646F1E749BB0D2130460FF0E1FAB1
:10D050001E4B07461B6823B153F80C6906B10C3E02
:10D0600073B928460FF0A0FB637B072B25D1627AAA
:10D07000A37A9A4221D02046BDE8F840FFF7DABEF5
:10D080001B6813B13946204698472EB1F26802B1A9
:10D090000C3A33461646E3E73246FAE70139C9B29D
:10D0A0000E2998D9092798E7022130460FF0B1FAE6
:10D0B000002898D19EE73246C2E7F8BDA569040072
:10D0C00040FE03002D8E04001C8E040090F0002012
:10D0D000F8B5031D06460F46184602210FF099FACF
:10D0E000044620B1B6F8E840B4FA84F46409032198
:10D0F00018460FF08EFA80B139463046FFF75CFFD4
:10D10000C4B1022119481A4A0FF081FA0521D6F854
:10D11000EC00FBF7ADF90020F8BD012118460FF037
:10D1200078FA0028E8D10F2118460FF072FA00288B
:10D13000E2D1E5E705213046FFF790F9054688B1D1
:10D1400001210C30F7F758FB234607702246294689
:10D1500006F1EC00FCF7E6F90028DCD02846F7F7EA
:10D160003DFAD8E76FF06800D6E700BF40FE030045
:10D17000CF6904001E4B10B5044618604FF0FF3213
:10D180004FF0FF331B4805F017FA58B11A4941F226
:10D190003A331A4A1A480DF0AEF941F23A311748BB
:10D1A0000DF0A0F9174806F0CFFD124805F0CCFAB3
:10D1B00048B1114941F23F33104A11480DF09BF933
:10D1C00041F23F31EBE72CB10F4CD4E8AF3F5B06A7
:10D1D00004D410BDBDE81040FFF7D8B8201FFFF7FA
:10D1E0005BFB0028F5D00821201FFFF771FFF0E757
:10D1F000A0F10020381700207E6904001C6904009B
:10D20000572304004C170020B44500202DE9F341BA
:10D210000B8A04460E4643B901212D4A2D480FF0D2
:10D22000F6F9002002B0BDE8F081012106F10C0002
:10D23000F7F75AFBA4F1EC05E83C07460421204629
:10D240000FF0E7F93B7828B1234A022121480FF07B
:10D2500026FAE6E70E2B01D9204AF6E7DFF88080B0
:10D2600058F833204AB902211E4A1A480FF017FA1B
:10D2700007212846FFF72CFFD3E7194628460FF071
:10D2800080FA3B7860B902211248174A0FF007FA7A
:10D29000032120460FF0BDF90028C2D00821E8E79D
:10D2A00008EBC301328A0979914208D00121009329
:10D2B000084813460D4A0DF046FB0A21D9E73146CE
:10D2C000284658F83330984701460028A9D0D0E7BF
:10D2D000276A040040FE0300426A0400736A0400E7
:10D2E0005C0B0400956A0400AF6A04003D6304000F
:10D2F0002DE9F04F99B090F8E930D1F80C8023F087
:10D30000020380F8E930D0F8EC6098F80030054668
:10D3100000AF06F17009002B3BD098F8063003F0FF
:10D32000C003C02B35D041463846F7F773FB6E4635
:10D3300088B06C464FF4007A6D46704BDFF8C081C0
:10D34000CDE90537ADF81CA045F8108F00232A461B
:10D350004FF4E2516B4807F1200BF4F76BFB4946A1
:10D36000B5465846F7F756FBA546674BA4F81CA0F0
:10D37000C4E9053BC4F81080624800232A464FF4F4
:10D38000E251F4F757FB0A20B5466437BD46BDE8C5
:10D39000F08F07224146484611F08CFE68B14146A5
:10D3A000307A00F03FFB044638B1014628460FF0C2
:10D3B00036F950B3204600F097FB0D21281D0FF0E1
:10D3C00028F9002800F088804A460220317A00F0CF
:10D3D00067FB0446D8B907F1400549462846F7F7E8
:10D3E00019FB6E4688B06A46484BCDE905354FF4C7
:10D3F0000073ADF81C30424B42F8103F4FF4E2513D
:10D4000023464048F4F716FBB5460820BDE7F378FD
:10D41000002B41D106F17E03187801282BD19A798F
:10D4200002F0C002402A26D1D3F80120C4F83E20E1
:10D43000B3F80530A4F8423096F87030DBB196F8B6
:10D44000763003F0C003C02B15D0314907F14002FC
:10D45000C7E91098BC64FAF73DFFD8F800303046B1
:10D46000C4F80130B8F80430A4F8053098F8063054
:10D47000E371FBF701FB95F8E91011F002010ED002
:10D48000244941F22703244A24480DF034F841F29C
:10D49000270121480DF026F806F17703BCE7204666
:10D4A000F9F7C2F9014630B1164802211C4A0FF0C3
:10D4B000AEF8032069E72046F9F7B6F948B11949F3
:10D4C00041F24B03144A15480DF015F841F24B0197
:10D4D000DFE72046F9F7BAF995F8E9305B0703D59D
:10D4E0000A2128460FF0ECF8B5F8E81009B1002041
:10D4F0004BE72846FFF760FDF9E700BFCA6A040062
:10D500000300000140FE0300856B04000269040073
:10D51000DFC70300DE6A04001C690400572304000F
:10D52000F96A0400346B04002DE9F0410E4604460C
:10D53000D0F8EC80FEF7E4FEF6680546337801216A
:10D540000F48104A271D0FF0AAF80A2138460FF09D
:10D5500018F938B16DB920463178FFF72DFD00205C
:10D56000BDE8F0810B2138460FF00BF90028F1D10E
:10D57000F1E72B69002BEED040469847EBE700BF60
:10D5800040FE0300566B04002DE9F04389B00546C8
:10D59000A0F1E8060446884600AF0121304655F860
:10D5A000EC990FF0EEF838B3B8F1000F19D0032161
:10D5B00030460FF02EF8F8B14046F8F753F901382D
:10D5C000C0B208288CBF0024374B4FF0020198BF2F
:10D5D0001C5C30460FF074F821462846FFF7ECFC3F
:10D5E0000AE099F80B303BB1032130460FF011F8F7
:10D5F00030B928460FF0D8F82437BD46BDE8F0838F
:10D60000052130460FF005F8B8B114F8043C1B07AB
:10D6100007D514F8033C180703D5112130460FF045
:10D620004FF814F8043C23F0080304F8043C14F801
:10D63000033C23F0080304F8033C14F8033CD90727
:10D6400010D5062128460FF03BF8022130460FF096
:10D6500037F82168D1F8A06066B134F8041C0029BD
:10D66000CAD1BAE79A0701D50821EBE75B07ECD5E9
:10D670000A21E7E738467031F7F7CCF96D4688B0F4
:10D680006A460A4BCDE905374FF40073ADF81C30FC
:10D69000074B42F8103F4FF4E25133460548F4F788
:10D6A000C9F9AD46A8E700BF248E0400786B0400DA
:10D6B0000300000140FE030037B5A0F59C75A0F5FE
:10D6C0009A74D4E8AF3FD5E8AF2F01210092074804
:10D6D000074A0DF038F928460821FFF76DFC0421B0
:10D6E000204603B0BDE830400EF0EABF40FE030024
:10D6F0008D6B04002DE9F04389B000AF04460EF0B5
:10D70000D0FF054680B3061D032130460EF081FF91
:10D7100050B3D4F8A00008B100F0E6F904F17009A4
:10D720004946207A00F0A2F88046C4F8A000F8B973
:10D7300049463846F7F76EF96E4688B06A46414B5F
:10D74000CDE905374FF40073ADF81C303E4B42F87D
:10D75000103F4FF4E2513D484346F4F76BF908217E
:10D76000B5462846FFF7B4FC2437BD46BDE8F08334
:10D770000E2130460EF04DFF28B1D4F8A020537C86
:10D7800043F0020353742B7A032B0DD8002B4DD199
:10D79000D4F8A020537C23F020035374D4F8A020A5
:10D7A000537C23F001030DE0053B012BF0D8D4F8A6
:10D7B000A020537C43F020035374D4F8A020537C62
:10D7C00043F0010353742B7D697BD4F8A0208B4276
:10D7D00028BF0B463046137405210EF01AFFD4F80B
:10D7E000A020537C48B343F010030D2130465374FE
:10D7F0000EF00FFF0028B7D02021D4F8A00000F0D1
:10D8000037F9D4F8A03005F147021E33573552F8E6
:10D81000041BAA4243F8041BF9D10023D4F8A0202A
:10D8200053619361D4F8A02093839DE7052130468E
:10D830000EF0EFFE0028ABD0BFE723F010035374C7
:10D8400092E700BF026904000300000140FE0300EC
:10D85000012208B5034B04481A70FAF7C1F80020FA
:10D8600008BD00BF42FD00205417002070B50546DA
:10D870000C4649B9164917487123174A0CF03BFE6C
:10D88000712115480CF02EFE144801260378AB4296
:10D8900004D10722013011F00DFCA0B12EB10722F6
:10D8A0000F49104811F006FC78B90C4A134603F8EA
:10D8B000015B2168C2F80110A1889980A179997152
:10D8C00040F21123D360054870BD0020FCE700BF83
:10D8D000F36B040057230400C36B0400A4F1002081
:10D8E0004F8D0400A5F10020F8B5054616460C46FC
:10D8F00099B90B490B48CD230B4A0CF0FCFDCD2107
:10D9000009480CF0EFFD3BB131463846A0470122F3
:10D910007B8A2B40002AF6D0F8BD0022034FF7E7A0
:10D92000076C040057230400C36B0400A4F100201B
:10D9300070B50D4611463AB10E4C0026638A227826
:10D9400003400BD1184670BD0B490C48DA230C4A32
:10D950000CF0D1FDDA210A480CF0C4FD954204D147
:10D960000722601C11F0A6FB08B13046EBE7204609
:10D97000E9E700BFA4F10020F36B04005723040083
:10D98000C36B0400F8B506460C4659B91F49204838
:10D9900040F203131F4A0CF0AEFD40F203111D4884
:10D9A0000CF0A0FD0B78012B01D00020F8BD8B7985
:10D9B00003F0C003402BF8D1174D002329466F8A8E
:10D9C00011F83E2BBF0704F1010006D5B24204D185
:10D9D000062211F06FFBB8B10023002BE5D16B8A52
:10D9E0009B07E2D52B78B342DFD1661C31460B484A
:10D9F0000DF0C1F90028D8D0D4F80130C5F83E3078
:10DA0000B4F80520064B9A800348CFE7F36B040077
:10DA100057230400C36B0400A4F10020D2F10020BE
:10DA2000E2F1002010B529B10D4C237883420DD0CE
:10DA3000002010BD0B490C484FF49A730B4A0CF0B0
:10DA40005AFD4FF49A7109480CF04CFD0722601CF6
:10DA500011F030FB00280CBF20460020E9E700BF92
:10DA6000A4F10020F36B040057230400C36B0400EF
:10DA700008B558B9074908484FF4A273074A0CF093
:10DA80003AFD4FF4A27105480CF02CFD438A19436E
:10DA9000418208BD1B6C040057230400C36B0400C3
:10DAA000F8B506460F4615464AB90C490C48EC2312
:10DAB0000C4A0CF020FDEC210A480CF013FDFFF796
:10DAC00037FF044640B929463846FFF7CFFE0446E3
:10DAD00010B13146FFF7CCFF2046F8BDF36B0400D0
:10DAE00057230400C36B040010B5044658B90C4911
:10DAF0000C484FF4AA730C4A0CF0FDFC4FF4AA71C9
:10DB000009480CF0EFFC037A5B0701D5F8F7B8FE83
:10DB10002046BDE810404422002111F0BCBA00BFED
:10DB20001B6C040057230400C36B040070B5064649
:10DB30000E4B1C6874B959B1002200230C480DF03B
:10DB4000B9F8054658B901210A4A0B480EF055FFAD
:10DB5000204670BD238BB342FAD02468EAE7014621
:10DB600006830248F6F774FC2C46F1E7FCF100202E
:10DB7000581B0020376C0400E8FD030008B50121A4
:10DB8000024A03480EF039FF002008BD606C040013
:10DB9000E8FD030010B5044630B90121174A1848C2
:10DBA000BDE810400EF029BF036813B90221154AE1
:10DBB000F5E70020144A116829B90221134A1048D8
:10DBC0000EF01BFF0AE08B4214D1196860B950684F
:10DBD0001160834200D1516000221A602068F6F77C
:10DBE000FDFC0023236010BD016051688B4208BF1B
:10DBF0005060F1E708460968DEE700BF976C040053
:10DC0000E8FD0300E06C0400FCF100200B6D040053
:10DC100030B5038A8BB01E2B07D8574A01215748CD
:10DC20000BB0BDE830400EF0E8BE1F210C30F6F717
:10DC30005BFE0378044623B10221514A4F480CF0A1
:10DC400078FE0121B4F80100FAF764FB054608B933
:10DC50004C4AE3E72178002940F08C80E3788DF886
:10DC600000306279237943EA0223ADF80230A379C8
:10DC70008DF80430E3798DF80530237A03F0010242
:10DC8000C3F340038DF80730637A8DF8062003F064
:10DC900001038DF80830E37A8DF80C30237B8DF882
:10DCA0000D30627B8DF80E20E37A2BB1A37A03F05E
:10DCB0000103C3F10203DBB28DF80930237B2BB1E2
:10DCC000A37A13F0020F14BF012302238DF80A3048
:10DCD0002AB1A37A13F0040F14BF012202228DF897
:10DCE0000B20E389002103F001038DF80F30238A14
:10DCF000284603F001038DF81030A37CC3F34002E3
:10DD00008DF81120C3F380036A468DF81230B4F801
:10DD10001330C3F340038DF81330B4F81330C3F35A
:10DD200080038DF81430B4F81330C3F3C0038DF8BA
:10DD30001530B4F81530ADF81830B4F81730ADF828
:10DD40001A30B4F81930ADF81C30B4F81B30ADF807
:10DD50001E30637F8DF82030A37FADF822108DF840
:10DD600021308DF82410FBF7C5F82846FAF756F94C
:10DD70000BB030BD0022F6E72A6D0400E8FD030079
:10DD8000436D04007D6D040030B5038A8BB0212BF8
:10DD900007D85B4A01215B480BB0BDE830400EF06C
:10DDA0002CBE22210C30F6F79FFD0378044623B1E8
:10DDB0000221554A53480CF0BCFD0121B4F8010082
:10DDC000FAF7A8FA054608B9504AE3E7217839B1CD
:10DDD0000022FBF78FF82846FAF720F90BB030BD88
:10DDE000E3788DF800306279237943EA0223ADF8B5
:10DDF0000230A3798DF80430E3798DF80530237A69
:10DE000003F00102C3F340038DF80730637A8DF805
:10DE1000062003F001038DF80830E37A8DF80C300A
:10DE2000237B8DF80D30627B8DF80E20E37A2BB1C9
:10DE3000A37A03F00103C3F10203DBB28DF80930CA
:10DE4000237B2BB1A37A13F0020F14BF012302230B
:10DE50008DF80A302AB1A37A13F0040F14BF0122FF
:10DE600002228DF80B20E389002103F001038DF8D5
:10DE70000F30238A284603F001038DF81030A37C6D
:10DE8000C3F34002C3F380038DF811208DF81230E4
:10DE9000B4F813306A46C3F340038DF81330B4F876
:10DEA0001330C3F380038DF81430B4F81330C3F388
:10DEB000C0038DF81530B4F81330C3F300138DF898
:10DEC0001630B4F81530ADF81830B4F81730ADF896
:10DED0001A30B4F81930ADF81C30B4F81B30ADF876
:10DEE0001E30637F8DF82030A37F8DF82130B4F889
:10DEF0001F30ADF8223094F821308DF8243068E7D7
:10DF00002A6D0400E8FD0300436D04007D6D0400EC
:10DF100037B5038A4A2B07D8154A0121154803B0A3
:10DF2000BDE830400EF069BD4B210C30F6F7DCFC4B
:10DF30000378044623B102210F4A0E480CF0F9FC85
:10DF40000121B4F80100FAF7E5F9054608B90B4AD2
:10DF5000E3E7217849B90334019401AAFBF70AF8F1
:10DF60002846FAF75BF803B030BD0022F6E700BFA1
:10DF70002A6D0400E8FD0300C46D0400F46D040084
:10DF80002DE9F0474FF00008038A8AB00E2B0546B2
:10DF9000CDF8048007D84F4A01214F480AB0BDE8A8
:10DFA000F0470EF02ABD0F210C30F6F79DFC0788D4
:10DFB000044601213846FAF7ADF9064608B9474A42
:10DFC000EAE7E37A012B45D0CDF82480A37B002B30
:10DFD00035D105A9B4F805308B80B4F80730CB8073
:10DFE000A37A4B72E37A8B72237BC3F30303CB7266
:10DFF000237BC3F303130B73637A0B72637B4B7343
:10E00000A37B8B73E37A0F3B18BF4FF0FF33CB73C7
:10E0100000230B704B80A3780B70B4F803304B8057
:10E02000E37A012B02D03046FBF7D8F8A37A012B14
:10E030001AD13046F9F7F2FF0AB0BDE8F0870DF1CA
:10E04000080840462A8A04F10F010CF037FECDF88B
:10E050002480BEE794F80A80B8F1010F12D0204A5C
:10E0600002211D480EF0C9FC3046F9F7D7FF002108
:10E070003846FFF75BFD01900028DDD001A8FFF7CF
:10E0800089FDD9E7A37B0BB9164AE9E74146384633
:10E09000B5F810A0FFF74AFD04F10F09054610B9C5
:10E0A000114A4146DDE7038A23B102210F4A0A489B
:10E0B0000EF0A3FC2846F6F7D7F852464946284604
:10E0C0000EF0AAFC0028CFD0094901950C350D614E
:10E0D00080E700BF2A6D0400E8FD0300356E0400F0
:10E0E000706E0400C36E0400F06E04001E6F040026
:10E0F000E8F100202DE9FF4100230393038A054640
:10E10000072B07D8464A0121464804B0BDE8F04134
:10E110000EF073BC08210C30F6F7E6FBB0F8008077
:10E12000044601214046FAF7F5F8064608B93E4A8A
:10E13000E9E7E77907B12F8A00214046FFF7F6FCAF
:10E14000054680B90121394A36480EF056FC039540
:10E150003046F9F763FF039B13B103A8FFF71AFDDD
:10E1600004B0BDE8F081B0F81080B8F1000F07D11D
:10E1700002212F4A2B480EF040FCCDF80C80E7E737
:10E1800037B13A4604F108010EF046FC0028DFD012
:10E19000E3780395274D6B7223796A7BAB726379C1
:10E1A000C3F30303EB726379C3F303132B73A379F4
:10E1B000934205D0022100921A481F4A0CF0C3FB7B
:10E1C0002279AB7B0F2A03D1EA7B9A4288BFEB739B
:10E1D000E2791344AB732379012B0BD015493046F8
:10E1E000FAF7FCFF0398F6F73FF8142200211148D4
:10E1F00010F051FFE378012B0BD02379012B05D1CF
:10E2000002210E4A07480EF0F8FBA1E703A8FFF72A
:10E21000C1FC304604B0BDE8F041F9F7FFBE00BFD5
:10E220002A6D0400E8FD0300356E04004A6F040007
:10E23000C36F0400E8F10020F66F0400706E040064
:10E2400030B5038A89B0202B07D83E4A01213E48C9
:10E2500009B0BDE830400EF0D0BB21210C30F6F7FC
:10E2600043FB0378044623B10221384A36480CF0B8
:10E2700060FB0121B4F80100FAF74CF8054608B933
:10E28000334AE3E7217800295AD12379E1783BB971
:10E29000FAF7F0FE284609B0BDE83040F9F7BEBEF7
:10E2A000A2796379FF2A1CBF43EA0213DBB28DF81F
:10E2B0000530E3798DF804108DF80630237A0021BB
:10E2C0008DF80730637A01AA8DF80830A37A8DF8AB
:10E2D0000930E37A8DF80A30237B8DF80B30637BAD
:10E2E0008DF80C30237E8DF80D30637E8DF80E3066
:10E2F000A37E8DF80F30E37E8DF81030237F8DF8EC
:10E300001130637F8DF81230A37F8DF81330E37FD7
:10E310008DF8143094F820308DF81530D4F80E3084
:10E32000CDF81630D4F81230CDF81A30E38AADF8B3
:10E330001E30FAF75FFE2846F9F770FE09B030BDCF
:10E340000022F6E72A6D0400E8FD03005570040082
:10E350007670040038B5038A022B06D8114A0121D1
:10E36000BDE8384010480EF048BB03210C30F6F7EA
:10E37000BBFA0378044623B102210C4A0A480CF088
:10E38000D8FA0121B4F80100F9F7C4FF054608B92D
:10E39000074AE4E72178FAF7A7FE2846BDE83840A7
:10E3A000F9F73CBE2A6D0400E8FD0300B7700400D5
:10E3B000E170040030B5038A87B0142B07D8314AC6
:10E3C0000121314807B0BDE830400EF016BB1521E1
:10E3D0000C30F6F789FA0378044623B102212B4A60
:10E3E00029480CF0A6FA0121B4F80100F9F792FFD0
:10E3F000054608B9264AE3E7217961B90088FFF7A5
:10E4000095FB019038B120480221224A0EF0F5FA1E
:10E4100001A8FFF7BFFB217889BBE3788DF80430B2
:10E4200023798DF8053063798DF80630A3798DF85E
:10E430000730627AB4F8073043EA02430293A37AC2
:10E4400001AA8DF80C30B4F80B30ADF80E30B4F8EA
:10E450000D30ADF81030B4F80F30ADF81230B4F81C
:10E460001130ADF81430B4F81330ADF8163028463A
:10E47000FAF774FE2846F9F7D1FD07B030BD002247
:10E48000F5E700BF2A6D0400E8FD030026710400D3
:10E49000517104009771040073B50D461646044689
:10E4A000B8B90321184A194802B0BDE870400EF00F
:10E4B000A4BA23680193A388834201D2144A1DE0C1
:10E4C00031466846A847E8B120469DF80210F6F7A5
:10E4D000EDF9A388012B15D920460CF01FFC8DF80F
:10E4E000000020460CF01AFC8DF8010020460CF0CC
:10E4F00015FC8DF802000028DBD1064A02210348F2
:10E500000EF07BFA02B070BDC2710400E8FD03009A
:10E5100005720400E27104000138032824D8DFE802
:10E5200000F00209121BF9B9012A8CBF6FF0150027
:10E5300000207047012917D8022A15D80C4B01EB8F
:10E5400041010B4406E005290ED8032A0CD8094BDB
:10E5500003EB8103985C7047172905D8042A03D878
:10E56000054B01EB8101ECE76FF01500704700BF30
:10E57000E58E0400CD8E0400558E0400884210B54F
:10E5800000EB020311D98C18A04211D20D4940F2C0
:10E59000B3230D4A0D480BF0AEFF0D480BF0ABFF57
:10E5A00040F2B32108480BF09DFFEFD09942ECE711
:10E5B000013A114411F8012900F8012B8342F9D1E5
:10E5C00010BD00BF894704005747040057230400CB
:10E5D000E04704002DE9F0438446894616462F4C57
:10E5E0009BB01D46DDE923870CAB04F1300E1A46C3
:10E5F00020686168083403C274451346F7D1206867
:10E6000061461060227904A81A712022FFF7B6FF34
:10E610006B462022224804A900F072F80446C0BBD1
:10E62000102249460DF13500FFF7A8FF10223146B0
:10E630000DF14500FFF7A2FF294611F8013B062224
:10E640000DF156008DF85530FFF798FF22990622FC
:10E6500011F8013B0DF15D008DF85C30FFF78EFF86
:10E660004346352268460CA900F04AF8044680B9B2
:10E6700040460EF0A2FB012335228DF8303068466B
:10E680003B460CA900F03CF8044610B938460EF0A1
:10E6900094FB20461BB0BDE8F08300BF2C040400AF
:10E6A000EB8E040070B50E461D46144698B0014628
:10E6B000202204A8FFF762FF202231460CA8FFF7B2
:10E6C0005DFF1022294614A8FFF758FF10222146AB
:10E6D0006846FFF753FF6B465022684604A900F0D6
:10E6E0000FF840B9039B054A1BBAB3FBF2F102FBDA
:10E6F00011331C9A136018B070BD00BF40420F0068
:10E700002DE9F0418EB007460C461546002118222F
:10E7100008A81E4610F0BFFC4FF41053ADF81C3093
:10E720008023ADF81E304FF44063DFF85480102290
:10E73000CDE90938394605AB07A807F0FDFF0346C8
:10E7400048B1104A104801210CF0F3F86FF00400B2
:10E750000EB0BDE8F08106AB02931023224641467D
:10E76000CDE9006305982B460FF0F1FA04460598B1
:10E7700007F09CFF2043EBD0044A2346E2E700BFAA
:10E780000002C00332720400E0FD03004E72040078
:10E790000122024BC3F80424704700BF002008E0A8
:10E7A00037B540230C460A490093411A49110546E2
:10E7B0002346084A08480EF083FB014628B1284644
:10E7C000234603B0BDE83040184703B030BD00BF5A
:10E7D00018F200202DCF0300B8F20300C9B20129BE
:10E7E00008B509D9084909487E23094A0BF083FE78
:10E7F0007E2107480BF076FE0C22036901FB0233F1
:10E80000986C00F0070008BDAF72040057230400A5
:10E810007272040070B5C9B20129034600690BD9B0
:10E820001849194840F2E113184A0BF064FE40F20F
:10E83000E11116480BF056FEEFF31186402484F3E5
:10E840001288BFF36F8F0C2505FB0104A46C14F034
:10E85000C00401D0A24211D1012205FB0100826453
:10E86000002086F31188BFF36F8F30B90C225B68EC
:10E8700002FB01335B689847002070BD4FF0FF300A
:10E88000EFE700BFAF720400572304007272040068
:10E8900070B50D4606490446411A49114022054803
:10E8A000FFF7B8FF2B4601462046BDE870401847E9
:10E8B00018F20020B8F20300F8B500220121054645
:10E8C00040F20510F5F776F80F4801F0E5FD044633
:10E8D000B8B90EF06CFC2F690C4938460BF05BFFA1
:10E8E000031E09DB0126BE642D69084905F12000DD
:10E8F0000BF051FF031E02DA1C462046F8BD6E6580
:10E90000FBE76FF00404F8E7C1E90200E80B04003C
:10E910001FB5002201236C46CDE902236B46074A4E
:10E92000CDE900440EF0FBFA28B943F60952002362
:10E93000684604F00FFA04B010BD00BF39CF0300E1
:10E9400010B5EFF31184402383F31288BFF36F8F68
:10E95000074A136823F00201DB07116002D401208B
:10E9600001F07AFD84F31188BFF36F8F10BD00BFF3
:10E9700070F200200C22104B014602FB00330020F5
:10E9800030B4D3E910521864EFF31180402484F3BB
:10E990001288BFF36F8F9C6C04F0C00444F0020433
:10E9A0009C6480F31188BFF36F8F1DB12B4630BC80
:10E9B0000248184730BC704718F20020B8F2030034
:10E9C00008B506281CD8DFE800F025250D0F042522
:10E9D0002500114B986C10F007001BD1BDE80840D2
:10E9E000FFF7C8BF0120F9E70C4940F20B330C4A8E
:10E9F0000C480BF080FD40F20B3109480BF072FD22
:10EA0000064940F21533064A06480BF074FD40F201
:10EA10001531F2E708BD00BF18F20020F57C0400B4
:10EA2000727204005723040010B4EFF311804022E7
:10EA300082F31288BFF36F8F16490B6843F002040C
:10EA400013F001030C6017D0134BD3F80C3413F4FC
:10EA5000803311D0EFF3118182F31288BFF36F8FEF
:10EA60000E4A936C03F0C00343F00203936481F3F6
:10EA70001188BFF36F8F012380F31188BFF36F8F6D
:10EA80001BB1002010BCFFF775BF012010BC01F0C6
:10EA9000B9BC00BF70F2002000E0105018F2002056
:10EAA000024BC0B203EB4010704700BF18F20020C9
:10EAB0002DE9F041012206464049D1E8EF3FC1E887
:10EAC000E02F0028F9D1A3B93D493E484B60CB6007
:10EAD0008A60F2F7CFFA00280BDA3B494FF42D7326
:10EAE0003A4A3B480BF007FD4FF42D7137480BF0C5
:10EAF000F9FC002E4CD0731E012B55D8012E06D1E7
:10EB0000344BD3F8503403F00303012B40D00EF004
:10EB1000D3FD054650B1EFF31188402383F31288EB
:10EB2000BFF36F8F01252B4C2B4F20E02B4B1B7815
:10EB3000002BF0D00422274B8046C3F80823F2E7CD
:10EB400045B340460CF079F8D4F8403413F0FF0395
:10EB50000DD1D4F8082152B1C4F80831D4F80831E5
:10EB600020220123C4F84034C7F8A0212361D4F83F
:10EB70004C24D4F84C34D203E2D503F00303012B28
:10EB800001D0012EDCD155B188F31188BFF36F8F0E
:10EB9000BDE8F0810021202006F096F8D4E7042299
:10EBA0000C4BC3F80423F3E70D4940F2C623074A90
:10EBB00007480BF0A0FC40F2C62197E714F20020B2
:10EBC00004F2002038F200206E3704007272040054
:10EBD0005723040000E0105000E100E0460201204D
:10EBE000F57C040008B50448F1F74AFD0248F5F742
:10EBF000D7FA002008BD00BFFDEB020073B5044644
:10EC000003250F4E8DF80700012200200DF10701AA
:10EC100002F06EFE20B101233370204602B070BDB9
:10EC20003378002BF9D0013D08D00EF045FD0028C7
:10EC3000EAD100213F2006F047F8E5E73570ECE720
:10EC400046FD002038B5036961B921496423214A92
:10EC500021480BF050FC21480BF04DFC64211D486D
:10EC60000BF040FC486850B91D496523194A1A4801
:10EC70000BF041FC1B480BF03EFC6521EFE75868A8
:10EC800000B30024884219D108688CB99C68586088
:10EC9000A14200D19860002008602AB15A680A6039
:10ECA0009A68596002B9996000200FE02846E9E7A8
:10ECB00020609868814208BF9C60ECE705680446C4
:10ECC000002DF3D1002AE9D16FF0150038BD00BF47
:10ECD0003E730400027304005723040047730400CA
:10ECE000567304006873040008B503685F2B4FEA8D
:10ECF000531107D80C4A03F01F0352F82120DA40C1
:10ED0000D2070BD409490A484FF48263094A0BF031
:10ED1000F2FB4FF4826107480BF0E4FB0360064B03
:10ED200053F8210008BD00BF180C0400B2730400A2
:10ED3000572304007F7304000C0C040070B5446872
:10ED400001F01F05207C86B045EA4015A068002828
:10ED500072D0B2F5001F04D1294602F049F8002014
:10ED60004EE06068667CB2F5800F46624FF00006A8
:10ED700001A80196466032D1B3F1007F14BF05238C
:10ED800004238DF804300023CDE904030393E368E2
:10ED90006E46CB4013F0010F34D1B2F1A07F31D1D8
:10EDA00068460095FFF7A0FF009B203350F8233002
:10EDB000DB0727D46A462946A06801F0A9FE163071
:10EDC00018D002962946A06803AA01F041FD002848
:10EDD00016DB01222946A06801F088FFBFE7B3F1E6
:10EDE000C06F05D0B3F1007F14BF01230223C8E731
:10EDF0000323C6E76946A06801F054FF0028E0DA63
:10EE000006B070BD32462946A06801F081FE002898
:10EE1000D8D19DF80010A06801F024FF0028D1D0BF
:10EE20000749084840F2F113074A0BF064FB40F22F
:10EE3000F11105480BF056FB6FF08500E0E700BFCD
:10EE40007E69040057230400D57304002DE9F043C4
:10EE5000466840F20635337CD00601F01F0747EACA
:10EE6000431748BF032302EA050558BFC2F3401306
:10EE700087B0B5F5837F14468DF8033043D00DD8A5
:10EE8000062D42D005D8A5B1022D12D06FF0150085
:10EE900036E0B5F5807FF9D101250AE040F2022283
:10EEA000954234D0B5F5407F33D0B5F5007FEDD134
:10EEB000042522032FD5012372688B405360B0686C
:10EEC00080BB03A80397FFF70FFF039B00EB8300B2
:10EED000C4F3004383F00103C4F34044D0F880201E
:10EEE00044EA43049DF8033022F4706244EA830448
:10EEF00022F00F0244EA05231343C0F880300020BB
:10EF000007B0BDE8F0830925D3E70825D1E706253A
:10EF1000CFE70525CDE7630341BF012372688B402E
:10EF20009360CCE739460DF1020201F0F1FD14F4D3
:10EF3000403F804617D13946B06801F07BFEB8F1FA
:10EF4000000FDCD19DF80210B06801F08BFE0028A4
:10EF5000D5D01E491E48FC231E4A0BF0CCFAFC21DA
:10EF60001C480BF0BFFA4FF0000901ABCDE9019945
:10EF7000CDE90439CDF80C903946B06803AA01F008
:10EF800067FC4845BBDB14F4003314D09DF8033014
:10EF9000C4F3004484F001048DF80E308DF80C5059
:10EFA0008DF80D404B463946B06803AA01F012FDBA
:10EFB0000028C4DAA3E7CDE904330DF1030303937A
:10EFC0003946B06803AA01F043FCF1E77E6904000A
:10EFD00057230400D57304004209022A034670B582
:10EFE00003D0012A1FD002B370BD154E326951689B
:10EFF0000029F9D0012503F01F030C689D4000296A
:10F00000F2D08A682A4014D04B6883B90D4989230D
:10F010000D4A0E480BF06FFA0D480BF06CFA89217F
:10F0200009480BF05FFA0B4EE0E70B4EDEE7304687
:10F0300098471CB1236821461C46E0E72346FAE7BF
:10F040000CF303000174040002730400572304004E
:10F0500068730400F0F20300D4F2030038B5456889
:10F06000A868C0B101F0CCFD0146A0B9A86801F0C4
:10F0700083FD044688B902460949A86801F030FDBD
:10F0800022460121DB20F4F795FC2246012140F2C3
:10F090000D10F4F78FFC002038BD6FF00400FBE783
:10F0A000D9EF020070B50F48D0E90015541A63EB90
:10F0B0000506640944EAC6642026E4FB0615C0E997
:10F0C000001509490020C1E900230021074BC3E9CD
:10F0D000000106F0ABFB01462046BDE8704006F09B
:10F0E0000DBB00BF404700202847002038470020C4
:10F0F00008B500220121E420F4F75CFC164A002048
:10F10000D2F8183723F44033C2F8183702F0D2F897
:10F11000002820DB0120114902F07CF900281ADBCD
:10F1200002F08AF80E4B20F01F00C3E900010D4BDE
:10F130000022C3E900014FF0FF304FF0FF310A4BCE
:10F14000C3E90001094B0A49187A02F09DF86722C9
:10F150000020084B1A6008BD00200E5064170020E4
:10F160004047002020470020284700205C1700204F
:10F17000A5F0020098F2002008B502F05DF8064AFA
:10F18000D2E90032C01A054B61EB0201C3E900016C
:10F19000400940EAC16008BD4047002038470020D0
:10F1A00010B502F09FF90120FFF77AFCF1F7F8FFA4
:10F1B00000280BDA0C490D4840F207230C4A0BF0EB
:10F1C0009AF940F207210A480BF08CF9094B0A4AD8
:10F1D0001B684FF47A70BDE81040B3FBF2F358435C
:10F1E000064B43F0010318476E3704005723040011
:10F1F0002F7404006817002040420F0080040400B0
:10F20000F7B5224B0146224F187A224BD7E9005618
:10F21000D3E900239E4208BF954211D1B1F1806F1E
:10F220000ED24901012938BF012101224D1946F1B1
:10F230000006C7E9005603B0BDE8F04002F0F4B99B
:10F24000154BDFF858C0D3E90043DCE9002CA418C3
:10F2500043EB0C0C4FF0200E22466346C1FB0E23FD
:10F26000954276EB0301C7E900230DD2291B66EB1B
:10F270000C04C82974F10004B4BF012100210091DD
:10F2800002F092F903B0F0BD0021F8E75C1700200E
:10F290003047002028470020404700203847002002
:10F2A00002460B46014803F087B900BF3C19002015
:10F2B000014803F049BA00BF3C1900201FB50023E4
:10F2C0000A2201930293CDF80B300091014601A868
:10F2D0000FF00DFF4FF4AC73074A084908480BF0D4
:10F2E0000AF9084801A9009A0BF005F94FF4AC712E
:10F2F00001480BF0F7F800BFCC750400F57C040062
:10F30000572304000576040003460A4610B5114849
:10F3100081680C6864B910496623104A10480BF0E4
:10F32000EAF810480BF0E7F866210C480BF0DAF821
:10F330001946A04768B10C494FF436730B4A084888
:10F340000BF0D9F80A480BF0D6F84FF4367107489D
:10F35000ECE710BD28F30300617604002D7604006D
:10F3600057230400817604007E690400CC750400F4
:10F37000A776040008B50A490A480EF08DF900285E
:10F380000CDA09492F23094A09480BF0B4F8094857
:10F390000BF0B1F82F2105480BF0A4F808BD00BF11
:10F3A000A0F20020A0770020F57C0400E1760400A4
:10F3B000572304000A770400094B93F8FB31042B10
:10F3C00002D1810709D47047022B02D1020704D46D
:10F3D0007047082B03D1830601D5FFF7CBBF7047D9
:10F3E00047FD0020F0B58FB0064600AF0D464548FA
:10F3F000454903F029FF07F12400E5F774FE6C4648
:10F4000088B06A46414B0593414B06934FF4007315
:10F41000ADF81C303F4B42F8103F3F493F4807F1E1
:10F420002403F2F707FBA5463D480EF061F850B9FA
:10F4300001213C4A39480BF073FA6FF01204204660
:10F440003C37BD46F0BD384B381D7B60D2F7D0F855
:10F45000034638B10121354A30480BF06AFA6FF0A3
:10F460001504ECE74FF0FF304FF0FF31FFF718FFC6
:10F4700004460028E3D12E492E48D1F7C7FB0446A5
:10F4800010B1FFF715FFDAE76FF077037B731323F3
:10F490003873F873387407F10C00BB73E9F7A3FDF8
:10F4A00020B1FFF705FF6FF08504C8E740F60123A0
:10F4B00007F114007B613C76E9F795FD0028F0D157
:10F4C000022307F11C00C7F81D403B77E9F78BFDCD
:10F4D0000028E6D141F64C5307F10800BB60D4F791
:10F4E0001BFE0028DDD1012338463B70E9F7CDF93A
:10F4F0000028D6D1FFF7DCFE33690F481D60F5F711
:10F50000DFFB9CE7A0F2002083D00300EC4D040059
:10F510002D77040003000001C01C400138FE0300E9
:10F5200028F303005477040009F302007477040001
:10F53000484700207DF60200B9F3020030B54B4881
:10F5400087B0D1F705FA0446002840F08980D1F74A
:10F550009FFBD1F7A9FBE5F7CAFDE5F7CAFDE5F783
:10F56000CAFDD1F7ADFBD1F7B9FB4148E5F7BDFDC9
:10F5700000F0A8FDE5F7C3FDE5F7D1FDE5F7BDFD1A
:10F580000121204603AA8DF80C40D1F741FA00284A
:10F5900065DB01250221204603AA8DF80C50D1F726
:10F5A00037FA00285BDB08230721204603AAADF8C1
:10F5B0000C30D1F72DFA002851DB4FF0FB130393E9
:10F5C00040F203230321204603AAADF81030D1F7FF
:10F5D0001FFA002843DB0421204603AA8DF80C50B3
:10F5E000D1F716FA00283ADB40230621204603AA69
:10F5F000ADF80C30D1F70CFA002830DB162120468C
:10F6000003AA8DF80C50D1F703FA002827DB4FF43A
:10F6100001731721204603AAADF80C30D1F7F8F991
:10F6200000281CDB1821204603AA8DF80C50D1F7C6
:10F63000EFF9002813DB43F25303984213D90D4A24
:10F64000009029460C480BF07EF9002383F31188C3
:10F65000BFF36F8F0423184602DF6FF00B000446E0
:10F66000204607B030BD0020F9E700BFBDF2020020
:10F670005D0003009877040038FE030073B5464C24
:10F6800094F8FB310BB394F8FB31042B40D1207874
:10F690003E282FD1A378022B2AD00D2B2AD1E37834
:10F6A000012B27D1A588C5F3001500220023294688
:10F6B000F5F710FB0646F8B9C5B1002384F8FB3115
:10F6C00002B0BDE87040FFF755BE4FF0FF304FF07D
:10F6D000FF31FFF7E5FD48B9204604F2FB1100F0C9
:10F6E00049FC0546FFF7E4FD002DCCD002B070BD0B
:10F6F0000125DAE70025D8E76278274902320C3085
:10F700000BF0E9FA3146254B1B6825489847D4E7AA
:10F71000022B24D1002200230820F5F785FA0546A4
:10F720000028E3D063880433B3F5FE7F23D340F28F
:10F73000FB12012100921B481B4A0BF004F96FF0E9
:10F740000B030121194A17480BF0F3F8002383F348
:10F750001188BFF36F8F0423184602DFADE7082B33
:10F7600013D1002300222020F5F75EFA63880546B6
:10F770000028D8D1BAE71A46074905F10C000BF06A
:10F78000AAFA064B29461B68BFE70121084A05482B
:10F790000BF0CFF891E700BF47FD00209CF200205E
:10F7A00044F3030038FE0300BB770400157804001F
:10F7B000DC7704002DE9F3416F4C07462678002ED4
:10F7C00040F0D08304238DF807306C4B0588D3F8C4
:10F7D0000080B8F1000F19D1B5F5105F4FEA9523FD
:10F7E0000FD2002B5BD0013B072B00F27D83DFE8BB
:10F7F00013F02A007B03420085007B037B037B031D
:10F80000C9003F2B00F0D28201200BE30DF106036B
:10F810000DF10702611CC0470128DDD09DF80630BC
:10F8200013B9012840F094830F2363700423A3705D
:10F830000123E0702371A4F80550012300202370F8
:10F8400002B0BDE8F081384640F2064230F9033B91
:10F8500093420AD040F21D42934209D0012040F267
:10F8600006439D4200F06F8353E1D4F7D7F9F6E7E2
:10F87000D4F788FAF3E7384640F6634230F9033BA1
:10F8800093422FD00DDC40F6034293421ED040F647
:10F890002D4293421DD040F60142934212D00120E6
:10F8A00012E040F67B4293421FD040F67C429342E6
:10F8B000F5D19DF80730324902338DF80730E8F76B
:10F8C000C1FE01E0D1F748FA01263CE3E5F702FC6E
:10F8D000FAE79DF807302A4903338DF80730E8F737
:10F8E00060FAF1E7D1F74AFAEEE79DF807302449CC
:10F8F00004338DF80730E8F782FEE5E73B88A3F58F
:10F900008053013B082B00F2EF82DFE813F009007F
:10F9100012001C00ED02ED02ED02ED02ED022C00E2
:10F920009DF80730164808338DF80730E8F727FAB6
:10F93000CAE79DF80730124840338DF807300DF0C4
:10F94000A2FB0020C0E700229DF8073008338DF8A5
:10F9500007300B4B1A605A60E37A23F0600343F0E0
:10F960006003E372EDE79DF80730054806338DF834
:10F970000730E8F74BFAA7E743FF0020B0F200207A
:10F980004AFF0020384630F8033BA3F50053013B03
:10F99000A52B00F2A782DFE813F0A600C200CB007F
:10F9A000A502D400D700A502DA00DD00E000A50220
:10F9B000A502A502A502A502A502A502A502A5020F
:10F9C000E300A502E600E900F200A502FB00040145
:10F9D0000D01A502A502A502A502A5022201A5020C
:10F9E0002B01A502A5022E01310134013701A50228
:10F9F000A5024001430146014F0158015B01A502E8
:10FA0000A5025E016A017301760179017C01A502FC
:10FA10008501A502A502A502A502A502A502A502CF
:10FA2000A502A502A502A502A502A502A5028801BC
:10FA3000A502A5029101A502A502A502A502A502A3
:10FA4000A502A502A502A502A502A502A502A5027E
:10FA5000A502A502A502A502A502A502A502A5026E
:10FA6000A502A502A502A502A502A502A502A5025E
:10FA7000A502A502A502A502A502A502A502A5024E
:10FA8000A901A50294019D01A502A502A001A5025C
:10FA9000A502A502A5026101A502A502A502A50273
:10FAA000A502A502A5020002FD01AC01B501B80145
:10FAB000A502C101CA01CD01D601D901DC01DF01D6
:10FAC000E801A502A502A502A502A502A502A502BC
:10FAD000A502A502A502A502A502A502A502A502EE
:10FAE000A502EB01F401D1F753F942F26D039D42F7
:10FAF00000F2158242F263039D4200F2F78142F266
:10FB000019039D4200F2008242F20C039D4200F272
:10FB1000F48140F21D439D4200F01582D4E69DF829
:10FB20000730AF4803338DF80730D4F76DF8DCE7C2
:10FB30009DF80730AA4808338DF80730E8F7CFFA68
:10FB4000D3E7E8F780F9D0E7D4F776FACDE7E8F71E
:10FB5000D2FCCAE7E8F7C5FBC7E7E8F70FFDC4E743
:10FB6000E8F757FAC1E7E8F7AAFABEE79DF80730C9
:10FB70009B4910338DF80730E8F73FF9B5E79DF85A
:10FB80000730974808338DF80730E8F704F9ACE7F9
:10FB90009DF80730924902338DF80730E8F70FFDE2
:10FBA000A3E79DF807308E4902338DF80730E8F758
:10FBB00017FD9AE79DF80730002008338DF80730CD
:10FBC0008F23E371CC23237230236372EC23A3725F
:10FBD000C023E372012360732373A07385E79DF84C
:10FBE00007307F4902338DF80730E8F73CF97CE7AE
:10FBF000D4F784F879E7E8F75AF876E7E8F77AF87F
:10FC000073E7E8F7AAF870E79DF807307448013306
:10FC10008DF80730E8F7AFF867E7E8F78EF864E7A4
:10FC2000E8F782F861E79DF807306D4808338DF8F2
:10FC30000730E8F74CF958E79DF807306849043376
:10FC40008DF80730E8F76BF94FE7D4F76FF84CE71A
:10FC5000E8F7A4F949E7E8F72FFC46E79DF80730F5
:10FC60005F4901338DF80730E8F759FA3DE79DF811
:10FC700007305B4901338DF80730E8F783FA34E742
:10FC8000E8F75EFC31E7E8F7B4FB2EE7E8F7D9FBCD
:10FC90002BE79DF80730524802338DF80730E8F71C
:10FCA000C6FB22E7E8F79BFA1FE79DF807304C48B0
:10FCB00002338DF80730E8F78FF816E7E8F718F900
:10FCC00013E79DF80730464905338DF80730E8F70C
:10FCD000FBFC0AE7E8F71FFD07E79DF807304049FE
:10FCE00002338DF80730E8F733FDFEE6E8F729FE2A
:10FCF000FBE69DF807303A481C338DF80730E8F7EB
:10FD000042FEF2E6E8F7FFFEEFE69DF807303449E1
:10FD100002338DF80730E9F770F8E6E69DF8073012
:10FD20002F4902338DF80730E8F730FFDDE6D4F7CE
:10FD30005BFADAE69DF80730294902338DF807307F
:10FD4000E8F76EFFD1E6D4F7A3FACEE6E9F77AF842
:10FD5000CBE6D4F741FCC8E69DF8073020490233D2
:10FD60008DF80730D4F7A6FCBFE6E9F79FF8BCE6AC
:10FD70009DF807301A4822338DF80730E8F757FE10
:10FD8000B3E69DF80730164902338DF80730E8F7DF
:10FD9000F4FFAAE6D4F71EF8A7E69DF8073010484E
:10FDA000073B8DF80730E8F7A2F99EE638464FF694
:10FDB0000B4230F8033B934214D8B3F57C4F7FF6E7
:10FDC00023ADA3F57C43013B0A2B00F2A780DFE8BB
:10FDD00003F0212FA5A5A556A5A5444D590000BFA8
:10FDE0004AFF002003F2FD2292B2132A3FF60CAD27
:10FDF000A3F57D43033B132B00F29080DFE803F073
:10FE00004B8E4E8E8E8E51578E548E8E8E5A5D8EA8
:10FE10008E668E6F9DF8073054480C338DF807308E
:10FE2000E5F786F94FF6025225F00803934273E690
:10FE300000209DF8073040338DF807304B4B188079
:10FE4000E37923F0230343F02303E371237A23F0C0
:10FE5000070343F007032372E4E79DF807304348A4
:10FE600017338DF80730E5F77EF9DBE79DF80730AB
:10FE70003E4820338DF80730E5F799F9D2E7E5F7EA
:10FE800070F9CFE79DF80730384801338DF8073017
:10FE9000E5F7AAF9C6E7E8F7F8FCC3E7D4F73CF9B9
:10FEA000C0E7E5F7B7F9BDE7E8F7D8FCBAE7E8F748
:10FEB0007EFCB7E7E8F799FCB4E79DF807302B49DB
:10FEC00003338DF80730E8F79CFCABE79DF807306B
:10FED000264904338DF80730E5F7A0F9A2E7D4F7F7
:10FEE00023F99FE7012000E6012003E6A5F5015371
:10FEF000243B40F2F5229BB220E0A5F500530D3BD8
:10FF000041F241229BB219E042F232039D421AD0E3
:10FF1000A5F50153033B012B15D9D5E4012042F28D
:10FF200094039D423FF67EAF42F276039D427FF6F8
:10FF3000CBACA5F50153373B0D4A9BB222FA03F334
:10FF4000DB077FF5C1AC86F001068DF8066065E43D
:10FF50009DF807300E22A37001236270E370A58024
:10FF6000A0716AE44FF0FF306AE400BF4AFF00204E
:10FF700081408A2638B5094C0D4623781BB9BDE867
:10FF80003840E5F7DEBAA278611C02320FF05DF866
:10FF90000020042320702B7038BD00BF43FF0020D9
:10FFA00070B506460C460F4D28460DF0A1FAA8B1D3
:10FFB000A2B2AB681B6863B90B4966230B4A0C48B5
:10FFC0000AF099FA0B480AF096FA662107480AF0F7
:10FFD00089FA31462846BDE8704018476FF0120094
:10FFE00070BD00BF28F30300617604002D76040085
:10FFF0005723040081760400034610B50A46197998
:020000023000CC
:100000000123006803FA01F1436804691B6819427F
:100010000ED10E4940F2A2630D4A0E480AF06BFA67
:100020000D480AF068FA40F2A26109480AF05AFA4B
:100030002368194218BF82F0010222B18368DB688D
:10004000BDE81040184783681B69F9E719230400CD
:10005000E8220400572304007423040070B504460A
:10006000134D2878A04220D0FF28124E0FD0002137
:1000700006EBC000FFF7C0FF48B10F4959230F4AF4
:100080000F480AF038FA59210C480AF02BFA0121DE
:1000900006EBC400FFF7B0FF38B107495D23074AFC
:1000A00007480AF028FA5D21EEE72C7070BD00BF0A
:1000B0000A1800206C0C04007E6904006D780400AE
:1000C000572304002DE9F04100260127344C206815
:1000D0002179E38803F03002302AD0F810E0D0E92B
:1000E00001580ED12F4940F2F7332F4A2F480AF01A
:1000F00002FA2F480AF0FFF940F2F7312A480AF0D5
:10010000F1F903F00602042A09D12A4940F2FE332C
:10011000254A26480AF0EFF940F2FE31EEE72D6855
:10012000DA0707FA01FC54BF43F4B01383F4D01389
:100130001CEA050F23F480120CD11F4940F2114331
:10014000194A1A480AF0D7F91C480AF0D4F940F2C3
:100150001141D3E7DEF80050DB074CBF4CEA050540
:1001600025EA0C05CEF80050D8F80030984705462F
:1001700060B16A23124A13490C480AF0BCF92946B7
:1001800011480AF0B8F96A210D48B8E7731C022B30
:100190004FF0010604F1080499D1BDE8F08100BFD9
:1001A0006C0C0400B8250400E82204005723040066
:1001B000F12504002E2604001923040074230400F2
:1001C0006D7804007E690400AD780400002108B554
:1001D0000B48FFF711FF014638B90A48FFF70CFF3B
:1001E00018B9FF22084B1A7008BD08490848742343
:1001F000084A0AF080F9742106480AF073F900BF32
:100200006C0C0400740C04000A1800207E690400C1
:10021000572304006D7804004FF40071014805F085
:1002200011BF00BF460001201FB500230A22019321
:100230000293CDF80B300091014601A80EF057FF54
:1002400040F24D13074A084908480AF054F9084893
:1002500001A9009A0AF04FF940F24D1101480AF045
:1002600041F900BFD6780400F57C04005723040050
:1002700003790400322337B50125ADF8043000239B
:100280001C216846104A8DF80630ADF800508DF8F4
:100290000230E4F775FC044698B90CF057FE80B2C2
:1002A000E3F722FA2A4621468520F3F783FB2A4604
:1002B0002146E520F3F77EFB2A4621468A20F3F704
:1002C00079FB204603B030BD2902030008B54FF08A
:1002D000FF304FF0FF31FEF7E3FF48B10749084810
:1002E000E623084A0AF007F9E62106480AF0FAF878
:1002F000ECF72BFBBDE80840FEF7DABF1A790400E3
:1003000057230400D6780400024608B50A480B4675
:100310000A4903F0FBFA00280CDA09494723094A85
:1003200009480AF0E8F809480AF0E5F847210548C5
:100330000AF0D8F808BD00BFA0770020681300209D
:10034000F57C0400E17604005723040027790400BB
:1003500008B50A490A480DF09FF900280CDA094946
:100360002F23094A09480AF0C6F809480AF0C3F8D9
:100370002F2105480AF0B6F808BD00BFBCF20020E6
:10038000A0770020F57C0400E176040057230400E8
:100390000A7704000122054B05491A63A3F543239C
:1003A000D3F818050860C3F81825704700E010500E
:1003B000B8F200200122044B5A63044B1A68044B24
:1003C000C3F81825704700BF00E01050B8F20020B5
:1003D00000B0045003460221014A02480AF0A9BABB
:1003E0006179040098FE030028B1022806D1042098
:1003F000034B1B681847024B1B68FBE7FFF7EABF7C
:10040000CCF2002010B538B101280BD1BDE8104066
:1004100000200B49E3F778B80A4B0220BDE81040F2
:100420001B68184708494C23084A09480AF063F832
:1004300008480AF060F84C2104480AF053F800BF5D
:10044000E9030300CCF20020F57C04007D79040070
:1004500057230400BA79040008B598B1012804D1E3
:10046000BDE808400020E3F76BB807495F23074A5F
:1004700007480AF040F807480AF03DF85F210348B2
:100480000AF030F808BD00BFF57C04007D79040057
:1004900057230400BA790400014B1860002070470C
:1004A000CCF20020064BD3F840231C2A05D1D3F808
:1004B0004403431E5842584170470020704700BF14
:1004C00000C0FF0003689A070CD50368DB070DD551
:1004D0000922074BC3F80C250F22C3F8042501227B
:1004E0001A60FEE7034B0360EF3B0360704700BFF9
:1004F00000801050F000FA5008B50123424A4348EA
:10050000C2F80038424AD2F840231C2A04BF414AAC
:10051000C2F80C34FFF7D6FF0830FFF7D3FF0830DE
:10052000FFF7D0FF0830FFF7CDFF00F5F470FFF7BD
:10053000C9FF394AD2F88C3043F44063C2F88C309A
:100540000022D30003F57F0303F54043D3F80014E2
:1005500001310AD0D3F8001439B1D3F800140132B4
:10056000D3F80434402A0B60EBD1274BD3F8402456
:10057000002A44D0FFF796FF48B1254BD3F8342327
:10058000264B9A429EBF204B254AC3F84026FFF7D0
:1005900089FF18B1234B244AC3F8AC27FFF782FF29
:1005A00048B13422184BC3F82426D3F83C2622F451
:1005B0000022C3F83C261D4B1749D3F80026D2076A
:1005C00044BF6FF00102C3F80026194BD3F8182579
:1005D00022F00302C3F81825D3F8182542F00302CD
:1005E000C3F81825D1F88C2042F44062C1F88C2061
:1005F00000221049C1F8D426C3F8A02508BDC8229E
:10060000C3F84024B6E700BF0000125000C50D50EB
:1006100000C0FF000030055000ED00E0001D0A188A
:1006200040E0A91E00A0085078000A0400E0105025
:1006300000B0045000600D505F2898BF074B4FEA90
:1006400050129FBF53F8223000F01F0023FA00F031
:1006500000F0010088BF0020704700BF980C040024
:10066000034A4309D35C00F01F001844C0B270472E
:10067000FB8E040010B504460846FFF7F1FF04EBBB
:100680004000838ADA051CD5C3F3432123F4F853D1
:10069000838204F1120204F1580032F8023F13F48D
:1006A000807F03D0C3F3432399420AD09042F4D110
:1006B000002204EBC1035A6004F160000CF097FDC6
:1006C00000B910BD054906484FF4DB73054A09F02F
:1006D00012FF4FF4DB71034809F004FF7E69040048
:1006E00057230400DA79040010B50168044608466F
:1006F000FFF7A2FF58B910494FF482630F4A104820
:1007000009F0F9FE4FF482610C4809F0EBFE01F0AC
:100710001F035F2923604FEA511209D9094940F2AA
:100720001943064A064809F0E6FE40F21941EBE794
:10073000054B53F8220010BDB27304007F73040010
:1007400057230400F57C04008C0C0400072808B52E
:100750000BD90849084840F2A733084A09F0CBFEF4
:1007600040F2A731054809F0BDFE800000F5807019
:1007700008BD00BF4D7A040057230400187A040016
:10078000F0B50646002487B0114F019117F8012BF0
:1007900006AB03EBD20313F8143C02F00702D3407C
:1007A00013F0010306D10134032CEFD100231846C6
:1007B00007B0F0BD074A03AD07CA85E8070055F842
:1007C00024100A6A46F824200A62002AEBD0EEE7D9
:1007D0000B8F040028FF0300F7B504460846FFF717
:1007E0003FFF04EB4006B38A0D46DB072AD52046BF
:1007F0000CF0F6FD294620460CF012FD50B12046C3
:100800000CF03DFD0023276807EB8000C0F8103591
:10081000C0F81035204600242946FFF72BFFB4828C
:1008200001A80195FFF760FF019B00EB8300D0F862
:100830008020064B134043F00203C0F8803020466E
:1008400003B0F0BD6FF01500FAE700BFF0F0FCFF59
:100850002DE9F0430E461746044685B058B95A496B
:100860005A4840F25E435A4A09F045FE40F25E4162
:10087000574809F037FE0846FFF7F2FED7F8008028
:100880000546B8F1000F19D020460CF0EDFC18BB5E
:100890004346CDE900008DF80E008DF80F000DF1F4
:1008A0000F0230460DF10E010CF012FD04EB450273
:1008B000938A23F0020343F0010393827B689BB386
:1008C0003146204693F80080D3F804900CF0C1FC28
:1008D00028B1B9F1000F1FD06FF0150027E004EB2D
:1008E0004500838A23F4604323F020038382B9F117
:1008F000000F11D0B8F1030FEED87B6821685B6858
:1009000093F800C04FEA8C031944B8F1000F11D1DD
:10091000C1F81085C1F8108504EB4502938A23F0D5
:100920001C0343EA88039382BB684BBB002005B0DD
:10093000BDE8F083D1F8102522F00302C1F810259C
:1009400022681344D3F8102522F4473222F47C7233
:10095000C3F8102541F6F072D3F8101502EA06121A
:1009600042EA08420A43C3F8102504EB4C03A3F8FB
:100970006460838A43EA4C3343F020038382CBE7ED
:100980003146D3E900782046FFF774FE002FCDD022
:1009900063689F4206D004F160000CF00EFC002852
:1009A00004DAC4E7A3689845F5D1002004EBC0033E
:1009B000C3E9017804EB4505AB8AC0B243EA4023A2
:1009C00043F48073AB82B1E7577A040057230400E5
:1009D000DA7904002DE9FF410D4616461F4604460C
:1009E00058B93B493B484FF48D633B4A09F083FDBE
:1009F0004FF48D61384809F075FD0846FFF730FE69
:100A0000804616B320460CF024FC18B920460CF0A2
:100A100007FC08BB294620460CF00DFC10B173788A
:100A2000012B19D001238DF80F300023721CCDE962
:100A300000632846B31C0DF10F010CF049FC04EBD8
:100A40004802938A43F003039382002F3ED0294645
:100A500020460CF0FEFB20B96FF0150004B0BDE895
:100A6000F08100223E78236804EB480003EB860304
:100A7000C3F81025C3F81025838A4FEA860C23F4A7
:100A8000604323F0200383827978F9B12268134B05
:100A90006244D2F81045BF782340C2F8103541F6C1
:100AA000F073090401F4403103EA05130B433905DF
:100AB000D2F8104501F480110B432343C2F81035DE
:100AC000838A43EA463343F0200383820020C5E74C
:100AD000577A040057230400DA7904000FE0ECFF92
:100AE00008B558B90749084840F27143074A09F068
:100AF00002FD40F27141054809F0F4FCC0E903121F
:100B000008BD00BF577A040057230400DA790400B7
:100B100070B51546044658B9134940F27A43134A52
:100B2000134809F0E8FC40F27A41104809F0DAFC79
:100B30004AB9104940F223330C4A0D4809F0DBFC56
:100B400040F22331F1E70CF06BFB48B10846FFF7A8
:100B500087FD04EB40040020A38A5B0B2B7070BD63
:100B60006FF01500FBE700BF577A0400DA79040044
:100B700057230400627A0400F8B5044658B91B49AB
:100B80001B484FF491631B4A09F0B5FC4FF4916187
:100B9000184809F0A7FC90F8745090F8757015BBD0
:100BA0004622294614300EF076FA134B266853F885
:100BB0003770AF4212D1002540F20D10C6F84451F3
:100BC000D6F844310D4B9E4208BFDB20F2F7D0FE31
:100BD0000123284684F874302366F8BDE8B2FFF795
:100BE000B5FD0135E5E76FF07700F6E7577A0400C9
:100BF00057230400DA790400A40C040000A00D506F
:100C000008B558B90849094840F28F43084A09F025
:100C100072FC40F28F41064809F064FC90F87400C1
:100C2000003818BF012008BD577A0400572304007C
:100C3000DA79040008B558B90749084840F29D43DD
:100C4000074A09F058FC40F29D41054809F04AFC6A
:100C5000BDE80840FFF7C0BD577A040057230400E1
:100C6000DA79040008B558B90A490B4840F2A443A0
:100C70000A4A09F040FC40F2A441084809F032FC5D
:100C8000074B90F8750003EB8000BDE808400CF0BE
:100C9000AEBA00BF577A040057230400DA79040083
:100CA0006C17002010B50C4658B90C490C4840F29E
:100CB000AB430C4A09F01FFC40F2AB41094809F074
:100CC00011FC094B90F8750003EB80000CF075FAED
:100CD0000028A4BF2070002010BD00BF577A040078
:100CE00057230400DA7904006C1700202DE9F34142
:100CF0000D461646044658B938494FF4A563384A9C
:100D0000384809F0F8FB4FF4A561354809F0EAFBD3
:100D10000CF091FA48B9344940F23543304A314831
:100D200009F0E9FB40F23541EFE720460CF078FA94
:100D30002768F8B120460CF08CFA8046D0B92046DE
:100D40000CF09DFA0546FFF701FD47F800803B587F
:100D5000236803EB8503D3F8102542F00102C3F8A2
:100D6000102526B101232268AB40C2F8143302B02B
:100D7000BDE8F081D7F814339B035CBF4FF4003318
:100D8000C7F814334EB9194940F24F43144A154875
:100D900009F0B1FB40F24F41B7E72846FFF760FC8E
:100DA00004EB4004A38AC3F38203042B11D0052B68
:100DB00011D001A80195FFF797FC019BC168D940AC
:100DC00001F001010231284602B0BDE8F0410CF00B
:100DD000CCBA0321F7E70221F5E700BF577A0400F8
:100DE000DA790400572304006C7A04008D7A040039
:100DF00008B558B90749084840F22F53074A09F087
:100E00007AFB40F22F51054809F06CFBBDE8084021
:100E10000CF0E6BA577A040057230400DA7904008C
:100E20002DE9F04F07468DB058B97349734840F229
:100E30005C63734A09F05FFB40F25C61704809F043
:100E400051FB804658F804BB90F87540DBF814134A
:100E50006C4BC9B253F83420584641F400310CF0C1
:100E600093FA8203054639D50023CDE909330B9364
:100E7000644BE60003EBC404636809A819460193B8
:100E8000FFF77EFC331D04934FF0000A5E4B0DF11B
:100E900024090393039A5B4912F8013B0392049AD5
:100EA00002EBD3028A5C03F0070322FA03F3DB07A9
:100EB0001AD40AF1010ABAF1030F09F10409E9D1C0
:100EC0004FF40031002258460CF05EFA019909A84F
:100ED000FFF756FC0028D7D125F400350124002D5A
:100EE00074D10DB0BDE8F08F484B53440593D9F849
:100EF00000100029DDD091FAA1F1B1FA81F1059B32
:100F00001C7841EA44142046FFF7AAFB07EB400097
:100F1000828AC808C2F38203CDE906230293012323
:100F200019F8006001F0070103FA01F126EA010156
:100F300009F8001008A80894FFF7D6FB0899069A4C
:100F4000203150F8216012F0100F079BC6F30146C4
:100F500023D021464046029A0CF09BF908A8089439
:100F6000FFF7C2FB089BF6B2203350F82330C3F3DF
:100F700001439E4207D1002120460CF0F6F931468C
:100F800020460CF0F2F908A80894FFF7ADFB012207
:100F9000089B02FA03F30362A9E7022E14BF0221A1
:100FA0000321204606930CF0E0F9069B032B03D0A7
:100FB000022E07D1012BE6D121464046029A0CF0C1
:100FC00068F9E0E7032EDED1022BF4E795FAA5F3EA
:100FD000B3FA83F304FA03F225EA020503F5A272D9
:100FE0005BF8222007EB43034046B3F86410C2F3DA
:100FF00001420CF04EF972E7577A040057230400BF
:10100000DA790400A40C04000B8F04000B8F040099
:101010000123034A03FA00F0936803439360704787
:10102000981300200123044A03FA00F0936823EA8E
:1010300000039360704700BF9813002073B5044607
:101040000191EFF31186402383F31288BFF36F8F72
:101050000B4D019B6A6801A8134001930CF0ADF899
:10106000002807DB01226B68824023EA02036B60E1
:101070002070002086F31188BFF36F8F02B070BD1F
:101080009813002008B5154B027AD3F8101521F0FB
:1010900001010A43C3F810250268B2F5803F0BD363
:1010A0000F4940F2B9730F4A0F4809F024FA40F291
:1010B000B9710C4809F016FAC3F8A4264268FF2A51
:1010C00009D90A4940F2C473064A074809F013FADD
:1010D00040F2C471EDE7C3F8AC2608BD00200E5005
:1010E000CB7A0400987A040057230400F37A0400B2
:1010F0000B2808B50BD90A490A4840F244730A4A3A
:1011000009F0F9F940F24471074809F0EBF90023BE
:10111000000100F1A04000F56220C0F82C3508BDA8
:10112000197B040057230400987A04000B2808B5A3
:1011300001D800290BDA0B490B4840F216530B4A31
:1011400009F0D9F940F21651084809F0CBF900012D
:1011500000F1A04041EAC27100F56220C0F82815F4
:1011600008BD00BF2D7B040057230400987A0400BB
:101170000B2808B50BD90B490B4840F20B530B4A0F
:1011800009F0B9F940F20B51084809F0ABF9000138
:1011900000F1A04000F56220D0F82415D0F8200519
:1011A00008BD00BF197B040057230400987A04008F
:1011B0000B2808B50BD911494FF4A063104A114808
:1011C00009F099F94FF4A0610D4809F08BF9B3F5D6
:1011D000801F09D30C4940F20253094A094809F01B
:1011E0008AF940F20251EFE7000100F1A04000F55A
:1011F0006220C0F82025C0F8243508BD197B040002
:10120000987A040057230400697B0400012303FA41
:1012100000F010F0670F0AD0064B5B68DB4303F069
:10122000670303420CBF6FF01500002070474FF0BA
:10123000FF3070479813002038B50E4B1B78012BF8
:101240000BD14FF0FF326FF040430B4CD4E900015B
:10125000824273EB0105F9D338BD0849084840F2D2
:101260001913084A09F047F940F21911054809F025
:1012700039F900BF9813002040270E50C27B0400AC
:1012800057230400867B040030B50C25074B1C183F
:1012900094F8544005FB0433C3E903121875012385
:1012A000034A8340C2F8243330BD00BF98130020A6
:1012B00000200E50F0B5504D85B02C78002C40F039
:1012C00095804E4A01AB07CA83E807004C4918468F
:1012D000D1F8102522F00202C1F81025FFF7D2FE46
:1012E0000723672202F001012144013BCCB24FEAFF
:1012F0005202F7D1052C7CD119464FF0010C3E4E1D
:1013000000246720CFB204E00CFA02F220EA0200C7
:10131000013490FAA0F25FFA84FE7745B2FA82F2C5
:10132000F2D80131327505292A4482F8547006F149
:101330000C06E5D10121002432489A0801FA02F294
:1013400012F0670F18BF1C500433302BF5D1E42086
:10135000F2F70EFB2A4B0024D3F81025012622F0C9
:101360000202C3F8102540F6FF72C3F82823C3F821
:101370008041C3F88040C3F88441C3F88440C3F877
:101380008841C3F88840C3F88C41C3F88C40C3F847
:101390009041C3F89040C3F89441C3F89440C3F817
:1013A0009841C3F89840C3F89C41C3F89C40C3F8E7
:1013B000A041C3F8A040C3F8A441C3F8A440C3F8B7
:1013C000A841C3F8A840C3F8AC41C3F8AC401E66BE
:1013D0000D4B0E4A1B685D20B3FBF2F358430C4BD8
:1013E0003343984720462E7005B0F0BD6FF077006C
:1013F000FAE76FF08B00F7E79813002034FF030043
:1014000000200E5000210E506817002040420F00AF
:101410009004040038B52C4B0D461B78012B0BD0E3
:101420002A492B4840F206232A4A09F064F840F280
:101430000621284809F056F8274BD3F810259407C1
:101440003CD4D3F8102542F00202C3F81025C0B1F5
:10145000D3F8482712F0010202BFD3F8481741F031
:101460000101C3F848171C4BD3F84017D3F84417B1
:101470004800F9D42AB9D3F8482722F00102C3F86A
:101480004827164B164A1B68B3FBF2F3124A03EBCC
:101490004313B3B1D2F84017D2F8441749000BD424
:1014A0004FF0FF312846FFF7C9FD044610B92878F0
:1014B000FFF7AEFD204638BD013BEAE76FF0770449
:1014C000F8E76FF07304F5E798130020C27B04007F
:1014D00057230400867B040000200E50681700206C
:1014E00040420F002DE9F041294D6C682B78E44310
:1014F00004F067045BB9274927484FF41173274A62
:1015000008F0F9FF4FF41171244808F0EBFF67224F
:1015100000264FF00108224BC3F82823F7B2DCB9AC
:10152000E420F2F733FA1E4BD3F8482722F00102E9
:10153000C3F84827D3F8102522F00102C3F810257C
:10154000D3F8102522F00202C3F8102501225A66B2
:101550009A662C70BDE8F081AB6808FA06F10B4082
:1015600013F0670F02D03846FFF75CFD6B68DB4372
:1015700003F067030B4208D03846FFF7B9FDE307D5
:1015800003D5394607480BF032FE64080136C5E73B
:1015900098130020EB7B040057230400867B040093
:1015A00000200E509C1300202DE9F04104461D46FA
:1015B000FFF72CFE904607469DF8186058B1154974
:1015C000154840F2BB23154A08F095FF40F2BB21B5
:1015D000124808F087FF12490B1993F854300C3366
:1015E00001EBC30041F8332045602B4620466EB125
:1015F0000C4EA400FFF7DCFD33592BB1FFF71CFEA6
:101600004045A94100D23751BDE8F081BDE8F04125
:10161000FFF7CEBD167C040057230400867B040030
:101620009813002000210E50F8B50546FFF7EEFD97
:1016300058B11149114840F21933114A08F05BFFC3
:1016400040F219310E4808F04DFF0E48431993F847
:1016500054300C3350F8334000EBC30CDCF804601A
:10166000641846F1000640F83340CCF80460284680
:10167000BDE8F840FFF75ABD167C0400572304006C
:10168000867B0400981300202DE9F7432C4B2D4F47
:10169000D3F82C6307F1880916B903B0BDE8F083CD
:1016A00096FAA6F80123B8FA88F803FA08F3D943A2
:1016B00026EA030607EB080393F854500C2303FBB8
:1016C0000573187D40450BD01F49204840F2B733C1
:1016D0001F4A08F010FF40F2B7311D4808F002FF22
:1016E0001C4CDB684FEA880214441BB3D9E8EF3F77
:1016F00003EA0102C9E8EC2FBCF1000FF6D123FA8E
:1017000008F3DB0711D5FFF733FD02460B462168CE
:101710000029C1D0002121600C2101FB0575296938
:1017200040460091E9688847B6E707EBC503D3E96F
:101730001823ECE72268002AAED02360ACE700BF94
:1017400000200E5098130020357C0400572304001D
:10175000867B040000210E5008B50649064840F279
:10176000D623064A08F0C7FE40F2D621034808F007
:10177000B9FE00BF8D7C040057230400597C04008F
:10178000202908B501D9FFF7E7FF054B40EA012002
:10179000C3F80005D3F80024D207FBD508BD00BF6D
:1017A00000B0045008B5124BA822002118460DF0D5
:1017B00072FC03220F49026142610F4A8161C261DA
:1017C0004FF480520262002282624262C26201666B
:1017D0000A49034641661021816609490267C266CB
:1017E000426711F8010D98540132102AF9D108BD51
:1017F00070100020B37C0400700000206000002006
:101800001E8F04002DE9F74F1826DFF888808146E7
:1018100006FB008700FB06667D6AD7F828C04644B1
:101820007368AC458B46144603EB050025D83B6A2C
:10183000A3EB050A0AF1FF3E724507D82C440DF0D0
:1018400004FC7C62012003B0BDE8F08FE6447245E1
:101850001ED8524601930DF0F8FB019B2C44E41A6C
:1018600005D0224670680BEB0A010DF0EEFB182341
:1018700003FB0988C8F82440E4E70CF1FF3CACEB1B
:10188000050C944504D325440DF0DFFB7D62D9E7B8
:101890000020D8E770100020F8B5182700FB077566
:1018A000124B0E461D4407FB0033DB6A1446012B26
:1018B0000AD0022B14D023B928460BF0B6FD84427F
:1018C00008D900242046F8BD28460BF0AEFD84421E
:1018D00028BF04462246314628460BF0AFFDF1E70B
:1018E0002846BDE8F8400BF0C4BD00BF70100020D2
:1018F000F8B50B4B04461B780E46532B174601D008
:10190000FFF750FF0BF0E3FD3A460546314620460F
:10191000FFF7C2FF044628460BF0E1FD2046F8BD64
:10192000701000201822034B02FB00339A6A586A99
:10193000801A704770100020002310B4074A08492D
:10194000C85C12F8014D844204D10133102BF7D149
:1019500010BC704710BCFFF725BF00BF1E8F0400EE
:101960007010002038B5436905463BB90024EA6889
:101970006042537843F00103537038BD98470446E2
:101980000028F3D000F1FF03FE2B0ED92123094AD2
:1019900009490A4808F0AFFD29680948224608F0BD
:1019A000AAFD2121034808F09DFDEB6844421C700C
:1019B000DDE700BFBC7C0400DF7C0400572304008B
:1019C000F77C040010B50446EFF7D8FE0348012168
:1019D000034A08F0A5FF20460BF095FDA0FE03008A
:1019E0001C7D04002DE9F84304460D4600AFEFF3DB
:1019F0001188402383F31288BFF36F8F0428324A83
:101A000098BF324BE9468AB09668117C98BF53F86C
:101A100020306A4688BF2E4BCDE9073140F20133B2
:101A20002C48ADF824302C4BCDE9050442F8103F8A
:101A300000234FF431512948EFF7FCFFCD4645B163
:101A4000EB69C3F3080323B10121254A234808F0B9
:101A500067FF2EB130460BF038FE08B1037803B9AA
:101A60002048E9468AB06A461F4B0790CDE9053603
:101A700040F20133ADF820301C4B42F8103F0023F8
:101A80004FF411511548EFF7D5FF2946CD462046B2
:101A9000FFF798FF042C0CD115498723154A1648E7
:101AA00008F029FD154808F026FD8721114808F0A7
:101AB00019FD88F31188BFF36F8F3046F2F724F8D1
:101AC000BD46BDE8F88300BFD0F20020B40C04008E
:101AD0002B7D0400397D040005000001A0FE0300F9
:101AE000617D0400AD4D0400827D0400040000010E
:101AF000BC7D04009A7D040057230400D97D0400B6
:101B000038B50A4B53F82040013053F82050A54215
:101B100000D838BD606830B1037EDB0701D4FFF721
:101B200021FF0834F3E723689847FAE7C80C04005C
:101B3000012270B5364B86B003201A70FFF7E0FF24
:101B40000BF0A3FE0420FFF7DBFF324C324DAC421A
:101B5000264628D931494423314A324808F0CBFC83
:101B6000314808F0C8FC44212D4808F0BBFC54F86B
:101B70000C3C059354F8103C049354F8143C039324
:101B800054F8183C029354F81C3C019354F8203C40
:101B9000009354E90A2354E90C0102F069F954F85E
:101BA000303C5E65D3E7AE4204F13004DFD302F08F
:101BB0003FFE184CAC421FD918496823184A1948EF
:101BC00008F099FC184808F096FC6821CCE7D4E9A5
:101BD0000A23B3F1FF3F08BFB2F1FF3F05D052EA3D
:101BE0000301206803D103F0A5F83034E2E70F4980
:101BF000183003F03BFCF8E7E9D302F08BFEEBF77B
:101C000051FE0B4A938923F00103938106B070BD06
:101C100046020120D8FB030008FC0300797E040083
:101C2000587E040057230400D73504001D440300E8
:101C3000D0780020882370B5134E012203FB006684
:101C4000002386B0CDE904230F220193CDE90232AF
:101C500014234FF4A0720D4D0D4903FB00550446AB
:101C600002FB00110B4B3046009502F001F9337C6A
:101C70002C7423F004033374074B013403EBC423A7
:101C8000EE606B6006B070BD48780020D0F2002096
:101C9000704301208D210300703B01207FB500209F
:101CA000FFF72EFF344B03F5006282F3088883F3BD
:101CB0000A88E023314C84F822302023E377002384
:101CC00023766376A37684F82030626A42F4E022B9
:101CD000626284F82330F1F7B7FDF1F7FFFE4FF0B1
:101CE000FF33A362E362F2F72BF9F1F77BFFEFF723
:101CF0006FFC234802F066F9224B234A93420ED927
:101D00002249CC23224A234808F0F5FB224808F058
:101D1000F2FBCC211E4808F0E5FB1C33EEE7FCD3B8
:101D20000120FFF7EDFE02201C4CFFF7E9FE02F058
:101D3000ABFE1B4B00255C611A4B4FF480520593A0
:101D400001231949CDE903532046184BCDE901552C
:101D5000009502F08DF80646237C204623F004030C
:101D6000237402F0CDFA2846FFF764FF314620467F
:101D70000E4AF1F793FE00BF703B012000ED00E03A
:101D8000007A0020B8F2030060F30300A67E04008E
:101D9000587E040057230400D7350400D078002073
:101DA000D0F20020BE7E0400B0440120311B0300AD
:101DB00038B50D4C0D4DAC4213D90D4925230D4AB4
:101DC0000D4808F098FB0D4808F095FB25210948BF
:101DD00008F088FB2046D4E901120BF09CFB183474
:101DE000E9E7F7D3002038BDD8180020D818002024
:101DF000307F0400C67E040057230400D73504005A
:101E0000F8B505460E4600F11404EFF311874023A0
:101E100083F31288BFF36F8F204603F0CDFA68B9C1
:101E200084231B4A1B491C4808F065FB21461B48BC
:101E300008F061FB8421164808F054FB204603F0AB
:101E4000DFFA28463146EDF7D5FE05F10C0002F029
:101E5000D3FD28B139462046BDE8F8400BF079BCE7
:101E6000204603F0B7FA68B94FF49973084A0C4951
:101E7000094808F040FB21460A4808F03CFB4FF4B3
:101E80009971D8E787F31188BFF36F8FF8BD00BF52
:101E9000703304009D33040057230400B233040060
:101EA000C8330400DF33040038B50E4C0E4DAC428D
:101EB00012D90E49A2230E4A0E4808F01CFB0E4808
:101EC00008F019FBA2210A4808F00CFB20460BF091
:101ED0002CFB20B92034EAE7F8D3002038BD6FF09E
:101EE0001500FBE758180020D81800206E7F04006A
:101EF000497F040057230400D73504002DE9F74338
:101F000005460F4691461C4600F10806EFF311887E
:101F1000402383F31288BFF36F8F304603F04CFAEF
:101F200060B98423314A3249324808F0E4FA314634
:101F3000314808F0E0FA84212C4826E0304603F0CE
:101F40005FFA2B691BB33B601C68EB692C610133A2
:101F5000EB6114B96A6993421FD0EB68E41A09D4A3
:101F6000D5E905235A43A24204D9B4FBF3F203FB9B
:101F7000124494B12149F723214A1E4808F0BBFAC4
:101F8000204808F0B8FAF7211D4808F0ABFA59EAE2
:101F9000040214D16FF00B043B60304603F01AFAD0
:101FA000F0B94FF49973114A1749124808F0A3FA8F
:101FB0003146164808F09FFA4FF49971BCE7CDE915
:101FC00000942A464146304602F070FA044618B999
:101FD0000F4B9B685B693B60204603B0BDE8F08314
:101FE00088F31188BFF36F8FF6E700BF70330400EA
:101FF0009D33040057230400B23304008B7F040098
:10200000497F040007800400C8330400DF33040064
:10201000D0F200202DE9F843C3680546CB1A0E46DE
:1020200023D4D0E90512514399421ED9B3FBF2F1F2
:1020300002FB1133CBB900F10807EFF311894024FB
:1020400084F31288BFF36F8F384603F0B5F9D8B91F
:102050008423414A4149424808F04DFA39464148F3
:1020600008F049FA84213C480CE03F4940F21F1334
:102070003E4A3B4808F03FFA3D4808F03CFA40F23F
:102080001F113A4808F02EFA384603F0B9F9D5F88E
:102090001080B8F1000F40D1EFF3118384F3128860
:1020A000BFF36F8F83F31188BFF36F8F5BB9314933
:1020B000BB23314A2A4808F01EFA304808F01BFAC0
:1020C000BB212D48DEE72C68A54226D02CB3A3689F
:1020D0003BB92B49A423284A214808F00CFAA42133
:1020E000EFE7D4E9003213605A60237CC4E900882A
:1020F00023F002032374C4F8088004F1180003F0ED
:1021000091FA2046C4F88080666102F0F9F84946E9
:102110003846BDE8F8430BF01CBB2B6938463360EA
:10212000EB692E61013BEB6103F054F968B94FF4A0
:102130009973094A13490A4808F0DDF939461248EB
:1021400008F0D9F94FF499718DE789F31188BFF33D
:102150006F8FBDE8F88300BF703304009D33040027
:1021600057230400B2330400F57C0400497F0400C7
:10217000228004006F800400448004002D7F04004E
:1021800087800400C8330400DF33040008B50D4B1A
:102190009B6893F90E30002B09DB4024EFF3118389
:1021A00084F31288BFF36F8F08F03AFDF6E7064913
:1021B00006481C23064A08F09EF91C21044808F032
:1021C00091F900BFD0F20020BF8004005723040023
:1021D0009E80040008B583684BB90B490B48A423C3
:1021E0000B4A08F088F9A421094808F07BF9D0E9E6
:1021F000003213605A600023027CC0E9003322F0F1
:1022000002020274836008BD878004005723040023
:10221000448004002DE9F74F0446884692461E4646
:102220009DF83090EFF3058373B152EA06030BD0AB
:102230005F4999235F4A604808F05DF95F4808F0FC
:102240005AF999215B4819E004F10805EFF3118769
:102250004FF0400B8BF31288BFF36F8F284603F0CB
:10226000ABF868B98423564A5649534808F043F9F5
:102270002946554808F03FF98421514808F032F9C1
:10228000284603F0BDF8626A23699A4277D2EFF3D9
:1022900011838BF31288BFF36F8F83F31188BFF321
:1022A0006F8F5BB94949BB23494A434808F023F97A
:1022B000424808F020F9BB214548DFE72668B442D0
:1022C0001AD0CEB13046FFF785FF06F1180003F0B3
:1022D000A9F9E2680024414670690CF0B6FE304668
:1022E000C6F8804002F00CF8394628460BF031FA67
:1022F000204603B0BDE8F08F206A6669B04207D37C
:10230000A3695A1E904203D8E268191A914207D273
:102310003049B423274A284808F0EDF8B42191E762
:10232000B9F1000F21D041460CF08FFE236AE2681C
:102330001344A2692362934201D163692362636AF1
:10234000013363620024284603F044F850BB4FF485
:1023500099731B4A2049184808F0CDF829461F48B0
:1023600008F0C9F84FF4997187E7E1698E4218BF08
:102370000B46981A4146E0610CF067FEDFE75AEA27
:1023800006030CD0164B22469B683946C3F81480CE
:102390002846CDE900A602F089F80446A8E76FF0C8
:1023A0002204D0E787F31188BFF36F8FA0E700BF47
:1023B000E87E0400E7800400572304002D7F04001A
:1023C000703304009D330400B23304006F800400B6
:1023D0004480040009810400C8330400DF33040092
:1023E000D0F200202DE9F7430446884617461D46E3
:1023F000EFF3058383B152EA05030DD061494FF431
:102400009773614A614808F076F8614808F073F8FC
:102410004FF497715C4818E004F10806EFF3118956
:10242000402383F31288BFF36F8F304602F0C4FF5E
:1024300068B98423574A5849544808F05CF8314633
:10244000564808F058F88421524808F04BF83046B6
:1024500002F0D6FF636A002B68D0E2684046E1696B
:102460000CF0F3FDE369E2681344A269E36193426F
:1024700004BF6369E361636A013B6362EFF3118345
:10248000402282F31288BFF36F8F83F31188BFF36A
:102490006F8F5BB94249BB23424A3C4808F02BF896
:1024A0003B4808F028F8BB213E48CEE72568AC42FF
:1024B0004CD0002D4BD02846FFF78CFE05F11800BC
:1024C00003F0B0F8206A6369984207D3A3695A1EE3
:1024D000904203D8E2681B1A934209D232494FF462
:1024E000A473294A294808F006F84FF4A47191E72B
:1024F00069690CF0AAFD236AE26828461344A269C0
:102500002362934204BF63692362636A0133636297
:102510000024C5F8804001F0F3FE494630460BF038
:1025200018F92546284603B0BDE8F08357EA0503AD
:102530001FD01E4B22469B684946C3F81480304684
:10254000CDE9007501F0B2FF0546EBE70025304606
:1025500002F040FF80B94FF499730E4A14490B48BA
:1025600007F0C9FF3146134807F0C5FF4FF49971D2
:102570006AE76FF02205EAE789F31188BFF36F8FEE
:10258000D0E700BFE87E0400E78004005723040082
:102590002D7F0400703304009D330400B233040027
:1025A0006F8004004480040009810400D0F2002000
:1025B000C8330400DF3304002DE9F3410446174615
:1025C0001E46EFF3058565B154497323544A5548B7
:1025D00007F091FF544807F08EFF7321504807F031
:1025E00081FFEFF31188402383F31288BFF36F8FCD
:1025F0004E4802F0E1FE60B984234D4A4D494948F6
:1026000007F079FF49494C4807F075FF8421484895
:10261000E5E7464802F0F4FE484BE2689B6892B159
:10262000A068984227D057EA06022CD13F4802F012
:10263000D1FE90B188F31188BFF36F8F6FF00F0058
:1026400002B0BDE8F08193F90E100132C4E9023204
:102650003648216102F0BEFE78B94FF49973344ACE
:102660003749304807F047FF3049364807F043FF05
:102670004FF49971CBE72169E7E788F31188BFF33D
:102680006F8F0020DCE793F90E1090F90E3099421D
:1026900005DA9942A8BF19460AF070FF054622469E
:1026A0004146CDE90076214801F000FF0028E8D03E
:1026B000EFF31186402383F31288BFF36F8F1B481B
:1026C00002F07AFE002897D0184802F099FEA06820
:1026D000C0B1236821699C420AD04BB193F90E30F6
:1026E0009942A8BF19466FF07F039942B8BF1946B7
:1026F0000AF044FF30B131460C480BF02AF86FF075
:102700000A009DE7002DF6D1084802F063FE00287C
:10271000A3D086F31188BFF36F8FF0E7D181040057
:10272000AF81040057230400E3810400F0F200208D
:10273000703304009D330400B2330400D0F2002053
:10274000C8330400DF330400F8B50546EFF3058312
:1027500063B15649EA23564A564807F0CCFE56481C
:1027600007F0C9FEEA21524807F0BCFE8368002B3F
:1027700000F09580514A9268934240F09380C3687C
:102780004BB94F494FF48173494A4A4807F0B3FEA9
:102790004FF48171E7E7012B03D0013BC3600020B8
:1027A000F8BDEFF31187402484F31288BFF36F8FD5
:1027B000444802F001FE60B98423434A43493D483E
:1027C00007F099FE3F49424807F095FE84213E48B4
:1027D000CAE73C4802F014FE2969A8680AF0CEFE58
:1027E000EFF3118384F31288BFF36F8F83F31188A3
:1027F000BFF36F8F5BB93749BB23374A2D4807F0CA
:102800007AFE364807F077FEBB213348ACE72C68E8
:10281000AC4215D100232B48C5E9023302F0DAFDA2
:10282000002837D14FF49973274A2D49214807F0E2
:1028300062FE24492B4807F05EFE4FF49971C6E70B
:10284000002CE7D0A3683BB92749A423224A1948A2
:1028500007F051FEA421D8E70026D4E90032136026
:102860005A60237CC4E9006623F002032374A66047
:1028700004F1180002F0D6FEAC6094F90E30204648
:102880002B61C4F8806001F03BFD39460D480AF029
:1028900060FF84E787F31188BFF36F8F7FE76FF0E6
:1028A00015007DE74FF0FF307AE700BFD1810400CB
:1028B000AF81040057230400E3810400D0F200201C
:1028C00008820400F0F20020703304009D330400FD
:1028D000B23304006F800400448004002D7F0400A4
:1028E000C8330400DF3304008780040008B5836820
:1028F0004BB90B490B48A4230B4A07F0FCFDA4215C
:10290000094807F0EFFDD0E9003213605A60002358
:10291000027CC0E9003322F002020274836008BD29
:102920008780040057230400448004002DE9F04709
:1029300004460D4691469A469DF8206000F108072E
:10294000EFF31188402383F31288BFF36F8F38466B
:1029500002F032FD60B984234A4A4B494B4807F0E4
:10296000CAFD39464A4807F0C6FD842145481BE0A8
:10297000384602F045FD06B16568EFF31183402249
:1029800082F31288BFF36F8F83F31188BFF36F8FC9
:1029900063B94049BB23404A3C4807F0ACFD3F487F
:1029A00007F0A9FDBB213C4807F09CFD234653F8E6
:1029B0000C6F9E4216D0AEB100243046FFF796FF52
:1029C00006F1180002F02EFE3046C6F88040C6F828
:1029D000149001F095FC414638460AF0BAFE2046B4
:1029E000BDE8F087BAF1000F14D0082003F0D0F949
:1029F00000283FD00122C0F804900260016801F075
:102A000003015DB922680A430260626820606AB906
:102A100060600BE04846C9F800A0EFE72A68032A87
:102A20001DD801606168A1B9C4E9000000243846DE
:102A300002F0D0FC08BB4FF49973124A18491348AE
:102A400007F059FD3946174807F055FD4FF49971C5
:102A50008CE70A6802F0030202430A60D8E722F01A
:102A600003020A4302602A6802F0030240EA0203FA
:102A70002B60DBE76FF00B04D9E788F31188BFF315
:102A80006F8FACE7703304009D33040057230400BC
:102A9000B23304006F800400448004002D7F0400E2
:102AA000C8330400DF3304002DE9F743064690469F
:102AB0001F4600F10805EFF31189402383F31288C4
:102AC000BFF36F8F284602F077FC68B98423264A4B
:102AD0002649274807F00FFD2946264807F00BFD39
:102AE0008421214807F0FEFC284602F089FC346866
:102AF0000CB32368726823F00303944208BF736029
:102B0000336023689B0704D0666820460AF0B6FE4F
:102B10003446284602F05EFCE8B94FF49973124A35
:102B20001549134807F0E7FC2946144807F0E3FC71
:102B30004FF49971D5E758EA0703EAD04946284689
:102B4000CDE9008706F10C0201F0B0FC38B90C4B5E
:102B50009B685C6903E089F31188BFF36F8F20469F
:102B600003B0BDE8F08300BF703304009D33040060
:102B700057230400B2330400C8330400DF330400D9
:102B8000D0F2002070B5044600F10805EFF311867D
:102B9000402383F31288BFF36F8F284602F00CFCAA
:102BA00068B98423164A1749174807F0A4FC294638
:102BB000164807F0A0FC8421114807F093FC284632
:102BC00002F01EFC24681CB123689B0718BF6468D0
:102BD000284602F0FFFB68B94FF49973084A0C4984
:102BE000094807F088FC29460A4807F084FC4FF49E
:102BF0009971E1E786F31188BFF36F8F204670BDAE
:102C0000703304009D33040057230400B2330400E2
:102C1000C8330400DF33040008B583684BB90B499F
:102C20000B48A4230B4A07F066FCA421094807F0CF
:102C300059FCD0E9003213605A600023027CC0E9DD
:102C4000003322F002020274836008BD8780040012
:102C5000572304004480040070B50446EFF3118646
:102C6000402585F31288BFF36F8F304802F0A4FB34
:102C700060B984232E4A2F492F4807F03CFC2B498A
:102C80002E4807F038FC8421294818E0274802F034
:102C9000B7FBEFF3118385F31288BFF36F8F83F3D4
:102CA0001188BFF36F8F63B92549BB23254A22489A
:102CB00007F021FC244807F01EFCBB21214807F047
:102CC00011FC2568AC4213D095B12846FFF7A4FF4C
:102CD00005F1180002F0A6FC00232846C5F8803054
:102CE00001F00EFB3146BDE8704010480AF031BDDE
:102CF000D4E902329A4218BF01330C48A36002F0B3
:102D000069FB68B94FF49973094A10490A4807F0FA
:102D1000F2FB06490E4807F0EEFB4FF49971B3E75A
:102D200086F31188BFF36F8F70BD00BFF4F20020EF
:102D3000703304009D33040057230400B2330400B1
:102D40006F800400448004002D7F0400C833040019
:102D5000DF330400F7B5044616461D46EFF305833E
:102D60007BB152EA05030CD02D4988232D4A2E4809
:102D700007F0C1FB2D4807F0BEFB8821294807F06A
:102D8000B1FBEFF31187402383F31288BFF36F8FFA
:102D9000274802F011FB60B98423264A26492248BD
:102DA00007F0A9FB2249254807F0A5FB842121480B
:102DB000E5E71F4802F024FBA368D3B1013B1C48A0
:102DC000A36002F007FB68B94FF49973194A1C49D4
:102DD000154807F090FB16491A4807F08CFB4FF492
:102DE0009971E4E787F31188BFF36F8F002003B078
:102DF000F0BD56EA05030BD10D4802F0EBFA0028AE
:102E0000E2D087F31188BFF36F8F6FF00F00EEE70A
:102E100022463946CDE90065054801F047FBE6E763
:102E20003F8204001F820400572304002D7F04000A
:102E3000F4F20020703304009D330400B233040028
:102E4000C8330400DF33040007B5074B4FF40062BA
:102E5000009306494FF0FF33054800F033FC002093
:102E600003B05DF804FB00BFE00C0400B054012087
:102E7000587900202DE9FF410446794EEFF3118780
:102E8000402383F31288BFF36F8F764802F094FAE1
:102E900068B98423744A7549754807F02CFB714959
:102EA000744807F028FB84216F4807F01BFB6D482E
:102EB00002F0A6FAD4F88C50F5B9022104F1A4006E
:102EC0000AF095FB002840D004F19C050022012166
:102ED000284602F0C1F80028F8D100234FF0FF3255
:102EE00002934FF0FF333946CDE900235D4804F1EA
:102EF000940202F00FF9C1E7D4F890202B689542B4
:102F000008BFC4F89030C4F88C30D4F8A4305548C9
:102F100043F00203C4F8A430EB68D5F8048023F032
:102F2000040343F00103EB6002F054FAF8B94FF4E4
:102F300099734D4A50494E4807F0DDFA49494F48C8
:102F400007F0D9FA4FF49971AEE7D4F8A430DD0652
:102F5000C3D5C4F8A400434802F03CFA0028E6D0E8
:102F600087F31188BFF36F8F04B0BDE8F08187F35A
:102F70001188BFF36F8FB8F1000F0AD140493C4868
:102F800040F2F3233F4A07F0B6FA40F2F3213D48FE
:102F90008BE72846C047EFF31187402383F312885D
:102FA000BFF36F8F2F4802F007FA00283FF471AF8C
:102FB0002C4802F025FAEB68D90623F0010236D43A
:102FC000EA60EB689A0716D5306823F00203EB60DD
:102FD00088B10022036870B141688D4235D1036821
:102FE0006ABB72683360904200D17360002340F87E
:102FF000083BFFF731FED4F8A43023F00203C4F8F5
:10300000A430DB0529D4D4F88C50003D18BF01252D
:10301000144802F0DFF9002889D087F31188BFF344
:103020006F8F002D3FF42AAF01F036FD26E723F025
:103030001103EB6005F11000FFF70EFEC1E713600E
:103040007368984208BF7260D0E702461BB11968E6
:1030500018460B46BFE71946FAE70025D8E700BF38
:10306000F8F2002000F30020703304009D330400C8
:1030700057230400B2330400C8330400DF330400D4
:10308000D78204009582040070B5C3680546C3F377
:1030900040069B070C460DD50122002104F10800D3
:1030A0000AF099FA00232360054B65605A681AB943
:1030B000C3E90044304670BD14605C60FAE700BFAD
:1030C000F8F20020F8B5C36804469A070E46C3F329
:1030D00040054FD45F074FD40B680BB983680B6072
:1030E000E368D80736D5A3685BB92549254840F27F
:1030F0005713254A07F0FFF940F25711224807F00D
:10310000F1F902253360376867B3204B9A68D7F826
:1031100088309A4220D10AF0CFFA80F00100C0B284
:10312000D7F8A430D907C3F380021ED502B308B381
:1031300000232360D7F8903083B9C7E92344384689
:103140000AF070FAE36843F00403E3603368A360B5
:103150002846F8BD0125D6E70020E1E71C60C7F846
:103160009040ECE76FF0150506E06FF0120503E004
:103170001B07DDD56FF00F0500233360E8E700BFC4
:10318000B68204005723040095820400D0F2002088
:1031900073B50446EFF31185402383F31288BFF320
:1031A0006F8F224802F008F968B98423204A214928
:1031B000214807F0A0F91D49204807F09CF9842117
:1031C0001B4807F08FF9194802F01AF90023019300
:1031D000D4E90423B3F1004F08BF012A11D01348EA
:1031E00002F0F8F8E0B94FF49973114A1449124803
:1031F00007F081F90D49134807F07DF94FF49971F3
:10320000DEE70321201FA4F110060AF0F0F90028E0
:10321000E5D0A369304601A90193FFF753FFDEE72C
:1032200085F31188BFF36F8F02B070BD00F30020EB
:10323000703304009D33040057230400B2330400AC
:10324000C8330400DF33040038B50D46044648B9DE
:103250000C499C230C4A0D4807F04DF99C210A4863
:1032600007F040F939B90A499D23074A074807F092
:1032700042F99D21F3E7102200210BF00CFF65605D
:1032800038BD00BF728304009582040057230400F8
:10329000D7820400F8B5C368064603F00503002B87
:1032A0000C4614BF0127002729D085685DB91D4948
:1032B0001D4840F2C1131D4A07F01DF940F2C1112B
:1032C0001A4807F00FF90122002104F110000AF05A
:1032D00082F920461649FFF7B7FFE36843F0100371
:1032E000E360F3685B0712D5336823606BB9D5F8E8
:1032F000903033B9C5E9234428460AF093F938469B
:10330000F8BD1C60C5F89040F6E73460F4E7D5F8E6
:103310008C302360D5F89030C5F88C40002BEBD171
:10332000F0E700BFBC82040057230400958204002C
:1033300005D6030038B50446EFF31185402383F327
:103340001288BFF36F8F184802F036F868B98423EB
:10335000164A1749174807F0CEF81349164807F0E0
:10336000CAF88421114807F0BDF80F4802F048F868
:10337000E4680D4804F01F0402F02CF868B94FF41B
:1033800099730A4A0D490B4807F0B5F806490C48ED
:1033900007F0B1F84FF49971E4E785F31188BFF3B2
:1033A0006F8F204638BD00BF00F30020703304004B
:1033B0009D33040057230400B2330400C8330400D3
:1033C000DF33040037B50C46019059B9284940F263
:1033D0007D13284A284807F08EF840F27D112548D1
:1033E00007F080F84B684BB924494FF4BF73214A6A
:1033F000214807F080F84FF4BF71F0E7EFF3118533
:10340000402383F31288BFF36F8F1D4801F0D4FF70
:1034100060B984231B4A1C49174807F06CF8184907
:103420001A4807F068F884211648D9E7144801F0D3
:10343000E7FF204601A9FFF745FE0446104801F0CA
:10344000C9FF68B94FF499730E4A11490A4807F049
:1034500052F80B490F4807F04EF84FF49971E3E723
:1034600085F31188BFF36F8F204603B030BD00BFD6
:10347000728304009582040057230400D182040063
:1034800000F30020703304009D330400B2330400C5
:10349000C8330400DF330400014601480AF0FCB8D9
:1034A0005879002070B50C46054658B9384940F2A5
:1034B000CD13384A384807F01EF840F2CD11354890
:1034C00007F010F8C368DB0509D534494FF4E773FA
:1034D000304A314807F00FF84FF4E771EFE70AF090
:1034E000EBF848B12E4940F2CF132A4A2A4807F098
:1034F00002F840F2CF11E2E74CB92A494FF4E873E1
:10350000244A254806F0F7FF4FF4E871D7E7EFF3B8
:103510001186402383F31288BFF36F8F224801F096
:103520004BFF60B98423214A21491B4806F0E3FF81
:103530001D49204806F0DFFF84211C48C0E71A48D7
:1035400001F05EFF28462146FFF7A4FE0546164817
:1035500001F040FF68B94FF49973144A16490E48B8
:1035600006F0C9FF1049154806F0C5FF4FF49971E0
:10357000E3E786F31188BFF36F8F3DB14FF0FF3261
:103580004FF0FF3304F11000FFF7E4FB284670BD55
:10359000728304009582040057230400EE82040025
:1035A000F32C04001D83040000F30020703304009A
:1035B0009D330400B2330400C8330400DF33040039
:1035C00038B5044658B9284940F22B23274A2848E1
:1035D00006F091FF40F22B21244806F083FFC368D8
:1035E000DB0509D523494FF40B73204A204806F028
:1035F00082FF4FF40B71EFE7EFF31185402383F364
:103600001288BFF36F8F1C4801F0D6FE60B9842387
:103610001A4A1B49164806F06EFF1749194806F06A
:103620006AFF84211548D8E7134801F0E9FE2046D7
:1036300009F0FFFF0446104801F0CCFE68B94FF4D2
:1036400099730E4A10490A4806F055FF0A490F4877
:1036500006F051FF4FF49971E4E785F31188BFF349
:103660006F8F204638BD00BF72830400958204002E
:1036700057230400EE82040000F30020703304009E
:103680009D330400B2330400C8330400DF33040068
:1036900008B558B90849094840F22633084A06F0E7
:1036A0002AFF40F22631064806F01CFFA82200211E
:1036B0000BF0F1FC08BD00BFBC82040057230400DE
:1036C00095820400F0B589B004460E9D58B92F4983
:1036D00040F253332E4A2F4806F00DFF40F253318B
:1036E0002B4806F0FFFE49B92B494FF45573284A81
:1036F000284806F000FF4FF45571F1E7D0F8A40018
:1037000010F0010009D0254940F25533204A2148E4
:1037100006F0F1FE40F25531E2E7C4E9230004F17E
:103720009400C4E9250004F19C00C4E9270055B3C6
:103730002879002840F2011008BF0120C4F8A40035
:1037400000204FF0FF364FF0FF37CDE90330CDE9D1
:103750000100CDE906672046114B009400F0ECFB18
:1037600055B1296811B1204609F0ACFF6B791BB146
:10377000A38943F00103A381204601F0DBFAC4F8DA
:10378000884009B0F0BD0120D8E700BF6583040080
:1037900095820400572304006B83040031830400E6
:1037A000752E03007FB50D46044658B9374940F2DF
:1037B0008633374A374806F09EFE40F28631344859
:1037C00006F090FE09F078FF48B1334940F28733A4
:1037D0002F4A304806F08FFE40F28731EFE7EFF3D3
:1037E0001186402383F31288BFF36F8F2B4801F0BB
:1037F000E3FD60B984232A4A2A49264806F07BFE65
:103800002649294806F077FE84212548D8E7234831
:1038100001F0F6FDD4F8A43013F0060F15D165BB06
:10382000D4F88C5095B91D4801F0D4FD40BB4FF43D
:1038300099731B4A1D49174806F05DFE17491C483D
:1038400006F059FE4FF49971DFE7B5B943F0040370
:103850002046C4F8A43009F0E5FE00234FF0FF3203
:1038600002934FF0FF333146CDE900230B4804F1BA
:103870009C0201F04FFC04B070BD43F00C03E7E77D
:1038800086F31188BFF36F8F2846F4E76583040041
:103890009582040057230400F32C040000F3002059
:1038A000703304009D330400B2330400C8330400B5
:1038B000DF33040038B50D46044658B90F4940F2CD
:1038C0000F430F4A0F4806F016FE40F20F410C4816
:1038D00006F008FE49B90C494FF48263084A0948CA
:1038E00006F009FE4FF48261F1E7302200210BF06F
:1038F000D2FB4FF480736560E36038BD71830400D0
:103900009582040057230400D7820400F7B50C46C3
:1039100016461D46019058B9334940F28643334A52
:10392000334806F0E8FD40F28641304806F0DAFD03
:1039300049B9304940F287432C4A2D4806F0DBFD57
:1039400040F28741F1E7EFF31187402383F31288B8
:10395000BFF36F8F284801F02FFD60B98423274AF9
:103960002749234806F0C7FD2349264806F0C3FD32
:1039700084212248DAE7204801F042FDE36813F091
:103980001E0F27D155EA060216D1204601A9FFF7DE
:1039900099FB0446184801F01DFDE8B94FF49973EE
:1039A000164A1949124806F0A6FD1349174806F0B1
:1039B000A2FD4FF49971DCE743F00803E360019B3B
:1039C00004F11000A36232462B46114901F04EFD6E
:1039D0000124DFE70024DDE787F31188BFF36F8F51
:1039E000204603B0F0BD00BFBC82040095820400F5
:1039F000572304007183040000F300207033040097
:103A00009D330400B2330400C8330400DF330400E4
:103A10009131030001460148FFF778BF5879002033
:103A2000F7B50C4616461D46019058B9324940F28A
:103A3000A943324A324806F05EFD40F2A9412F48C0
:103A400006F050FD49B92F4940F2AA432B4A2C48B1
:103A500006F051FD40F2AA41F1E7EFF31187402350
:103A600083F31288BFF36F8F274801F0A5FC60B97C
:103A70008423264A2649224806F03DFD224925484E
:103A800006F039FD84212148DAE71F4801F0B8FC2F
:103A9000204609F0B8FD55EA060316D1204601A9D3
:103AA000FFF710FB0446184801F094FCE0B94FF40E
:103AB0009973164A1849124806F01DFD1249174815
:103AC00006F019FD4FF49971DDE7E36804F1100089
:103AD00043F00803E360019B3246A36210492B4682
:103AE00001F0C4FC0124DEE787F31188BFF36F8F78
:103AF000204603B0F0BD00BFBC82040095820400E4
:103B0000572304007183040000F300207033040085
:103B10009D330400B2330400C8330400DF330400D3
:103B20009131030001460148FFF77ABF5879002020
:103B300038B5044658B92349234840F2CB43234AB9
:103B400006F0D9FC40F2CB41204806F0CBFCEFF365
:103B50001185402383F31288BFF36F8F1C4801F057
:103B60002BFC60B984231B4A1B49174806F0C3FC91
:103B700017491A4806F0BFFC84211648E5E71448A7
:103B800001F03EFC204609F03EFD204609F051FDC3
:103B900004460F4801F01EFC68B94FF499730D4AB2
:103BA0000F49094806F0A7FC09490E4806F0A3FC96
:103BB0004FF49971E1E785F31188BFF36F8F2046C9
:103BC00038BD00BF718304005723040095820400B0
:103BD00000F30020703304009D330400B23304006E
:103BE000C8330400DF3304002DE9F0410E460546DA
:103BF00058B93A4940F2DC43394A3A4806F07BFC6E
:103C000040F2DC41364806F06DFC49B9364940F2D5
:103C1000DD43334A334806F06EFC40F2DD41F1E704
:103C200009F04AFD044648B1304940F2DE432C4ACF
:103C30002C4806F060FC40F2DE41E3E7EFF3118828
:103C4000402383F31288BFF36F8F294801F0B4FB40
:103C500060B98423274A2849224806F04CFC2449AD
:103C6000264806F048FC84212248CCE7204801F091
:103C7000C7FBEB6803F01F03002B14BF01270027CD
:103C80000AD0284609F0BFFC284609F0D2FC31468C
:103C90002846FFF7F9F90446154801F09BFB68B97F
:103CA0004FF49973134A16490E4806F024FC104944
:103CB000144806F020FC4FF49971D5E788F3118879
:103CC000BFF36F8F3CB14FF0FF324FF0FF3306F17F
:103CD0000800FFF73FF83846BDE8F0817183040023
:103CE00095820400572304001D830400F32C040074
:103CF00000F30020703304009D330400B23304004D
:103D0000C8330400DF33040008B583684BB90B499E
:103D10000B48A4230B4A06F0EEFBA421094806F049
:103D2000E1FBD0E9003213605A600023027CC0E955
:103D3000003322F002020274836008BD8780040011
:103D400057230400448004002DE9F8430546EFF3AF
:103D50001188402787F31288BFF36F8F3A4801F02C
:103D60002BFB60B98423394A39493A4806F0C3FB32
:103D70003549394806F0BFFB8421344818E0324801
:103D800001F03EFBEFF3118387F31288BFF36F8FCF
:103D900083F31188BFF36F8F63B93049BB23304A77
:103DA0002C4806F0A8FB2F4806F0A5FBBB212C48A9
:103DB00006F098FB2C68A54227D034B30026204695
:103DC000FFF7A2FF04F1180001F02CFCB1462046D9
:103DD000C4F8809000F094FA0136EFF3118387F372
:103DE0001288BFF36F8F83F31188BFF36F8F002B9F
:103DF000D3D02C68A54222D00CB32046FFF784FF15
:103E000004F1180001F00EFCE1E70F4801F0E2FABE
:103E100068B94FF499730D4A13490E4806F06BFBCD
:103E20000949124806F067FB4FF49971A5E788F33A
:103E30001188BFF36F8F00263046BDE8F8834146F6
:103E4000014809F086FCF7E704F300207033040012
:103E50009D33040057230400B23304006F80040034
:103E6000448004002D7F0400C8330400DF330400C5
:103E70002DE9F04385B00F9D04460F2D0E46984660
:103E800037D1274B984538D104F15803C4E916338C
:103E9000109B0027A38104230732A57322F0070596
:103EA00006EB0509494623742046C4E90677A76056
:103EB000E773EFF73FFA0E9B073020F0070020670B
:103EC000C4E91A6502930D9BA9EB000901930C9BB1
:103ED0004A460093314643462046EFF7C3FD114B57
:103EE00067659B6803B15B6F4846636705B0BDE8D3
:103EF000F08305F110031E2BC6D940F24B230A4A6A
:103F00000A490B4806F0F7FA29460A486FF00F03F2
:103F10000E2206F0F0FA40F24B21034806F0E2FAD6
:103F20008D210300D0F2002086830400A9830400C1
:103F30005723040029840400F0B587B00446DDE966
:103F40001276EFF3058575B1194940F21733194A16
:103F5000194806F0D0FA194806F0CDFA40F21731A8
:103F6000144806F0BFFA0595109D04950F9D039522
:103F70000E9D02950D9D01950C9D0095FFF778FF14
:103F8000B6F1FF3F08BFB7F1FF3F05D056EA070380
:103F900005D1204600F0CEFE204607B0F0BD3A46DF
:103FA000334604F11800064901F060FAF4E700BF57
:103FB000D181040086830400572304005A8404003E
:103FC0001D4403000123037483810023C0E91A33D5
:103FD0004367014B98607047D0F2002070B590F9AC
:103FE0001020037C002A49DBD90647D163F07F0308
:103FF0000374264B984209D1254926485223264A64
:1040000006F079FA5221244806F06CFA234C224635
:1040100052F8183FE169934207D1C0E900210860D6
:10402000E0610FE08B42F8D01B68002BF5D093F9CC
:104030000E6090F90E50AE42F4DD5968C0E90031CF
:1040400008605860A569954200D005B9E568A36885
:104050005BB91349EA23134A0E4806F04CFA12489A
:1040600006F049FAEA210F48CEE71A7CD20606D1BB
:10407000DA897F2A03D9AA690AB9636170BDAB42A4
:1040800002D0284601F012F96561F7E74878002070
:10409000A1840400572304007F840400D0F2002090
:1040A000EE840400C28404002D7F040038B590F92A
:1040B00010200146002A037C1BDA224A03F07F030A
:1040C0009042037409D120495A23204A204806F01F
:1040D00012FA5A211D4806F005FADC0707D51D49DA
:1040E0005B231A4A1A4806F006FA5B21F2E709F048
:1040F000EEFA194D2A4652F8184FAB68944200D098
:1041000004B9EC688B4214D05BB91449EA23144A11
:104110000F4806F0F0F9134806F0EDF9EA211048CF
:10412000D9E71A7CD20604D1DA897F2A01D9A2699B
:104130002AB1A34202D0204601F0B8F823466B61B1
:1041400038BD00BF48780020A18404007F840400AB
:104150005723040015850400D0F20020EE840400EB
:10416000C28404002D7F040008B5134A936880B10F
:10417000197C11F0090F0CD11049D923104A1148AC
:1041800006F0B9F9104806F0B6F9D9210C4806F046
:10419000A9F96FF00A01C3F880100C49D8674B6881
:1041A00043F080534B60002383F31188BFF36F8F7C
:1041B0009368D3F8800008BDD0F200205885040031
:1041C0002E85040057230400C185040000ED00E0A3
:1041D00070B504460D46F9B9EFF30586E6B91A4BFA
:1041E0005A699B689A4217D001F0F4F878B940F206
:1041F0006D13164A1649174806F07DF921461648F0
:1042000006F079F940F26D11104806F06BF930466E
:10421000BDE87040FFF7A8BF204601F0DBF868B9A1
:104220004FF49973094A0A490A4806F064F921468D
:10423000094806F060F94FF49971E5E785F31188B4
:10424000BFF36F8F70BD00BFD0F200207033040049
:10425000C833040057230400DF33040008B5836823
:104260004BB909490948A423094A06F044F9A42195
:10427000074806F037F909F02AFA037C23F0020315
:1042800003740023836008BD878004005723040063
:104290004480040038B5184CA168E0690B6881427D
:1042A00014BF1A46002249680B605960A368E1698F
:1042B0002AB9124AC3E900210B60E3610AE092F9CE
:1042C0000E5093F90E00854212DD5168C3E90021BA
:1042D0000B605360A569094B9D4200D005B9E568A4
:1042E000A3689D4202D0284600F0E0FF656138BD1A
:1042F0008A42DED01268DBE7D0F20020E8F200202C
:1043000038B50446EFF31185402383F31288BFF3D9
:104310006F8F174801F050F868B98423154A164981
:10432000164806F0E8F81249154806F0E4F884212A
:10433000104806F0D7F80E4801F062F82046FFF763
:104340004DFE0B4801F046F868B94FF49973094ADD
:104350000C490A4806F0CFF805490B4806F0CBF89F
:104360004FF49971E4E785F31188BFF36F8F38BD7F
:1043700008F30020703304009D3304005723040029
:10438000B2330400C8330400DF33040038B50446F8
:10439000EFF31185402383F31288BFF36F8F184822
:1043A00001F00AF868B98423164A1749174806F03D
:1043B000A2F81349164806F09EF88421114806F029
:1043C00091F80F4801F01CF8A36813B12046FFF7DD
:1043D00045FF0B4800F0FEFF68B94FF49973094A96
:1043E0000C490A4806F087F805490B4806F083F89F
:1043F0004FF49971E2E785F31188BFF36F8F38BDF1
:1044000008F30020703304009D3304005723040098
:10441000B2330400C8330400DF33040038B5A0F120
:104420001804EFF31185402383F31288BFF36F8FD5
:10443000174800F0C1FF68B98423164A1649174887
:1044400006F059F81249164806F055F8842111482B
:1044500006F048F80E4800F0D3FF204609F065F951
:104460000B4800F0B7FF68B94FF49973094A0D493A
:104470000A4806F040F806490B4806F03CF84FF4AD
:104480009971E4E785F31188BFF36F8F38BD00BFE2
:1044900008F30020703304009D3304005723040008
:1044A000B2330400C8330400DF3304002DE9F047C1
:1044B000DFF8D4A0354D1746DDE90898DAF8082072
:1044C000334BA84204460E461A600BD1314932489C
:1044D00040F2B923314A06F00EF840F2B9212F48D4
:1044E00006F000F8EFF31183402383F31288BFF343
:1044F0006F8F284600F060FF60B98423284A29495D
:10450000254805F0F8FF2946274805F0F4FF8421E7
:104510002348E5E7284600F073FFDAF808503946EB
:10452000284609F0DCF8B8F1FF3F08BFB9F1FF3FBA
:1045300006D04A4643461D4905F1180000F096FF93
:10454000204600F047FF68B9194940F26D13144A3C
:10455000114805F0D0FF2146164805F0CCFF40F287
:104560006D11D5E7094800F035FF40B9104940F218
:104570006D130B4A084805F0BEFF0449ECE73046CE
:10458000BDE8F047FFF7F0BDD0F2002008F30020AF
:104590000CF30020E9850400572304007F84040005
:1045A000703304009D330400B23304001D44030043
:1045B000C8330400DF33040070B50546EFF31186FD
:1045C000402383F31288BFF36F8F1B4800F0F4FE83
:1045D00068B98423194A1A491A4805F08CFF16490C
:1045E000194805F088FF8421144805F07BFF124824
:1045F00000F006FF2C68A54215D014B12046FFF745
:104600002DFE0D4800F0E6FE78B94FF499730B4A81
:104610000E490C4805F06FFF07490D4805F06BFF88
:104620004FF49971E0E70024EBE786F31188BFF3BC
:104630006F8F204670BD00BF08F300207033040068
:104640009D33040057230400B2330400C833040030
:10465000DF3304002DE9F04104460D46EFF31187E6
:10466000402383F31288BFF36F8F594800F0A4FEF4
:1046700060B98423574A5849584805F03CFF5449CB
:10468000574805F038FF8421524818E0504800F0A0
:10469000B7FE237C03F01F02002A0CBF0126002670
:1046A00062D103F07F0323744E4B9C4209D14E49E3
:1046B0005A234E4A494805F01EFF5A214B4805F03F
:1046C00011FF204609F003F8237C6DB243F080030C
:1046D000DA07A573237407D545495323434A3F4856
:1046E00005F009FF5321E9E7DFF80881424652F857
:1046F000183FD8F81C10934208D1C4E900210C607F
:10470000C8F81C400DE08B42F7D01B68002BF4D09A
:1047100093F90E00A842F6DD5968C4E900310C6037
:104720005C60D8F81840944200D00CB9D8F80C401E
:10473000D8F808309C4202D0204600F0B7FDC8F8F7
:104740001440234800F046FE00283AD14FF49973F4
:10475000204A2949214805F0CEFE1D49274805F089
:10476000CAFE4FF499718FE79B0728D5A16841B91C
:1047700023491A48A423234A05F0BDFEA421214859
:104780009DE720466DB208F0A2FFA5730B68994221
:1047900009D14B68C4E900131C604C60D1E74A683A
:1047A0009342F6D01B68002BF3D093F90E20AA4257
:1047B000F5DD5A68C4E9003214605C60C1E7A57396
:1047C000BFE787F31188BFF36F8F3046BDE8F081F4
:1047D00008F30020703304009D33040057230400C5
:1047E000B233040048780020A18404007F840400D0
:1047F00015850400D0F20020C8330400DF33040024
:104800008780040044800400034648B9EFF3058222
:1048100032B9064A51699268914201D0FFF7A4BCAF
:1048200083F31188BFF36F8F704700BFD0F2002071
:1048300010B5EFF31184402383F31288BFF36F8F19
:10484000284800F0B9FD60B98423274A2749284841
:1048500005F051FE2349274805F04DFE84212248EA
:1048600012E0204800F0CCFDEFF3058373B122493C
:1048700040F23B33214A1E4805F03DFE204805F03A
:104880003AFE40F23B311D4805F02CFE1D4B9A6864
:10489000D37B012B0CD11C494FF44F73174A14489A
:1048A00005F029FE164805F026FE4FF44F71EAE7A1
:1048B000013BD3730B4800F08DFD68B94FF4997339
:1048C000094A12490A4805F016FE0649104805F043
:1048D00012FE4FF49971C2E784F31188BFF36F8F12
:1048E00010BD00BF08F30020703304009D330400A6
:1048F00057230400B2330400D18104007F840400F4
:104900002D7F0400D0F2002022860400C83304006A
:10491000DF33040070B5EFF31186402383F3128870
:10492000BFF36F8F2A4800F047FD68B98423294AF6
:1049300029492A4805F0DFFD2549294805F0DBFD16
:104940008421244805F0CEFD264D214800F058FD75
:10495000AB68DA7B6AB9244940F24D33234A1F48D9
:1049600005F0C9FD224805F0C6FD40F24D311F4853
:10497000E8E7EFF3058161B11E4940F24E331B4A6F
:10498000164805F0B8FD1A4805F0B5FD40F24E3165
:10499000EDE70132DA732A4652F8184F944200D0FC
:1049A00004B9EC681A7CD20604D1DA897F2A01D9CD
:1049B000A2692AB19C4202D0204600F077FC23462F
:1049C0006B613146BDE870400148FFF701BC00BF94
:1049D00008F30020703304009D33040057230400C3
:1049E000B2330400D0F20020538604007F84040018
:1049F0002D7F0400D181040038B50446EFF3118502
:104A0000402383F31288BFF36F8F184800F0D4FC63
:104A100068B98423164A1749174805F06CFD1349F5
:104A2000164805F068FD8421114805F05BFD0F482C
:104A300000F0E6FC204608F08EFE04460B4800F02D
:104A4000C9FC68B94FF49973094A0D490A4805F041
:104A500052FD06490B4805F04EFD4FF49971E3E70E
:104A600085F31188BFF36F8F204638BD08F300200F
:104A7000703304009D33040057230400B233040054
:104A8000C8330400DF330400024B03F11802C3E90A
:104A900006227047D0F2002070B5EFF3058373B1A2
:104AA00038494FF49063384A384805F024FD3848B7
:104AB00005F021FD4FF49061334805F013FDEFF34D
:104AC0001186402383F31288BFF36F8F314800F0C3
:104AD00073FC60B98423304A30492C4805F00BFD43
:104AE0002C492F4805F007FD84212B48E5E72D4C84
:104AF000284800F085FCA168E0690B68814214BF7A
:104B00001A46002249680B605960A368E1692AB916
:104B1000254AC3E900210B60E3610AE092F90E50D7
:104B200093F90E00854223DD5168C3E900210B6033
:104B30005360A5691C4B9D4200D005B9E568A36888
:104B40009D4202D0284600F0B1FB1248656100F09A
:104B500041FC88B940F26D130F4A14490B4805F027
:104B6000CAFC0C49124805F0C6FC40F26D11BCE7C6
:104B70008A42CDD01268CAE73046BDE87040FFF7E0
:104B8000F3BA00BFD18104007F84040057230400DE
:104B90002D7F040008F30020703304009D330400CF
:104BA000B2330400D0F20020E8F20020C833040041
:104BB000DF3304002DE9F04106460C46EFF305878C
:104BC00077B134494FF49363334A344805F093FC8A
:104BD000334805F090FC4FF493612F4805F082FCB8
:104BE00050EA010304D1FFF757FF0020BDE8F08130
:104BF000EFF31188402383F31288BFF36F8F2948A6
:104C000000F0DAFB60B98423274A2849234805F0DD
:104C100072FC2449264805F06EFC84212248DDE719
:104C2000244D204800F0ECFBA868234B1860FFF7E8
:104C30003DFAA868234632462049183000F016FC99
:104C4000AA680446137C174843F00403137400F069
:104C5000C1FB68B940F26D13134A19490F4805F0BA
:104C60004AFC1049174805F046FC40F26D11D5E7A3
:104C70004046FFF779FAAB68D3E90A23B3F1004F56
:104C800008BFBA42B1D108F0A1FD201A20EAE070B5
:104C9000ACE700BFD18104007F84040057230400E7
:104CA0002D7F040008F30020703304009D330400BE
:104CB000B2330400D0F200200CF300201D440300A6
:104CC000C8330400DF330400F8B507460E46EFF39F
:104CD000058474B1134940F2C643134A134805F0E2
:104CE0000AFC134805F007FC40F2C6410E4805F0E7
:104CF000F9FBFFF75FFFB6F1FF3F08BFB7F1FF3FDA
:104D000005460CD0214647F611204FF47A7447F639
:104D100012220023E5FB0401E0F7B4F9F8BD4FF0DF
:104D2000FF30FBE7D18104007F8404005723040097
:104D30002D7F040038B50446EFF31185402383F33B
:104D40001288BFF36F8F204800F036FB68B98423C8
:104D50001E4A1F491F4805F0CEFB1B491E4805F09F
:104D6000CAFB8421194805F0BDFB174800F048FB39
:104D7000237C5B0710D504F1180000F053FC237C62
:104D8000204623F004032374FFF728F92946BDE8E1
:104D900038400D48FFF71CBA0B4800F01BFB68B900
:104DA0004FF49973094A0D490A4805F0A4FB0649D6
:104DB0000B4805F0A0FB4FF49971D3E785F31188F8
:104DC000BFF36F8F38BD00BF08F3002070330400BD
:104DD0009D33040057230400B2330400C833040099
:104DE000DF330400014B9868704700BFD0F2002009
:104DF0002DE9F84304468789EFF31185402383F3B7
:104E00001288BFF36F8F824800F0D6FA68B9842306
:104E1000804A8149814805F06EFB7D49804805F054
:104E20006AFB84217B4805F05DFB794800F0E8FAD5
:104E3000237C180717D5764800F0CCFA68B94FF4F0
:104E40009973744A7749754805F055FB704976485F
:104E500005F051FB4FF49971E4E785F31188BFF336
:104E60006F8FBDE8F883D90943F0080240F08380D2
:104E70002274A36813B12046FFF7F0F904F118007B
:104E800000F0D0FBA66D04F15808B04511D04FF0EA
:104E9000000976B13046FFF7E1F906F1180000F09D
:104EA000C1FB3046C6F88090FFF798F8A66DB04574
:104EB000EFD1DFF87881D8F808309C427AD1EFF34F
:104EC0000589B9F1000918BF4FF00109D8F8186039
:104ED000574A964200D00EB9D8F80C60B34202D0BF
:104EE000304600F0E3F92046C8F8146005F08EFE65
:104EF000B9F1000F02D04F48FFF764F8D8F8083036
:104F00009C426AD1EFF30586002E66D1A389DA07A9
:104F10001FD53F4800F05EFA002890D085F3118835
:104F2000BFF36F8F86F31188BFF36F8F042318468A
:104F300002DFEFF31185402383F31288BFF36F8FF5
:104F4000334800F039FA00283FF461AF304800F0F0
:104F500057FA2F4800F03EFA78BB40F26D132D4A05
:104F600030492E4805F0C7FA29492F4805F0C3FA01
:104F700040F26D1156E7304A03F07F0343F0080317
:104F80009442237408D12D495A232D4A234805F011
:104F9000B2FA5A212A4846E7D90707D529495B239F
:104FA000274A1E4805F0A7FA5B21F3E7204608F0E0
:104FB0008EFB5EE74FF0000988E72846FFF7D4F83C
:104FC00021494FF4EE731E4A144805F094FA1F4825
:104FD00005F091FA4FF4EE71DCE70D4800F0FAF9B4
:104FE00000283FF42CAF85F31188BFF36F8FFB07C8
:104FF0007FF537AF40F2A253114A1549074805F033
:105000007AFA2146134805F076FA40F2A251C1E738
:1050100008F30020703304009D330400572304007C
:10502000B2330400C8330400DF330400D0F20020A0
:10503000E8F20020007A002048780020A1840400D3
:105040007F84040015850400848604008F86040094
:10505000B1860400BC8604002DE9F8430646884664
:105060001746EFF31189402383F31288BFF36F8F44
:10507000214800F0A1F9054668B984231F4A204958
:10508000204805F038FA1C491F4805F034FA8421FD
:105090001A4805F027FA184800F0B2F93468A64219
:1050A0001FD004B32046C4F880806761FFF7D6F8AC
:1050B00004F1180000F0B6FA2046FEF78FFF0E4804
:1050C00000F088F988B94FF499730C4A0F490D48DC
:1050D00005F011FA08490E4805F00DFA4FF49971E0
:1050E000D6E70025EBE72546E9E789F31188BFF30A
:1050F0006F8F2846BDE8F88308F300207033040062
:105100009D33040057230400B2330400C833040065
:10511000DF330400D3B5DDE90667089CCDE90067FD
:10512000FFF7C4F91CB1034B9B685B69236002B0B5
:10513000D0BD00BFD0F200202DE9F04705468846DB
:1051400016461F46EFF31189402383F31288BFF3FD
:105150006F8F284800F030F968B98423264A274920
:10516000274805F0C8F92349264805F0C4F98421E9
:10517000214805F0B7F91F4800F042F92868854238
:1051800008D038B16B6898420CBF4FF0000AD0F8D5
:1051900000A0B0B9002416B139462046B0471548E2
:1051A00000F018F9F8B94FF49973134A16491448E6
:1051B00005F0A1F90F49154805F09DF94FF49971D3
:1051C000D6E73946C04704460028E4D1BAF1000FBB
:1051D00007D06B68534501D0DAF800405046A2462C
:1051E000D7E75446FAE789F31188BFF36F8F20465B
:1051F000BDE8F08708F30020703304009D330400FD
:1052000057230400B2330400C8330400DF33040022
:10521000027C034612F01F0210D10A4988420DD0C9
:105220000949086868B1D9897F2909D893F90E20FE
:10523000064B1B689A42B8BF002070470020704799
:1052400010467047487800207417002010F30020A3
:1052500008B568B10F4B98420AD303F11802904287
:1052600006D21822C01AB0FBF2F302FB13034BB1B3
:1052700009490A483F230A4A05F03DF93F210848F9
:1052800005F030F90122074BC0105843064B1A5461
:1052900008BD00BF887A002002870400572304005D
:1052A000DA860400ABAAAAAA4702012070B50C4B0B
:1052B0000C4D1E7CFFF7ACFF182303FB065504467C
:1052C000284600F0AFF90022074B9A553CB1621E08
:1052D0002846BDE870400549D31700F0C7B870BD37
:1052E000D0F20020887A00204702012051520300AA
:1052F00038B5EFF31185402383F31288BFF36F8F26
:10530000234800F059F868B98423224A22492348E7
:1053100005F0F1F81E49224805F0EDF884211D48FA
:1053200005F0E0F81A4800F06BF81E4B1E4A9C6826
:105330001068A04213D1FFF7B9FF154800F04AF8F2
:1053400000BB4FF49973134A1849144805F0D3F879
:105350000F49174805F0CFF84FF49971DFE70021A6
:105360001B7C1160134AD35C002BE6D02046FFF76C
:105370004FFF0028E1D0237CDB0601D1FEF78AFF36
:105380002046D8E785F31188BFF36F8F38BD00BF83
:1053900008F30020703304009D33040057230400F9
:1053A000B2330400D0F200200CF30020C833040014
:1053B000DF33040047020120006838B1044B00F0DD
:1053C00003001B7CC01A18BF0120704701207047E2
:1053D000D0F20020002302680360EFF30581074B41
:1053E000986811B1017CC90705D41B7C1843831A46
:1053F0005842584170470120704700BFD0F200204A
:10540000024B1A7C9B68134303607047D0F2002064
:10541000024B1868984208BF002070477817002098
:10542000034B1B680BB9F9F7A7BE0020704700BFFC
:1054300014F3002030B570B10B4B5B6898420AD072
:10544000036843B1D3E90421D0E90445121941EBC3
:105450000501C3E90421D0E9003213605A6000233A
:10546000C0E9003330BD00BF78170020B3F1FF3F23
:1054700008BFB2F1FF3F2DE9F84F04469B461546A1
:105480001F4600F0B280D0F80090B9F1000F0CD0A8
:1054900057496423574A584805F02DF8574805F0F6
:1054A0002AF86421534805F01DF88160EFF3118854
:1054B000402383F31288BFF36F8F5148FFF77CFFBF
:1054C000824660B984234F4A4F494B4805F013F890
:1054D0004B494E4805F00FF884214A48E3E7484815
:1054E000FFF78EFFBBF1000F494A1FDBFFF798FF64
:1054F000064601354BF1000B454A2D184BEBE07386
:10550000D2E90017C4E904536D1843EB0707FFF70E
:105510007FFF0346DFF8FCE0DEF80490EBB9C4E956
:1055200000E9C9F80040CEF8044028E06FF001031C
:10553000D2E900125B1A4FF0FF3161EB02025B1BF4
:1055400062EB0B02012B72F10001BCBF01234A4642
:105550004FF0000AC4E90432D9E7D3E9041CD4E9C6
:1055600004208A4270EB0C0B2EDA891A5A686CEB15
:105570000000C3E90410C4E9003214605C60FFF766
:1055800047FF84420ED1244B1B685BB9BAF1000F70
:1055900002D1FFF745FF0646304608F000F900212A
:1055A000F9F72EFE1648FFF715FFB0B94FF49973BF
:1055B000144A1A49104804F09EFF1149184804F093
:1055C0009AFF4FF4997188E7521A60EB0C004B4533
:1055D000C4E90420A3D01B68A0E788F31188BFF3B7
:1055E0006F8F28463946BDE8F88F00252F46F8E72B
:1055F000D1880400AD880400572304002D7F0400E7
:1056000018F30020703304009D330400B23304000B
:10561000A07A00207817002014F30020C83304007B
:10562000DF33040070B50446EFF31186402383F3A3
:105630001288BFF36F8F2A48FFF7BEFE68B9842334
:10564000284A2949294804F056FF2549284804F0EA
:1056500052FF8421234804F045FF2148FFF7D0FE84
:1056600023683BB3FFF7D4FE05462046FFF7E2FE72
:1056700000224FF00043A542C4E9042312D00024C5
:105680001748FFF7A7FE20BB4FF49973154A194935
:10569000164804F030FF1249174804F02CFF4FF46D
:1056A0009971D7E7FFF7BCFE08F079F80021F9F708
:1056B000A7FDE4E7D4E90423B3F1004F08BF012AB2
:1056C00004D100224FF00043C4E904236FF0150415
:1056D000D6E786F31188BFF36F8F204670BD00BFF9
:1056E00018F30020703304009D3304005723040096
:1056F000B2330400C8330400DF3304002DE9F0475F
:10570000DFF804910246C9F80000FFF781FE8846E1
:10571000044600260027DFF8F4A04FEAE27CDAE92D
:10572000001354B1D4E90450AA427CEB000E1EDAF7
:10573000AD1A60EB0C00C4E904500024521843EB8E
:105740000C032046CAE90023C9F8004008F027F8F6
:105750002146F9F755FD2E48FFF73CFED0B188F3FE
:105760001188BFF36F8FBDE8F047FFF7C1BD69181F
:1057700043EBE5732046C4E90467CAE90013FFF769
:1057800059FE01224FF000432148C4E90423FFF7EA
:1057900021FE78B94FF499731E4A1F491F4804F03F
:1057A000AAFE1B491E4804F0A6FE4FF49971194841
:1057B00004F098FE88F31188BFF36F8F2046A3682A
:1057C0009847EFF31188402383F31288BFF36F8F5C
:1057D0000F48FFF7F1FD58B984230E4A11490F48CD
:1057E00004F089FE0A49104804F085FE8421DEE7B2
:1057F0000748FFF705FED9F80020521BC9F8002022
:10580000FFF706FE044688E714F30020A07A002084
:1058100018F3002070330400C83304005723040039
:10582000DF3304009D330400B233040010B5EFF3FE
:105830001184402383F31288BFF36F8F0B48FFF767
:10584000BBFD68B984230A4A0A490B4804F053FE99
:1058500006490A4804F04FFE8421054804F042FE40
:105860000248FFF7CDFD204610BD00BF18F3002011
:10587000703304009D33040057230400B233040046
:1058800070B5EFF31186402383F31288BFF36F8F57
:105890001A48FFF791FD68B98423194A19491A4833
:1058A00004F029FE1549194804F025FE8421144806
:1058B00004F018FE1148FFF7A3FDFFF7B1FD144AED
:1058C000D2E90045041945EBE0750C48FFF782FD6D
:1058D00068B94FF499730A4A0E490B4804F00BFE5D
:1058E00006490D4804F007FE4FF49971DFE786F38F
:1058F0001188BFF36F8F2046294670BD18F3002032
:10590000703304009D33040057230400B2330400B5
:10591000A07A0020C8330400DF330400F8B5044641
:10592000EFF31187402383F31288BFF36F8F5B4837
:10593000FFF742FD68B98423594A5A495A4804F08E
:10594000DAFD5649594804F0D6FD8421544804F044
:10595000C9FD5248FFF754FDD4E90423B3F1004FC9
:1059600008BF012A13D04D48FFF734FD002840F04E
:105970008F804FF499734A4A4D494B4804F0BBFD60
:1059800046494C4804F0B7FD4FF49971DEE7D4E97D
:105990000A566A1C46F10003022A73F1000334D34D
:1059A000013D46F1FF36002EBCBF00252E4607F014
:1059B00011FF013041F10001401946EB01010128BE
:1059C00071F100015BDB07F005FF6FF002030130AE
:1059D00041F10001401946EB010183426FF00043A1
:1059E0008B4151DB07F0F6FE013041F100016FF011
:1059F0000102401946EB01034FF0FF31121A61EB2F
:105A0000030320462C49FFF731FD236B256A013340
:105A10002363D5B12148FFF7DDFC0028A9D087F327
:105A20001188BFF36F8F2046A847EFF311874023FB
:105A300083F31288BFF36F8F1848FFF7BDFC00286F
:105A40003FF479AF1548FFF7DBFC54F8185FA54227
:105A500089D0002D87D02846FEF798FC00230F48F8
:105A6000C5F88030FFF7B6FC002882D087F3118894
:105A7000BFF36F8F2846BDE8F840FEF741BC6FF0DA
:105A800001024FF0FF33BCE700224FF00043B8E7BC
:105A900087F31188BFF36F8FF8BD00BF1CF30020A0
:105AA000703304009D33040057230400B233040014
:105AB000C8330400DF3304001D5903002DE9F84307
:105AC000064614461D4691469846EFF3118740233B
:105AD00083F31288BFF36F8F2748FFF76DFC68B917
:105AE0008423264A2649274804F005FD22492648F2
:105AF00004F001FD8421214804F0F4FC1E48FFF766
:105B00007FFCB5F1FF3F08BFB4F1FF3F11D11A4848
:105B1000FFF760FC50BB4FF49973184A1B491948B2
:105B200004F0E9FC14491A4804F0E5FC4FF49971BB
:105B3000E1E7002D0ADB012C75F100032246BCBF12
:105B40000122002512F1FF3945F1FF383046FFF7F9
:105B500069FDDDE90823C6E90A2300234A463363C9
:105B6000304643460B49FFF781FCD0E787F31188A5
:105B7000BFF36F8FBDE8F8831CF30020703304007F
:105B80009D33040057230400B2330400C8330400DB
:105B9000DF3304001D59030070B50546EFF311848F
:105BA000402686F31288BFF36F8F2D48FFF704FC61
:105BB00068B984232B4A2C492C4804F09CFC2849C2
:105BC0002B4804F098FC8421264804F08BFC2448E0
:105BD000FFF716FC2846FFF725FD90B12048FFF798
:105BE000F9FB002837D14FF499731E4A21491F4809
:105BF00004F081FC1A49204804F07DFC4FF49971AF
:105C0000E2E76B6ACBB11648FFF7E4FB0028EAD065
:105C100084F31188BFF36F8F28466B6A9847EFF3C0
:105C2000118486F31288BFF36F8F0D48FFF7C4FB12
:105C30000028BED00A48FFF7E3FB05F11800FEF785
:105C4000BBFC0028CAD0FEF75BFB2146BDE87040D4
:105C5000034807F07EBD84F31188BFF36F8F70BDDA
:105C60001CF30020703304009D330400572304000C
:105C7000B2330400C8330400DF3304002DE9F84FC9
:105C800005460C46924607F017FD002863D1344BB9
:105C90009B685E6F002E5ED06F1E3D420BD0314977
:105CA0001823314A314804F026FC314804F023FC23
:105CB00018212D481CE004344DD245F0040B06F1A8
:105CC0001408EFF31189402383F31288BFF36F8F19
:105CD0004046FFF771FB68B98423264A26492348CA
:105CE00004F009FC4146254804F005FC84212148C4
:105CF00004F0F8FB4046FFF783FB22465946304646
:105D0000D04704464046FFF765FB68B94FF49973E6
:105D1000184A1B49154804F0EEFB4146194804F0A7
:105D2000EAFB4FF49971E2E789F31188BFF36F8FB3
:105D30008CB144F8046B7DB13C420DD035230A4A46
:105D400011490A4804F0D7FB21462A460F4804F0BF
:105D5000D2FB3521ADE700242046BDE8F88F00BF17
:105D6000D0F20020C1300400F18804005723040061
:105D7000DC300400703304009D330400B2330400AF
:105D8000C8330400DF330400158904004789040088
:105D90000146024A0020FFF771BF00BF21A40300A3
:105DA00001680E4A0346914215D1C169A2F1102241
:105DB000A2F1EF1291420ED18268012A0BD8C2687B
:105DC00012B101698A4206D0586928B19B691B1A31
:105DD0005842584170470120704700BF55AA00FF44
:105DE00070B50E4B9E68B6B13046FFF7D9FF04463A
:105DF00018B9F3687BB935690DB9204670BD2846DE
:105E0000FFF7CEFF28B9EB68B34204D12E462D69C7
:105E1000F2E70446F1E70124EFE700BF20F300209A
:105E20002DE9F041404D06466869884607F030FD8F
:105E300018B100242046BDE8F0812C68DCB1AC68C4
:105E4000CCB1002E6AD0B8F1000F69D008FB06F77C
:105E5000B7FBF6F6B04565D1391D63D8BA0710D047
:105E600027F003020432EC6803E0616891420AD231
:105E7000A469002CF9D1686907F010FD0028D9D079
:105E8000D7E73A46EFE7D4F808C0BCF1000F02D0DC
:105E9000012009F008F9891A232904F120061CD8E9
:105EA0000123A360D4E90523AAB19361A3690BB1CF
:105EB00062695A610023C4E905332B69DB0703D506
:105EC000FFF78EFF0028E3D13A46002130463446E2
:105ED00009F0E1F8CFE7EB60E8E702F120002318D2
:105EE0002039C3E9011CDC602169DFF840C0196179
:105EF00044F800C00E48D86101B1CB6061695961B6
:105F0000A069986141B18B61996901B14B6101212F
:105F10002361C4E90121CDE7EB60F5E73446AAE748
:105F20004446A8E70446A6E720F3002055AA00FF50
:105F3000669911EE70B5424E0546706907F0A8FCEF
:105F400000287BD1002D5FD03368002B5CD0B26875
:105F5000002A59D09D4203D3726813449D4202D354
:105F6000012009F0A0F8A5F120042046FFF718FF52
:105F70000028F5D155F8183C012BF1D155F8143C07
:105F800045F8180CC3B19A68002A42D155F81C2C68
:105F900002F120015A680A445A6055E905321A6133
:105FA00055F8145C2B6903B1DD60204620220021E6
:105FB00009F071F823462C462069002836D0826803
:105FC000002A33D163684268203313446360036955
:105FD0002361D4E90523F2B923BB43696361826974
:105FE000A2610BB39C61A36903B15C61236903B136
:105FF000DC602022002109F04EF833699B0703D5AD
:10600000FFF7EEFE0028ABD17069BDE8704007F0E5
:1060100045BC0023D0E79361A369002BDDD0626902
:106020005A61DAE7F360F7E7F460DCE7002BE4D1CC
:10603000F368A36103B15C61F460DEE770BD00BF8B
:1060400020F3002070B50C46164E142200210546A0
:10605000304609F020F81448706107F017FC134926
:10606000134800F035F8232C1BD915F003031FBF8C
:10607000043CE418C3F10403ED182246002128462D
:1060800009F009F8C6E90054203CB5606C60B368BB
:10609000084A1A60B368A2F11022A2F1EF12DA6185
:1060A000F36070BD20F3002080170020355F0300EF
:1060B000215E030055AA00FF014B1B68184700BF73
:1060C000E4170020014B1B68184700BFE0170020B1
:1060D000024B1860024B002019607047E417002043
:1060E000E017002010B50A46044619B1024B002102
:1060F0001B68984710BD00BFEC0C04000E4B03401A
:10610000B3F1607F06D1B1F5885F0CBF00206FF05E
:1061100086007047B3F1707F0BD101F4E043B3F513
:10612000005F06D111F4E06F14BF00206FF086000D
:1061300070476FF0860070470000C07F8A42F8B554
:1061400006460D4600F00A8101F0FE41B1F1C06F34
:1061500061D1884C22F4FF7121F00101A14222F0AB
:10616000FF0014D004F58854A04210D022F47F76AA
:1061700026F00306A4F57064A64208D004F5A064D6
:10618000A04204D004F57454A14240F0EB80D1B297
:10619000784E19B922F48061B14224D125F4FF74FC
:1061A00024F00104B44225F0FF0112D0724EB14236
:1061B0000FD025F47F7727F00307A6F57066B74266
:1061C00007D006F5A066B14203D006F57456B44276
:1061D00009D115F0FF0406D0684E44F00074B442B3
:1061E00004BF02460D468BB122F4FF7323F0010376
:1061F000B3F1062F06D0624B22F4FF6121F00701B4
:10620000994203D122F4807225F48075954214BF1F
:1062100000200120F8BDB1F1A06F16D102F0FE43BD
:10622000B3F1A06F40F0888082EA050333F47E1357
:1062300040F0828028047FD5C5F30540C2F30542B3
:1062400090428CBF00200120E4E74E4B9D4209D1D3
:10625000A3F500439A4200F081804B4B22F47E105C
:106260009842D4E7B1F1407F60D102F0FE43B3F130
:10627000407F5BD182EA050030F47E1456D131466E
:106280002846FFF73BFF00286AD1404912F47C17EB
:1062900001EA020113D0B1F1607FC2F3054333D1AB
:1062A000D1B241F0007101F17E410339122901D8C8
:1062B0003748445C15F47C1F2DD19C42A7E7B1F10F
:1062C000607F0AD1D3B243F0007303F17E43033BF6
:1062D000122B4BD82F49CB5CE2E7B1F1707F17D17D
:1062E00006F4E043B3F5005F42D10123C6F3022177
:1062F0008B4006F4E041B1F5005FDBD10120C6F32D
:10630000022600FA06F4D5E7B1F1707FD2D1F0E7AA
:1063100000242346CEE71FB9C5F30541A1421DD095
:10632000290403D5C5F3054098428AE71A4B9D42DC
:1063300002D1B2F1082F6AE725F0004323F47F036E
:10634000B3F1106F0CD102F0FE43B3F1106F07D11F
:106350001248104040F01060A84258E7012059E769
:10636000002057E7002B7FF446AF4FE7002397E765
:106370000023BEE70002000600130006FF00000233
:10638000004000060093C004000140050000C07FEB
:106390001F8F04001F8F04000002C0030000FFF6DF
:1063A00070B505460F480E4607F072FA044618B15C
:1063B0006FF08F04204670BD6B6933602B7F012B1B
:1063C0000ABF022330602B77064818BF6FF096048F
:1063D00007F064FA0028EDD0002CE9D06FF09604A5
:1063E000E8E700BFC817002038B50C4C0C4807F090
:1063F0004FFA65780A4807F051FA0A4807F048FA58
:10640000022D08D12478E31F5C425C41054807F067
:1064100045FA204638BD0024F8E700BF38F30020D5
:1064200098170020B01700202DE9F047894615463F
:106430001C4600F0BFFC0646002851D1D9F8007078
:10644000B7F800A00AF4E043B3F5804FBB6808BF7B
:1064500025F0010535EA03033AD1002C40D0B5F50B
:10646000006F40D0A5F5005255425541284A24F40A
:10647000FF7323F00103934213D0264924F0FF0257
:106480008A420ED024F47F7020F00300A1F57061E1
:10649000884206D001F5A0618A4202D01E4A93428A
:1064A00023D114F0FF0304D01C4A43F0007393423D
:1064B00022D02B4622465046F968FFF73FFE804621
:1064C00070B92B46224650463969FFF737FEE0B9CE
:1064D0006FF0840600233846C9F8003000F034FD20
:1064E0003046BDE8F0870125C0E704F0FE43B3F174
:1064F000407F04D12304DCD56FF08606EAE7B3F1D0
:10650000A06FF7D0054B9C42D2E74646E8E700BFB4
:10651000000200060013000600460006FF0000020D
:1065200038B500F0FE43B3F1407F04460D4602D07B
:106530006FF0860038BDFFF7E1FD0028F8D114F4B4
:106540007C1F18D0C4F30543032B137022D9224AB1
:106550002240B2F1607F31D1E4B244F0007404F122
:106560007E44033C122CE3D81C4A125D9342DFD8D0
:10657000202BDFD90EE0184B2340B3F1607F0FD101
:10658000E3B243F0007303F17E43033B122B04D9C3
:10659000002313706FF08500CCE71149CB5CD3E783
:1065A000B3F1707FF4D101F4E043B3F5005FEFD1B4
:1065B0000123C1F302218B40DBB2C5E7B2F1707F4A
:1065C000B6D105F4E042B2F5005FB1D10122C5F3C6
:1065D0000225AA40CAE700BF0000C07F1F8F040049
:1065E0001F8F04002DE9F3414768D0F8148004465A
:1065F00038460E4607F02AFC0546E8B9FFB22FB927
:10660000B8F1000F05D06FF0860515E0B8F1000F66
:10661000F9D0A36823F0031323F47F43002BF2D1B6
:106620004FF6F87362889A4228D81648277907F0FF
:106630002FF928B16FF08F05284602B0BDE8F08130
:1066400007B901A8314600F06BFB05460D4807F07D
:1066500025F910B1002DEFD1ECE7002DECD10FCCD6
:10666000D6F800C066460FC694E8070086E8070023
:10667000002FE1D1019BCCF81430DDE76FF08505E8
:10668000DAE700BFC817002010B5044650B106482D
:1066900007F0FEF8204607F032FABDE81040024845
:1066A00007F0FCB810BD00BFC817002013B50446A2
:1066B00010B301A900F07EFB0446E8B91D4807F0BD
:1066C000E7F858B10024019807F0ABFB002818BF89
:1066D0000446184807F0E2F870B10AE00198037F19
:1066E000032B11D107F09DFB0446124807F0D6F8A2
:1066F00028B10CB96FF08F04204602B010BD002CF9
:1067000008BF6FF08704F7E7022B0DD1032303774F
:106710004368DAB2FF2A0AD01B0AD3D0D0E90912A3
:1067200000F0BCFD0446CEE76FF09604CBE76FF0B7
:106730008404C8E7C81700202DE9F04190461E46A2
:10674000002288B0038805460F460592CDF81C80CC
:106750003260B8F1000F65D0B8F1005F80F0A18021
:1067600023F0FF03B3F5E24F02D0B3F5824F25D1FA
:10677000284607F0A2F80446002840F08680EB681F
:1067800083B16A8872B12B8803F44F41B1F5824F0F
:1067900002D0B1F5884F05D1DBB2222B36D02CD8F0
:1067A000122B38D03A46002308EB070112F8010BF0
:1067B0008A4243EA0003F9D1002B33D0284605A9C9
:1067C000FFF710FF0446A0B9059B9B6A6BB3059BBE
:1067D00039465A882846069206AA029203F12802F0
:1067E00001929A6A00925B6A424600F01BFC0446E2
:1067F00080B30598FFF748FF47E0273BDBB21B2B30
:10680000D0D8294921FA03F3DB07CBD50732B8EBFF
:10681000D20FC7D206E040F209239A42F6D1B8F16E
:10682000400FBFD86FF086042FE06B681B0A07D1BA
:106830000799059807F023F904460028C7D0D8E740
:1068400042463946284607AB00F094FB0446002830
:10685000EED0CEE70599069B4A88D2B94B804FF619
:10686000F873069A9A4219D82B88059813B10288B2
:106870009A4210D16B8813B142889A420BD13146AB
:10688000FFF78EFD04460028B3D1204608B0BDE8CE
:10689000F0819A42E3D06FF08604AAE76FF0850496
:1068A000A7E76FF08504F0E70102000C38B5044655
:1068B0000D46FFF799FD30B12A462146BDE8384024
:1068C000024807F0EDBA6FF0880038BD3CF30020B5
:1068D000002273B503880A600092428804460D4680
:1068E000002A00F0FF80028802F4E042B2F5804FF7
:1068F00000F0F88023F0FF03B3F5E24F02D0B3F5C8
:10690000824F04D1204606F0D8FF0646D0B969462A
:106910002046FFF767FE064660BB009B9B6AA3B15B
:106920000099204601F12803D1E9091200F052FB39
:1069300006460098002E40F0D2802946FFF730FD31
:106940000646B8B9304602B070BD63681B0A40F015
:10695000BD802288618802F4E043B3F5805F0DD0EA
:10696000B3F5005F0AD002F44F40B0F5824F1ED05D
:106970006FF085060098FFF787FEE3E7104607F003
:106980004FF806460028F5D147F201039A4220D17C
:106990004B080133DB0803EBC3033B330193DDE911
:1069A000000107F06CF806460028B9D0E2E7B3F51D
:1069B000E04FDDD147F201039A42E9D022F0FF0314
:1069C000B3F5884F15D1CB1DDB0803EB430301332F
:1069D000E4E744F201039A4202D1CB081033DDE729
:1069E00022F0FF03B3F5E84FEAD1CB1DDB085B00D3
:1069F000D4E7B3F5EE4F67D0B3F58E4F02D1CB1D80
:106A0000DB08CBE702F44F40B0F5824F02D0B0F57F
:106A1000884F06D1D0B2422801D1CB08D7E7412810
:106A2000EDD0B3F5E24FEAD0B3F5824F03D1CB1DE1
:106A3000DB085B00CBE744F20D039A4224D844F212
:106A400001039A42DBD9A2F58042023A0B2AD6D83A
:106A500001A353F822F000BF9D6A0300FF69030001
:106A6000A96A0300FF690300FF690300B16A03001C
:106A7000B96A0300FF690300FF690300C16A0300EC
:106A8000FF690300C16A030047F202039A421BD068
:106A900047F204039A42B2D140237FE74FF4A07239
:106AA0004B095343203379E74FF4C0720B0AF8E7E0
:106AB000CB1DDB08183371E7CB1DDB081C336DE7FA
:106AC000CB1DDB08023392E7202367E7204601A9AC
:106AD00000F068FA064600283FF461AF4AE707F085
:106AE00003F847E76FF086062CE700BF10B51B4C94
:106AF0001B4806F0CDFE2378590744BF03F0FB0383
:106B000023709A0705D500F0F1F8237823F00203EB
:106B10002370134806F0C2FE124806F0B9FE6378EF
:106B200013B1114807F0BFF9002304210E48637028
:106B3000FFF7D8FA0B4806F0B1FE094806F0A8FEA8
:106B40002378DB0705D507F08AF9237823F00103C2
:106B500023700348BDE8104006F0A0BE38F30020C3
:106B6000B0170020981700203CF3002070B5FFF705
:106B70003BFC10B10024204670BD344806F088FE6E
:106B8000044620B16FF08F04FFF7B0FFF3E7304DFC
:106B90002B789E0706D400F0A1F804462B7843F02A
:106BA00002032B70294806F079FE10B1002CE9D0C1
:106BB000EAE7002CE8D1254806F06AFE04460028E2
:106BC000E0D12B78D80706D407F047F904462B7894
:106BD00043F001032B701D4806F060FE0028E5D14C
:106BE000002CD1D1194806F053FE0028CAD117480D
:106BF0002E7806F053FE0028C4D1164806F048FE51
:106C000004460028BED16B783BB9F10705D5124880
:106C100007F043F9022304466B700E4806F03EFE6F
:106C20000028C3D1002CAFD1084806F031FE00285F
:106C3000A8D12B7805485A075CBF43F004032B709A
:106C400006F02CFE002895D09CE700BFB01700206E
:106C500038F30020981700203CF3002038B500F1ED
:106C600040430F2B0CD82C221A4C02FB0344237FE9
:106C7000022B02D16369834224D06FF08B001AE0AB
:106C80006FF04042441E94420ED2124B00221C462A
:106C90001D7F022D02D15D69854210D00132102A7C
:106CA00003F12C03F4D1E8E70B4AA3F58053934298
:106CB000EBD96FF0870038BD6FF09600FBE72C230F
:106CC00003FB0244204607F09FF80028F4D10C6033
:106CD000F1E700BF40F30020FFDFFF3F0122024B3E
:106CE000002083F8C022704740F300202DE9F041D6
:106CF0000A4C002526464FF0010803272046C4F819
:106D000020802777013506F0FAFE102D04F12C04BF
:106D1000F4D1002386F8C032BDE8F08140F30020B2
:106D2000F8B5214D064621480F4606F0B1FD95F80D
:106D3000C0421E4806F0B2FD7CB300242B4622461A
:106D4000197FD1B13CB9022905D1196A19B919794C
:106D5000002918BF1C460132102A03F12C03EFD181
:106D600014B96FF08C0006E0204607F04DF820467D
:106D700006F0C5FE10B100240DE01C46237F7BB950
:106D80000123237736B10A4B651BAD105D4305F136
:106D90008045356000203C60F8BD6FF08800EAE770
:106DA0006FF09600E7E700BF40F30020B017002027
:106DB000A38B2EBA0023F0B5054691B05E480B6058
:106DC0000E4606F065FD5D4B5B4893F8C04206F049
:106DD00065FD002C00F0AC80594806F059FD0746CF
:106DE00020B16FF08F04204611B0F0BD3146284627
:106DF000FFF734FF10F18C0F044607D0504806F01F
:106E00004DFD0028EFD0002CEDD1EAE73846FFF722
:106E100087FF074620B14A4806F040FD3C46E2E7BE
:106E20000122336801465D61336809A85A601C225B
:106E3000356808F030F9002200236869CDE906239F
:106E4000404A00F14043A3F580539342CDE90477D3
:106E500003971DD806AA03A907F028F80446B8B975
:106E6000039B6A690A93DBB2002B08BF002203462A
:106E7000CDE90000DDE906010E9209AA00F060F9F3
:106E800010F18A0F04460ED0002808BF6FF0960458
:106E9000306806F034FE14F18C0F08BF6FF08704E1
:106EA00000233360AAE704A909A800F07BF8044690
:106EB0000028EDD12846049906F0E1FD044600289B
:106EC000E6D1DDE9060105AB0193AB6A09AA00939F
:106ED0006B6A00F035F9044618B1284606F004FE46
:106EE000D6E72C46059BAB6209AD0FCD0FC495E8E4
:106EF000070084E8070032689368D80414D4990422
:106F000044BF43F40063936033681A7F012A04BFCF
:106F100002221A77306806F077FF044600283FF413
:106F20006DAF6FF09604BBE743F480639360E6E7D0
:106F30006FF0880457E700BFB017002040F300202F
:106F4000C8170020FFDFFF3F10B50446084806F0D1
:106F50009FFC40B9204606F064FF0446044806F052
:106F60009DFC10B10CB96FF08F04204610BD00BF1E
:106F7000C817002010B41946002443680C60074C61
:106F80001A0AB4EB132F02D0054B9A4202D110BC5F
:106F900000F02EBB6FF0860010BC7047004E8000E2
:106FA0004B4E800010B4002443680C60074C1A0A52
:106FB000B4EB132F02D0064B9A4202D110BC00F062
:106FC00017BB6FF0860010BC704700BF004E8000FA
:106FD0004B4E80002DE9F041456804462D0A0E46CF
:106FE0001746984606D00E4CA54214D06FF0860086
:106FF000BDE8F08105886D0407D443463A46314622
:107000002046BDE8F04106F0EABE00F05DFE10F15A
:10701000860FEDD1F1E7BDE8F04100F055BE00BFAD
:107020004B4E80002DE9F04FDFF880B0D0F804E03F
:1070300085B0BBEB1E2F0446DDE90E890D461646D2
:107040001F46DDF840A04FEA1E2C1CD0DFF860E0A0
:10705000F44518D0BCF1000F22D1CDE9019ACDF84A
:10706000008000F0A3FD10F1860F1BD13B46324695
:1070700029462046CDE90F9ACDF8388005B0BDE805
:10708000F04F06F00FBD3B46324629462046CDE97B
:107090000F9ACDF8388005B0BDE8F04F00F086BDFE
:1070A0006FF0860005B0BDE8F08F00BF004E800095
:1070B0004B4E800030B44468240A06D0064DAC42E2
:1070C00006D030BC6FF08600704730BC06F034BD8F
:1070D00030BC07F0AEB800BF4B4E80002DE9F7433F
:1070E0000D46DDE90A891646134942681F46B1EB91
:1070F000122F04464FEA12230ED0104A934200D0BA
:10710000ABB93B46324629462046CDE9008900F01E
:1071100003FD10F1860F0CD13B463246294620462E
:10712000CDE90A8903B0BDE8F04300F0F5BC6FF08B
:10713000860003B0BDE8F083004E80004B4E800017
:10714000F0B4DFF82CC05468DDE90456BCEB142F12
:107150004FEA142702D0074CA74204D1CDE90456C8
:10716000F0BC00F023BE6FF08B00F0BC704700BF96
:10717000004E80004B4E80002DE9F043DFF8449034
:10718000DDB2446845F000754D45DDF82C804FEACE
:107190001424DDE90767DDE909CE0CD014B10A4DEE
:1071A000AC420CD1CDE90AE8CDE9087C0796BDE8F0
:1071B000F04306F04EBF6FF08500BDE8F0836FF03E
:1071C0008600FAE7050000024B4E8000F7B5089EE6
:1071D0000E4FF5B2044645F000754868BD424FEACF
:1071E00010200DD010B10A4DA8420CD1009604F128
:1071F000080006F023FF08B90523236003B0F0BDA3
:107200006FF08500FAE76FF08600F7E705000002EF
:107210004B4E8000F7B5089E0E4FF5B2044645F080
:1072200000754868BD424FEA10200DD010B10A4DDC
:10723000A8420CD1009604F1080006F001FF08B93D
:107240000523236003B0F0BD6FF08500FAE76FF00F
:107250008600F7E7050000024B4E80002DE9F04163
:1072600044681D46DDE9087CDDE90636240ADDF8C0
:1072700028E003D0DFF82080444508D1CDE909E5B6
:10728000CDE9077C0696BDE8F04101F0EDB86FF05E
:107290008600BDE8F08100BF4B4E80004268044B81
:1072A000B3EB122F01D106F0FBBF6FF085007047E2
:1072B0004B4E800010B50C4C206801F0E9FE0B4AE3
:1072C0001368591C11604BB9094A4820D2F80034A0
:1072D00043F00703C2F80034ECF74AFB2068BDE82E
:1072E000104001F0EFBE00BFEC17002004F60020B4
:1072F0000080045038B5164D286801F0C9FE154BC2
:107300001C68013C1C60ECB94820ECF73FFB0722ED
:10731000114BC3F80823D3F8002422F00702C3F866
:107320000024C3F80041D3F80021C3F80441D3F886
:1073300004214FF48072C3F80841D3F80831074B99
:10734000C3F888212868BDE8384001F0BBBE00BF03
:10735000EC17002004F600200080045000E100E05B
:1073600070B5154D154E2B68B34222D0FFF7A2FF22
:1073700001F012FB124A134B134952F8040B43F865
:10738000040B8B42F9D101F057FB38B106F090FDA8
:107390000446FFF7AFFF3CB92E6005E000F002FFA6
:1073A000044618B1FFF7A6FF204670BD07F017F896
:1073B000EEE70024F8E700BFE8170020117365002E
:1073C000F00C040000C080511CD38051F8B5054674
:1073D0000E4618461C2117461C4607F0FFFD6B6839
:1073E00021491A0AB1EB132F1BD1204A33782261AD
:1073F0001F4A13F00303E26066610CD0023303F00E
:107400000303012B26D86B880733DB086360194B15
:1074100023600020F8BD6B880733DB086360164BE0
:10742000F6E7164B9A4212D16A69154B1344022BA8
:1074300013D90023224642F8183FC4E9033362619E
:107440006A69104B9A4201D12023E7E747B1C4E9AA
:107450000067DEE76FF08400DCE76FF08500D9E7B6
:107460006FF09600D6E700BF4B4E80001D7E0300F4
:10747000A7E303000000002040008151004E80007F
:10748000FF3F008004C0FF7F0022074BC3F810219C
:10749000C3F80C21C3F80021C3F80421C3F8082164
:1074A000C3F81421704700BF0050045008B5FFF71F
:1074B000EBFF01230360104B0A6832B9D3F80C21AB
:1074C0001AB9D3F80821002AF6D00B687BB90B4B08
:1074D00099420ED0A3F58473D3F80831002B14BF62
:1074E0006FF002004FF0FF30FFF7CEFF08BD002025
:1074F000FAE74FF0FF30F7E700500450085104500E
:1075000070B506460D4619B34B6913F00F040CD045
:1075100011495523114A124802F0EDFF114802F0BB
:10752000EAFF55210D4802F0DDFF2146012005F05C
:1075300079FF0D480D49C0F80065C0F80455FFF704
:10754000B5FF21460546204605F06CFF284670BD74
:107550006FF00105FAE700BFC989040076890400CD
:1075600057230400F28904000050045000510450D5
:10757000034B0449C3F800050348FFF797BF00BF5A
:1075800000500450045104500450045010B50446F7
:107590000021012005F046FF064B0749C3F80045CE
:1075A0000648FFF783FF00210446084605F03AFF2E
:1075B000204610BD0050045008510450085004509B
:1075C00038B50C4659B1074D0749C5F800050748BD
:1075D000FFF76CFF10B9D5F80835236038BD6FF0A0
:1075E0000100FBE700500450105104500C500450AF
:1075F00070B51C4E44680288B6EB142F43884FEADE
:10760000142514D14069184B98420CD003F5FF4360
:107610007D330344012B22D8B2F5105F1FD1022322
:1076200000200B6070BD47F212139A42F6E70F4834
:10763000854214D102F44F40B0F5824F09D144F293
:107640001210073382424FEAD303E9D15B000133C2
:10765000E6E7B2F5885FE2D10733DB08E0E76FF0D9
:107660008600DFE7004E800001C0FF7F4B4E8000A8
:1076700000212DE9F043064695B0084601F0FCF8DC
:107680000DF12705044625F01F0520B115B0BDE812
:10769000F04306F00DBC4FF01009DFF880800122A6
:1076A00010211F4806F070FC1D4A2B190093202161
:1076B0001023CDF80490A2F1200000F033FF07461C
:1076C00050B1002001F0C6F8384606F0F1FB07463D
:1076D000384615B0BDE8F083D8E90C3210340133D8
:1076E00042F10002302CC8E90C32D8D101F0B2F8D6
:1076F00026B122463146284606F039FC2E46074C74
:107700000FCE0FC496E80F00203584E80F0095E8EF
:107710000F00103484E80F00DAE700BFA87A0020D9
:10772000C87A0020F0B5194D194FAB6B8DB0BB4234
:1077300029D0184E306801F0ABFC402300221946D6
:10774000284607F040FC3021684606F04DFC044610
:1077500078B96846FFF78CFF044690B9302302469B
:107760001946684607F02FFC01220023C5E90C23C7
:10777000AF63306801F0A6FC204606F099FB0DB01F
:10778000F0BD0E24F5E70020F9E700BFA87A00203D
:10779000B4A5B4A5F01700202DE9F04F99B00DF174
:1077A000570902F10F0A04468846154629F01F09B9
:1077B0004FEA1A1A32B1002900F08580B2F5803FF5
:1077C00000F28180414F424E386801F061FCD6E9F9
:1077D0000C32134308D12046FFF7A4FF044618B12A
:1077E000386801F06FFC5AE0D6E90C231AEB02026C
:1077F00043F10003B3F5803F14D3302102A806F013
:10780000F3FBF8B902A8FFF733FF04460028E7D1DD
:1078100030230246194602A807F0D5FB00220023B8
:10782000C6E90C230021084601F026F8044660B999
:1078300010249DB9284601F00DF82846FFF718FFDF
:107840000446CDE76FF09204CAE7386801F03AFCCD
:10785000204619B0BDE8F04F06F02ABB102D4FF0BE
:1078600001024FF010011B48AB4628BF4FF0100B30
:1078700006F08AFB174A10232021CDE90094A2F1DB
:10788000200000F04FFE824668B1002000F0E2FFC9
:10789000386801F017FC504606F00AFB0446204603
:1078A00019B0BDE8F08F5A464046494607F0CDFB77
:1078B000D6E90C32013342F10002C6E90C32A5EBE5
:1078C0000B05D844B5E76FF08604E8E7F017002011
:1078D000A87A0020C87A00202DE9F041069C04F027
:1078E000FE45B5F1407F09D0204921481A23214A9D
:1078F00002F001FE1A211F4802F0F4FD05686DBB7D
:1079000014F47C1604600BD0C4F305461A4D24F41D
:107910007E14AC42466025D1BDE8F04100F07CB851
:10792000164D2540B5F1607F0AD1E5B245F00075EE
:1079300005F17E45033D122DE8D8114E765DE5E751
:10794000B5F1707FE2D10D8805F4E047B7F5005F2F
:1079500002BF0126C5F30225AE40D7E76FF08800CD
:10796000BDE8F0816FF08500FAE700BF5A8A040095
:1079700057230400048A04000002C0030000C07FF3
:10798000328F040010B4046844B15AB1084B24F497
:107990007E149C4208D110BC06F093BB6FF08800A7
:1079A00010BC70471046FBE76FF08500F8E700BF9A
:1079B0000002C003F8B51E46036805460F4603B330
:1079C00011B34168914222D8124A23F47E139342A4
:1079D00011D106F0F6FB044678B905F10C013846E2
:1079E0006A6807F032FB6B684FF4C2712846336057
:1079F00007F0F4FA03E06FF09604002333602046AA
:107A0000F8BD6FF08804FAE76FF08604F7E76FF0CF
:107A10008904F4E70002C0032DE9F0410E461C463C
:107A200033880546B3F5105F11463DD10F2C0BD8B6
:107A300073681F481A0AB0EB132F07D01D4B9A42E8
:107A400004D06FF086042CE0202CFAD805F5B2772C
:107A50002246384605F5A47807F0F7FA2246434651
:107A600039463046FFF7B2FC0446D0B905F164064A
:107A70000121304600F000FF18B1BDE8F04106F0EA
:107A800017BA414605F1500000F09AFD0446304611
:107A900000F0E0FE0CB12046EFE7102385F84C40E3
:107AA000AB602046BDE8F0816FF08504F9E700BFC8
:107AB0004B4E8000004E8000602A2DE9F0410546C3
:107AC0000F4616461FD8DFF84880D8F8000001F0AE
:107AD000DFFA284606F067FC044620B932463846ED
:107AE0000C4907F0B2FA284600F098F90546D8F894
:107AF000000001F0E7FA002D14BF28462046BDE83B
:107B0000F04106F0D5B96FF08900BDE8F08100BF03
:107B1000F4170020000000202DE9F0410E46DDE9B9
:107B200006EC17461C464BB91C4920231C4A1D482D
:107B300002F0E1FC20211A4802F0D4FCBCF1000F55
:107B400007D119492123164A164802F0D4FC2121F5
:107B5000F1E74FF000080588CCF80080BEF1000F77
:107B600015D025F0FF05B5F5E24F03D1BDE8F04192
:107B700001F048B9B5F5824F0DD17346224639461A
:107B80003046CDF818C0BDE8F04106F08CBF6FF06C
:107B90008600BDE8F0816FF08500FAE7E559040042
:107BA000A78A040057230400088B04002DE9F04F36
:107BB0008DB00446DDE91678894692461D46189E2A
:107BC0004BB93B4978233B4A3B4802F094FC78216F
:107BD000384802F087FCB8F1000F07D13749792304
:107BE000344A354802F087FC7921F1E73EB934493F
:107BF0007A23304A304802F07EFC7A21E8E74FF0E1
:107C0000000CB0F800E0C6F800C0C8F800C0002FB3
:107C100047D0D0F804C0DFF8ACB04FEA1C2CCDF848
:107C20000CC0D0F804C0BBEB1C2F26D104A9D0F89F
:107C300014B0FFF7DDFC0146C0B9049B9F4219D385
:107C40005FFA8BFB594653464A46204600F044F9FA
:107C5000014658B92B465846CDE9007805AA00F0F0
:107C600001FB014610B9BDF81630336008460DB06F
:107C7000BDE8F08F6FF08901F8E7039CA4B92EF0FE
:107C8000FF04B4F5E24F04D10DB0BDE8F04F06F0AB
:107C900098BEB4F5824F07D10DB0BDE8F04F06F0A5
:107CA000B7BE6FF08601E1E76FF08501DEE700BF48
:107CB000148B0400A78A0400572304001F8B0400C0
:107CC000318B04004B4E80002DE9F04305461646EB
:107CD00098460F4693B049B92F49EA232F4A3048B6
:107CE00002F009FCEA212D4802F0FCFB3BB92D49CA
:107CF000EB232A4A2A4802F0FEFBEB21F3E7D0F8F7
:107D000004C0DFF8A4900488B9EB1C2F4FEA1C2EA6
:107D10002DD142880732B2F5C47F4FEAD20937D25B
:107D200024F0FF02B2F5E24F11D14A4606A906F04F
:107D3000DCFD48B905ABCDE901834A463B46284600
:107D4000009606A9FFF732FF13B0BDE8F083B4F543
:107D5000105F06D0B4F5885F03D042F204039C4262
:107D600016D14A4606A90020FFF716FDE1E7BEF14D
:107D7000000F0DD14AB124F0FF04B4F5E24F07D152
:107D800013B0BDE8F04306F0B0BD6FF08600DBE74E
:107D90006FF08500D8E700BF148B0400A78A0400A9
:107DA000572304001F8B04004B4E800030B4074C57
:107DB000041961F10005032C75F1000502D330BCF4
:107DC00000F050BA6FF0850030BC7047FF3F008074
:107DD0006029F8B505460E4618D80E4F386801F0F0
:107DE00057F9284606F0DFFA06F062F8044640B973
:107DF00009493246284607F028F96021064807F06D
:107E0000EDF8386801F05EF92046F8BD6FF089049E
:107E1000FAE700BFF41700200000002008B503783F
:107E20009B0705D00548602107F0D8F8002008BD61
:107E300006F0D5FA0028F5D00220F8E7000000206F
:107E4000F7B5244943680446B1EB132FDAB23DD1AC
:107E5000032A03D16FF0840003B0F0BD466901A985
:107E6000F5B2284606F049FA0028F5D121466A46BF
:107E7000019806F017FA044610BB009FA74218D8D5
:107E80009DF8043007F0070223F01F0343EA820342
:107E900001A88DF804308DF80560FFF7BFFF394663
:107EA000284606F045FA70B903B0BDE8F04006F088
:107EB00057BA6019FFF75CFB0028CBD10134DCE72F
:107EC0006FF09800C8E76FF09200C5E76FF08B0085
:107ED000C2E700BF4B4E80002DE9F04F89B0054648
:107EE0000E4617461C4606F03BFA002840F030814B
:107EF0006B690090C3F3013262F305108DF8000046
:107F000010F0300008D1A968890710D06FF08608FA
:107F1000404609B0BDE8F08F102808D1BDF8023006
:107F200023F4F87343F4A873ADF8023089E0E968EC
:107F300001F0FE4CBCF1A06F0BD0DFF84CC26145E4
:107F40000AD0DFF848C2614515D0DFF844C2614568
:107F50000ED0DBB2F82B07E01421009B61F39333C2
:107F600000932B88B3F5105F1BD06FF08508CFE727
:107F70002421009BF2E7AB685B04F6D52B8803F461
:107F80004F41B1F5824F02D0B1F5884FEDD1DBB250
:107F9000122B01D0412BE8D13821009B61F39333A0
:107FA000009300234FF0010B984619469C46D5F8E4
:107FB00008E0DFF8E09159F804AB1EEA0A0F08D098
:107FC0000BFA0CF343EA080303F07F08012341EAAC
:107FD0000A010CF1010CBCF1070FECD12BB19DF89B
:107FE000033068F347038DF803303EEA0101BCD14A
:107FF0006B88FF2B39D005D8802B38D0C02BB4D15B
:10800000022306E0B3F5807F33D0B3F5C07FACD157
:1080100006239DF8021063F306118DF8021018B9BB
:108020001EF0030F7FF472AF2B79022B2ED022D8D3
:10803000012B7FF46BAFBDF8021063F3C811ADF8EC
:108040000210012A3AD0032A25D0002A7FF45EAF1D
:108050002B88B3F5105F88D1182C04D0202C02D0C7
:10806000102C7FF453AF4C4D2CE00323D1E70123B8
:10807000CFE70423CDE7032B02D0FF2B7FF446AFDD
:108080000221BDF8023061F3C8134DE7BDF802309C
:1080900043F4C07348E7202C05D006D8102C02D03A
:1080A000182C7FF433AF3D4D0CE024F02003412B1E
:1080B00001D0302CF5E70137013CF4E7302C7FF498
:1080C00025AF374D4FF000080F344FEA141906EB77
:1080D000080005F07FFF002852D008F10108C145D3
:1080E000F5D11F2C2ED11C22002101A806F0D3FFB0
:1080F0004FF0000B4FF0FF3A05EB0B124FEA0B135A
:108100000692BBF1000F26D1009A0792BDF802201B
:108110003B44C2F3C11205920DF1040C03F1100EA1
:10812000624618685968083303C273459446F7D10C
:1081300001A906EB0B00FFF7E3F9804670B106F0EA
:108140000FF905E04946304606F0F2F80028CAD09B
:108150006FF09208DCE6CDF81CA0D7E71C2101A83F
:108160000BF1010B06F03AFFD945C5D11F2C3FF4A6
:10817000CFAEBA20FFF70AFA00283FF4C9AEE7E70E
:108180006FF08A08C4E600BF004440040000020902
:108190000002C0030C2004004000815100000020B8
:1081A0001084045010B590B01C22002101A806F0E4
:1081B00072FFF82005F00EFF00B3202200200DEB27
:1081C0000201FFF7E9FA0446F0B94FF48071104A52
:1081D000104B01A8CDE901230F4BCDE903130F4B41
:1081E000F821069320230DEB0302FFF775FE2021F3
:1081F00004460DEB010006F0F1FE05E0F92005F064
:10820000E9FE0028D9D10446204610B010BD00BFB9
:1082100000240001014B4E800010C004F800FF7FD5
:1082200073B5C5B20E46284601A9144606F065F896
:1082300088B9BDF80630C3F3C113013BDBB2022B92
:108240008FBF6FF08600054AD25C054B9EBF13437B
:108250003360C4E9005002B070BD00BF458F040018
:10826000004B4E802DE9FF41884601A90646144681
:108270001D460A9F06F041F848B9B6F1F80348F1E7
:10828000FF38022B78F1000804D26FF0860004B0AA
:10829000BDE8F08106F064F8002861D1002CF4D02C
:1082A0009DF8041011F00F0240F0C380BDF80630B5
:1082B000C3F3C113013BDBB2022B00F2BD80634864
:1082C00001F03008C05C624BB8F1100F43EA0003C4
:1082D00063602AD15F4B2360204602A9FFF788F92B
:1082E0000028D4D1029BBB4200F2AC8044F21212AF
:1082F00021880198914204BF042205F8012B0B9AB2
:10830000214613609DF804302A78C3F3011363F308
:1083100001022A7003AA08BF07F1FF3705F0C2FF68
:10832000002870D06FF09800B1E713469DF807C0A1
:10833000DFF824E14FEA5C00A8B9D00454BF13462B
:1083400042F48063990448BF43F40063A360019B37
:10835000C3F38533242B35D0382B0ED0142B35D0D6
:108360006FF0920093E7C10704D5062B67D85EF83B
:1083700023100A4340080133DEE747F2121347F2A5
:10838000411C9DF8060000F07000302808BF6346CD
:108390003248E0609DF806002380C0F302100138E7
:1083A0000528BFD80FF2040C5CF820F0038403000A
:1083B000D5830300F3830300F783030025830300C1
:1083C000FD8303004FF410532548E2E74FF41053A8
:1083D0002448DEE7C0206080B8F1000F7FF47CAF56
:1083E000B3F5105F02D193073FF476AF6FF09600BC
:1083F0004DE7FF20EFE74FF48070ECE74FF4C070DB
:10840000E9E78020E7E72B78039A6E7062F3840334
:108410002B70238803F44F42B2F5824F04D13946C2
:108420002846FFF7D5FC32E7B3F5885F7FF42FAF1E
:10843000F5E76FF088002AE76FF0910027E76FF00B
:10844000830024E76FF0890021E700BF458F040017
:10845000004B4E80011080010C2004000000020936
:108460000002C003004440042DE9F0470688174687
:1084700006F44F4286B0B2F5824F9946DDE911A36A
:10848000884602D0B2F5884F1DD1F6B20024224DA5
:1084900041881D4023F0004323F47F03B3F1106FA4
:1084A000CAF800401D4B45F010650ED19D420ED11B
:1084B000038823F0FF03B3F5E24F0ED06FF0860080
:1084C00006B0BDE8F0870026E0E79D4202D0144BDD
:1084D0009D42F3D16FF08500F2E7304605AA00F027
:1084E00081FBB8B9059B5B68BB42E7D1304600F021
:1084F000B9FB0028EED0109B3A4602930F9B4146F1
:1085000001930E9B05980093CDF80CA04B4600F00C
:10851000D5FCD5E72046D3E70000FFF600000209AE
:108520000000010937B54FF480740194214C41F0EB
:108530000051A16140F6110143F00053A3622123D1
:10854000E16104F12001616101212262E362069A86
:10855000194B01AD1A60079A256042F000521125AF
:10856000C3E901122022DFF854C02061C4E902C52A
:1085700004F1100565606162DA60BFF35F8F4FF050
:10858000A3421460BFF35F8FBFF35F8F1361BFF32C
:108590005F8FBFF35F8F03235363BFF35F8FBFF31F
:1085A0005F8F9363BFF35F8F05F0A4FF431CFBD085
:1085B00003B030BD18F6002008F6002004000020AB
:1085C00038B504460D4619B10A688B681AB953B913
:1085D0006FF0210029E033B94B6823F00802102A1C
:1085E00001D0202B36D12561EB68D3B91B4B04F1A8
:1085F0007801236001236360AB6804F114009A06DC
:108600009B01DBB202F0E0421A4342F480321123B4
:1086100000F026F8AB684BB100201023C4E9020338
:1086200003E0686998470028E0D038BD2A68A3694C
:108630001A606B68A26943F0005393602268A369D3
:1086400092699268DA60A3691033A36163680133A9
:108650006360E1E76FF04100E7E700BF2820040016
:10866000026100F11402826000F110024160C260F8
:108670000A604268034991604268D36043681033DE
:108680004360704704000020BFF35F8F094A1368FE
:10869000BFF35F8F43F48071BFF35F8F1160BFF34F
:1086A0005F8F23F48073BFF35F8F1360BFF35F8F1F
:1086B000704700BF0010805108B5FFF7E5FFBFF31A
:1086C0005F8F064A1368BFF35F8F43F00103BFF368
:1086D0005F8F1360BFF35F8F08BD00BF0010805134
:1086E00070B50026C0E9006605460C46FEF7E2FDBF
:1086F00001232B70FFF7C8FFBFF35F8F204BDB68B0
:10870000BFF35F8F9B08013BACB3226842B19A4232
:1087100005D9FEF7EFFD6FF03F002E7070BD1346D8
:10872000D4E90115E068002908BF4FF40071002862
:1087300008BFF1202469BFF35F8F114A9360BFF334
:108740005F8FBFF35F8F1564BFF35F8FBFF35F8FE2
:108750005064BFF35F8FBFF35F8F5163BFF35F8FD1
:1087600044F4802444F00104BFF35F8F1460BFF32E
:108770005F8F0020D2E74FF40071F1202546DAE741
:108780000010805170B503780D461446002B52D06E
:10879000BFF35F8F2C4A136BBFF35F8F03F00E01A3
:1087A0000A294BD013F00C0F02D14FF0FF3070BDEF
:1087B0004368D3B9BFF35F8F5368BFF35F8F032B59
:1087C000F3D9224B2249BFF35F8FD2F88060BFF309
:1087D0005F8FBFF35F8F43F8046BBFF35F8F8B42F4
:1087E000F1D1FFF769FF01234360BFF35F8F164BA1
:1087F0009A68BFF35F8F0132B4EB021F21D8BFF339
:108800005F8F5A68BFF35F8FB4EB820FCDD884B10E
:10881000BFF35F8FD3F88020BFF35F8F291D05F86A
:10882000012BA9424FEA122204F1FF34EFD0002CB1
:10883000F5D10020BBE76FF02000B8E76FF05100E2
:10884000B5E76FF03F00B2E7001080511010805183
:108850002010805110B5044608B1037843B1FEF7EB
:1088600049FD044B186800F02DFC0CB10023237067
:1088700010BD00BFF417002073B50D460646FEF785
:1088800019FD15F0010509D001A800F087F904468B
:1088900020B1FEF72FFD204602B070BD184B1868BE
:1088A00000F0F6FB0EB101233370BFF35F8F4FF082
:1088B000A3430022DA61BFF35F8FBFF35F8F4FF0F6
:1088C000FF321A63BFF35F8FBFF35F8F3422DA6129
:1088D000BFF35F8F01220B4BC3F8042375B10198DE
:1088E00006F0F2F8042104460DEB010006F076FBD9
:1088F000002CD0D03046FFF7ADFFCCE72C46CAE7BE
:10890000F41700200080045038B51C4CD4F80051F6
:10891000C5B1BFF35F8F4FF0A343996ABFF35F8F79
:10892000BFF35F8F4FF0FF321A63BFF35F8F0023F7
:10893000C4F80031D4F80031114B1868BDE8384054
:1089400006F016BBD4F8083153B100F0BDF805F0BD
:1089500089FFC4F80851D4F808310121094BECE72C
:1089600009495023094A0A4801F0C5FD094801F0A8
:10897000C2FD5021054801F0B5FD00BF0080045044
:10898000FC170020F8170020F57C04003A8B040047
:1089900057230400A08B040008B5074B186806F0A5
:1089A000D6FA064B186806F0D2FABDE80840002255
:1089B00048201146EAF7FEBFFC170020F8170020F8
:1089C00038B5094B1C7864B1084B4FF0FF311D6876
:1089D000284606F0BEFA4FF0FF310446284606F05E
:1089E000C5FA204638BD00BF46020120FC17002012
:1089F00038B5074B4FF0FF311D68284606F0A9FA3D
:108A000004464FF0FF31284606F0B0FA204638BD44
:108A1000F817002010B5064CE36C3BB9214651F81D
:108A20004C3B986905F03BFF0123E364014810BD0E
:108A300048F6002094F6002010B50A4B0A4C23603B
:108A400003F5C04363602461FFF7E4FF236D00205A
:108A5000B3F5007FCCBF4FF480634FF40073A36085
:108A600010BD00BF0020805148F6002010B504461C
:108A7000114B186800F00CFB104B1A682361226040
:108A80005A6862609A68A2600D4A12689A6600236A
:108A9000A364FEF70FFC04220A4BC3F8042320460C
:108AA00005F0D1FE20B9204605F0D2FE00B910BD78
:108AB000FFF79EFFF3E700BF0018002048F60020F4
:108AC00054200400008004500048704748F60020FD
:108AD000042210B50446084BC3F80823FEF70AFC2D
:108AE000064A236912689A6600236364044BBDE852
:108AF0001040186800F0E6BA0080045054200400CA
:108B000000180020244B0340B3F5806F30D016DCF2
:108B1000402B2FD008DC102B2ED0202B2ED0181E4F
:108B200018BF012040007047B3F5807F28D0B3F50F
:108B3000007F27D0802B14BF02200B207047B3F595
:108B4000804F21D00BDCB3F5805F1FD0B3F5005F01
:108B50001ED0B3F5006F14BF022006207047B3F596
:108B6000004F17D0B3F5803F14BF02200320704799
:108B7000112070470A2070470C2070470920704769
:108B80000820704707207047142070470520704761
:108B9000042070470F207047F0FF010070B50E4DA4
:108BA0000E4E0446286800F073FA306828B9802217
:108BB0000B49FEF7F1FD60B92020094A013852F84F
:108BC0002020306022600024286800F07BFA2046D4
:108BD00070BD0224F8E700BF04180020B4F600209E
:108BE000B8F6002012281BD0A0F11203302B2DD88C
:108BF00026280DD81738C3B20B2B27D81648184192
:108C000000F00100C0F1FF2000F57F007A307047CE
:108C10002738C3B21148D84000F0010087387047A8
:108C2000B1F5807F0ED006D8E02914BF6FF0860022
:108C30006FF085007047B1F5C07F0AD040F209237C
:108C40009942F2E7064B0020136070476FF08600F0
:108C500070476FF085007047EEF7FFFF1102000CC0
:108C6000E8210400A0F11203DBB21E2B9DBF0348D4
:108C7000D84000F001000020704700BF21022142CF
:108C800070B50446A4B0466811A80D46FFF7EEFE85
:108C9000174B11A8196805F0FCFD21466B46002210
:108CA00011A806F059F8044680B911A805F0E7FFAD
:108CB000DDE900120346284605F066FF11A806F01C
:108CC000AEF811A805F0D6FD044648B111A8FFF78B
:108CD000FFFE204605F0ECF80446204624B070BDA7
:108CE00011A8FFF7F5FE3146684606F077F9F4E77C
:108CF000F821040070B5D51D1C78ED080646042C3B
:108D0000084611464FEA450286B002F101021DD124
:108D10000A9C94421AD1104C104A344044F010641A
:108D200094424FF0000414D15A1CCDE902526A1C3F
:108D3000134401AACDE904530194FFF753FF18B976
:108D4000019802A9FFF79CFF06B070BD6FF0860086
:108D5000FAE72046F8E700BF0000FFF6000002092E
:108D60002DE9F041038803F44F44B4F5824F02D05B
:108D7000B4F5884F22D1DEB2C56803F4E0401F4B42
:108D800000241F4693F800C0B4451BD1D2F80080E0
:108D9000B0F5804F0CBFD3F80CC0D3F808C0D3F89F
:108DA00004E0B8F1000F0BD18C4509D1C2F800E006
:108DB0008C450DD06FF08600BDE8F0810026DBE722
:108DC000F045F5D00134132C03F11403DAD1F1E7A7
:108DD000142303FB04773B7C13B96FF08500EBE7AA
:108DE000422E09D1064B9D4206D003F20B139D4241
:108DF00002D00A339D42DDD10020DDE76C20040063
:108E0000000800062DE9F34105881F4605F44F438D
:108E1000B3F5824F0E468046418802D0B3F5884FA5
:108E20001BD1EDB2422D3DD8402D13D8A5F1120330
:108E3000DBB21E2B36D81E4A42FA03F3DA0731D4CE
:108E4000CC1DE40864000134089BA34207D26FF0F4
:108E5000890024E0CC1DE408F6E7002425462846D6
:108E600001AAFFF7BFFED0B9D8F80420114BB3EB2D
:108E7000122F19D0123DEDB21E2D15D80E4BEB401E
:108E8000DB0711D539460423019A01F8013B30462E
:108E900000F0A6F805F00CF808B9099B1C6002B0B8
:108EA000BDE8F0810024DAE76FF08500F7E700BF46
:108EB000DEFFFFBF004E8000210000402DE9F041A1
:108EC0001546C4B003AC1E460DF104080FABC8E94B
:108ED0000021C4E90132226020AB102207460021A4
:108EE00007A8E36006F0D7F84A9A6B0001339A426C
:108EF0006DD13378042B6AD14C9B9D426AD8731C88
:108F0000CDE907536B1C1E44384607A9CDE9095625
:108F1000FFF7B6FE0546002855D131A8FFF7A6FD9C
:108F20002E4B31A8196805F0B4FC0A2600223946F8
:108F30000BAB31A805F010FF0546002834D131A84D
:108F400005F09DFE054602460B99404605F0F3FDEF
:108F5000DDE90C122B4607A805F016FE31A805F036
:108F60005EFF31A805F086FC0546E8B9013EDDD17B
:108F700031A805F0C1FE064631A805F080FE234663
:108F80000246D6E9000105F0EFFD636822680C9304
:108F9000A3684B990D93E3680BA80B920E9305F011
:108FA000CAFD4D9B0B9A1A60D4E9001006F016F822
:108FB000D4E9021006F012F8284604F079FF0546BD
:108FC00031A8FFF785FD284644B0BDE8F0816FF079
:108FD0008605F8E76FF08905F5E700BF1022040069
:108FE0002DE9F04796B0814603A80E46154657680E
:108FF000FFF73CFD254B03A8D3F800A04FF0000875
:10900000514605F046FC6B460022294603A805F0B0
:10901000A3FE044618B103A8FFF75AFD21E03A4623
:109020004946009805F0CBFDDDE90123294603A858
:1090300005F050FE03A805F0F2FE03A805F01AFCA7
:109040000628044611D108F10108B8F10A0F04D02E
:10905000514603A805F01DFCD5E703A8FFF738FD2E
:109060006A24204616B0BDE8F0870028D3D103A8B3
:1090700005F042FE05463A460168304605F0AAFD75
:109080003A466968F01905F0A5FDC4E7102204000E
:1090900008B54FF0FF324FF0FF33F9F78DFA48B1C2
:1090A000054906481723064A01F025FA1721044806
:1090B00001F018FA08BD00BFFD8B0400572304001F
:1090C000B88B040008B5F9F73FFB48B105490648DD
:1090D0001F23064A01F00FFA1F21044801F002FA8B
:1090E00008BD00BFFD8B040057230400B88B0400AB
:1090F0002DE9F74305460C46914600F10C06EFF3C7
:109100001188402383F31288BFF36F8F3046FCF73A
:1091100053F968B98423164A1649174801F0EBF948
:109120003146164801F0E7F98421114801F0DAF9D7
:109130003046FCF765F9AB6828465C4004EA090252
:1091400003EA09075340002200930D496B46019240
:10915000FBF7F2FFDDE9003223EA02033046414625
:10916000AB6004F0F6FA384603B0BDE8F08300BF08
:10917000703304009D33040057230400B23304000D
:10918000F5EF03002DE9F04F85B08846DDE90E1BB1
:1091900005461746EFF305838BB151EA0B030ED05A
:1091A000404940F22113404A404801F0A4F94048A8
:1091B00001F0A1F940F221113B4801F093F902912D
:1091C000B8F1000F56D007F001030393FBF70AFE36
:1091D00005F10C048146EFF3118A402383F31288D2
:1091E000BFF36F8F2046FCF7E7F8029960B984233C
:1091F000304A31492D4801F07EF921462F4801F0CF
:109200007AF984212B48D8E720460291FCF7F8F838
:1092100017F0020F1CBF0023AB60AB6807F0010220
:10922000029903EA0806BAB1B04517D17A0744BFDC
:10923000B343AB602046FCF7CDF8E8B94FF499731F
:109240001C4A1F49194801F056F921461D4801F0F2
:1092500052F94FF49971D5E7002EE7D151EA0B038B
:1092600012D12046FCF7B6F80028E7D08AF311881F
:10927000BFF36F8F002603E08AF31188BFF36F8F6F
:10928000304605B0BDE8F08FC9E918872A46CDE918
:10929000001B20465146FBF709F90028EAD1D9F80E
:1092A0006060EDE73F820400068C04005723040051
:1092B0002D7F0400703304009D330400B23304009A
:1092C000C8330400DF33040008B5EFF305834BB166
:1092D000074908483A23084A01F00DF93A2106489F
:1092E00001F000F9C0E90233C0E9000008BD00BF89
:1092F000D181040057230400068C0400F8B50E4BFE
:1093000006461D68AB789B0712D56F6816F8014BAF
:1093100029462CB90A20B847002805DB204609E079
:109320002046B8470028F1DAAB7843F00403AB706D
:109330004FF0FF30F8BD00BFE40704000CB430B5B7
:109340008BB004460D462022002102A805F0A3FEA2
:109350000223002D06948DF80A300C4B039312DB88
:1093600001D06B1E1C440FAA0E9902A8079401920B
:1093700000F00EF815B1069B00221A700BB0BDE884
:10938000304002B070470024EDE700BFD9F1030080
:109390002DE9F04F43688BB0804692460093837866
:1093A0009C0740F1F98000250878002800F0F6803D
:1093B00025280AD04B1C019301354146009B984754
:1093C0000028C0F2E3800199EEE74E788B1C252E31
:1093D0000193F1D000270A22B9463C461F2C22D81F
:1093E000A6F12003102B20D8DFE803F0141F1F1A6A
:1093F0001F1F1F0B1F1F1F121F171F1F090044F0E5
:109400000104019B13F8016B0193002EE6D13AE0B1
:1094100044F0020444F00404F3E744F00804F0E7E5
:1094200044F01004EDE77F2C24D8A6F13003092B7B
:1094300008D860064EBF02FB073744F0200402FB49
:109440000939DEE72A2E0DD161065AF8043B53D4C0
:10945000002BA7BF44F020049946C3F1000944F053
:109460002804CEE72E2E05D1630600F1978044F044
:109470004004C6E76C2E2ED028D8682E32D06A2E33
:1094800037D04C2E35D0002F46F02003B8BF24F043
:109490004004A3F16502BCBF0027A4B2022A01D98F
:1094A000612B2BD10AF1070A07279D4E2AF0070AE4
:1094B0000AF1080A210760D506EB070B34465C4524
:1094C0005DD1AE1BA9EB0709A21959E1742E98D002
:1094D0007A2E96D0D7E7260648BF44F4007444F0AD
:1094E00080048EE7E00548BF44F4007444F48074BF
:1094F00087E744F4207484E71F4682E7A6F16302FD
:10950000122A00F2D880DFE812F013004D00D600D6
:10951000D600D600D6004D00D600D600D600D60024
:10952000D600E800D100D600D6001A00D600A00070
:109530005AF8043B012704AE8DF81030BAE75AF808
:10954000046B784B002E08BF1E4614F0400F3046C7
:1095500014BF39464FF0FF3105F0DCFD0746A9E79F
:1095600041462020009B984700280FDB013CA74282
:10957000F6D34D44A1462D1B9EE74C46F7E74146E6
:1095800014F8010B009B9847002898DA98F80230ED
:1095900043F0040388F802304FF0FF3528460BB043
:1095A000BDE8F08F220630D5A3052AD50AF1070AB7
:1095B0002AF007039A4659685AF8080B24F0100B52
:1095C00000291FFA8BFB2FDA40424BF4806B61EBD2
:1095D000410104AC0A23224605F0A8FD1BF0400F10
:1095E000A0EB040200F08E802BF001049742A4B29D
:1095F00040F38F80002E40F08E802BF01104A4B237
:109600001DE05AF8040BC117D8E7E0055AF8041B0F
:1096100001D40846F7E7A20547BF48B241F3C0119D
:1096200008B241F3C031C9E750EA0103D1D1630662
:10963000CFD5002FCDD124F011043A46A4B23B4639
:1096400040F206410C4262D124E024F010040A23C7
:10965000A4B214F0800243D014F4007117BF0AF1D1
:10966000070A5AF8040B2AF0070292461CBF5168F9
:109670005AF8080B50EA01023ED124F0160B62069C
:109680001FFA8BFB3CD5002F3AD124F017043A4641
:109690003B46A4B221075AD4E10705D5994572DDAE
:1096A000A9EB03039F184B469B464AE044F0100485
:1096B00010237826CDE7782B04D1C6F1780343F048
:1096C0001003C6E741462520009B98470028FFF677
:1096D0005DAF02354146304670E608230026B8E704
:1096E00014F480715AF8040BC4D014F400711ABF3A
:1096F000C0B2114680B2BDE724F006041FFA84FB15
:1097000004AC68E713465C46E10699D52EB90133EF
:10971000C0E71346F8E73B46F6E70233BAE700BF77
:10972000948C04008D8C0400CDE902324146202047
:10973000009B98470028FFF629AF0BF1010BDDE9EC
:109740000232D945F0DCEB1A03EB0B055B46E10670
:1097500027D541463020CDE90232009B98470028AA
:10976000FFF614AFDDE902327EB901352F44791BD3
:109770008A4229DB144604AE94BB2A44A9EB0309B0
:109780001546914440E017468EE702354146304683
:10979000CDE90232009B98470028DDE90232E5DA84
:1097A000F4E640F206410C42E0D014F0020F05F15D
:1097B0000105414614BF2B20202014F4806FCDE911
:1097C000023218BF2D20E5E7CDE902324146009B69
:1097D0003020013598470028DDE90232C7DAD5E6A6
:1097E000013C4146CDE90232305D009B984700289C
:1097F000DDE90232C0DAC9E641462020009B01358E
:1098000098470028FFF6C2AEA9EB0503002BF3DC56
:10981000D9E500BFF0B589B004460D4616460021D3
:10982000202268461F4605F036FC0223002D0494D2
:109830008DF80230094B01930EDB01D06B1E1C44E6
:109840003A46314668460594FFF7A2FD15B1049BE0
:1098500000221A7009B0F0BD0024F1E7D9F103002D
:1098600038B5044C044DAC4200D138BD54F8043D29
:109870009847F8E700000000000000007047D0E8BB
:10988000EF3F0133C0E8E23F002AF8D170472DE9ED
:10989000F04F9BB09046DDE924650446002800F0B7
:1098A000C280002A00F0BF80002914BF4FF0010BD6
:1098B0004FF0000B00F0B5800846EEF751FD07466B
:1098C00056EA050303D100F0FEFA06460D46B8F845
:1098D00002302F220093B8F8183000210193B8F815
:1098E0001A3020460293B8F81C300393B8F81E30A3
:1098F0000493B8F82230059398F80030069398F84E
:109900000430079398F80530089398F806301893B8
:1099100098F80730179398F80830169398F809309C
:10992000099398F80A300A9398F80B300B9398F83B
:109930000C300C9398F80D3098F820A00D9398F8FF
:109940000E3098F821900E9398F80F30159398F8F0
:109950001030149398F81130139398F81230129332
:1099600098F81330119398F81430109398F8153034
:109970000F9398F8163098F82480199305F08BFB14
:109980002F22009B0020A381019B84F800B0E3817B
:10999000029B62702382039BA7706382049B6660B4
:1099A000A382059BA560E382069B2376079B6376D3
:1099B000089BA376189BE376179B2377169B637708
:1099C000099BA3770A9BE3770B9B84F82CA084F870
:1099D00020300C9B84F82D9084F821300D9B84F866
:1099E0002E8084F822300E9B84F82330159B84F857
:1099F0002430149B84F82530139B84F82630129B66
:109A000084F82730119B84F82830109B84F8293083
:109A10000F9B84F82A30199B84F82B301BB0BDE8CB
:109A2000F08FFF274CE76FF01500F7E770B504469D
:109A30008CB02622002102A805F02DFBE4B100F035
:109A400042FA054602A80E4603F034F940B9002157
:109A50002046CDE9005602AAFFF719FF0CB070BDF1
:109A60002622002102A805F016FB02A803F0A6F8A2
:109A7000002804DCF2D1EAE76FF01500EEE76FF0A2
:109A80000400EBE710B5D8B10288052A19D943883C
:109A9000B3F5486F15D89A4213D88488B4F5FA7F85
:109AA0000FD2C18840F67640A1F10A0292B28242FA
:109AB00007D804FB0333B3EB810F34BF0120002030
:109AC00010BD0020FCE700B589B08DF804000B78CC
:109AD000487843EA0023ADF80630C8788B7843EA2B
:109AE0000023ADF8083048790B7943EA0023ADF83C
:109AF0000A30C8798B7943EA0023ADF80C308B68C3
:109B000010460493CB6805930B7C8DF818304B7C82
:109B10008DF819308B7C8DF81A30CB7C8DF81B308A
:109B20000B7D8DF81C304B7D01A98DF81D3003F0A5
:109B300000F809B05DF804FB38B50D46044648B19D
:109B40000846FFF79FFF28B100202B6863606B6811
:109B5000A36038BD6FF01500FBE748B141B14B7809
:109B60007F33DBB2932B03D80B88838100207047AF
:109B70006FF01500704738B50C460546A8B1A1B185
:109B80000022C97C207CE4F7B7F970B1214605F1C9
:109B90000E0004F1140351F8042B994240F8042BF1
:109BA000F9D10B880380002038BD6FF01500FBE76A
:109BB00020B1032902D88170002070476FF0150092
:109BC0007047034607B508468BB181B14FF48071E9
:109BD0001A7B93F90D30ADF8041001A98DF8062019
:109BE0008DF8073002F05BFF03B05DF804FB6FF007
:109BF0001500F9E70A4628B121B100F10E0180787D
:109C0000FFF761BF6FF0150070472DE9F04716466A
:109C1000DDE908871D460446002853D0002951D0AD
:109C20000AB9002B4ED00846EEF79AFB58EA070314
:109C3000814603D100F047F980460F464FF0280ACD
:109C400000215246204605F026FA012384F801A09F
:109C5000237084F80290E670C4F80480A76016B1FF
:109C60000020BDE8F0872B7823736B786373AB78A3
:109C7000A373EB78E3732B7923746B796374AB79FB
:109C8000A374EB79E3742B7A23756B7A6375AB7AE3
:109C9000A375EB7AE3752B7B23766B7B6376AB7BCB
:109CA000A376EB7BE3762B7C23776B7C6377D5F80D
:109CB0001230C4F81E30D5F81630C4F822306B8B41
:109CC000E384CDE76FF01500CBE72DE9F0471646AA
:109CD000DDE908871D46044600283CD000293AD01B
:109CE0000AB9002B37D00846EEF73AFB58EA0703CB
:109CF000814603D100F0E7F880460F464FF01F0A77
:109D000000215246204605F0C6F9022384F801A03E
:109D1000237084F80290E670C4F80480A760BEB98E
:109D20002B78A3766B78E37693B16B68E3606B89ED
:109D30002382AB896382EB89A3822B8AE3826B8ABD
:109D40002383AB78237795F9033063772B7AA37756
:109D50000020BDE8F0876FF01500FAE789000628BB
:109D600012D8DFE800F0041306080A0C0E000520E4
:109D70007047062070470E207047481C7047C81D6A
:109D8000704701F10F0070470020704703207047B3
:109D9000F0B54A6849781478577892F90260B2F9B8
:109DA00003505279017004F00F012409417084704E
:109DB000C7700671A0F80550C271F0BD07B502F07A
:109DC0003EFE03B05DF804FB2DE9F74F044608465C
:109DD00000211E46FFF7C2FF17460025EA469DF800
:109DE0003090DDF834800444B5425FFA85FB02D13F
:109DF00003B0BDE8F08F2046FFF7E0FF5A46494622
:109E000000903846F4F788FBE1788DF8040001F003
:109E10000F0309098DF805308DF80610DAF80000F7
:109E2000C5EBC50208EB020348F80200BAF80420AB
:109E300099719A8001350434D6E770B5E0B1D9B193
:109E4000D2B10C6883889C4219D20668D6B11B1B1C
:109E5000022B17D930198578033B9D4212D84378DD
:109E60000330345D506000201470537095700B689F
:109E700003332B440B6070BD6FF01500FBE76FF0F0
:109E80003C00F8E76FF04C00F5E7023801289ABF74
:109E9000481CC0B200207047034688B189B10279DE
:109EA0001AB100888A88904206D0012200201A71D7
:109EB0008A881A80588070475988013188B2F9E73A
:109EC00070470846704703F082B870B505461646DD
:109ED0000C4649B142B11022002105F0DCF8002007
:109EE000C5E90046207070BD6FF01500FBE70EB4A9
:109EF00077B5037B0446B3B9D0E9015026682D1A23
:109F000008AB2946079A30440193FFF783FC0028E9
:109F100001DBA8420CD3012300212373636822686C
:109F2000013BA360D15403B0BDE8704003B070475B
:109F3000A3680344A360F6E7037B0BB9806870470E
:109F40006FF01B00704708B54FF0FF314FF0FF3046
:109F5000E4F7D2F9F8E708B500200021E4F7CCF9DE
:109F60000028F9D108BD08B5E3F7E0FF002808BFD5
:109F70006FF0010008BD30B103230370022343706A
:109F80006FF0010070476FF01500704700207047B8
:109F9000D0E8AF0F7047036D23B1436D1960006DBA
:109FA000F8F75ABE70470023D0E8EF2FC0E8E13F32
:109FB0000029F9D1704708B50246E4F74FFB20B1FC
:109FC000BDE808401046EEF701B808BD70B5A0B076
:109FD00005460E461446002158220AA805F05BF8F3
:109FE000112328468DF828308DF82960FFF7E3FF0C
:109FF0000C90A0B1002200232946CDE9002302A83D
:10A0000023463246FFF761FE10B902A800F0F7F8C8
:10A0100014B12388ADF838300AA8E4F757FB20B014
:10A0200070BD30B597B004460D46582200216846F1
:10A0300005F031F8102320468DF800308DF80150DE
:10A04000FFF7B9FF029010B16846E4F73FFB17B085
:10A0500030BD70B5A4B005460E4614460021582206
:10A060000EA805F018F80D2328468DF838308DF825
:10A070003960FFF7A0FF1090E0B1C6B9BCB1002273
:10A0800000232946CDE9002302A82246FFF7FFFB63
:10A0900050B902A800F075F8E37C83F001038DF855
:10A0A0004B30A37D8DF84C3023798DF84D300EA8C0
:10A0B000E4F70CFB24B070BD70B596B0064658228C
:10A0C0000021684604F0E7FF01238DF80030CEB18F
:10A0D00073690BB13369ABB1354604AC0FCD0FC416
:10A0E00095E8070084E807003BB118680B909A8850
:10A0F0009B79ADF830208DF832306846E4F704FAE9
:10A1000016B070BD6FF01500FAE730B597B0044691
:10A1100058220021684604F0BEFF04238DF8003069
:10A1200094B1234604AA04F120051446186859681E
:10A13000083303C4AB422246F7D118682060684652
:10A14000E4F7E2F917B030BD6FF01500FAE7F0B5AB
:10A150001C4607460E46154695B05022002168461B
:10A1600004F099FF1A9B68468DF804708DF805601D
:10A170008DF806508DF807400293E4F799FE15B06C
:10A18000F0BD30B595B0044650220021684604F079
:10A1900082FF01238DF80030234601AA04F128052F
:10A1A000144618685968083303C4AB422246F7D1F5
:10A1B0001868206099889B796846A180A371E4F7AC
:10A1C00077FE15B030BD30B595B004465022002161
:10A1D000684604F060FF02238DF80030234601AC8E
:10A1E00003F12805224618685968083303C2AB42B8
:10A1F0001446F7D16846E4F75BFE15B030BD30B5C4
:10A2000095B0044650220021684604F044FF032321
:10A210008DF80030234601AA04F118051446186889
:10A220005968083303C4AB422246F7D1186820604E
:10A2300099889B796846A180A371E4F739FE15B02F
:10A2400030BD10B594B0044650220021684604F099
:10A2500022FF062368468DF80030ADF80440E4F78D
:10A2600027FE14B010BD002307B51A461946009307
:10A27000FFF76DFF03B05DF804FBE4F7D1BF70B5E5
:10A2800096B004460D46164600215822684604F052
:10A2900002FF092320468DF8003001968DF81050FA
:10A2A000E4F7DCF930B12046EDF790FE0290684605
:10A2B000E4F70CFA16B070BD00EBC100408840080E
:10A2C000704708B5FFF7F8FF084408BD08B5034616
:10A2D000FFF7F2FFB0FA80F21846BDE80840C2F17D
:10A2E0001F02E5F74DBC2DE9F843B1FA81F3C3F144
:10A2F0001F0800EB8809D9F8106005460A46A6B980
:10A300004FF0FF34C3F120039C40EB681C401CD08D
:10A3100094FAA4F6B6FA86F6331D55F8234028467B
:10A320002146E5F703FC32460BE03446032721467D
:10A330002846FFF7C1FF82420AD82846E5F7F6FB18
:10A34000424621462846E5F71BFC2046BDE8F88337
:10A3500005EBC404E488013FC9F81040D0D0B442F2
:10A36000E5D1CDE738B50446FFF7A6FF0D46034615
:10A3700011462046FFF7A0FF1A1892B2530004EBD3
:10A38000C50520466B80FFF79CFF24F8302038BDC0
:10A3900070B50B460546FFF78FFF511A89B205EBE2
:10A3A000C3049B1A03444E0066809CB2600005EB18
:10A3B000C203588025F8321028461146FFF781FF66
:10A3C00025F8304070BD70B509B9002070BD056832
:10A3D00001F007030B33CC0804EBD304AB68284629
:10A3E0009C4228BF1C462146FFF77DFF06460028F9
:10A3F000EBD001462846FFF75FFFA04207D9284669
:10A400003219FFF7C5FF11462846E5F747FB05EB74
:10A41000C60210465388043043F001035380D5E749
:10A420001146FFF7D0BF2DE9F04706460D46174607
:10A4300098462BB34FF0000A98F8004093F801902B
:10A44000DB78A40004EB430498F802301C44444435
:10A45000CA4509D339463046AC46D8F8042008F13D
:10A460000803BDE8F047604714F8013B0AF1010A10
:10A47000204648F82340E2F760FB01300444E7E758
:10A480006FF01500BDE8F08730B5024600240020CB
:10A4900012F8013B43B178B18C4207D1702B04D044
:10A4A000A3F140053A2D07D8002030BDA3F14005A7
:10A4B0003A2D01D80134EAE7252B08BF80F00100CE
:10A4C000E6E70020704700F0A8B90FB407B504A96B
:10A4D00051F8040B019100F0A0F903B05DF804EB12
:10A4E00004B07047002383F31188BFF36F8F0423F8
:10A4F000184602DF70470FB407B504A951F8040BE2
:10A500000191FFF7E0FF03B05DF804EB04B0704782
:10A5100010B50369024613F0080009D11368D46826
:10A520009C429BBF0120526AE31AD31A0B6010BDF4
:10A5300000231846FAE713B501A90446FFF7E8FF20
:10A5400020B1019BE268013B13440193606A019BC7
:10A55000C01A013802B010BD10B504465018226967
:10A56000636AD20702D5013B184010BD984228BF4C
:10A57000C01AFAE710B504460A46C168FFF7ECFFB7
:10A580002369E06023F00803236110BD38B50D4650
:10A59000026A8B00016843F00203044642F821304E
:10A5A00001682A46FFF7D8FFE3686168984208BF50
:10A5B0002369206008BF43F008032A46204608BFED
:10A5C0002361FFF7C9FF606038BD2DE9F74F0F46E3
:10A5D0000021D0F80CB0066A009216F82B209A469B
:10A5E00002F00302022A14BF894656F82B2006EB1C
:10A5F0008B030193009B08BFC2F39D0919600446B9
:10A60000CAF80010B9F1000F07D04946FFF7B2FFB2
:10A61000E368A3604FF0010804E001698A0705D4EC
:10A620004FF00008404603B0BDE8F08FC16906EB6B
:10A630008B00884716F82B10054611F00108EFD063
:10A640008B071DD51FB139462046FFF79FFF616874
:10A650002A462046FFF780FFD4E902138B42606050
:10A6600007D12A462046FFF777FF4FF00008014642
:10A67000A0602369216043F00803E1602361D1E712
:10A6800001462046FFF776FFE168A1601FB1206810
:10A69000216A41F82090EA19CAF800202168204672
:10A6A000FFF75AFF2269206042F00802226116F883
:10A6B0002B2022F0010206F82B20DDE900321A607F
:10A6C000A8E770B504461546FFF746FF23688342A6
:10A6D00005D12369216023F00803236170BD226A3C
:10A6E000AB0043F0020342F8213061682A4620465D
:10A6F000FFF732FF6060F1E738B5036904465B0796
:10A7000006D5856AFFF717FF85422CBFA562A062B8
:10A7100038BD838B13F0070306D10368002B18BFE5
:10A72000032008BF00207047022B05D1C08BB0FA70
:10A7300080F0400980007047012B04D10368002B92
:10A7400018BF0520EDE70020704710B50C4600B19A
:10A7500011B96FF0150010BD081D00F02FF800288A
:10A76000F9D1A368032BF6D9F3E72DE9F0410D46A3
:10A7700007461946281D90461E46E6F77DFD04460D
:10A7800038B13346424629463846A446BDE8F04132
:10A790006047BDE8F08138B50C46054658B151B167
:10A7A0000B6843B14B6833B12022002104F073FCE5
:10A7B00000202C6138BD6FF01500FBE7034658B14F
:10A7C000426802F00302012A03D0032A04D102687E
:10A7D00012B10020986070476FF015007047704705
:10A7E00003785B075FBF03684288C3F34A2303EB28
:10A7F00012105DBF173020F007008008002070475E
:10A800000020704702F0E5BB0346D3E8EF0F421C7F
:10A81000C3E8E12F0029F8D170471FB50023CDE927
:10A8200002011A4619461846CDE90033E7F796F9B2
:10A8300005B05DF804FB0120E6F75EBE002070471E
:10A840004368DA7101224368196043685A71E6F778
:10A8500045BE70B515460C4669B1D2E901369B1B61
:10A8600099420AD813680A460146981904F0EDFB8C
:10A87000AB682344AB60204670BD6FF01B00FBE764
:10A8800070B50E4615461946044618B9BDE8704025
:10A89000E6F732BE33B1C2F34A231030120D18442A
:10A8A00004F0D3FBC4E900562046BDE87040E7F74A
:10A8B000A1B82DE9F3415F1C4FEA8708064608F16D
:10A8C000170020F0070080080C461546E6F7C2FE88
:10A8D00000238DF80470ADF805308DF8073068B1AD
:10A8E0000346019AA8F1040143F8102F2A4629448F
:10A8F00052F8045B8A4243F8045FF9D100233146E1
:10A90000A20102F4E07242EA482222F07F4222F4DD
:10A91000700222F03F0202B0BDE8F041FFF7B0BF85
:10A9200007B50123019201AAFFF7C3FF03B05DF849
:10A9300004FB07B5CDE9002302236A46FFF7B9FF00
:10A9400003B05DF804FB1FB5CDE90123069B01AA06
:10A9500003930323FFF7ADFF05B05DF804FBF8B5E3
:10A9600006460D4614461F4604B9F8BD2146284642
:10A970003A46B047241A0544F6E710B54268044643
:10A98000D2E9002381680068FFF7E9FF00226368CD
:10A990001A6010BD0A2838B504460D4602D10D20B4
:10A9A000E7F77AF929462046E7F776F9002038BD1F
:10A9B0002DE9F043054689B008460E8891F80090CD
:10A9C0000C46D1F808801746E7F73AF9011EC6F39E
:10A9D0008216C9F3C2091FDB4846E7F71DF8034694
:10A9E000214651F8102B6088C2F34A22002A01EB5D
:10A9F000020408BF00210022C0F30B10CDE90507B7
:10AA0000CDE9031428464146CDE900220296E7F736
:10AA10006FF909B0BDE8F0830023E1E7F0B587B036
:10AA20001F4604460D46164600F0CAFA022302935A
:10AA30000DF116030193BDF83030ADF81600009308
:10AA400032463B462946204601F091FC07B0F0BD56
:10AA500070B58AB0BDF8386015460021212201A8E2
:10AA60001C4604F018FB8EB9202C12D82246294629
:10AA700001A804F0EAFA04F128036B4401A803F8E2
:10AA8000246CEBF76BF820460AB070BD6FF006043B
:10AA9000F9E76FF00C04F6E72DE9FF411F460D467C
:10AAA00016460446EBF77AF88046E2F746F8BDF81A
:10AAB000283080B2CDE90180009332463B462946DA
:10AAC000204601F054FC04B0BDE8F0817047FFF768
:10AAD00030BFEFB5054616461F46E7F721FC68B1C3
:10AAE00002230293BDF82030C0300190009332461B
:10AAF0003B46284601F03BFC04B0E0BD6FF001008E
:10AB0000FAE7EFB5054616461F46E7F709FC68B1B8
:10AB100002230293BDF82030BE30019000933246EC
:10AB20003B46284601F023FC04B0E0BD6FF0010075
:10AB3000FAE738B50025044680F8BE5050F8040CFA
:10AB400028B100F036F844F8045CA4F8BC5038BDD5
:10AB50007047704710B50446006808B1EDF75EFA1B
:10AB60000023083444F8083C24F8023C2360A38006
:10AB7000A371D4E8EF2FC4E8E13F0029F9D110BD5B
:10AB800008B501220023E8F71FF9003818BF01209B
:10AB900008BD08B501220023E8F716F940B100F11D
:10ABA0000803D3E8EF1F0131C3E8E21F002AF8D100
:10ABB00008BD10B96FF0150070470830D0E8AF3FFE
:10ABC000002BF7D0D0E8EF3F013BC0E8E23F002A7E
:10ABD000F8D10020704704F05EBA04F036BA01469E
:10ABE0000068E8F747BB08B5E8F7A0FBBDE80840F8
:10ABF000E8F77ABF0A460121FFF792BE0021012043
:10AC0000E8F738BB836E83F30B8870476FF08500DD
:10AC1000704761B662B680F31188BFF36F8F7047DB
:10AC200072B6002383F31188BFF36F8FBFF34F8F8A
:10AC300030BF62B6BFF36F8F704772B6002383F3E5
:10AC40001188BFF36F8FBFF34F8F20BF80F3118840
:10AC5000BFF36F8F62B6704740E800F313F4803F94
:10AC6000D8B208BF6FF01500704730B50C684B685C
:10AC700085B00A894D890094013B24F01F042344C8
:10AC800002F01F0242EA451223F01F0369468DF8C5
:10AC900008200393E8F7DCFF05B030BD08B5D1E923
:10ACA00004319847002008BD08B5E9F771FA002083
:10ACB00008BD7047416A8968E9F7EEBA92B28160CF
:10ACC0000160C2808280704703680B6043684B60FC
:10ACD00083688B60704738B50D4614461146E9F716
:10ACE0008BFD22462946BDE8384004F0AEB910B5C8
:10ACF0000C460121E9F780FD047010BD10B50C462B
:10AD00000221E9F779FD0470240A447010BD10B5E2
:10AD10000C460121E9F7AAFD047010BD10B50368C7
:10AD200001211C78E9F7C2FD204610BD10B503686B
:10AD300002211C88E9F7BAFD204610BD7FB5064602
:10AD400014460A888B78ADF8002000210D220DF101
:10AD500003008DF8023004F09EF96A4669463046D9
:10AD600002F0E1F928B9BDF800209DF802302280F8
:10AD7000A37004B070BD13B50C4601AA0331FFF7F0
:10AD8000DDFF48B90322204601A904F093F9B0FA87
:10AD900080F0400902B010BD0020FBE710B50C4662
:10ADA0000178227888B08A420ED06946E9F7F4FE2D
:10ADB000204604A9E9F7F0FE102268460DEB0201D7
:10ADC00004F078F908B010BD012A06D0022A07D095
:10ADD00072B940886388C01AF4E740686368FAE78C
:10ADE0001022611C013008B0BDE8104004F062B9C7
:10ADF0006FF01500E6E7042A0AD0102A0DD0022AC7
:10AE00004FF0000315D103700B8843800120704779
:10AE1000012303700B684360F8E7022300F8013B4D
:10AE200001F1100351F8042B994240F8042BF9D199
:10AE3000ECE718467047012310B50621044600F8D8
:10AE4000013BF5F7ADF818B9A37963F03F03A3719F
:10AE500010BD0B6803608B8883808B7983710378C6
:10AE600023F00203037070470078C0F3400070477E
:10AE700038B50446807AE9F7CDF96169054649B1EC
:10AE8000637ADB0704D4436A20461B689B689847B3
:10AE90000023636121462846BDE8384002F091BB9B
:10AEA000438A23B9C068B0FA80F040097047002097
:10AEB0007047D0F8A03083B15A7CD1070DD5D206A7
:10AEC0000DD51B7C102B0CBF042303234372807A07
:10AED00098428CBF0020012070470223F6E703232D
:10AEE000F4E70F2806D80D280BD8052814BF022038
:10AEF00003207047132804D01A2814BF0220012011
:10AF00007047012070477047FFF70ABDFFF711BD7A
:10AF1000034610B5D3E8EF0F40EA0102C3E8E42F7F
:10AF2000002CF7D110BD0023E6F784BDD0E8EF3F39
:10AF30000B40C0E8E23F002AF8D170477047C0F3E9
:10AF4000072310705370000CC1F307231171090C13
:10AF500090709171000A090AD0705371D1717047D5
:10AF600038B504460D46EAF74FF95F3005D129465A
:10AF70002046BDE83840EAF7F9B838BD00207047F0
:10AF800010B5028843889A4218D8052A16D9B3F515
:10AF9000486F13D88488B4F5FA7F0FD2C18840F681
:10AFA0007640A1F10A0292B2824207D804FB033331
:10AFB000B3EB810F34BF0120002010BD0020FCE75F
:10AFC0000020704708B5F2F72DFD18B1408A00380F
:10AFD00018BF012008BD70B506460D464FF0FF3082
:10AFE0004FF0FF31EAF716FC044668B103210C303C
:10AFF000E9F702FC068085702146BDE8704000221A
:10B0000040F20640EAF744BE6FF0680070BDC368C6
:10B01000187808B1EAF786B81846EAF721BF38B5BC
:10B020004FF0FF3105464FF0FF30EAF7F3FB0446DF
:10B0300068B102210C30E9F7DFFB2B882146038041
:10B040000022BDE8384042F21600EAF721BE6FF058
:10B05000680038BDF8B507460E464FF0FF304FF098
:10B06000FF311546EAF7D6FB044678B106210C30CD
:10B07000E9F7C2FB3B884680038085802146BDE816
:10B08000F840002242F22200EAF702BE6FF06800A8
:10B09000F8BD70B506460D464FF0FF304FF0FF315A
:10B0A000EAF7B8FB044618B9BDE87040EAF730B8D3
:10B0B00003210C30E9F7A0FB068085702146BDE82E
:10B0C000704042F22100EAF791BDD0E8AF0F70471F
:10B0D0000B6803608B8883808B79837170470722AC
:10B0E00008B503F0E7FFB0FA80F0400908BDFFF7AC
:10B0F00017BCF8B50F46144638BB4FF0FF304FF081
:10B10000FF31EAF787FB054610B327210C30E9F73A
:10B1100073FB224606463946FFF7DAFFC31D04F1EA
:10B12000100152F8040B8A4243F8040BF9D11022A3
:10B13000002106F1170003F0AEFF2946BDE8F840F4
:10B14000002242F22700EAF7A3BD6FF01500F8BD18
:10B150006FF06800FBE7037A02465B0705D50146FE
:10B160002E3211F8010BFFF7C4BF704738B54FF00E
:10B17000FF3105464FF0FF30EAF74CFB044658B16B
:10B1800029460C30FFF7B3FD2146BDE838400022C8
:10B1900042F22D00EAF77CBD6FF0680038BD10B4B4
:10B1A00000F11803D3E8EF2F22F40051C3E8E41FA5
:10B1B000002CF7D1930403D5012110BC00F072B923
:10B1C00010BC704770B5044686B00E4601300131A0
:10B1D000FFF785FF2E34162200210546684603F04E
:10B1E0005AFF10226946204603F064FF40B1102246
:10B1F000204606F12E0103F05DFFB0FA80F0400911
:10B20000284300F0010006B070BD00F1180208B537
:10B2100003461046FFF759FFC1050DD5D2E8EF0FE1
:10B2200040F40050C2E8E10F0029F7D11846BDE80C
:10B230000840002100F036B908BD08B500F1180338
:10B240001846FFF742FFC20506D51846FFF73DFF37
:10B25000030644BF01230B7008BD10B50C4630B97E
:10B2600019B1F2F78FFB00B1441C204610BD002439
:10B27000FBE770B50D460446002846D0002944D0AF
:10B2800000F118031846FFF720FF820711D40A685F
:10B29000C4F809208A88A4F80D2001222272D3E87C
:10B2A000EF1F41F01001C3E8E21F002AF7D1002090
:10B2B00070BD4FF0FF304FF0FF31EAF7ABFA0646B2
:10B2C00030B307210C30E9F797FA0346627831462C
:10B2D00003F8012B2A68C0F80120AA8842F2350041
:10B2E0009A800022EAF7D4FC0028E1D104F1090396
:10B2F0009D424FF001031EBF2A68C4F80920AA88A6
:10B30000237218BFA4F80D20D1E76FF01500CFE726
:10B310006FF06800CCE713B5044680B1062168469B
:10B32000F4F73EFE48B99DF80530694603F03F0347
:10B3300020468DF80530FFF79CFF02B010BD6FF07E
:10B340001500FAE71830D0E8EF3F23F02003C0E8FB
:10B35000E23F002AF7D17047037AD90704D523F0DA
:10B3600001030372EBF772BA990704D523F00203C5
:10B370000372EBF785BA7047D0E8AF0F704708B596
:10B38000FFF7FAFF084100F0010008BD034610B5C1
:10B39000D3E8EF0F00EA0102C3E8E42F002CF7D155
:10B3A00010BD012310B403FA01F1044642B1D4E800
:10B3B000EF3F0B43C4E8E23F002AF8D110BC7047CE
:10B3C000C94310BCFFF7E2BF73B51D469DF81C30A2
:10B3D00004469DF8206063B15EB1069B6A4642F266
:10B3E0003801204600950193EBF77AFD68B102B071
:10B3F00070BDCDE9001220466A4642F23701EBF7F4
:10B400006FFD0028F3D1002EE7D11834D4E8EF3FC8
:10B4100043F00403C4E8E23F002AF7D10020E6E746
:10B420002DE9F04180460F464FF0FF304FF0FF31DD
:10B4300086B01446EAF7EEF9054680B300F10C0633
:10B440003FB301213046FFF752FC01213046FFF7A0
:10B450004EFC304698F80110FFF749FCDCB121881A
:10B460003046FFF74BFCC4B1A1783046FFF73FFCF4
:10B47000284608F1180203A908230097EAF7B8F94B
:10B480000022294642F23900EAF702FC06B0BDE884
:10B49000F0813946D6E72146E2E72146E5E76FF03D
:10B4A0006800F3E70022FFF7BBBF2030F8F740BB8E
:10B4B00038B5044620B304F11805FFF7F6FF08215C
:10B4C0002846FFF75CFFE8B16FF080012846FFF7E0
:10B4D0005DFF030604D52046FFF734FFEBF78EF936
:10B4E00009212846FFF74BFF18B100212046EBF752
:10B4F00033FC00222046BDE838401146FFF790BFDC
:10B500006FF0150038BD2DE9F04385B00F46994620
:10B510000446DDF83080F8B100F118060B21304602
:10B52000FFF72DFF05460A213046FFF728FF3DB102
:10B5300018B12AB16FF085000BE0B8F1000FF9D116
:10B54000CDE901504B4639462046CDF80080FFF743
:10B550003BFF05B0BDE8F0836FF01500F9E700236D
:10B560000B60436813B9C0E900117047196041606E
:10B570007047D0F8B000003818BF01207047243859
:10B58000ECF79ABB002203680BB9184670478B4250
:10B5900010D10B6842B942680360914200D1436008
:10B5A000002301200B60704713604368994208BF75
:10B5B0004260F5E71A461B68E6E7437B072B01D19B
:10B5C000ECF7C0BB704710B50446006918B1E9F745
:10B5D00005F80023236110BD10B50446D0F8A00083
:10B5E00028B9207A04F17001F2F71CFA38B1E27838
:10B5F000438A2AB903F02100003818BF012010BD8A
:10B6000003F02400F8E782780346012A06D1C07AC5
:10B6100028B1D3F8A00010B1007C7047002070471B
:10B6200010B583780446012B27D1437B072B27D104
:10B630000A0601F07F0310D5021DD2E8EF0F40F497
:10B640000040C2E8E10F0029F7D12046A372F1F7CC
:10B65000F1FB08B1637AA37210BD427A9A4212D20A
:10B66000827A9A420FD2021DD2E8EF0F20F40040F6
:10B67000C2E8E10F0029E8D0F6E76FF01500EBE72C
:10B680006FF07F00E8E70020E6E78378012B0CBF2E
:10B69000407A0020704738B5037A04468B4215463D
:10B6A00015D100F170010722284603F003FD80B197
:10B6B000E378072243B904F17E01284603F0FAFC3F
:10B6C000B0FA80F0400938BD04F17701F5E70020B9
:10B6D000F9E70120F7E7F8B507460D464FF0FF30D0
:10B6E0004FF0FF31EAF796F80646D0B10E210C3044
:10B6F000E9F782F804460E22002103F0CCFC3B88D7
:10B70000314623802B88002263806B8842F213002D
:10B71000A380AB88E380EB882381BDE8F840EAF79B
:10B72000B7BA6FF06800F8BD704710B50446F9F776
:10B730007FF8234653F8442BD2F8B01061B9616406
:10B74000D2F8B41061B9C2E92C33F9F7E3F82068F4
:10B75000BDE81040ECF7CCBC8B42F6D00968EDE7B1
:10B760000B60C2F8B430F0E770472DE9F843446B42
:10B770002CB154F8085905B1083D00270CB9BDE8B3
:10B78000F883D4E900682EB3F9F752F80022D6F80E
:10B79000B03004F1440163B1994233D1636C4ABBC8
:10B7A000D6F8B420C6F8B030914201D1C6F8B43012
:10B7B0006764F9F7AFF804F1300900220023484626
:10B7C000F7F772F9064600BBD8F804300BB12046F3
:10B7D00098472760E3680BB120469847D8F8203097
:10B7E0000BB120469847DDB1AB6803B1083B2C464E
:10B7F0001D46C3E71360D6F8B430994208BFC6F8B7
:10B80000B420D5E71A461B68C5E7B36923B16FF0CA
:10B810006D02F169206898473046E8F7DFFECCE713
:10B820002B46E4E738B5406B0D4620B150F8084987
:10B8300004B1083C00B938BD43689B680BB1294688
:10B8400098472CB1A36803B1083B20461C46F1E79A
:10B850002346FAE7F8B50F460021054616460023B1
:10B860004FF224420846EDF725FE044620B928464B
:10B87000EDF7ECFD2046F8BD04210C30E8F7BCFFE5
:10B88000057047704680F5E7406B28B1838B083818
:10B890008B4201D08068F8E7704710B54AB989B289
:10B8A000FFF7F2FF28B143689B6913B1BDE8104070
:10B8B000184710BD38B50D460521FFF7E5FF0023F9
:10B8C00029461A46EDF72EFE044610B12846E8F741
:10B8D00085FE204638BD406B28B1838908388B42ED
:10B8E00001D08068F8E7704770470346006828B1C8
:10B8F0005968026888421A6008BF5A607047034658
:10B90000002003B970471A8A5B681044F9E710B544
:10B91000D4680231237813B92170012010BD8B4205
:10B92000FBD0038A023B038200201061F6E7FEF79A
:10B93000F7BF73B51446014605464FF4957220686B
:10B9400000F09AFD207530B92946206800F046FEC7
:10B9500020B908232375002002B070BD237AB3B14B
:10B96000A3F11802534253419B000193638A294675
:10B970000093AE68238AE2682068B047002808DB9D
:10B98000238A98420CD1002301202375E4E7022387
:10B99000EBE710F1FF0F03D34042C0B22075DAE7A6
:10B9A0000E20FBE7F8B5936805460F461446166867
:10B9B00063B9506801210C30E8F71EFFA0602B68C6
:10B9C0001B78002B14BF022301230370A3681B788C
:10B9D000012B03D0022B1FD000201CE02B681B780A
:10B9E000002BF9D1606804210C30E8F705FFE06016
:10B9F00007802A68E36852885A806168728D738B69
:10BA0000088A9A4294BFC0EB0200C0EB03000428EE
:10BA100094BF00200120F8BD2B681B78022BDBD1DE
:10BA2000606812210C30E8F7E7FEE06007802B68C1
:10BA3000E268591C0232113351F8040B994242F862
:10BA4000040BF9D16168728D738B088A9A4294BF96
:10BA5000C0EB0200C0EB03001228D9E770B40668FF
:10BA6000B26A5AB3144654F8A03903B1A03B00227D
:10BA700011467CB9438D408B8B4201D890421FD92F
:10BA8000824238BF02469942306838BF194670BCBE
:10BA9000F0F7AEBB844207D0658D648BA94238BFF6
:10BAA0002946A24238BF224633B1D3F8A05005B18F
:10BAB000A03D1C462B46DCE71D46FAE71146D9E7B8
:10BAC00070BC7047D0680431037813B9017001204D
:10BAD00070478B42FBD0002091680B8A043B0B829D
:10BAE000106170472DE9F04104468868FFF707FFB1
:10BAF000638D628B0D46934228BF134683421DD34C
:10BB000000276165D1F808808F60F8F791FE414603
:10BB10002046EEF729F8064638B1C5F80880676573
:10BB2000F8F7F8FE3046BDE8F081618D638B28465A
:10BB3000994228BF194600F04EFDF1E76FF07906F3
:10BB4000F0E738B504460D46EEF70EF830B1294659
:10BB500004F15800BDE8384001F028BD38BD1FB5DC
:10BB6000CDE9012300231A460093EFF7ABFD05B0A2
:10BB70005DF804FB0022036803B970478B420FD1C4
:10BB80000B683AB942680360914200D143600023D8
:10BB90000B60704713604368994208BF4260F6E744
:10BBA0001A461B68E8E7D0E8EF3F43F00802C0E818
:10BBB000E12F0029F7D1C3F3C00070472DE9F04110
:10BBC000064690461F460D46B9B104220121EEF704
:10BBD00065F8044618B9BDE8F041EEF739B804211C
:10BBE0000C30E8F709FE0570A0F80180C770214607
:10BBF0003046BDE8F041FFF7A4BFBDE8F08130B5A5
:10BC00000C4685B0054601F10C00FFF78FF8228A3B
:10BC100003460292E26828460192002211460092F1
:10BC2000EEF78AF805B030BD30B50C4685B0054654
:10BC300001F10C00FFF77AF8228A03460292E268CB
:10BC4000122101920022284600921322EEF774F886
:10BC500005B030BD70B504460E46002200230846EC
:10BC6000F6F722FF054658B101462046EDF77CFF66
:10BC7000044618B12946304601F0A3FC204670BDA9
:10BC80006FF00104FAE707B5CA680C2113885288DF
:10BC900000920D22EEF740FB03B05DF804FB07B500
:10BCA0000022CB680A211B8800920B22EEF734FB9E
:10BCB00003B05DF804FB70B5CB6804461E88B3B2D0
:10BCC000162B1AD90321EEF747F90546B8B1022120
:10BCD0000C30E8F791FD6FF00D0303700123294646
:10BCE00043702046FFF72DFF4FF4F973204663831E
:10BCF0006685FFF7B3FE002070BD0420FCE70E2030
:10BD0000FAE72DE9F04F064685B010469046994671
:10BD1000FFF7F5FD738B728D8B46934228BF134658
:10BD2000834275D9736840460393E8F7D9FC4FF016
:10BD3000000A04464046FFF7E2FDE168228A658A70
:10BD40006369AD1ACB1AED1A778B738D9F4294BF3E
:10BD5000C0EB0700C0EB0300854228BF054625BBAA
:10BD600098F80A00E8F756FA00220023FEF7A2FF2F
:10BD7000044608B9574627E001464046E8F7F6FC76
:10BD80004046FFF7BCFDE168228A658A6369AD1A07
:10BD9000CB1AED1A778D738B9F4294BFC0EB0700CF
:10BDA000C0EB0300854228BF0546CDF80090DBF8C4
:10BDB00004700A4403985946ABB2B847071E07DA25
:10BDC000BAF1000F18BF5746384605B0BDE8F08FEE
:10BDD0000E9BABB9394604F10C00E8F70DFD404667
:10BDE000FFF78DFD738D728BB944934228BF1346C4
:10BDF0008342BA441FFA89F9BCD9AF429AD0B9E755
:10BE0000394620460F9A0E9B98470028E2D1B1E7A9
:10BE10000027D9E700232DE9F34117681446D7F826
:10BE200004800146137306469522404600F024FB29
:10BE30000546207330B93146404600F0CDFB28B9A5
:10BE400008232373002002B0BDE8F081A068798D3B
:10BE50007A8B038A914294BFC3EB0103C3EB0203C5
:10BE6000012BEFDD02210C30E8F7C6FCCDE90055CF
:10BE70008046A38831463846A268FFF742FF031E7A
:10BE800006DA13F1FF0F2ABF5B420E23DBB2D8E7BD
:10BE90000120A8F80030D6E700232DE9F341176808
:10BEA0001446D7F80480014613730646952240468F
:10BEB00000F0E2FA0546207330B93146404600F002
:10BEC0008BFB28B908232373002002B0BDE8F08162
:10BED000CDE9005531463846A388A268FFF711FF27
:10BEE000002807DA10F1FF0F32BF0E204042C0B227
:10BEF0002073E9E70120E8E7F8B5054650F8044C5F
:10BF0000071F00F14C03D3E8EF1F21F00401C3E841
:10BF1000E21F002AF7D1FCB12B6D83B9636873B1BE
:10BF2000201DFFF7E2FC064601463846FFF7DAFD22
:10BF300090B163683360A368666003B9A660384651
:10BF400005F15401FFF786FE30B1384604F10C01CB
:10BF5000BDE8F840FFF77EBEF8BD2DE9F041846AE8
:10BF6000074644B154F8A06906B1A03E0022154628
:10BF700007F104080CB9BDE8F081636D9BB905B900
:10BF80008AB94046FFF7B1FC054658B10146204644
:10BF9000FFF7A8FD0028EED07B682B60BB687D60B2
:10BFA00003B9BD60224636B1D6F8A03003B1A03B3C
:10BFB00034461E46DEE73346FAE738B50546D1E893
:10BFC000AF3FDB0716D550F8040C98B12B6D8BB939
:10BFD0000430FFF78AFC044660B10146281FFFF7D2
:10BFE00081FD38B155F8043C5A6822609A685C605B
:10BFF00002B99C6038BDEFF7B9BA08B5EEF75AFD43
:10C0000040B1806A30B1024652F8A03903B1A03B7A
:10C01000002002B908BD518B528D8A4228BF0A46C2
:10C02000904238BF104633B1D3F8A01001B1A03907
:10C030001A460B46EDE71946FAE708B500230A8AC7
:10C04000C968EEF7D5FE002008BD0120704708B58D
:10C05000EEF730FD78B1836A6BB1A03B03F150027B
:10C06000D2E8EF0F20F00800C2E8E10F0029F7D175
:10C07000D3F8A030F0E708BD08B50421FFF72BFC8A
:10C0800020B14C30D0E8AF0FC0F3C00008BD70B590
:10C090001C460E461546EDF741FD0123C0E9036538
:10C0A000C380047570BD10600020704710B5029CFD
:10C0B000A36833B1B1F5807F28BF0E21CAB22146F3
:10C0C0009847A37DE268013BDBB2A37522B11BB99F
:10C0D0002046BDE81040104710BD10609180002040
:10C0E0007047F0B5076806463D78144689B0E5B953
:10C0F0007B88B3F5245F04D011D8A3F52053032B1C
:10C1000013D8ADF80A10022220460DF10A01EFF70C
:10C110002DF870B16FF01503C4F8903106E003F507
:10C120005643FF339BB2042B20D90125284609B082
:10C13000F0BD7B88022220460DF10A01ADF80A30DD
:10C14000EFF714F80028E5D1009003AA1323314635
:10C150007768B847021E02DAC4F89021E6E703A91F
:10C160002046EFF703F80028DFD0D3E7ADF80A1038
:10C17000022220460DF10A01EEF7F8FF0028C9D18E
:10C180007B880222ADF80A300DF10A01E8E70722A8
:10C1900008B502F08FFFB0FA80F0400908BDD0E882
:10C1A000AF0F7047034610B5D3E8EF0F40EA010226
:10C1B000C3E8E42F002CF7D110BD0B6803608B8817
:10C1C00083808B798371704770B50D46064611F8F0
:10C1D000010BECF705FD044610B12C89EBF71EFFAF
:10C1E000A87A05F10B01ECF7FBFC28B16B8A9C42A5
:10C1F00038BF1C46EBF712FFAB8AA34207D0AB69EE
:10C20000AC8223B121463046BDE87040184770BD6E
:10C2100038B5BDF810401546A2420CD84CB16BB1F0
:10C22000A41A8C42A8BF0C46A4B22246591902F0A7
:10C230000CFF204638BD6FF00604FAE76FF00D04DE
:10C24000F7E730B585B0C96814461D46EEF7F4FF30
:10C2500000B100890223ADF80E0000932946204664
:10C26000BDF820200DF10E03FFF7D2FF05B030BD61
:10C270001FB50C461946E36810461C78BDF8182017
:10C280003CB110240133069404B0BDE81040FFF720
:10C29000BFBF5B88ADF80E30022300930DF10E0393
:10C2A000FFF7B6FF04B010BD30B51D46002385B0C2
:10C2B00014468DF80C30EEF76BFF10B1037A8DF851
:10C2C0000C300123294600932046BDF8202003AB03
:10C2D000FFF79EFF05B030BD08B5EEF78BFF18B134
:10C2E000002303604360836008BD70B500F17006F1
:10C2F00005463146007AFEF765FE04463146287A47
:10C300001CB1BDE87040FFF7E7BFEEF773FF10B157
:10C3100004604460846070BD022A10B508D1002317
:10C3200000F170011A46007AEEF7BEFF022010BD40
:10C33000FFF7DBFFFAE701210C30FFF733BF38B519
:10C3400004461546FFF781FE40B12046EEF720FF78
:10C3500020B1037ADB0701D5FFF7EDFF35B9207A6D
:10C3600004F17001EEF746FF00B1856038BD38B5C5
:10C37000BDF81010BDF818401046A142059D0CD81C
:10C380004CB16DB1641A9C42A8BF1C46A4B22246AF
:10C39000294402F05AFE204638BD6FF00604FAE741
:10C3A0006FF00D04F7E713B5044610B9002002B092
:10C3B00010BD00238DF8043042F60303006801A984
:10C3C000ADF80630FEF7EAFC0028EFD1E368988864
:10C3D0000028ECD12046EFF72DF9013080B2E6E7D6
:10C3E00070B5CC681E46A37988B008468DF80C302D
:10C3F0001546FFF7D8FFADF80D00246823786BB918
:10C400006388ADF80F300523009331462846BDF808
:10C41000302003ABFFF7FCFE08B070BD631C0DF1CC
:10C420000F02113453F8041BA34242F8041BF9D144
:10C430001323E9E71FB5CDE9012300231A46009332
:10C44000EFF740F905B05DF804FB002313B58DF854
:10C45000043042F60303044601A90068ADF8063033
:10C46000FEF79CFC18B92046EFF750FA0446204628
:10C4700002B010BDFFF7C1BD38B54C8AD3070546E1
:10C48000C4F30E0404D514F0950F2AD04B6843B3BF
:10C49000900704D514F4957F25D08B681BB3144006
:10C4A00014F4DE7F0DD0EB7A2BB92846FFF794F811
:10C4B000D8B9052038BD14F0300F04D114F4C07F72
:10C4C00007D10020F6E72846FFF7DFF80228F5D865
:10C4D000EFE7D5F8A030002BEBD05B7CDB06E8D58E
:10C4E000EFE70220E6E70320E4E70F20E2E7F8B5F4
:10C4F00014460F46942261680646FFF7BDFF20BB35
:10C50000012230466168EFF739FA08B3A2891B218E
:10C5100030460232EEF700FC0546E0B1A1890C304E
:10C520000231E8F769F920F8027BA289A16802F0DC
:10C530008CFDD4E9041228460123FFF7A8FD294603
:10C540003046BDE8F840EEF783BD4FF0FF30F8BD50
:10C550006FF01500FBE76FF00B00F8E72DE9F041F5
:10C5600005468846EEF714FE0446E8B1037ADA077A
:10C570001AD500F10C063046FFF711FE10F0010746
:10C5800012D1B8F1000F10D0D6E8EF3F23F002022D
:10C59000C6E8E12F0029F7D19B07284608D5FFF709
:10C5A00056FD2046FFF7C7FE01273846BDE8F0815B
:10C5B000FFF74BFD0028F8D02846FFF75DFD002867
:10C5C000F3D0D6E8EF3F23F00203C6E8E23F002AAB
:10C5D000F7D12846E3E770470120704701207047F4
:10C5E00013B5C068144668B100238DF804304FF4C9
:10C5F000C05301A9ADF80630FEF7D0FB10B923688F
:10C6000001332360012002B010BD07207047FEF700
:10C6100087B9D0E8AF0F084100F00100704738B586
:10C620000A46034609B9012038BD488A10F0240F94
:10C63000F9D0197D5D7B147CA94228BF29468C4224
:10C6400001D90020F0E7800607D4517CC9070BD43C
:10C65000187A003818BF0120E6E70521181DFFF7FA
:10C66000D8FF0028F1D1ECE7197A0029E9D005219B
:10C67000181DFFF7CEFF18B9197A01390129E0D941
:10C68000527CD207CFD4E3E701238B40DB43D0E8D1
:10C69000EF2F1A40C0E8E12F0029F8D17047FEF7CC
:10C6A00048B910B50621FFF716F9044618B9EFF797
:10C6B00061FE204610BDA0F1EC04FAE707207047A8
:10C6C00001238B40D0E8EF2F1A43C0E8E12F002967
:10C6D000F8D1704708B50E21FFF7F2FF002008BD22
:10C6E00038B504210446EFF7B9FE054698B110218C
:10C6F0000C30E8F781F804F1270304F1370253F80E
:10C70000041B934240F8041BF9D120462946EFF759
:10C7100047FE002038BD0820FCE770B5D0F8EC30AB
:10C720000446DB78012B19D1CD68061D1021304657
:10C73000FFF7AAFF2B4604F1B70205F1100153F8E9
:10C74000040B8B4242F8040BF9D107213046FFF766
:10C7500060FF28B109213046FFF7B2FF002070BD0D
:10C760000A213046FFF755FF0028F3D12046BDE8E7
:10C770007040EFF751BF0720704707207047072030
:10C780007047012303FA01F1CA4330B5D0E8EF3F07
:10C7900003EA0204C0E8E54F002DF7D101EA0300E7
:10C7A000003818BF012030BD38B504460025031DF0
:10C7B000D3E8EF2FC3E8E15F0029F9D104F59C70BD
:10C7C000F7F7B6F92572D4E8EF3FC4E8E25F002A34
:10C7D000F9D12046BDE838400121FFF771BF70B59F
:10C7E00000F1700605460C4607223046096802F043
:10C7F00061FCB8B963681A682A679A88A5F874203A
:10C800009B7985F87630D5F8A0305BB1A268934269
:10C8100008D062681168C3F801109188A3F8051068
:10C820009279DA7170BD2DE9F84FDDF82C8004465D
:10C8300092461F46BDF82890FFF733FF05460028B3
:10C840005CD0061DB9F1000F27D15AEA070324D1A5
:10C8500003213046FFF7DDFEF8B101213046FFF736
:10C86000D8FED0B12C7D6B7B05F147019C4228BFDF
:10C870001C462246404602F0E8FB0F2C06D84946EB
:10C88000C4F1100208EB040002F005FC304601215F
:10C89000FFF716FF0120BDE8F88FD4F8A03083B968
:10C8A00004F1700B5A462020217AF1F741F8C4F8C0
:10C8B000A00030B95A460120217AF1F739F8C4F8BE
:10C8C000A000B9F1000F0CD15AEA070709D1D4F83A
:10C8D000A01031B14B8A9B0603D50C7C1E31224639
:10C8E000C8E70F213046FFF794FE20B1022206214F
:10C8F0002046ECF709F92846FFF756FF0020CAE763
:10C900006FF08500704770B504460820EFF7E8FC2B
:10C910000546E0B1061D08213046FFF7B5FEBCB361
:10C920000721FFF7B1FE234605F1970204F120012C
:10C9300053F8040B8B4242F8040BF9D10A2130461C
:10C94000FFF767FE70B109213046FFF7B9FE0720F7
:10C95000EFF7C6FC0446E8B1EFF746FDD0B1082179
:10C96000204612E010213046FFF753FE092100282F
:10C97000EAD13046FFF74DFE0028E8D02846EFF711
:10C980004BFE01460028E2D02846F0F7A1FBDEE787
:10C990000B21F9E770BD70B50446A0F1EC0650F824
:10C9A0004C3BE83CD3F8A050F7F7C2F803212046EF
:10C9B000FFF72FFEA0B108213046F0F7FDFA3DB198
:10C9C0006B8A13B16B7C9B0702D52846F1F78CF874
:10C9D0003046BDE870404FF4B872002102F05BBBF6
:10C9E00001212046FFF715FE0028E4D10F21204643
:10C9F000FFF70FFE0028DED1E1E7FDF791BF07B595
:10CA000000210088F1F792F8019010B101A8F1F728
:10CA1000C1F803B05DF804FB38B5048A438A456960
:10CA20001B1BC468641B1B1B9A4203D9F1F7A6F8B1
:10CA3000002038BD0C30FEF74EF90120F9E70288DE
:10CA40008378002042EA03431B0B42F30B0283F47A
:10CA5000006392B2A3F5006362F30F009BB282B051
:10CA600063F31F4002B0704738B54FF0FF31054601
:10CA70004FF0FF30E8F7CEFE044668B102210C30DB
:10CA8000E7F7BAFE2B88214603800022BDE8384034
:10CA900042F28A00E9F7FCB86FF0680038BD70B563
:10CAA00006460C464FF0FF304FF0FF31E8F7B2FE7C
:10CAB0000546D8B105210C30E7F79EFE328802808A
:10CAC00094F903200271A278C27000228270227849
:10CAD0008270617811B142F0020282702946BDE88D
:10CAE0007040002242F28D00E9F7D2B86FF0680082
:10CAF00070BD70B506460D464FF0FF304FF0FF3168
:10CB0000E8F788FE044688B104210C30E7F774FE8C
:10CB10003388214603802B78002283706B78C370A2
:10CB2000BDE8704042F29400E9F7B2B86FF06800D7
:10CB300070BD70B506460C464FF0FF304FF0FF3128
:10CB4000E8F768FE0546002835D017210C30E7F7D6
:10CB500053FE32880280227882706288A0F8032017
:10CB6000A288A0F80520E288A0F807202289A0F872
:10CB70000920E268C272C2F30721120C01734273EA
:10CB800022698273C2F30721120CC1730274227DE1
:10CB900029464274627D8274A27DC274E27D027570
:10CBA000227E4275627E8275BDE87040002242F2AC
:10CBB0009300E9F76DB86FF0680070BD37B50446B3
:10CBC000002142F2890001AAE9F762F800286FD13A
:10CBD0000198C3685A781D7822705A8862801A7941
:10CBE00022715A7962719A7902F00102A2719A79DE
:10CBF000C2F34002E271DA7902F0010222725A7A3B
:10CC000022739A7A6273DA7AA2735A7A2AB11A7AFA
:10CC100002F00102C2F10202D2B262729A7A2AB121
:10CC20001A7A12F0020F14BF01220222A272DA7ADB
:10CC30002AB11A7A12F0040F14BF01220222E27202
:10CC40009A8902F00102E273DA8902F00102227489
:10CC50001A7CC2F3400262741A7CC2F38002A2748E
:10CC6000B3F81120C2F34002E274B3F81120C2F30A
:10CC700080022275B3F81120C2F3C0026275B3F8C6
:10CC800013202283B3F815206283B3F81720A28300
:10CC9000B3F81920E283DA7E84F820201B7F84F821
:10CCA00021300023638484F82430E7F797FC28467A
:10CCB00003B030BD37B50446002142F2A50001AAF9
:10CCC000E8F7E6FF002876D10198C3685A781D7806
:10CCD00022705A8862801A7922715A7962719A791F
:10CCE00002F00102A2719A79C2F34002E271DA798C
:10CCF00002F0010222725A7A22739A7A6273DA7A05
:10CD0000A2735A7A2AB11A7A02F00102C2F102021F
:10CD1000D2B262729A7A2AB11A7A12F0020F14BF52
:10CD200001220222A272DA7A2AB11A7A12F0040FD0
:10CD300014BF01220222E2729A8902F00102E27318
:10CD4000DA8902F0010222741A7CC2F34002627492
:10CD50001A7CC2F38002A274B3F81120C2F340021D
:10CD6000E274B3F81120C2F380022275B3F81120E7
:10CD7000C2F3C0026275B3F81120C2F30012A275AB
:10CD8000B3F813202283B3F815206283B3F8172079
:10CD9000A283B3F81920E283DA7E84F820201A7F78
:10CDA00084F82120B3F81D206284DB7F84F82430CE
:10CDB000E7F714FC284603B030BD10B5431E00F160
:10CDC0001002073013F8011F12F8014D83421C7046
:10CDD0001170F7D110BDF0B50E4614461D4697B040
:10CDE0000146202205A81C9FF1F7C8FB20223146EE
:10CDF0000DA8F1F7C3FB2146102201A88DF854506D
:10CE0000F1F7BCFB3B46412205A901A8F1F778FCEC
:10CE1000044610B93846FFF7D0FF204617B0F0BDE2
:10CE20002DE9F04316461D4697B00446DDE91F98EC
:10CE3000102205A8219FF1F7A1FB1022314609A875
:10CE4000F1F79CFB102229460DA8F1F797FB03226E
:10CE50001E9911A8F1F792FB494611F8013BD9F848
:10CE600001008DF847308B880622129012A8ADF889
:10CE70004C30F1F783FB414611F8013B06228DF857
:10CE80004E30D8F801300DF14F00CDF84F308B887F
:10CE9000ADF85330F1F772FB2146102201A8F1F7EB
:10CEA0006DFB3B46412205A901A8F1F729FC044688
:10CEB00010B93846FFF781FF204617B0BDE8F08370
:10CEC000F8B5069F05460469C9B2EFF3118C4020FE
:10CED00080F31288BFF36F8F0C2606FB0146B06CFF
:10CEE00000F0070EBEF1010F10D1B76400268CF3DD
:10CEF0001188BFF36F8F3EB90C2041430C44C4E945
:10CF000010236B685B5898473046F8BD00F0C000AE
:10CF100087420CBF6FF077064FF0FF36E7E713B597
:10CF200080240094FFF7CCFF02B010BD0069CBB2A3
:10CF300000EB4310002110471046F5F78DBE00F0BE
:10CF400032B900F031B98022F1F764BC40F272606E
:10CF50007047084608B51146F9F7A8FC002818BF25
:10CF60006FF0040008BD08B5F9F700FE002818BFEF
:10CF70006FF0040008BD436800205B68DB680B604D
:10CF80007047436802EA01005B6821EA02015860C9
:10CF9000002099607047436800205B6859607047C3
:10CFA000436800205B689960704743685B681A6853
:10CFB00021EA020011405860002099607047F3F7A1
:10CFC0002FBF08B50220F1F773FD002008BDF4F76C
:10CFD00033B908B5F4F730F908BD10B5F3F7F6F832
:10CFE0004FF0FF304FF0FF31F2F75AF9044628B9FD
:10CFF000C3F73CFE044618B1F2F75AF9204610BDBB
:10D00000F2F756F92046E7F75BFEF7E738B50B8AEB
:10D010000D463BB101F10C00FDF780FE012818D050
:10D02000022803D06FF01504204638BD4FF0FF30C2
:10D030004FF0FF31F2F734F904460028F4D1E868E4
:10D04000D8F774FA0446F2F733F9ACB1F2F792F973
:10D05000EAE74FF0FF304FF0FF31F2F721F90446D5
:10D060000028E1D1E868F2F7A5FB0446F2F720F9C1
:10D07000002CD9D1F2F77EF92846E7F7AFFA002461
:10D08000D2E7F2F7FBBA10B532220021044602F0D3
:10D0900002F8202323708023A3706FF03F03637195
:10D0A0000423A3720C2323732823A3730223E373A3
:10D0B0006FF03F0323746FF01F0323750423A375E0
:10D0C000802323766FF0480363760323A3766FF003
:10D0D0001703E3760E232377302384F82030402390
:10D0E00084F82130792384F822307E2384F8233099
:10D0F00084F82430012384F82530802384F82630F6
:10D10000042384F827306FF0650384F82C3004235F
:10D1100084F82E300C2384F83130072363770C23F6
:10D1200084F82F3010BD08B50323DFF706FC00207C
:10D1300008BD08B5F3F770F8002008BD08B5F9F789
:10D1400015FD48B1002383F31188BFF36F8F0423CB
:10D15000184602DF6FF0040008BD684620F00701A2
:10D160008D4601B5D7F72AF9BDE8014085467047DD
:10D17000684620F007018D4601B5D7F711F9BDE8E3
:10D18000014085467047684620F007018D4601B58D
:10D19000D7F756FCBDE801408546704708B5DFF774
:10D1A0007AF9002008BD70470020F3F72BB97047CB
:10D1B000D6F70CB8034600201847024610B5116890
:10D1C00091B1B1FA81F3C3F11F000123834021EA39
:10D1D0000303D2E8EF4F8C4204D1C2E8EC3FBCF12C
:10D1E000000FF6D1EBD110BD6FF00B00FBE710B5CF
:10D1F0000368CB40DB0710D401238B40026843EA6D
:10D200000201D0E8EF4F944204D1C0E8EC1FBCF11A
:10D21000000FF6D1F2D1002010BD6FF01500FBE732
:10D2200010B504460846F3F71BFA04EB4004207DD2
:10D23000C0F3401010BD10B504460846F3F710FACD
:10D2400004EB4004A08A00F01C00003818BF012045
:10D2500010BD10B504460846F3F702FA04EB40048B
:10D26000207DC0F3400010BD10B50446FFF7F1FF6C
:10D2700020B12046BDE81040FFF7D2BF10BD10B569
:10D2800004460846F3F7ECF904EB4004A08A400B8F
:10D2900010BD70B5044608461646F3F7E1F90830AC
:10D2A00034F810300D46DA0509D5C3F3432304EBF7
:10D2B000C3023146284654F8333052689847A36871
:10D2C0002BB131462846E268BDE87040184770BD72
:10D2D0002DE9F3411746DDE90858019001A80C46F5
:10D2E0001E46F3F701FA019B391E18BF012100EB1E
:10D2F0008300231E18BF0123002E43EA41030CBF05
:10D3000000210C21002D43EA01030CBF00214FF442
:10D310007061B8F1000F43EA01030CBF00214FF424
:10D320004031D0F880200B4322EA030304B1247873
:10D330000FB13F787F001C430EB13678B6003C43F6
:10D340008DB1297809023443B8F1000F03D098F861
:10D3500000804FEA0848214341EA0801C0F88010E4
:10D3600002B0BDE8F0812946EDE71FB50DF10F03CE
:10D37000019300238DF80F101A4619460093FFF70A
:10D38000A7FF05B05DF804FB2DE9F0470025044632
:10D39000884617462E464FF00109AA46BE420CD1D8
:10D3A000D4F8443133B10023C4F84431D4F84431C3
:10D3B00045F400352846BDE8F087F0B2F3F7C6F92A
:10D3C000A0F580739B0809FA03F318EA030F05D050
:10D3D00022581AB144F800A022581D430136DDE757
:10D3E00038B504460D46FFF71BFFA8B12046FFF7EE
:10D3F00030FF88B92046FFF742FF012322688340AF
:10D40000C2F81833236803EB8000D0F8103523F0FE
:10D410000303C0F8103538BD2846BDE83840002168
:10D42000FFF7A3BFC9B2F4F7ABB90369C26893426F
:10D430009CBF81685B18013B981A70472DE9F04149
:10D440000546D0E902844068A8EB040696422044D1
:10D450000F46144404D901F0F8FDEC60BDE8F081FA
:10D460003246A4EB080401F0F0FD22466868B919C1
:10D47000F1E72DE9F8430646894617464FF00008C4
:10D48000C5683369B4689D4228BF1B19641BBC4240
:10D4900028BF3C46013B5B1B9C4228BF1C46706872
:10D4A00049462844224601F0D0FDB3682544AB42EA
:10D4B00008BF00253F1BA044A144F560E1D14046D0
:10D4C000BDE8F88308B5F4F737FA002008BDEFF39C
:10D4D0001180402383F31288BFF36F8F704780F36E
:10D4E0001188BFF36F8F704708B1E7F76FBA7047C5
:10D4F00040B1C368587810F001001EBF1878B0FA28
:10D5000080F040097047EFF31183402383F31288C2
:10D51000BFF36F8FFEE710B400F10C04C0E90344C1
:10D520000024446110BCE2F711BC10B582696AB1F5
:10D53000C36842EA0301890708D14169A2FB0114CB
:10D5400024B95B182CBF0121002102D36FF0150014
:10D5500005E001619B1A42698A4201D8002010BD92
:10D56000026901311A60826903619B1AF3E713B5FE
:10D5700001240094F4F74EFE02B010BD90F90E3075
:10D580008B4201D0F7F766B80020704703460020B1
:10D59000C3E90033C3E9020070470023C0E9003348
:10D5A000836000F10C03C0E903337047012307B522
:10D5B000009300230A461946F5F7B8F903B05DF861
:10D5C00004FB002307B50A4600931946F5F7AEF9A8
:10D5D00003B05DF804FB3AB18A4205D3C0E90212F8
:10D5E000C0E90000002070476FF01500704701236C
:10D5F00002688B4022EA0303036022FA01F000F084
:10D6000001007047704710B5032104460C30FFF746
:10D61000EEFF30B104F11000F8F704F8B0FA80F032
:10D62000400910BD20B1002294301146F7F714BD17
:10D63000704770B5C3680446C3F340069B0716D411
:10D64000856802210C30FFF7D2FF80B1D5F88C201D
:10D650006AB194421DD122689EB9D5F89030C5F8C0
:10D660008C209C4201D1C5F8902000232360E36800
:10D6700013F01F001EBF43F00203E36040F00200FE
:10D6800070BD3260D5F89020944208BFC5F8906014
:10D69000EBE716461268DBE710B5F5F793FE041EBC
:10D6A00008DDEFF31180402383F31288BFF36F8FFF
:10D6B000F7F7AAF8204610BDEFF30580003818BF31
:10D6C000012070476FF05700704700207047D0E985
:10D6D000003213605A600023C0E90033704738B548
:10D6E00004460D46F6F7E2FC237C43F00203237464
:10D6F000D5B1A5602B689D4209D16B68C4E9005380
:10D700001C606C6010E06A689A42F6D01B68002BBF
:10D71000F3D093F90E1094F90E209142F3DD5A687C
:10D72000C4E9003214605C6038BD10B5037C044667
:10D7300013F0280F0CD183680BB1F6F78FFD237C13
:10D74000204623F004032374BDE81040F6F746BCDE
:10D7500010BDF6F73DBD38B5054604680020AC4263
:10D7600000D138BD002CFCD02046F6F777FD04F13F
:10D770001800F7F757FF2046F6F730FC2C68012019
:10D78000A542EDE708B5C3171F3043F10003400978
:10D7900040EAC360C117F7F70DFA400108BD08B5AC
:10D7A0000246F7F735FE70B1D0E904319B1A61EB00
:10D7B000E272B3F1004F72F1000104DA002AACBF4B
:10D7C0001846002008BD6FF00040FBE708B5F8F7E9
:10D7D00057F808BDF8F754B8B3F1FF3F08BFB2F1EE
:10D7E000FF3F70B506461D46144614D01A4316D0A6
:10D7F000002B08DBF8F744F8041941EB0501C6E9F2
:10D800000041304670BD6FF001031C1B4FF0FF3329
:10D8100063EB0501F3E74FF0FF342146EFE7002407
:10D82000FBE7B3F1FF3F08BFB2F1FF3FF8B5074692
:10D8300016461C4610D054EA020311D0F8F720F81F
:10D84000B0420A46A14103460AD2F31A64EB02042D
:10D85000C7E900343846F8BD4FF0FF331C46F7E700
:10D860000023FBE70023C0E9081200F11802C0E919
:10D870000622C0E9003303634363704720B1011FF0
:10D8800050F8040CF4F7BCBA70477047FFF77EBE3F
:10D890004FF0FF324FF0FF33F4F78EBEF4F754BF72
:10D8A00000207047704710B5044608B1F8F71AFC1D
:10D8B0002046BDE81040F8F705BC0346C068F8B143
:10D8C0005888E8B11B8803F44F42B2F5824F02D06A
:10D8D000B2F5884F09D1DBB2272B2AD008D8172BF5
:10D8E0000FD0222B34D0122B16D06FF0850070474A
:10D8F000302B2FD0413B012BF7D8FF2839D1002006
:10D900007047C028FBD0E128F9D0B0F5807F14BF64
:10D910006FF086000020704720F02003C02BEED06F
:10D9200020F08003B3F5807FE9D040F209239842CC
:10D93000EDE7E928E3D0EF28E1D040F21B1398424D
:10D94000DDD040F299139842D9D040F23B23EEE764
:10D95000E928F1E720F02003C02BD0D020F04003CD
:10D96000B3F5807FCBD0B0F5C07FC8D0B0F5007FD5
:10D97000CDE7B0F5E07FCAE73AB1002918BF002330
:10D980002121D21A184401F086BB70472DE9F04FCF
:10D990009B46002389B08DF81B30159B9146DDE92D
:10D9A00012A7002B0D460B460CBF4FF400624FF43C
:10D9B000806207A9DDF85080F8F736FD0446D0B93B
:10D9C000079E284631880DF11B02F8F7A9FD044691
:10D9D00088B99DF81B30BB421FD8CDE90338CDE98B
:10D9E00001BACDF800902B46D6E909123046F9F776
:10D9F000C3FB044608B1C8F800703A4621465046B9
:10DA0000D8F80030FFF7B8FF0798F9F79DFA002C17
:10DA100018BF204609B0BDE8F08F6FF08904EAE72F
:10DA200041F2062398421AD8B0F5905F09D241F22C
:10DA3000010398420CD0B0F5885F09D06FF08500E3
:10DA400070476923A0F5905080B2C340DB07F5D53D
:10DA500011F0070F14BF6FF0860000207047B0F57B
:10DA6000105FEBD121F04003802B06D0B1F5807F11
:10DA700014BF6FF08600002070470020704770B51B
:10DA8000446A05460E463CB90120F8F715FB68626A
:10DA900028B12046AE6270BD6FF08A00FBE76FF0E0
:10DAA0008C00F8E7F8B51E460F4615460388C2B14C
:10DAB00003F4E043B3F5805F02D0B3F5005F10D10B
:10DAC000089BE90019600088FFF7AAFF044630B9F7
:10DAD0002A463946304601F0B8FA079B1D602046B9
:10DAE000F8BD6FF08504FAE710B50446406A10B13E
:10DAF000A16AFFF7D8FE0020C4E9090010BD38B5BF
:10DB00000446FFF7F1FF237F012B0FD0023B012BCF
:10DB10000FD8236A012B14BF6FF0960500252C2225
:10DB20000021204601F0B7FA284638BD236A002BB1
:10DB3000F1E76FF09605F2E738B514460288049DC8
:10DB400002F4E040B0F5805F07D0B0F5005F04D08C
:10DB500002F44F42B2F5824F0ED1AC420FD81846B4
:10DB6000224601F072FA00212A1B204401F093FAA8
:10DB70000020059B1C6038BD6FF08500FBE76FF04F
:10DB80008900F8E7F0B50F461E46154685B0CAB1C4
:10DB900000230122336003A9F8F746FC044670B95C
:10DBA000CDE9005603983B46D0E90912F9F782FA0D
:10DBB00004460398F9F7C8F9002C08BF044620462C
:10DBC00005B0F0BD6FF08904F9E7F0B50F461E46C9
:10DBD000154685B0FAB1002303A91A463360F8F759
:10DBE00023FC044688B9039803885B0410D5CDE96B
:10DBF00000563B46D0E90912F9F770FA044603983B
:10DC0000F9F7A2F9002C08BF0446204605B0F0BD84
:10DC10006FF08604F3E76FF08904F6E710B5036848
:10DC2000044643B100F031F900232360A3886FF369
:10DC30000803A38010BD1846FCE72DE9FF41984674
:10DC400000230C460168054616460393002939D186
:10DC50004FF4C272083001F01EFAB8F1000F2046EE
:10DC600033460CBF4FF400624FF4806203A9F8F70B
:10DC7000DBFB0446B8B9039F304639882A1DF8F704
:10DC80004FFC044678B96B79394668F300036B7131
:10DC9000D7E9092328460096B8F1000F0FD0F9F70D
:10DCA00095FA044610B12846FFF7B8FF0398F9F734
:10DCB0004BF9002C18BF204604B0BDE8F081F9F7FD
:10DCC000A9FAEEE76FF08804EDE70123FFF7B5BF8F
:10DCD00038B50368054614464BB132B100F0C0F8C0
:10DCE000044610B12846FFF799FF204638BD6FF073
:10DCF0008804FAE72DE9F0411646026805460F460A
:10DD00009846F2B14279D2071BD50279CAB1B24224
:10DD10001AD800F0AEF8044618B10023C8F8006025
:10DD20002B7137B1324621463846D8F80030FFF71C
:10DD300023FE2846FFF772FF002C18BF2046BDE8DF
:10DD4000F0816FF08804E8E76FF08904E5E71FB51C
:10DD500001240394089C0294079C0194069C00945F
:10DD6000FFF714FE04B010BD2DE9F04705469A46B2
:10DD7000002388B0079325F0004323F47F03B3F119
:10DD8000106F0846DDE910961746DDF8488023D16C
:10DD90002B464FF4804207A9F8F746FB044660B9CA
:10DDA000CDE90368CDE901A9079800972B46D0E992
:10DDB0000912F9F753FA044628B131464846F8F7F4
:10DDC00075FDC8F800600798F9F7BEF8002C18BF79
:10DDD000204608B0BDE8F0876FF08604EDE7034603
:10DDE0001B88084603F4E043B3F5805F114602D078
:10DDF000B3F5005F01D1F8F759BD6FF085007047AA
:10DE00001C22002101F047B9037F022B06D1036ACF
:10DE10005A1C03D001330362002070476FF0960054
:10DE20007047034668B1017F8A1E012A0BD8032977
:10DE3000026A03D1012A01D1FFF761BE1AB1013A8A
:10DE40001A62002070476FF096007047C0B2FF283A
:10DE50000CBF6FF0860000207047F9F781BA704759
:10DE60000368052B02D10830F9F78CBD6FF08600EE
:10DE7000704710B40468052C03D110BC0830F9F7C2
:10DE800099BD6FF0860010BC70470368052B02D166
:10DE9000083000F0D7B8002070470020F9F742BCE6
:10DEA0000020F9F779BC002000F0C6B8DFF71CBBF2
:10DEB0000A2842DCC31C1FDA10F1400F45D010F1D4
:10DEC0003F0F2BDA10F1410F42D010F1550F42D025
:10DED00010F1490F14BF6FF086006FF08400704797
:10DEE00009282DD8DFE800F0052C2C2F172C372C13
:10DEF0002C3A6FF09800704703300D2820D8DFE8E7
:10DF000000F00A331F221F1F1F1F1F1F071F1F079D
:10DF10006FF0940070476FF08500704710F1210F8B
:10DF20001FD00DDB10F1200F1ED010F1100F14BF09
:10DF30006FF086006FF09400704764380928CFD9DD
:10DF40006FF086007047002070476FF084007047C4
:10DF50006FF0890070476FF0930070476FF08C008E
:10DF600070476FF0880070476FF09200704710B5EF
:10DF700001380A44914200D110BD10F8013F11F858
:10DF8000014B63400370F5E70144814200D17047C3
:10DF900011F8013D1A440A70120AF6E730B500255F
:10DFA00003F58073013A002A0ADAD8B2284303D075
:10DFB000FF2B94BF00200120FF2B98BF013830BDFC
:10DFC000845C1C448B5C013AE41A230AE4B2FF33FC
:10DFD0002543E8E707B501A9F9F7F2FA003818BFB9
:10DFE000012003B05DF804FBF7B506460D46202D71
:10DFF0002F46A8BF202700216846FAF771FB044688
:10E0000070B93A4631466846FAF7BCFB10F1520F38
:10E01000044608D0431CF4D0684600F00AFC34B132
:10E02000204603B0F0BD684600F003FCE3E7EC1BBC
:10E030003E44F5D02546DAE700207047F9F74CBC9E
:10E04000F9F74ABC08B54FF4C27100F0C7FF0020D1
:10E0500008BDF0B504461F460D461646E5B04FF420
:10E06000C272002103A801F016F8214633462A4661
:10E07000009703A8F9F730FC044670B9DDE96A128D
:10E0800003A8F9F77FFC044638B9DDE96D236C99E4
:10E0900003A8F9F78FFC044610B103A8FFF7D2FFDD
:10E0A000204665B0F0BD90F84C3013B1503000F010
:10E0B000F8BAD0F8543113B1D0F85C0118471846BB
:10E0C00070472DE9F047044680688946904217461C
:10E0D00009D3201A1C3000F0B8FFA368DB1BA36033
:10E0E0000020BDE8F08704F1640A01215046FAF7E8
:10E0F000C3FB064618B1BDE8F047FFF7D9BE20467E
:10E10000FFF7D1FF054600284BD1A26832F010037B
:10E1100009D0A01A49461C3000F097FF2A46A36890
:10E12000A5609944FF1A07F1FF3828F00F08A7EB04
:10E13000080662B9102204F10C0104F1500000F04D
:10E1400020FA80BB1023A360012384F84C30B8F17F
:10E15000000F1CD04246494604F1500000F011FA6D
:10E160000546C0B9012384F84C3004F15007384605
:10E1700000F0F5FA054670B9384600F04DFB05464B
:10E1800048B9402104F10C0000F028FF03E094F8A6
:10E190004C30002BE9D15046FAF75CFB2DB12846F4
:10E1A000A9E7B046F7E70546F5E7002E98D03246D6
:10E1B00009EB080104F10C0000F047FFA3689B1B6A
:10E1C0008DE7F8B543680546102B2FD800F164069B
:10E1D00001213046FAF750FB18B1BDE8F840FFF7CF
:10E1E00067BE2846FFF75FFF0446D0B9AA6805F16D
:10E1F0005007102A05F10C050AD12946384600F0CF
:10E20000F1F9044668B9384600F006FB044608E018
:10E2100029463846C2F1100200F0B3F9044600283E
:10E22000EBD03046FAF716FB2046D6E76FF08600B3
:10E23000F8BD2DE9F04107463C88184604F44F43E9
:10E24000B3F5824F0D469046079E02D0B3F5884F36
:10E250000FD1E4B2A4F14103012B01D9122C0BD14F
:10E260004246294600F0F1FE0020C6F80080BDE8D5
:10E27000F081B4F5885FF2E77B88069A0733B2EB4A
:10E28000D30F4FEAD30408D3014622462846F9F7B4
:10E2900013FC0028EBD13460E9E76FF08900E6E772
:10E2A000F9F7CEBDC0F30253013B10B5052B21D8C1
:10E2B000DFE803F01B0B0B0B0313032300F030000C
:10E2C0002028136013D0002010BD0B8844F21211D7
:10E2D0008B420CBF04230223F0E70B8844F2121197
:10E2E0008B420CBF06230323E8E70123E6E7023352
:10E2F0001360E8E76FF09800E6E713B50C46F9F70E
:10E300005FF9C31C0FD0013009D004224FF0FF3356
:10E3100021460DEB0200019300F0CCFE30B96FF006
:10E320008B0002B010BD6FF08400FAE70020F8E720
:10E3300030B589B0054618220C4601A8002100F02E
:10E34000AAFE012344EA052401A9BA2007940593F3
:10E35000F9F7D6F8002818BF6FF0920009B030BD69
:10E36000F7B5BA2001A9F9F72BF9044610B100203E
:10E3700003B0F0BD019D2F0AEDB2AC4205D1BA2029
:10E38000F9F704F90028F2D008E0E6193046F9F769
:10E39000FDF830B13046FFF71DFE10B96FF0920066
:10E3A000E6E70134E9E738B503780446033303F0C0
:10E3B0000303012B0FD86FF0210038BD607828448B
:10E3C000F9F7D6F848B901352378C3F382039D42A3
:10E3D000F4D30020F1E70025F6E70220EDE708B5C9
:10E3E000F820FFF7F7FD18B9F920FFF7F3FD10B19A
:10E3F0006FF0920008BDF820F9F7BAF80028F7D1BD
:10E40000F920F9F7B5F80028F4D0F1E74368A3F153
:10E410001001914241D8012243F80C2C53F8042CEE
:10E4200042F0200243F8042C53F8082C42F000522A
:10E4300043F8082C836800F11402A3F11001914203
:10E440002FD8012243F80C2C53F8042C42F0200260
:10E4500043F8042C53F8082C42F0005243F8082CDF
:10E46000C36803F15402BFF35F8F4FF0A3431A60F8
:10E47000BFF35F8FC2680432BFF35F8F1A61BFF3CF
:10E480005F8FBFF35F8F03225A63BFF35F8FBFF3CA
:10E490005F8F9A63BFF35F8F7047103242F80C2C86
:10E4A000B7E7103242F80C2CC9E738B5BFF35F8FDD
:10E4B0004FF0A344E569BFF35F8FBFF35F8F102375
:10E4C0006363BFF35F8F012000F054FDBFF35F8FE4
:10E4D00000236363BFF35F8FBFF35F8FE36BBFF313
:10E4E0005F8F5B06F8D425B1BFF35F8FE561BFF3A3
:10E4F0005F8F38BD08B5FAF763FA30B9BFF35F8FA5
:10E500004FF0A343986ABFF35F8FBFF35F8F4FF065
:10E51000A342D36BBFF35F8F10F0240F03F02303EC
:10E5200004D0FFF7C2FF6FF01F0008BD4FF0FF30AF
:10E53000002BFAD1BFF35F8F1063BFF35F8F1846D4
:10E54000F3E7026913690BB1506918471846704721
:10E5500008B5826803465AB902681169426A1142D5
:10E5600006D0FFF7EEFF002808BF6FF0530008BD8C
:10E5700003F11400702103F17802FFF747FF002038
:10E58000F5E710B5047D03464CB3B2F1807F06D3A6
:10E59000FFF7D7FF002808BF6FF03F0010BD4468A9
:10E5A000062C06D9FFF7CDFF002808BF6FF0440006
:10E5B000F4E70AB90020F1E78069016099698A608F
:10E5C000186899698069C068C86099691031996153
:10E5D000596801315960996811449960EAE76FF010
:10E5E0002000DBE710B4037D002B56D08368C3B94D
:10E5F000836900F124021A60036882691B68013391
:10E6000043F000539360046882692368A46901336E
:10E61000E4681B0203F4F8532343D3608369103387
:10E620008361036882681C68131923EA0403846900
:10E630009B1A54F8042C42EA032244F8042C826901
:10E6400052F8084C234443F0005342F8083C036856
:10E650001A68C368134423EA0203C2691160C269DD
:10E66000C1689160C26902F11001C161C1688B4249
:10E670000AD000211161C168C2695B1A43F080436E
:10E680009360C3691033C3610368DA68436A23EA9D
:10E690000203436210BCFFF75BBF6FF0200010BCA9
:10E6A000704738B5037D0446002B52D003685B6980
:10E6B000002B51D00269D3685BB150699847054679
:10E6C00038B12046FFF73DFF002818BF0546284611
:10E6D00038BD214651F8783B626A9B6904F1140009
:10E6E0001B68F9F7BDFF0123636023699A689AB933
:10E6F000A2691B6813602369A2695B6843F0005339
:10E7000093602268A36992699268DA60A369103302
:10E71000A3616368013363600025236AA269C4337F
:10E7200013602368A2695B6943F000539360226819
:10E73000A36992695268DA60A36922681033A36101
:10E740006368013363601269636AA560134363629F
:10E75000BDE76FF02005BAE76FF04705B7E738B5BA
:10E76000027D0346002A40D00268816894688C428A
:10E7700006D9FFF7E6FE002808BF6FF0530038BD4A
:10E780005468B1FBF4F504FB151434B1FFF7D9FE5E
:10E79000002808BF6FF04500F1E7416AD0680143E7
:10E7A0005962D3E90701C431526901601868D96917
:10E7B00040690F328860D96922F00F0201F1100020
:10E7C000D8611868406990420AD00C611868D9690C
:10E7D0004069121A42F080428A60DA691032DA61C6
:10E7E0001846BDE83840FFF7B3BE6FF02000C6E71B
:10E7F00038B5037D054663B1FFF77CFE431C044634
:10E8000005D02846FFF79DFE002818BF0446204685
:10E8100038BD6FF02004FAE710B5037D04462BB134
:10E820002046FFF7E5FF431CFAD010BD6FF0200033
:10E83000FBE710B5037804461BB1F8F75BFD002336
:10E840002370002010BD0368D868C0F300407047F3
:10E85000036803F58053586A00F4A020003818BFFD
:10E8600001207047022203689A6070470368D868E5
:10E87000FAF748B9024608B51046FFF7E4FF00284A
:10E88000FAD1BDE808401046FFF7F0BF03685A50C0
:10E8900070470369996670470369986E7047C0F3C3
:10E8A0000B03482B4B6028BF482310F4003F8B60BC
:10E8B00008BF0023CB6010F4803308BFC1E90133E7
:10E8C00000F47003B3F5700F14BF00238B680028A9
:10E8D0004FF0010C4FF008028B60B8BF0023C1E974
:10E8E00005C2B8BFC1E9053370472DE9F047994625
:10E8F000058843888AB003F10708009305F44F4365
:10E90000B3F5824F04468A4617464FEAD80602D02E
:10E91000B3F5884F3FD1EDB22022002102A800F0CC
:10E92000BAFB0023BE42C9F8003041D8B8F5847F55
:10E9300041D220466A463946FAF712FA044630BBFD
:10E940002846009901AAFAF74DF90446F8B9A5F14D
:10E950004103012B21D8324602A9F8F71DFF28BB3D
:10E96000314602A800F008FB40BB412D04D1202E07
:10E9700002D102A800F06EFA3246504602A900F019
:10E9800064FB202102A800F029FBC9F800602046A2
:10E990000AB0BDE8F0870025BEE73A465146019827
:10E9A00000F063FA0028ECD0FFF782FA0446EEE7A5
:10E9B0006FF08904EBE76FF08504E8E76FF09304EC
:10E9C000E5E72DE9F341DDF820801E464388424506
:10E9D0000F461546019315D8294601AAFAF7C0F942
:10E9E000044658B92B463A464146304600F0D9FA1B
:10E9F00058B10A9B019A1A60099B1D60204602B01B
:10EA0000BDE8F0816FF08904F8E76FF08604F5E760
:10EA10002DE9F0431F460688438895B0029306F41B
:10EA20004F43B3F5824F0546144602D0B3F5884FE5
:10EA30002FD1F6B20A462346412103A8D5F80C90FF
:10EA400000F0AFFA38B31C9B9C4227D828462146D9
:10EA500002AAFAF785F90546B8B9122EDDF8088042
:10EA600001D0302E07D1424631464846009403ABD0
:10EA7000FAF740F9A8B92246384603A900F0E5FAAA
:10EA80001E9BC3F800801D9B1C60284615B0BDE886
:10EA9000F0830026CEE76FF08605F6E76FF0890574
:10EAA000F3E70546F1E78B4238B505460C461046BC
:10EAB00007D30A46294600F0C8FA0020049B1C60D0
:10EAC00038BD6FF08900FBE710B59EB0024646F6F0
:10EAD00011031AA901A8F9F7C3FD0023039A102115
:10EAE0001360039A01A89360039B1AAA103303933F
:10EAF000FFF78CFCFFF7FEFC431C0446FAD001A88C
:10EB0000742100F06BFA20461EB010BDF8B50668FF
:10EB1000054696420C46A2EB060701DDE5F702FB2F
:10EB20003946204600F03FF832466968E019BDE8F2
:10EB3000F84000F044B8FFF7E9BFF8B507461646BD
:10EB4000D2E900208A420C460BDB551A294600F018
:10EB50002AF82246394670682844BDE8F84000F09B
:10EB600039B8891A3944F8E770B514460E461D467F
:10EB700021461A46FFF7E1FF2146304605F108021B
:10EB8000BDE87040FFF7D9BF70B5054616461C4674
:10EB90001A46FFF7BBFF2246314605F10800BDE8E3
:10EBA0007040FFF7B3BF0A4600230AB1810702D1C4
:10EBB000002100F070BA00F8013B013AF5E70AB114
:10EBC000830701D100F041BA11F8013B013A00F886
:10EBD000013BF4E70AB18B0701D100F036BA11F816
:10EBE000013B013A00F8013BF4E773B50546D0E973
:10EBF0000146CDE90023FFF74FFE0068ED68C00035
:10EC00009DF800209DF8073004EB0614A5F10801DB
:10EC100014D502F03F0242F0200243F00103601BD2
:10EC20008DF800208DF80730FFF7BDFF083C082263
:10EC300069462046FFF7C3FF02B070BDA41B03F076
:10EC40003F0342F0010243F0200304F108008DF875
:10EC500000208DF80730FFF7A6FFE8E710B504465F
:10EC6000FFF71AFEC2684AB142F420222046BDE8EE
:10EC70001040002142F40062FFF708BE10BDC068DA
:10EC800070472DE9F8430A680C4612F4700F15D14D
:10EC9000D0E90159D1F80880FFF7FEFD036820464E
:10ECA000DB0048BF63684FF0000744BFA9EB0303D4
:10ECB000ED1800F0C1F80646B74201DBBDE8F88365
:10ECC000414628466268FFF77AFF63684D449844DE
:10ECD0000137F1E770B50C461E461046D1E9012513
:10ECE00005EB42052946FFF76AFF62683046A9181E
:10ECF000BDE87040FFF763BF38B50446FFF7CCFDB1
:10ED0000D4E9013501684268C90042BFE168691A67
:10ED10005B18002112B904F1140038BDD00707D5E3
:10ED20000B2901D9E5F7FEF904EB810043610131BC
:10ED30002B445210EEE770B506460D461446FFF719
:10ED4000ABFD013D026844EA05243046224304211C
:10ED5000BDE87040FFF79ABD2DE9F04F044685B03D
:10ED60000E4691460193FFF797FDD4F848A005465B
:10ED7000BAF1000F07D02046F9F7AAFE1025284661
:10ED800005B0BDE8F08F8768D4E9018BF9F742FE42
:10ED9000326811064CBFC26842687168914204DD56
:10EDA0002046F9F795FE0D25E9E7E1603268204637
:10EDB00049EA02092A6949EA0202FFF7BCFF2A6808
:10EDC000D20003D5E268ABEB020290443FB9314672
:10EDD0002046FFF756FF2B696BB90025CFE7FB07ED
:10EDE00048BF019B4FEA670744BF43F82A800AF1F6
:10EDF000010AD844EAE702A800F043F8054618B132
:10EE00002046F9F765FEBAE72046DDE90223FFF761
:10EE1000ECFE08210DEB010000F0E0F8DDE710B595
:10EE20000446FFF71BFFBFF35F8F03222046BDE8B8
:10EE300010400821FFF72ABD0368024613F4700F43
:10EE400006D1806828B1D368506893FBF0F0704712
:10EE500000207047037823F007030370C37F03F09B
:10EE60007F0343F04003C37770470B46D0E901109E
:10EE70008A42084402D31A4600F019B86FF04000E5
:10EE8000704710B50446F9F7C5FD436963B12046E4
:10EE9000F9F784FE50B9D4E900321343F7D0201DAE
:10EEA000BDE81040F9F77ABE6FF0020010BD2DE901
:10EEB000F0470446104639B122460023164612F8A0
:10EEC000015B35B98B4202D16FF0530435E0013359
:10EED000F4E78B42F8D04A1E9A4201D1022DF3D9B1
:10EEE000A25CD2072FD5FF2415EA040228D1E443FF
:10EEF000A1EB0308C71800F066F8E5B208EB070AB3
:10EF0000424639460020F8F747FC0446E8B93B780A
:10EF100081462B403B703B4613F8012B9A4549EA4A
:10EF20000209F9D10023424631463846FFF736F848
:10EF3000B9F1000FE4D00028E2DA2046BDE8F087FE
:10EF40006400E4B2D0E76624F7E70224F5E7FAF7B5
:10EF5000BBB907B54FF0FF334FF0FF32CDE90023C7
:10EF6000002200F06FF803B05DF804FB00F066B813
:10EF700000F060B8FEF706BC002313B58DF807302B
:10EF80008B4206D19DF80700B0FA80F0400902B02C
:10EF900010BDC45C9DF80720013322438DF8072083
:10EFA000EEE78B4230B50CD8002421469C4203D1B9
:10EFB000081E18BF012030BD155D055529430134D9
:10EFC000F4E70020F7E710B58B4294BFC41844184B
:10EFD000A04200D110BD00F8012BF9E700231A462A
:10EFE00082B001908B4201D102B070470198C254A7
:10EFF0000133F7E710B50B680446D0E9180212F0A8
:10F00000010F03EA000301D0984211D183B12366B6
:10F01000520748BF4A6804F1180044BF1A434A60C7
:10F02000F6F700FB00232046C4F88030FEF77DFB96
:10F03000002010BD4FF0FF32FAF75AB80A460021FF
:10F04000FAF756B85200FAF79DB80A44431E9142A7
:10F0500000D1704710B511F8014B914203F8014FF0
:10F06000F9D110BD884210B501EB020402D98442E7
:10F07000234607D8431EA14207D011F8012B03F8FD
:10F08000012FF8E70244824200D110BD13F8011DA0
:10F0900002F8011DF7E702440346934200D170478E
:10F0A00003F8011BF9E7044608B5FAF7D9FB204637
:10F0B000E5F766F80139024410B5904201D100200D
:10F0C00005E0037811F8014FA34201D0181B10BDD1
:10F0D0000130F2E7C9B20346184613F8012B12B10A
:10F0E0008A42F9D17047002918BF002070470139C2
:10F0F000034610B532B111F8014F013A03F8014B44
:10F10000002CF7D11A440021934200D110BD03F81E
:10F11000011BF9E70246014410B58A42134603D0A9
:10F120001C780132002CF8D1181A10BDF0B5C3F1CB
:10F130003707044603F01F031046FFB2082BE6B260
:10F1400032D0102B3DD06508A40845EAC17544EAC9
:10F1500081748A082D1942EB5102290941EA027192
:10F160006D1842EB1212290A41EA02616D1842EB56
:10F170001222290C41EA02416D1842EB1242AD18ED
:10F1800042F10002EC0844EA4274D10804EB840224
:10F19000A6EB4205EDB2092D0CD90134A5F10A0503
:10F1A00041F10001EDB212E0E40806F0070544EA7F
:10F1B0004174C908303554EA010200F8015BBDD141
:10F1C000F0BD240906F00F0544EA01740909092D70
:10F1D00084BFED19EDB2EDE7D1E9043293421EBFD1
:08F1E0005A1C0A611870704707
:08F1E80062D9FD7F0100000067
:10F1F0002549020000000000F1F0020000000000BC
:10F2000000000000B8F20300C5D4030000000000B5
:10F21000B11D030000000000A91E03000000000053
:10F2200000000000F0F20300000000000CF30300F7
:10F2300000000000D4F20300E5EB02000000000033
:10F2400075020300000000009DD1030000000000D3
:10F250000000000028F30300C3CF030000000000FB
:10F260006D13020000000000B94102000000000020
:10F270000000000044F3030079D401000000000006
:10F28000492E030000000000F14A020000000000C7
:10F2900033D10300000000003DD103000000000056
:10F2A000E150020000000000052302000000000001
:08F2B0007D25020000000000B2
:10F2B800D3720400F40B040034FC03000C18002083
:10F2C80018F20020B9E80200000000000D740400E4
:10F2D800240C040010FC03001018002074F2002015
:10F2E8005DF002000000000019740400380C0400EE
:10F2F80010FC03001218002080F200205DF00200CC
:10F3080000000000247404004C0C040010FC0300EE
:10F31800141800208CF200205DF0020000000000AC
:10F32800FA7204000000000008FC03000E18002018
:10F338000000000067CF03000000000042780400CE
:10F3480000000000600C0400161800209CF2002049
:08F358003DF502000000000079
:10F3600000000000FDAB030000000000FDAB030047
:10F3700000000000FDAB030000000000FDAB030037
:10F3800000000000FDAB030000000000FDAB030027
:10F3900000000000FDAB030000000000FDAB030017
:10F3A00000000000FDAB030000000000FDAB030007
:10F3B00000000000FDAB030000000000FDAB0300F7
:10F3C00000000000FDAB030000000000FDAB0300E7
:10F3D00000000000FDAB030000000000FDAB0300D7
:10F3E00000000000FDAB030000000000FDAB0300C7
:10F3F00000000000FDAB030000000000FDAB0300B7
:10F4000000000000FDAB030000000000FDAB0300A6
:10F4100000000000FDAB030000000000FDAB030096
:10F4200000000000FDAB030000000000FDAB030086
:10F4300000000000FDAB030000000000FDAB030076
:10F44000000000005103030000000000FDAB0300BA
:10F4500000000000FDAB030000000000FDAB030056
:10F4600000000000FDAB030000000000FDAB030046
:10F4700000000000FDAB030000000000FDAB030036
:10F4800000000000FDAB030000000000FDAB030026
:10F4900000000000FDAB030000000000FDAB030016
:10F4A00000000000FDAB030000000000FDAB030006
:10F4B00000000000FDAB030000000000FDAB0300F6
:10F4C00000000000FDAB030000000000FDAB0300E6
:10F4D00000000000FDAB030000000000FDAB0300D6
:10F4E00000000000FDAB030000000000FDAB0300C6
:10F4F00000000000FDAB030000000000FDAB0300B6
:10F5000000000000FDAB030000000000FDAB0300A5
:10F5100000000000FDAB030000000000FDAB030095
:10F5200000000000FDAB030000000000FDAB030085
:10F5300000000000FDAB030000000000FDAB030075
:10F5400000000000FDAB030000000000FDAB030065
:10F5500000000000FDAB030000000000FDAB030055
:10F5600000000000FDAB030000000000FDAB030045
:10F5700000000000FDAB030000000000FDAB030035
:10F5800000000000FDAB030000000000FDAB030025
:10F5900000000000FDAB030000000000FDAB030015
:10F5A000000000000989030000000000FDAB03001B
:10F5B00000000000FDAB030000000000FDAB0300F5
:10F5C00000000000FDAB030000000000FDAB0300E5
:10F5D00000000000FDAB030000000000FDAB0300D5
:10F5E00000000000FDAB030000000000FDAB0300C5
:10F5F00000000000FDAB030000000000FDAB0300B5
:10F6000000000000FDAB030000000000FDAB0300A4
:10F6100000000000FDAB030000000000FDAB030094
:10F6200000000000FDAB030000000000FDAB030084
:10F6300000000000FDAB030000000000FDAB030074
:10F6400000000000FDAB030000000000FDAB030064
:10F6500000000000FDAB030000000000FDAB030054
:10F6600000000000FDAB030000000000FDAB030044
:10F6700000000000FDAB030000000000FDAB030034
:10F6800000000000FDAB030000000000FDAB030024
:10F6900000000000FDAB030000000000FDAB030014
:10F6A00000000000FDAB030000000000FDAB030004
:10F6B00000000000FDAB030000000000FDAB0300F4
:10F6C00000000000FDAB030000000000FDAB0300E4
:10F6D00000000000FDAB030000000000FDAB0300D4
:10F6E00000000000FDAB030000000000FDAB0300C4
:10F6F00000000000FDAB030000000000FDAB0300B4
:10F7000000000000FDAB030000000000FDAB0300A3
:10F7100000000000FDAB030000000000FDAB030093
:10F7200000000000FDAB030000000000FDAB030083
:10F7300000000000FDAB030000000000FDAB030073
:10F7400000000000FDAB030000000000FDAB030063
:10F7500000000000FDAB030000000000FDAB030053
:10F7600000000000FDAB030000000000FDAB030043
:10F7700000000000FDAB030000000000FDAB030033
:10F7800000000000FDAB030000000000FDAB030023
:10F7900000000000FDAB030000000000FDAB030013
:10F7A00000000000FDAB030000000000FDAB030003
:10F7B00000000000FDAB030000000000FDAB0300F3
:10F7C00000000000FDAB030000000000FDAB0300E3
:10F7D00000000000FDAB030000000000FDAB0300D3
:10F7E00000000000FDAB030000000000FDAB0300C3
:10F7F00000000000FDAB030000000000FDAB0300B3
:10F8000000000000FDAB030000000000FDAB0300A2
:10F8100000000000FDAB030000000000FDAB030092
:10F8200000000000FDAB030000000000FDAB030082
:10F8300000000000FDAB030000000000FDAB030072
:10F8400000000000FDAB030000000000FDAB030062
:10F8500000000000FDAB030000000000FDAB030052
:10F8600000000000FDAB030000000000FDAB030042
:10F8700000000000FDAB030000000000FDAB030032
:10F8800000000000FDAB030000000000FDAB030022
:10F8900000000000FDAB030000000000FDAB030012
:10F8A00000000000FDAB030000000000FDAB030002
:10F8B00000000000FDAB030000000000FDAB0300F2
:10F8C00000000000FDAB030000000000FDAB0300E2
:10F8D00000000000FDAB030000000000FDAB0300D2
:10F8E00000000000FDAB030000000000FDAB0300C2
:10F8F00000000000FDAB030000000000FDAB0300B2
:10F9000000000000FDAB030000000000FDAB0300A1
:10F9100000000000FDAB030000000000FDAB030091
:10F9200000000000FDAB030000000000FDAB030081
:10F9300000000000FDAB030000000000FDAB030071
:10F9400000000000FDAB030000000000FDAB030061
:10F9500000000000FDAB030000000000FDAB030051
:10F9600000000000FDAB030000000000FDAB030041
:10F9700000000000FDAB030000000000FDAB030031
:10F9800000000000FDAB030000000000FDAB030021
:10F9900000000000FDAB030000000000FDAB030011
:10F9A00000000000FDAB030000000000FDAB030001
:10F9B00000000000FDAB030000000000FDAB0300F1
:10F9C00000000000FDAB030000000000FDAB0300E1
:10F9D00000000000FDAB030000000000FDAB0300D1
:10F9E00000000000FDAB030000000000FDAB0300C1
:10F9F00000000000FDAB030000000000FDAB0300B1
:10FA000000000000FDAB030000000000FDAB0300A0
:10FA100000000000FDAB030000000000FDAB030090
:10FA200000000000FDAB030000000000FDAB030080
:10FA300000000000FDAB0300E0150020BFCF030075
:10FA400000000000FDAB030000000000FDAB030060
:10FA500000000000FDAB030000000000FDAB030050
:10FA600000000000FDAB030000000000FDAB030040
:10FA700000000000FDAB030000000000FDAB030030
:10FA800089160300B5D1030000000000FDAB0300A0
:10FA900000000000FDAB030000000000FDAB030010
:10FAA00000000000FDAB030000000000FDAB030000
:10FAB00000000000FDAB030000000000FDAB0300F0
:10FAC00000000000FDAB030000000000FDAB0300E0
:10FAD00000000000FDAB030000000000FDAB0300D0
:10FAE00000000000FDAB030000000000FDAB0300C0
:10FAF00000000000FDAB030000000000FDAB0300B0
:10FB000000000000FDAB030000000000FDAB03009F
:10FB100000000000FDAB030000000000FDAB03008F
:10FB200000000000FDAB030000000000FDAB03007F
:10FB300000000000FDAB030000000000FDAB03006F
:10FB400000000000FDAB030000000000FDAB03005F
:10FB500000000000FDAB030000000000FDAB03004F
:10FB600000000000FDAB030000000000FDAB03003F
:10FB700000000000FDAB030000000000FDAB03002F
:10FB800000000000FDAB0300B1D10300B5D10300BC
:10FB900000000000FDAB030000000000FDAB03000F
:10FBA00000000000FDAB030000000000FDAB0300FF
:10FBB00000000000FDAB030000000000FDAB0300EF
:10FBC00000000000FDAB030068150020BFCF03005C
:08FBD00000000000FDAB030082
:10FBD800202D00204802012000030000479F030059
:10FBE8000000000000000000000000000C00000001
:10FBF80000000000272D04000000000000000000A5
:08FC080053CF030000000000CF
:10FC10004DEE020077CF030083CF030097CF0300A0
:10FC2000A1CF0300ABCF03003DED020045EC020085
:04FC300000000000D0
:10FC340011E9020047CF03001FCF030000000000BA
:0CFC4400DDE702000000000000000000EE
:10FC500005000000919402000600000035CB020070
:08FC60000400000099A9020054
:10FC680000000000512E020000000000000000000B
:10FC7800000000000000000000000000000000007C
:10FC8800000000000000000000000000000000006C
:10FC9800092F020000000000092E020000000000E9
:10FCA80000000000FFC90300000000000000000081
:10FCB800000000000000000000000000000000003C
:10FCC800000000000000000000000000000000002C
:10FCD800000000000000000000000000000000001C
:10FCE800000000000000000000000000000000000C
:10FCF80000000000000000000000000000000000FC
:10FD080053A00300000000000DE701000000000000
:10FD180071E6010023A00300CD9F0300000000004E
:10FD2800BDF2010075F401000000000000000000B1
:10FD380085F20100000000007FA20300000000001F
:10FD480000000000000000000000000000000000AB
:10FD5800000000000000000000000000000000009B
:10FD680079D601000DD70100000000000000000056
:10FD7800000000000000000000000000000000007B
:10FD8800000000000000000000000000000000006B
:10FD9800000000000000000000000000000000005B
:10FDA800940A040008000000BC05040007000000D5
:08FDB8004806040012000000DF
:10FDC0002757040003000000006504000300000042
:10FDD0002049040003000000DC5E04000300000072
:10FDE00028720400030000002272040003000000D7
:10FDF00027490400030000006D58040003000000C0
:10FE00009F67040003000000145304000300000077
:10FE100060560400030000002F6C04000300000083
:10FE2000AA6104000300000047470400030000002B
:10FE30005F780400030000004D7804000300000018
:10FE4000BC6B0400030000006772040003000000A4
:10FE50003933040003000000EC72040003000000CA
:10FE60006F89040003000000123604000300000044
:10FE70001636040003000000577904000300000058
:10FE8000BF430400030000005446040003000000C8
:10FE9000EF46040003000000CA79040003000000DC
:10FEA000C37E040003000000B4310400030000001E
:10FEB000F93A040003000000FE46040003000000BD
:08FEC0001D34040003000000E2
:10FEC800900504006C7B00201A3804000100000033
:10FEE000FB510400005204000452040008520400B4
:10FEF0000C52040010520400145204001852040062
:10FF00001C52040020520400245204002852040011
:10FF10002C520400305204003452040038520400C1
:10FF20003C5204004052040000A0105000820D50CA
:10FF3000000405500500000004000000010000005E
:10FF40000102082526270102030328049042BE115E
:10FF5000B400500BEE03010204004C01E80B8604D0
:10FF60000102030300000028000000200102FFFF3F
:10FF7000FFFFFF030F141E28323C50647801020378
:10FF80000301010002070001020401000100000159
:10FF90000100000100010000010001000000010259
:10FFA000080F141E28323C5064780000020B000039
:10FFB00001000B0002000A00050009000A00080009
:10FFC000140007001E000600320005004B0004006C
:10FFD0006400030096000200FA000100F401000032
:10FFE0000102030302030001F401FA009600640019
:10FFF0004B0032001E0014000A0005000200010040
:020000024000BC
:100000000C0802170D010102090901010602091875
:1000100018030101090983838503020123020224D5
:100020000910040405050B0B040B2B1B1B159A9AD6
:100030001C021D16130501490D150508061B1B0F93
:1000400001010000FEFEFEFEFEFEFEFEFEFEFEFEC6
:10005000FEFEFEFEFEFEFEFEFE16FEFEFEFEFEFEA8
:10006000FEFEFEFEFEFE1F1FFE26FEFEFEFEFE3014
:10007000FEFEFE32FEFE32FEFE35FEFE3E3EFEFE81
:10008000FEFE3B3B60009006BE022C01D012CE0566
:1000900028049042BE1164005006AE027205DA4395
:1000A000081300010202A201B003BE05EE024806D9
:1000B000A209C405F40B241226FEFEFEFE2E3630E5
:1000C000FEFEFE32FEFEFEFEFE35FEFEFEFEFEFEE5
:1000D000FEFEFEFE2E0102030301020303010204E1
:1000E00012FEFEFEFEFEFEFEFEFEFE030303030303
:1000F00003030303030303030303030314FEFE16B6
:10010000FEFEFEFEFEFEFEFE23FEFEFEFEFEFEFEEA
:10011000FEFEFE2E363039FEFE32FEFEFEFEFE35BF
:10012000FEFEFEFEFEFEFEFEFEFE2E0102030300AC
:1001300028049042BE117205DA4308132C00D00245
:10014000CE010440100028049042BE112C00D002C1
:10015000CE01B400500BEE0364005006AE02B400B2
:10016000500BEE030102030328049042BE11280441
:100170009042BE110102030300010202502500203B
:100180000200000B0100000007000000000000005A
:1001900000000000000000000406080A0C0E101207
:1001A0001416181C1E20222426282A2C2E30323405
:1001B00036383A3C3E40424446484A4C4E021A5079
:1001C000000000002800000018000000500100009E
:1001D0005001000000000000F02300002413000084
:1001E00018790000E86700001C0C78051437A43863
:1001F000000000004006000040060000400600002D
:1002000040060000000098086B039C18580200008C
:10021000000000000000000000000000F0230000CB
:10022000241300003CF000003CF00000000000003F
:1002300048A3000014A000003CA5000068A6000030
:1002400000000000000000000000000000000000AE
:10025000000040060C0334086009000000000000A4
:1002600000000000E3A3C300781100200200000B8F
:10027000BC2500200200000CBA2500200200000B63
:10028000BA2500200100000C202600200100000CEF
:10029000010208FF7F00200018000A800720029852
:1002A00001AA800001020304020304040102030402
:1002B000010101020101010102030402E4E1D8D2BB
:1002C000C6C9B4B19C93878D6C6378724E4B272D51
:1002D0001B1E3639002060204060800001020005AE
:1002E00004000808000000000000000000000101F8
:1002F00001010101010101010101020202020202E8
:10030000030304040505060607070808090A0B0C81
:100310000D0E0F101112131415161718191A1B00B1
:1003200010010000D200000030010000D8000000E1
:1003300001000000E400000002000000EA000000EC
:1003400002000000EC00000003000000EE000000CE
:1003500004000000F000000005000000F2000000B2
:1003600006000000F400000007000000F600000096
:1003700008000000F700000009000000F80000007D
:100380000A000000F90000000B000000FA00000065
:100390000D000000FB0000000F000000FC0000004A
:1003A00011000000FD00000013000000FE0000002E
:1003B00015000000FF000000180000000000000011
:1003C0001B000000010000001F00000002000000F0
:1003D00023000000030000002800000004000000CB
:1003E0002D000000050000003300000006000000A2
:1003F00039000000070000003F0000000800000076
:1004000000100200FA000000060028000000900121
:10041000FE140A0001000A0000007017000060EAE4
:10042000000004028001FFFF5B1801030062746C8E
:100430006500000000000000000000000000000057
:1004400000000000000000000000000000000000AC
:10045000000000000000000000000000000000019B
:10046000000000000000000000000000000000008C
:100470000338FDD8704700000000000000000000B5
:100480000338FDD8704700000000000000000000A5
:100490000338FDD87047000035D701000000000088
:1004A00000000000000000009DD60100F5D501000D
:1004B000CDD6010000000000000000000000000098
:1004C0000000000000000000D6290400DF2904001D
:1004D000D15E0400E8630400EB290400F529040060
:1004E0000F2A0400172A04001F2A0400292A0400E6
:1004F00010410400362A04003B2A04000CF30300D8
:10050000090001000CF303000A000100412A040065
:10051000472A04004D2A0400532A0400592A0400E3
:100520005F2A0400652A04006B2A04000000000012
:10053000362D04003A2D04003E2D0400422D040007
:1005400000000000283000200004000037A803004D
:10055000E1A7030002000000B1A9030000000000B1
:1005600000000000000000000000000086370400CA
:100570008E370400000000000000000000000000B2
:10058000362D04003A2D04003E2D0400422D0400B7
:10059000592002004D2002007D200200252002008B
:1005A000000000004120020000000000D9200200ED
:1005B000747B002085FB0020010000005022040015
:1005C00071C20300000000004C2204000000010082
:1005D00048220400E1C30300000000005014002082
:1005E000000001004022040099AA030051AA030060
:1005F00000000000000009003C220400E1C30300E9
:100600000000000048140020000001003422040013
:100610001DAA03000000000000000000000001000F
:1006200030220400E1C30300000000004014002059
:100630000000010028220400D9220200000000006E
:100640000000000000000100B422040071C2030099
:1006500000000000B022040000000100AC220400F1
:10066000E1C303000000000040150020000001006D
:10067000A422040001250200000000000000000088
:1006800000000400A0220400E1C3030000000000F9
:10069000381500200000010098220400000000002E
:1006A0000000000000000000000000009422040090
:1006B00043C20300C9B302001415002000000C005F
:1006C00090220400E1C30300000000000C1500208C
:1006D000000001008822040000000000000000006B
:1006E00000000000000000008422040043C2030058
:1006F000C9B30200E814002000000C0080220400AE
:10070000E1C3030000000000E0140020000001002D
:1007100078220400000000001D25020000000000F7
:10072000000008007422040043C20300C9B30200A1
:10073000BC14002000000C0070220400E1C3030080
:1007400000000000B4140020000001006822040032
:1007500003AB0300000000000000000000000400E4
:100760006422040043C20300C9B3020090140020B5
:1007700000000C0060220400E1C303000000000040
:10078000881400200000010058220400D3AA0300AE
:1007900000000000000000000000040054220400DB
:1007A00043C20300C9B302006414002000000C001F
:1007B00020110020000000000600010002000000DF
:1007C000C4070400000000006F450400060000009C
:1007D000E0CF170000000020774504002100000052
:1007E000E0FF0320581500204542020000000000F1
:1007F000B3AC0300E807040004080400FB01000098
:1008000000000000B08B0120E80704001808040075
:100810000201000000000000C4A40120E807040059
:100820002C080400020100000000000014A80120B0
:1008300044520400625204007D5204008D520400B0
:100840009A520400A3520400AA520400B1520400B8
:10085000B8520400C05204009A520400C852040066
:10086000DA520400EF520400025304000E030000A9
:10087000756302000F040000416302001A010000CA
:10088000214E020005040000394E02001301000051
:10089000A55602003E01000089530200011200002B
:1008A00007AF03000A1E00003DAF0300FF01000078
:1008B000FD5402003E010000DD540200050400006A
:1008C000854E0200080400000159020030030000B8
:1008D0007558020010010000994F0200011200003B
:1008E0002D6002000A1E00000FB003000309000083
:1008F000F94F0200040B0000B5510200060A000087
:100900007D620200070A0000FD4E02000C05000097
:10091000C94E0200050C0000B9610200120500007A
:1009200061750200130800005976020021080000DA
:100930002D4F02002C1F000011DC020038220000A5
:1009400089DD02002D4B000011DF02002F21000085
:1009500041E202002E03000055E3020030150000C2
:10096000B5E30200310F000081DF02003208000011
:10097000F5E00200E8070400840904000301000018
:100980000000000030A90120292A0400685E04004C
:10099000885E04007C5E0400935E0400AA5E04008E
:1009A000BA5E0400E8630400CE5E0400E8070400B9
:1009B000BC090400000000000000000084AC01201D
:1009C000E8070400D0090400FB010000000000005B
:1009D000ACAC012029B7030069B703000000000098
:1009E00000000000000000009198020000000000DC
:1009F00000000000000000000000000002020100F2
:100A0000B7BC0300040401007DA502000606010036
:100A1000BDA4020008040100A9A302000A0201000B
:100A20009FBC03000C04010087BC03000E040100FE
:100A300085A2020020040100F1A1020010040100BF
:100A400001A102001202010029BC030016040100EA
:100A5000E9A5020018010100AD9F02001E0004007C
:100A60003BC0030052020000FFBB0300E807040084
:100A70007C0A0400FD0100000000000018B3012002
:100A8000E8070400900A0400F201000000000000E2
:100A90000CBA0120E422040071C20300000000002F
:100AA000E022040000000100DC220400E1C3030096
:100AB000000000000C17002000000100D4220400F8
:100AC0000000000000000000000000000000000026
:100AD000D022040043C20300C9B30200141700204F
:100AE00000000300CC220400E1C30300000000006A
:100AF0000417002000000100C4220400A9C2030062
:100B000085B402000000000000000300C0220400C1
:100B1000E1C3030000000000FC16002000000100FB
:100B2000B822040085B802000000000000000000A8
:100B300000000100C1CA020097C9030089D5020064
:100B400000000000000000000DD2020000000000C4
:100B50000000000000000000000000000000000095
:100B60000000000049CC0200060000007BC7030023
:100B70000600000029C80200100000009DC4020009
:100B80001000000029D50200010000000BC6030080
:100B90001000000077C703000A0000005DCB0200D0
:100BA00010000000F1D20200070000007FC7030020
:100BB00010000000BDC6030001000000FDC90200D6
:100BC000400000001BC7030010000000D5C6030052
:100BD00001000000E8070400E40B0400C01200005C
:100BE0000000000038C00120A1E7020091E80200E7
:100BF0000000000029EA020041E90200E07204005E
:100C000043CF03003FCF0300E672040000A0105062
:100C100000820D50000405507F000000FFFF01001E
:100C2000FF0700007F00000000A0105068150020A2
:100C30000000000000000000FFFF010000820D50D6
:100C4000E01500200000000001000000FF07000088
:100C50000004055000000000000000000200000039
:100C6000E5F30200DBCF03000DD00300F0F2030038
:100C700009000000F0F203000A000000000000007C
:100C800000000000000000000000000000A0105064
:100C900000820D50000405507F000000FFFF01009E
:100CA000FF07000008000000020000000400000030
:100CB000010000000E7E04001C7E0400307E040053
:100CC0003F7E04004B7E0400F0F1030000F20300BD
:100CD00058F2030060F20300A8F20300B8F2030028
:100CE0008C820400000100008813000097F00300CC
:100CF00000388A408F409440A140A640AC4015483F
:100D0000CB40AE40A3400038003800380038CE4019
:100D1000ED409D4149415641324137413C414141BD
:100D2000B941BE41D7410E42FA418D411B4280413B
:100D300062426A42774274436E4366437F432E4861
:100D400024460038003800380038AF48D548F3480A
:100D500063457D4585439D45A845BB45E345ED4538
:100D6000CF45FC4515468C466E4695468E46003866
:100D70000038003828420038003800380038003881
:100D800000380038003800380038003800380038A3
:100D90001949194919491949194919491949194943
:100DA000194919490038003800380038003800382F
:100DB0000038003800380038003800380038003873
:100DC0000038003800380038003800380038003863
:100DD0000038003800380038003800380038003853
:100DE0000038003800380038003800380038003843
:100DF0008C090038FFFFFF00000000001027008171
:100E0000878A001A7B627AA678797A8D00307B62B5
:100E10007AA778797A8D003078207B6279217A22DE
:100E20000C10865082A2808182A28287828D001A55
:100E30000030722095407AAC797B003078247B6258
:100E40007AA884797A8D00307224A7407B24792592
:100E50007A26856286A87284868D11A685841162A1
:100E600086A7858684208621862286509A5086A66B
:100E7000867286A88685868D8462868D781086A681
:100E80007270001A00307ABB78790030008300302D
:100E9000001C001C001C001C001B7C22001D1310E9
:100EA000D040001A001C001C001C001B7C22001DEE
:100EB000001B7C22001D1310DA40001A000C016A8E
:100EC0003427001A006E1027001A7B6278247925D7
:100ED0007A260C1086500E1022590E101A59848F43
:100EE000C50811B885850410295911A284871AA252
:100EF00011111120071890A2801A9020001919A230
:100F000072871AA61970001B7C201AA21A8013106F
:100F10000B410E101D590410335986A21A72868D8A
:100F2000001A0030870811B8858211A284871AA29E
:100F300011111120031890A2801A9020001915A2F7
:100F400081871AA215151520031890A2801A9020E7
:100F5000001907418650052408250426F5408650CF
:100F6000042406250526F54086500C2406250B266C
:100F7000F54086500B2408251A26F55000AB0C1AB4
:100F800000300DA702720AAC060D0EA703720BAC5F
:100F9000060E02620CA872030C8D00307DBB0203AA
:100FA000048F05A6707003628650042072210E2201
:100FB0009A500070108A0E240B250E26F3500272F0
:100FC0008650042072210D229A5002721027108A36
:100FD0000D240A250D26F35005A70D0E05200C2122
:100FE00005229A50007005BB030505A60E050030CA
:100FF00002628650042072210D229A500070108ADD
:101000000D240A250D26F35000300DA70D0E05A660
:101010007070027286500C200D2105229A500070CB
:1010200005BB030505A60E05003002620DA702727E
:1010300003620EA7037201BB0D0E00BB02030D205D
:101040000E21802282AC8081812082213910A94129
:10105000006201A80180018D012408250626B150F7
:1010600000300324062508268650F3400324052576
:101070000A268650F350026286500A2072210A2204
:101080009A503810003906200A210B229A500BA6DC
:101090000B0C0BA80B050B8D3810003900300262C9
:1010A0000A8E0A8F0B8E0B8F072787500EA8720BA4
:1010B0000C200E210D229A500A200E210E229A5049
:1010C0000062865003240D251A2608210E221A518B
:1010D0000262008107271A2072211A229A5000AB5F
:1010E0000A1A003086500DBB08060DA6040D032415
:1010F00006250E26F3500E2007210E229A500EA729
:10110000050E0E8D0E240D250B26F34086500A2465
:1011100008250D26F35002200D210E229A500E2490
:101120000C250B26F340865007200A210D229A50E9
:1011300003240C250E26F35005A60D0E058D003058
:10114000865001A700720AB9010006240A25042668
:10115000F55077A7047238100030011877A7040102
:10116000381000300420042104229A5077A704721A
:101170003810003C001977A704013910003C0030FA
:10118000A0A27210685380A2811090A29110021048
:10119000965308105B541410FB5439108134001A14
:1011A000000C865033A2041002102D440810D744BE
:1011B00014105B4558522620782148522621001CE5
:1011C0007A20CC4258522620782148521D2079217D
:1011D0004A52262026211D22001E7A20CC42585237
:1011E000782479257D527A20CC42112084214852DE
:1011F000112010107A590E103649012185260068F9
:1012000086AC86012EA67070C1522E2236102C227A
:1012100035A78682006CC80811B83581EA502620AF
:101220001121001C26200210125411212622071819
:10123000B120021015540810C754141051558021C4
:101240000019E35226202621D0501122BC520068FA
:10125000C152006C2320361026201B220318001ECA
:10126000802100192621001A001B0B102320001FCB
:10127000001A2CBA73742CBA2C2C2CA72C742DA702
:10128000018677A72D2C001AA122DC5202108D5363
:10129000081054541410F65480A2807290A29072D8
:1012A000808D908D001A003082A2821082A28272FC
:1012B00082A81082001A2C2013211622071880A25F
:1012C000818280219020B22200193222DC5229A290
:1012D000322828A2323131A2292525A2293030A274
:1012E000312222A2312F2FA2301F1FA2302E2EA278
:1012F0002F1C1CA22F2D2DA22E1919A22E2C2CA290
:101300002D1616A22D132FA6117030A6127031A61D
:10131000137013A62C7011201121081802108D5380
:10132000081054541410F654A020B121001926A618
:101330002F7027A6307028A63170001A1120842142
:1013400048521D20822148528A0811B885831420F2
:1013500011211122001C05188024B1208421001EB7
:10136000001920201D211D22001C05188024B120F9
:101370008421001E0019E352262026211922001E76
:10138000DA501122BC5219222620BC5277A22872B0
:10139000F810821077A7850177108620CC4285A6A9
:1013A000850183A6830183A6830113A272101DA663
:1013B00019701EA61A701FA613702C43585278215C
:1013C0000810E044818F918F001A003077A7010048
:1013D0003810013A001A00305852042168530210A4
:1013E00039540810F0543810053A001A0030585299
:1013F000262078214A52001A003058521510755391
:101400006E53262002214A5200302DA2A1A12EA205
:10141000A12D80A2812D90A2912E001A2FA205103D
:101420002EA280802CA280332EA22E802DA29090FE
:101430002EA62E2C2EA62F2E2CA72D2E2CA22C72B3
:101440002C8D001A30A691912CA681812DA230916D
:101450001A10E24331A2A1A11810C5432EA2818126
:1014600031A231312CA22C2D31A231332FBA2E745E
:101470002EA62F3131A62C2CD1432EA681312FA799
:1014800081312CA22C2D2EA22E2F31A62C2C2EBA3F
:101490002E742DA22D2D2FA22E2E2DA62D2D80A700
:1014A0002F3131A72C80A0A230A12FA22E3190A7DE
:1014B0002F2D001A2EA281812CA22C2DCD4331A6D6
:1014C0007092ED4331A77092ED4330A2A1A12FA2FB
:1014D00031A131A230822FA22F3031A731812FA725
:1014E0002F9130A23131A0A231A12CA2813030A2A3
:1014F00031302EA62C2C31A22F2F2EA6302E80A7D5
:10150000312E2CA72C802EA2913031A22F2C90A707
:10151000312E001AB0A2A0A0001A2EA670921B4471
:101520002EA770921B442DA2A2B231A2A1A12CA27F
:1015300081B22FA2A13131A282312DA2912D2FA2F1
:101540002E2F2EA2A1A22C21F543AAC3E7D3EAE3B2
:101550002CA6047477A72C00381477A6047078148E
:10156000001A2DA205102EA633332FA62D2D2EA244
:101570002E2E2FA62F2D2EA22E332FA22F2F30A6A8
:101580002F2F2EA62E2F2FA62E3077A22F72001AC5
:1015900090A77090908D001A2DA2A1A180A281A188
:1015A00090A2912D001A2FA205102EA280802CA2AD
:1015B00080332EA22E802CA22C802DA2909030A2BF
:1015C00080902EA62E2C2DA62D302EA62F2E2CA7A9
:1015D0002D2E001A2CA281A12DA281812EA62D9143
:1015E0002DA22D2DA0A22C2C2CA22C2E2EA22E2EE4
:1015F000181085442FA2A03387442FBAA0042EA62A
:101600002E2C80A62E2F2CA6A02C2DA22DA02CA2F5
:101610002C8090A62C2D001A702398448223984485
:1016200031A683922FA282A130A2A1A130A2313093
:1016300031A2818132A22F2F29A6313231A63191D8
:10164000A0A229A131A22F312EA6812F32A630329D
:101650002FA6913032A281322FA22F2E2CA2812FC1
:101660002DA2299180A632312CA62C2D32A62FA096
:1016700031A22C2929A2328090A63129001A30A249
:10168000A1A12DA2A2A22CA281A22FA282A12DA251
:10169000912D30A292302EA2A1A22C21A04472C47E
:1016A00094D496E4006877A772043714006C001A8B
:1016B0002DA272872CA22D8177A7812C391081361B
:1016C0002CA22D9177A7912C39109136001A003059
:1016D00077A60570001A90A68090001A80A281A1BA
:1016E00090A291A1001A31A272102CA280802DA28A
:1016F00090902EA62C2D2FA22C2D2FA2332F2FA66B
:101700002F312EA72E2F2E8D001A2CA6819130A2BC
:1017100081812DA291912EA2A1A12CA22C2C2EA6CA
:101720002E2E2FA6302D2DA7302D2CA72C2F2EA7F7
:101730002F2E90A22D2F80A22C2EA0A22E2F001A89
:101740002EA670822E452EA770822E452FA2A19222
:101750002EA2A12E30A2819131A22E2F32A6912E3F
:101760002EA7812E2CA6812F2FA6912F32A22C32AC
:101770002CA22E2F2EA630312FA7303130A72C2FA0
:1017800031A7322E80A22E3090A22F31A0A230316C
:10179000001A2CA2A2812DA2A2912FA2A1922EA268
:1017A000A1822C2132450DC528D52BE5001A80A732
:1017B0007080808D001A5852022407257D52262001
:1017C000CC52E6508750262072210A229A503810B7
:1017D000003906200A210B229A500BA60C0B0BA8ED
:1017E0000B070B8D381000390030E65087500A8EF9
:1017F0000A8F0B8E0B8F0DA8720B0C200D2135223A
:101800009A500A202B229A50EA50585208222B2331
:101810000224352526262653E650008126207221F3
:101820002C229A5000AB0A2C0030E6502BA87206EE
:101830002B8DEA50585202242B257D520820CC4291
:10184000000C006435A60A0CE65087503520722142
:1018500035229A500BA7073506200B210B229A50F0
:10186000381000390030000C006435A60A0CE65030
:1018700087500B8F3520722135229A50EA505852EA
:1018800008220B23022435250D26265300305852FA
:1018900026200B2148521D2006214A5226202621AF
:1018A0001D22001E1D2008214A52262026211D220D
:1018B000001E0D20CC42E65087500B200C210A223E
:1018C0009A5082A70882828D0030585208220C2339
:1018D00078240A252626265300682620062100ABF8
:1018E000818000AB91900030585206200210505475
:1018F0000810F35414105F5506240B257D521D204B
:1019000008214A52262026211D22001E1120CC52D9
:1019100011240A257D520D20CC42E65087500A2022
:101920000D212B229A50EA50CF550BA62B700D2477
:101930000B257D520820CC428650000800B87979EA
:1019400017A70173179E179E0BA2781017A21710E6
:101950000C200E2280A60B7090A2721082A69070AE
:1019600092A6707068460E227AA882927A8D003014
:101970000E210C2211A6819112A7819113A211119F
:1019800014A2121215A6829216A7829215A21512FF
:1019900016A2111611A7131481A2131412A2171163
:1019A00014A6151615A7151682A2141416A215153D
:1019B00013A6131292A2160B91A2111312103B46FA
:1019C000001B0A1040460C210E22424606217A5680
:1019D00008217C5636A2060B36A236870AA60836A0
:1019E0000A8D0030E650875091A2918736A2768703
:1019F00036A2913681A2818781A6368181A2817229
:101A0000818D91A67070001A02248F460624082149
:101A10007A56EA501410C447F34606217A560A8FC4
:101A2000EA501410C9471C4735A2811034A2911006
:101A300031A2353536A2343433A2041035A2313602
:101A400034A2721033A2333531A7363136A634337F
:101A500031A73136318D39108134001A31A29110FD
:101A600036A2041031A2313133A2721036A23631BF
:101A700031A7313336A6363333A2363633A2333666
:101A800034A2333335A2343635A2353134A2313362
:101A900035A23572358D33A7007333A73374339E67
:101AA000339E339E352433253526F55035A2351027
:101AB00034A2343533A2343433A2333633A633312F
:101AC000338D72203810052081A23480818D7D10E5
:101AD00081A70081001A000C8650D00811B80801B7
:101AE00032A2041032A6323284210C20A5570C21D8
:101AF0002D2088571120AE57071880222D21C02095
:101B00005D578021AE5700190C210C2088C75DD786
:101B100068E7D050112217570A20B9570030001B30
:101B20000C200B102D206847000C86500821B6565B
:101B30009C5632A2041032A63232920811B80A061C
:101B400002210C20A5570C212D2088571120AE57BB
:101B5000031880222D21C0205D578021AE57001927
:101B600008212120A55721212D2088572120AE575B
:101B7000031880222D21C0205D578021AE57001907
:101B80000C2121220C205D5788C75DD768E7DA5009
:101B900011221757212217570C20B95777A68070AA
:101BA0003E10003900AB0B90003031A6918136A772
:101BB000918131A2318236A2369233A670B2734738
:101BC00031A6918136A7918131A2319236A2368217
:101BD00033A770B2734734A2A1A233A2B13335A6A2
:101BE000313631A7313636A7343333A6343380A2A9
:101BF000313690A23533A0A23633B0A23531001A67
:101C000031A6918136A7918134A2313133A2313688
:101C100031A2A1B136A2A1A131A6313136A6363604
:101C200036A7363334A7343180A23136A0A23633FA
:101C300090A23334B0A23134001A80A2811090A255
:101C40009110A0A27210B0A28090001A31A69181CA
:101C500090A7918180A63170A0A6A1A1B0A2B132B7
:101C6000001A35A2721035A835A180A2813590A244
:101C70009135808D908D001A082558527D520A208A
:101C8000CC4258520821DB5708205F550822062312
:101C900002240A252626265377A626703E100B39E5
:101CA00000AB0B270030918F2CA291872DA2728759
:101CB0002CA22C2C2EA72C2D2CA22C332CA72C2D77
:101CC0002DA22E2E2FA22E2C2DA22D2F2FA22F2F64
:101CD0002FA22D2F2FA22F722F8D30A70074309E90
:101CE000309E2F2430252F26F5502FA22F872DA28E
:101CF0002F2D2FA22D2D2FA22F2C2FA72F2E2F8D42
:101D00003910913481A22D72818D7C1081A70081C0
:101D100077A7810037109134001A000C7B6286503F
:101D200078231BA67D721B9E341043481B9E832480
:101D30001B257A26F5507A207A211B229A501BA760
:101D40001B831B8D3910003D001A0030585278203B
:101D500078211C229A501CA61C041C209A501CA6F8
:101D60001C051C8D1C23195877A67A703D10003075
:101D70007AA7007A00301DA77D721EA61D701E9ED8
:101D800083241E257A26F550381000301EA77A725B
:101D90003910003D1FA283101DB91D0020A67570CB
:101DA00021A2721022A6212122239E5824A6287047
:101DB00025A67570A85823A72821238D39106B48B4
:101DC00022A622215C481DA71D721D9E1F239E581E
:101DD00026A21F2827A2262828A72721288D3810C9
:101DE00099482AA6727029A2272728A72921288D79
:101DF0003810874829A229292AA62A727D481EA7B9
:101E0000202A28A6247025A61E70A8582BA6287064
:101E100024A22B2B20A62A7026A22B2627A2272419
:101E200074487AA226727A8D001A003023A2837237
:101E3000238D23241D252326F55028A22310001AC4
:101E400025A725723810001A28A22828A8480610AD
:101E500000385852022407257D522620CC520068B3
:101E60000AA60C800AAC0A01381000392AA67206AC
:101E7000E6502BA8722A2AAC2B0187500A20062193
:101E80002B229A502BA7072B2BAC2B012A202B217E
:101E90000B229A5038100039003006100038E650F6
:101EA00087500A8E0A8F0B8E0B8F2AA60A0B2AAC3C
:101EB0002A0138100039EA50585208222A230224F5
:101EC0000B2523262653E6502AA60C232AAC2A01EA
:101ED00000AB0A2A0030061000385852E6508750EE
:101EE0002AAC0D0F2AA62A0F2A2007212A229A504F
:101EF0002AA6062A2AAC2A012BAC0A0F2BA62B0FE6
:101F00002B202A212B229A502BBB2B0C2ABB2A0CCC
:101F1000EA50585208222A230A242B250D2626533C
:101F20000030003885A9010F001A11BA010F85A7EA
:101F30008511001A007001A67070007001A77D72F3
:101F4000001A007009A67070007009BB7D0F7D211A
:101F500009620081001A81620081001A0F210F2698
:101F60000068868EC15236108636006C02105059B9
:101F70000310875211A6267012A6277013A6287088
:101F8000E65036A8850F368D01213626EA50874265
:101F9000900811B8868615D418E4112012541D201B
:101FA0001121001C125411211D220318C120001EF2
:101FB00012548021001926A6117027A6127028A697
:101FC000137026202621001C001C001C001B7C22F4
:101FD000001D262113106B491122BC522621E7D384
:101FE000EAE3001A00680F8E006C2CA20F108759CC
:101FF00002108759A0A2A02C15108959001A80A29E
:10200000802C90A2902C001AFA1ED65F00010100CD
:102010000002020000140000002800000040000040
:1020200001000000020000000F000000100000008E
:102030001000000020000000100000001000000050
:1020400044200400110000001128000011080000C5
:102050000100000058200400000000000000000003
:102060000000000000000000000000003000000040
:10207000C000000018000000310000000000000057
:1020800030000000E00000001C00000039000000EB
:1020900000000000300000000001000020000000EF
:1020A000410000000000000030000000400100007E
:1020B0002800000051000000000000003000000077
:1020C00080010000300000006100000000000000FE
:1020D000300000000002000040000000810000000D
:1020E0000000000017000000C00000001800000001
:1020F000310000000000000017000000E1000000B7
:102100001D0000003B000000000000001700000060
:10211000000100002000000041000000000000005D
:1021200012000000C0000000180000003100000094
:102130000100000012000000E00000001C00000090
:102140003900000001000000120000000001000042
:10215000200000004100000001000000120000000B
:1021600040010000280000005100000001000000B4
:10217000120000008001000030000000610000003B
:1021800001000000120000000902000042000000EF
:10219000850000000100000041000000FF00000079
:1021A00020000000200000000000000041000000AE
:1021B000C0010000380000003800000000000000EE
:1021C00042000000FF00000020000000200000008E
:1021D0000000000042000000C001000039000000C3
:1021E0003900000000000000000010002000000086
:1021F000488F0400C0000000FC21040026000010ED
:1022000000000000003000000C0000000000000092
:102210001422040022000010000C00000031000015
:102220000C000000000000030000042A0000042A43
:10223000000003280000012A0000012A00000328F2
:102240000000002A0000002A0000032800000018F7
:1022500000000028000002290000192C0000192CA1
:1022600000000328000002290000182C0000182C90
:1022700000000328000002290000172C0000172C82
:1022800000000328000002290000152C0000152C76
:1022900000000328000002290000162C0000162C64
:1022A000000003280000142C0000142C0000032858
:1022B00000005B180000002800002A2B00002A2BD9
:1022C000000003280000292B0000292B0000032810
:1022D000000002290000052A0000052A000003284A
:1022E0000000011800000028574553545F544F5018
:1022F0004449522F7A65706879722F696E636C75E4
:1023000064652F7A65706879722F64726976657278
:10231000732F6770696F2E6800286366672D3E70A3
:102320006F72745F70696E5F6D61736B2026202819
:102330006770696F5F706F72745F70696E735F74DE
:10234000292831554C203C3C202870696E292929C8
:1023500020213D20305500415353455254494F4EA2
:10236000204641494C205B25735D20402025733A6F
:1023700025640A0009556E737570706F7274656418
:102380002070696E0A004C45442031202573207569
:102390007064617465206661696C65643A202564C7
:1023A00000435320636F6E6669672025753A20707D
:1023B000726F63656475726573206F66662C207337
:1023C000746174757320307825303278004353205F
:1023D000636F6E6669672025753A2070726F63655A
:1023E0006475726573206F6E2C20737461747573DD
:1023F000203078253032782C206E65676F746961E3
:1024000074656420616E74656E6E6120636F6E66C4
:10241000696775726174696F6E2025750050656516
:10242000722073656C656374656420616E74656E9B
:102430006E6120636F6E66696775726174696F6E35
:102440002025752C2074686973207265666C65633D
:10245000746F72207265717565737465642025757B
:10246000202825732900435320636F6E66696775C2
:10247000726174696F6E2025752066726F6D2074AD
:10248000686520696E69746961746F723A2073744B
:1024900061747573203078253032782C206D6F642C
:1024A00065203078253032782C20525454207479AD
:1024B00070652025750053746174652025733A207A
:1024C0006661696C7572652025752C2073746F7058
:1024D00020726561736F6E2025752C20484349205A
:1024E000737461747573203078253032782C2065D0
:1024F00072726F72202564005374617465202573B5
:10250000004164766572746973696E6720666169FB
:102510006C65642025752074696D657320696E2073
:102520006120726F773A207265626F6F74696E67AF
:102530000043532070726F636564757265733A204F
:10254000256C6420636F6D706C6574652C20256C40
:10255000642061626F727465643B20737562657696
:10256000656E74733A20256C642074776F2D7061EA
:1025700074682C20256C6420666F75722D706174F0
:102580006800435354616700506C616E6E65722041
:102590006C6F67206C6576656C732072656A656325
:1025A00074656420282564293A2064656661756C29
:1025B0007473206B6570740028666C6167732026E5
:1025C00020282831203C3C203429207C2028312020
:1025D0003C3C203529292920213D20282831203C38
:1025E0003C203429207C202831203C3C20352929DE
:1025F000000950756C6C20557020616E6420507518
:102600006C6C20446F776E2073686F756C64206EFD
:102610006F7420626520656E61626C656420736909
:102620006D756C74616E656F75736C790A002866E0
:102630006C6167732026202831203C3C20312929F9
:1026400020213D2030207C7C2028666C616773202F
:1026500026202831203C3C20322929203D3D2030B5
:10266000004C4544203120257320696E6974206632
:1026700061696C65643A202564006E524635344CBD
:10268000313520546167204353207265666C656361
:10269000746F723A20256420616E74656E6E61738A
:1026A0000054455354204641494C20636F6E66697F
:1026B0006775726174696F6E2072656A65637465AF
:1026C0006420286572722025642900506C616E6E4A
:1026D000657220636F6E66696775726174696F6E8B
:1026E0002C204352432D3332203078253038780067
:1026F0004E6F20706C616E6E657220636F6E6669DE
:102700006775726174696F6E206C696E6B65643A8F
:1027100020544553545F2A2076616C7565730043DD
:102720006F6E66696775726174696F6E2070726929
:102730006E74206661696C6564202865727220255C
:10274000642900252E2A73005445535420464149DC
:102750004C20426C7565746F6F746820696E697483
:102760002028657272202564290054455354204660
:1027700041494C206C6F63616C204353206361704E
:102780006162696C697469657320286572722025BD
:10279000642900436F6E74726F6C6C65723A202509
:1027A0007520616E74656E6E61732C2025752061D5
:1027B0006E74656E6E6120706174687300436F6E35
:1027C00074726F6C6C6572206361706162696C69B0
:1027D00074696573206469666665722066726F6DE0
:1027E0002074686520626F61726420636F6E666931
:1027F0006775726174696F6E2028256420616E743C
:10280000656E6E61732C2025642070617468732975
:1028100000496E76616C696420746F6E6520616E2C
:1028200074656E6E6120636F6E6669677572617440
:10283000696F6E20257500526571756573746564E6
:1028400020616E74656E6E6120636F6E6669677578
:10285000726174696F6E2025733A202575206C6F44
:1028600063616C20616E74656E6E61732C202575DA
:1028700020706174687300416E74656E6E612063D0
:102880006F6E66696775726174696F6E202573205B
:102890006E65656473206D6F7265207468616E206B
:1028A000257520616E74656E6E61732C2025752010
:1028B00070617468730043535F53594E4320616ED7
:1028C00074656E6E61202575206578636565647337
:1028D00020257520616E74656E6E617300544553DA
:1028E00054204641494C20636F6E6669677572617A
:1028F00074696F6E20646F6573206E6F74206669F3
:10290000742074686520636F6E74726F6C6C65728E
:102910000054455354204641494C206E6F20696451
:10292000656E7469747920616464726573730054B0
:10293000455354204641494C2064657669636520BF
:102940006E616D6520746F6F206C6F6E673A2061E9
:1029500074206D6F737420257520627974657320FF
:10296000776974686F757420737061636573005460
:10297000455354204641494C20646576696365207F
:102980006E616D65202225732220286572722025D4
:1029900064290054455354204641494C2043532058
:1029A000726F6C6520737461727420286572722076
:1029B000256429004164766572746973696E6720C5
:1029C000617320222573222C20636F6E6669672055
:1029D0004944202575007363616E6E696E670061FE
:1029E00064766572746973696E6700656E63727987
:1029F000707465640077616974696E6720666F72D0
:102A00002074686520696E69746961746F72007200
:102A1000756E6E696E670073746F70706564006CBC
:102A2000696E6B206C6F737400646973636F6E6E94
:102A3000656374656400626C756500677265656ED8
:102A40000041313A42310041323A42310041333A99
:102A500042310041343A42310041313A4232004180
:102A6000313A42330041313A42340041323A423243
:102A70000020206865616465723A20726F6C652081
:102A800025752C2073697A65202575206279746517
:102A9000732C20636F6E6669672049442025750A90
:102AA000002020636F6E6E656374696F6E3A2069F3
:102AB0006E74657276616C2025752D257520757391
:102AC0002C206C6174656E637920257520657665B0
:102AD0006E74732C2074696D656F75742025752074
:102AE0006D730A00202064656661756C74733A200A
:102AF00073796E6320616E74656E6E612025752C2E
:102B0000206D617820545820706F7765722025649D
:102B10002064426D0A00202070726F6365647572D4
:102B2000653A206D6178206475726174696F6E20FA
:102B300025752075732C20696E74657276616C2022
:102B400025752D25752041434C206576656E74737F
:102B50000A00202020206D617820636F756E74203C
:102B600025752028303D756E6C696D697465642922
:102B70002C207375626576656E742025752D25751C
:102B80002075730A0020202020746F6E6520616E0E
:102B900074656E6E6120636F6E6669672025752CA3
:102BA000205048592025752C207072656665727218
:102BB0006564207065657220616E74656E6E61205B
:102BC0006D61736B203078253032780A0020202028
:102BD00020545820706F7765722064656C74613A78
:102BE000206E6F207265636F6D6D656E64617469D0
:102BF0006F6E202830783830290A00202020205499
:102C00005820706F7765722064656C74613A202576
:102C1000642064420A0020202020534E5220636F1B
:102C20006E74726F6C3A20696E69746961746F7248
:102C30002025752C207265666C6563746F72202583
:102C4000750A004353207265666C6563746F722069
:102C5000636F6E66696775726174696F6E20287242
:102C600065717565737465643B2048434920656EE2
:102C7000636F64696E6773293A0A003C77726E3E2F
:102C8000206170705F6C6F673A202575206D6573E9
:102C900073616765732064726F707065643A207148
:102CA000756575652066756C6C002F55736572735C
:102CB0002F79757365696E2F5265706F7369746FC4
:102CC000726965732F72657365617263682F424C18
:102CD000455F43532F636F6D6D6F6E2F6C69627329
:102CE0002F6170705F6C6F672F6170705F6C6F67C2
:102CF0002E6300216B5F69735F696E5F6973722871
:102D00002900096170705F6C6F673A206E6F7420E4
:102D100066726F6D20616E204953520A003C257324
:102D20003E2025733A20006170705F6C6F675F749E
:102D30006872656164006572720077726E00696E18
:102D40006600646267005B25752E253033755D2053
:102D5000252E2A730A00574553545F544F50444957
:102D6000522F7A65706879722F696E636C7564652D
:102D70002F7A65706879722F6B65726E656C2E683C
:102D800000216B5F69735F7072655F6B65726E6562
:102D90006C282900096B5F63757272656E745F67DA
:102DA00065742063616C6C6564207072652D6B6561
:102DB000726E656C0A00526F6C65206D657373618D
:102DC00067652025752064726F707065643A2071A4
:102DD000756575652066756C6C005A6570687972EA
:102DE00020636F6E6669673A2069642025752C2020
:102DF0006D6F6465203078253032782C206D6169E4
:102E00006E2073746570732025752D25752C206DCB
:102E100061696E207265702025752C206D6F646568
:102E20002D302073746570732025752C20726F6CA3
:102E3000652025752C205254542074797065202506
:102E4000752C2073796E6320504859202575005ADF
:102E5000657068797220636F6E6669673A206D618C
:102E600070207265702025752C20636873656C2056
:102E700025752C2033632073686170652025752CBF
:102E8000203363206A756D702025752C20656E686F
:102E9000203078253032782C20545F49503120255D
:102EA000752C20545F4950322025752C20545F46E4
:102EB00043532025752C20545F504D2025752075D7
:102EC000730050726F6365647572657320656E611F
:102ED000626C6564207768696C65206E6F7420731E
:102EE0007461727465643B2064697361626C696EBD
:102EF000670053657475702073746167652025756C
:102F00002074696D6564206F75740063735F726F00
:102F10006C6500436F6E74726F6C206576656E74BD
:102F20002025752064726F707065643A206576653F
:102F30006E742071756575652066756C6C00256C06
:102F400064205241532064617461206C6F7374205B
:102F50006576656E7473206D65726765643A206589
:102F600076656E742071756575652066756C6C008C
:102F700063735F726F6C655F6576656E7473005323
:102F800065636F6E6420636F6E6E656374696F6EE8
:102F90002069676E6F726564004C696E6B207365A3
:102FA000637572697479206661696C65643A20257D
:102FB000642C206C6576656C2025750068656170F1
:102FC00020636F7272757074696F6E202866726507
:102FD00065206C697374206C696E6B61676529008C
:102FE0006865617020636F7272757074696F6E20AE
:102FF0002866726565206368756E6B206C696E6B00
:1030000061676529006865617020636F7272757011
:1030100074696F6E20286E6F7420696E20757365F9
:103020003F29206174202570006865617020636FFE
:103030007272757074696F6E20286275666665724B
:10304000206F766572666C6F773F2920617420254A
:1030500070006865617020636F7272757074696F5B
:103060006E20286C656674206E65696768626F7291
:103070003F29206174202570006865617020636FAE
:103080007272757074696F6E2028646F75626C65FA
:1030900020667265653F29206174202570005745C0
:1030A00053545F544F504449522F7A657068797277
:1030B0002F6C69622F686561702F686561702E637F
:1030C0000028616C69676E20262028616C69676E34
:1030D000202D20312929203D3D20300009616C69D7
:1030E000676E206D757374206265206120706F7744
:1030F0006572206F6620320A006279746573202F32
:10310000203855203C3D20307837666666550009EA
:10311000686561702073697A6520697320746F6FC8
:10312000206269670A006279746573203E206865D1
:1031300061705F666F6F7465725F62797465732822
:103140006279746573290009686561702073697A12
:103150006520697320746F6F20736D616C6C0A0059
:10316000686561705F737A203E206368756E6B736B
:103170007A2873697A656F66287374727563742030
:103180007A5F686561702929006368756E6B305FCE
:1031900073697A65202B206D696E5F6368756E6B4D
:1031A0005F73697A65286829203C3D2068656170F5
:1031B0005F737A006F735F686561700057455354A1
:1031C0005F544F504449522F7A65706879722F6C62
:1031D00069622F6F732F63627072696E74665F70BD
:1031E00061636B616765642E630009537472696E75
:1031F00067207769746820746F6F206D616E792025
:10320000617267756D656E74730A00097374725F1D
:103210007074725F706F735B5D20746F6F20736D7D
:10322000616C6C0A0009746F6F206D616E792066A5
:103230006F726D617420617267730A00696E5F70EE
:1032400061636B6167656420213D202828766F6982
:1032500064202A2930290028756E7369676E6564B9
:10326000292063686172202A207573656420666F67
:10327000722025257020617267756D656E742E2031
:1032800049742773207265636F6D6D656E64656444
:1032900020746F206361737420697420746F2076CA
:1032A0006F6964202A2062656361757365206974A3
:1032B000206D6179206361757365206D6973626546
:1032C000686176696F7220696E20636572746169E6
:1032D0006E20636F6E66696775726174696F6E7375
:1032E0002E20537472696E673A2225732220617210
:1032F00067756D656E743A256400736370795F63FA
:103300006E74203C2073697A656F66286370795FFC
:103310007374725F706F7329006B6565705F636EA5
:1033200074203C2073697A656F66286B6565705FF1
:103330007374725F706F73290063627072696E7468
:10334000665F7061636B61676500574553545F54F6
:103350004F504449522F7A65706879722F6C6962B8
:103360002F6F732F6D7073635F706275662E6300CD
:10337000574553545F544F504449522F7A657068F3
:1033800079722F696E636C7564652F7A65706879E0
:10339000722F7370696E6C6F636B2E68007A5F7347
:1033A00070696E5F6C6F636B5F76616C6964286CCB
:1033B000290009496E76616C6964207370696E6CCE
:1033C0006F636B2025700A007A5F7370696E5F759A
:1033D0006E6C6F636B5F76616C6964286C290009A1
:1033E0004E6F74206D79207370696E6C6F636B2003
:1033F00025700A004661696C656420746F207265EF
:10340000626F6F743A207370696E6E696E672065C3
:103410006E646C6573736C792E2E2E0A007379734B
:103420005F6765746F707400574553545F544F5015
:103430004449522F7A65706879722F6C69622F75D2
:1034400074696C732F6F6E6F66662E6300737461A0
:103450007465203D3D20305500217379735F736C96
:103460006973745F69735F656D70747928266D6721
:10347000722D3E636C69656E747329007472616E9F
:1034800073697420213D202828766F6964202A29D9
:103490003029007374617465203D3D202831554CFE
:1034A000203C3C2028312929006D67722D3E726531
:1034B0006673203D3D2030007374617465203D3D8E
:1034C000202831554C203C3C2028302929006D67AC
:1034D000722D3E72656673203E203000574553546E
:1034E0005F544F504449522F7A65706879722F6C3F
:1034F00069622F7574696C732F6E6F746966792EAB
:103500006300574553545F544F504449522F7A65D6
:10351000706879722F696E636C7564652F7A657057
:103520006879722F6C6F6767696E672F6C6F675F62
:103530006261636B656E642E68006261636B656EC9
:103540006420213D202828766F6964202A293029AB
:10355000006C6F6767696E6700574553545F544F3F
:10356000504449522F7A65706879722F737562736F
:1035700079732F6C6F6767696E672F6C6F675F6316
:103580006F72652E63006C6F675F6261636B656E5F
:10359000645F636F756E745F6765742829203C20D3
:1035A00028283332202F20335529202D2028312060
:1035B0002B20302929006261636B656E64203C3DDD
:1035C000205F6C6F675F6261636B656E645F6C69DF
:1035D00073745F656E640009756E657870656374F9
:1035E0006564206C69737420656E64206C6F636120
:1035F00074696F6E0A006C6F675F6261636B656E02
:10360000645F636F756E745F6765742829203E2060
:1036100030006C6F67006C6F675F6D676D74004D95
:1036200065737361676520282225732229206472DF
:103630006F7070656420626563617573652069747D
:1036400020657863656564732073697A65206C69A9
:103650006D69746174696F6E20282575290057455E
:1036600053545F544F504449522F7A6570687972B1
:103670002F7375627379732F6C6F6767696E672F2D
:103680006C6F675F6D73672E6300706C656E203EB4
:103690003D2030004D6573736167652064726F7003
:1036A0007065642062656361757365206974206567
:1036B0007863656564732073697A65206C696D69E8
:1036C000746174696F6E202825752900574553541D
:1036D0005F544F504449522F7A65706879722F7346
:1036E00075627379732F6C6F6767696E672F6C6F84
:1036F000675F6F75747075742E63006F75745F63A8
:1037000074782D3E636F6E74726F6C5F626C6F6362
:103710006B2D3E6F6666736574203C3D206F75743B
:103720005F6374782D3E73697A65001B5B306D00B2
:103730006C6576656C203C3D203400257320005B71
:103740002530386C755D20005B253032753A2530A8
:1037500032753A253032752E253033752C253033AD
:10376000755D20003C25733E200025732F00657297
:1037700072203E3D2030002530327820002020206D
:10378000007C002563001B5B313B33316D001B5B0C
:10379000313B33336D00574553545F544F504449C8
:1037A000522F7A65706879722F7375627379732FEF
:1037B0006C6F6767696E672F6261636B656E6473B8
:1037C0002F6C6F675F6261636B656E645F727474A8
:1037D0002E63006C696E655F706F73203E206C69AC
:1037E0006E655F627566006C696E655F706F7320F1
:1037F0002D206C696E655F627566203C3D2031321C
:1038000038006D657373616765732064726F7070E3
:1038100065643A202020200D0A006C6F675F6261AA
:10382000636B656E645F727474002A2A2A20426F8B
:103830006F74696E67206E524620436F6E6E6563CB
:10384000742053444B2076332E342E312D62323087
:10385000663836313962613961202A2A2A0A002AFB
:103860002A2A205573696E67205A6570687972201C
:103870004F532076342E342E322D33336661366129
:10388000376161633661202A2A2A0A005241532D8A
:1038900043502074696D656F757400425420524125
:1038A00053205252535020575100574553545F54A0
:1038B0004F504449522F6E72662F7375627379733D
:1038C0002F626C7565746F6F74682F73657276699B
:1038D0006365732F7261732F727273702F726173CD
:1038E0005F727273702E630061747472005065654C
:1038F00072206973206E6F742073756273637269CE
:1039000062656420746F20737461747573206368DA
:103910006172616374657269737469632E004E6FBE
:1039200074696679206F7665727772697474656EF2
:10393000206661696C65643A202564004E6F746985
:103940006679207265616479206661696C65643AA4
:103950002025640050656572206973206E6F7420A5
:103960007375627363726962656420746F2052417B
:10397000532D43502E004661696C656420746F209E
:1039800073656E6420696E6469636174696F6E3A11
:1039900020256400506565722061636365737369F7
:1039A0006E67205241532D4350207768696C652023
:1039B00052525350206973206F7065726174696E42
:1039C0006720696E207265616C2D74696D65206D6C
:1039D0006F64652E00496E76616C6964206C656E5B
:1039E0006774682025640050656572206E6F7420CE
:1039F0007375627363726962656420746F207261AB
:103A00006E67696E672064617461206368617261CA
:103A10006374657269737469632E004F70636F64B9
:103A20006520257820696E76616C6964206F72204C
:103A3000756E737570706F727465640072727370F6
:103A40002D3E636F6E6E00496E76616C6964204D29
:103A500054553A2025640043616E6E6F7420616C8A
:103A60006C6F63617465207365676D656E74206249
:103A70007566666572005065657220686173206EB8
:103A80006F7420656E61626C6564205265616C2D97
:103A900074696D65206F72204F6E2D64656D616E67
:103AA000642072616E67696E6720646174612E00C4
:103AB00072616E67696E675F646174615F6E6F7477
:103AC0006966795F6F725F696E64696361746520AE
:103AD0006661696C656420657272202564004661C8
:103AE000696C656420746F2073656E64207365670C
:103AF0006D656E743A202564007261735F72727333
:103B00007000574553545F544F504449522F6E72C2
:103B1000662F7375627379732F626C7565746F6F3E
:103B200074682F73657276696365732F7261732F82
:103B3000727273702F7261735F72645F6275666612
:103B400065722E6300636F6E6E5F696E64657820C8
:103B50003C20282873697A655F7429282828696EB3
:103B6000742973697A656F6628636861725B3120B6
:103B70002D202832202A202128215F5F6275696C60
:103B800074696E5F74797065735F636F6D70617473
:103B900069626C655F70285F5F747970656F665FDE
:103BA0005F2874785F706F7765725F6361636865C3
:103BB000292C205F5F747970656F665F5F28262807
:103BC00074785F706F7765725F6361636865295BA6
:103BD000305D292929295D29202D203129202B20FC
:103BE0002873697A656F662874785F706F7765727D
:103BF0005F636163686529202F2073697A656F664A
:103C0000282874785F706F7765725F636163686599
:103C1000295B305D2929292900636F6E6E5F696E0B
:103C2000646578203C20282873697A655F742928A8
:103C30002828696E742973697A656F6628636861DC
:103C4000725B31202D202832202A202128215F5F1D
:103C50006275696C74696E5F74797065735F636FA8
:103C60006D70617469626C655F70285F5F747970F4
:103C7000656F665F5F2864726F705F70726F6365F7
:103C8000647572655F636F756E746572292C205F51
:103C90005F747970656F665F5F28262864726F7045
:103CA0005F70726F6365647572655F636F756E7464
:103CB0006572295B305D292929295D29202D203154
:103CC00029202B202873697A656F662864726F70CB
:103CD0005F70726F6365647572655F636F756E7434
:103CE000657229202F2073697A656F6628286472AF
:103CF0006F705F70726F6365647572655F636F7517
:103D00006E746572295B305D29292929004F75740D
:103D1000206F6620627566666572207370616365E8
:103D20003A20617474656D7074656420746F2073DB
:103D3000746F72652025752062797465732C20621A
:103D400075666665722073697A653A202575004646
:103D500061696C656420746F20616C6C6F63617461
:103D6000652062756666657220666F722070726F7C
:103D7000636564757265202575002A726561645FEC
:103D8000637572736F72203C3D206275665F6C656F
:103D90006E0072302F61313A20203078253038782B
:103DA000202072312F61323A202030782530387847
:103DB000202072322F61333A202030782530387835
:103DC0000072332F61343A20203078253038782043
:103DD0007231322F69703A202030782530387820BF
:103DE0007231342F6C723A202030782530387800C8
:103DF00020787073723A2020307825303878004669
:103E000061756C74696E6720696E73747275637422
:103E1000696F6E2061646472657373202872313536
:103E20002F7063293A2030782530387800556E6835
:103E3000616E646C6564204952516E3A20256400BD
:103E40002A2A2A2A2A205553414745204641554CC3
:103E500054202A2A2A2A2A00202044697669736974
:103E60006F6E206279207A65726F002020556E6136
:103E70006C69676E6564206D656D6F727920616332
:103E800063657373002020537461636B206F7665E4
:103E900072666C6F772028636F6E7465787420612A
:103EA000726561206E6F742076616C6964290020F0
:103EB000204E6F20636F70726F636573736F722033
:103EC000696E737472756374696F6E730020204934
:103ED0006C6C6567616C206C6F6164206F66204557
:103EE00058435F52455455524E20696E746F2050AE
:103EF00043002020496C6C6567616C2075736520F8
:103F00006F6620746865204550535200202041742C
:103F100074656D707420746F206578656375746561
:103F200020756E646566696E656420696E7374726F
:103F3000756374696F6E002A2A2A2A2A204D50550B
:103F4000204641554C54202A2A2A2A2A0020205350
:103F50007461636B696E67206572726F722028638B
:103F60006F6E746578742061726561206D69676831
:103F700074206265206E6F742076616C696429001C
:103F80002020556E737461636B696E672065727271
:103F90006F72002020446174612041636365737314
:103FA0002056696F6C6174696F6E0020204D4D461C
:103FB000415220416464726573733A2030782578E9
:103FC000002020496E737472756374696F6E2041AE
:103FD00063636573732056696F6C6174696F6E00FB
:103FE0002020466C6F6174696E672D706F696E7406
:103FF000206C617A792073746174652070726573C6
:104000006572766174696F6E206572726F720057A7
:104010004553545F544F504449522F7A6570687924
:10402000722F617263682F61726D2F636F72652FDB
:10403000636F727465785F6D2F6661756C742E6343
:1040400000212828285343425F54797065202A298B
:1040500020282830784530303045303030554C29D4
:10406000202B20307830443030554C2920292D3EEB
:10407000434653522026202831554C203C3C2028D2
:104080003055202B203455292929000953746163A8
:104090006B696E67206F72204461746120416363B5
:1040A0006573732056696F6C6174696F6E206572F9
:1040B000726F7220776974686F75742073746163AE
:1040C0006B2067756172642C20757365722D6D6F3E
:1040D0006465206F72206E756C6C2D706F696E74E4
:1040E000657220646574656374696F6E0A0A002ADC
:1040F0002A2A2A2A20425553204641554C54202A28
:104100002A2A2A2A002020537461636B696E672073
:104110006572726F7200202050726563697365204A
:104120006461746120627573206572726F72002021
:10413000204246415220416464726573733A2030D4
:10414000782578002020496D707265636973652059
:104150006461746120627573206572726F720020F1
:1041600020496E737472756374696F6E2062757323
:10417000206572726F720052657365727665642095
:10418000457863657074696F6E202800537075728E
:10419000696F757320696E7465727275707420280A
:1041A0004952512000535053454C20696E20746889
:1041B00072656164206D6F646520646F6573206E45
:1041C0006F7420696E646963617465205053500098
:1041D00065736620213D202828766F6964202A298E
:1041E0003029000945534620636F756C64206E6F5B
:1041F00074206265207265747269657665642073E7
:1042000075636365737366756C6C792E2053686192
:104210006C6C206E65766572206F636375722E0A12
:10422000002A2A2A2A2A2048415244204641554C35
:1042300054202A2A2A2A2A002020427573206661E7
:10424000756C74206F6E20766563746F7220746174
:10425000626C652072656164002020446562756748
:10426000206576656E740020204661756C7420654B
:104270007363616C6174696F6E2028736565206279
:10428000656C6F772900415243485F45584345505C
:1042900054207769746820726561736F6E20257889
:1042A0000A00094661756C7420657363616C617402
:1042B000696F6E20776974686F7574204653522059
:1042C000696E666F0A0009486172644661756C74B4
:1042D00020776974686F7574204846535220696E60
:1042E000666F205368616C6C206E65766572206F16
:1042F000636375720A002A2A2A2A2A204465627595
:1043000067206D6F6E69746F722065786365707475
:10431000696F6E202A2A2A2A2A002A2A2A2A2A2073
:10432000257320256429202A2A2A2A2A0057455342
:10433000545F544F504449522F7A65706879722FF8
:10434000617263682F61726D2F636F72652F636F87
:10435000727465785F6D2F6972715F6D616E6167F0
:10436000652E63007072696F203C3D20282831550E
:104370004C203C3C2028332929202D2031290009BC
:10438000696E76616C6964207072696F72697479A4
:1043900020256420666F72202564206972712120B7
:1043A00076616C756573206D757374206265206C21
:1043B000657373207468616E20256C750A0A006D40
:1043C0007075004661696C656420746F20616C6C67
:1043D0006F63617465206E6577204D50552072655E
:1043E00067696F6E2025750A00506172746974697F
:1043F0006F6E2025753A20636F686572656E636520
:1044000020636865636B206661696C65642E004992
:104410006E76616C696420756E6465726C79696E24
:104420006720726567696F6E20696E646578202504
:104430007500574553545F544F504449522F7A6585
:10444000706879722F617263682F61726D2F636F6C
:1044500072652F6D70752F61726D5F6D70752E6353
:104460000009436F6E6669677572696E672025750E
:1044700020737461746963204D50552072656769BB
:104480006F6E73206661696C65640A0A00094D618C
:10449000726B696E67202575206172656173206695
:1044A0006F722064796E616D696320726567696FF0
:1044B0006E73206661696C65640A0A000952657151
:1044C0007565737420746F20636F6E6669677572AB
:1044D000653A20257520726567696F6E73202873B1
:1044E0007570706F727465643A202575290A0A0028
:1044F0002128726567696F6E5B6964785D2E6474EC
:104500005F617474722026202831554C203C3C2079
:104510002830292929000952414D5F4E4F4341431C
:10452000484520776974682044545F4D454D5F438A
:104530004143484541424C4520617474726962753B
:1045400074650A0A00094661696C656420746F200D
:10455000616C6C6F63617465204D505520726567A6
:10456000696F6E732066726F6D2044540A0A0046AC
:104570004C4153485F30005352414D5F3000574526
:1045800053545F544F504449522F7A657068797282
:104590002F6C69622F6C6962632F7069636F6C693D
:1045A00062632F6173736572742E6300657869743A
:1045B00000574553545F544F504449522F7A657009
:1045C0006879722F6C69622F6E65745F6275662FF1
:1045D0006275662E63006275662D3E667261677352
:1045E000203D3D202828766F6964202A2930290043
:1045F0007265715F73697A65203C3D2073697A65E5
:10460000006F6C645F72656620213D203000096296
:10461000756620257020646F75626C652066726512
:10462000650A006F6C645F72656620213D203078FA
:1046300066660009627566202570207265662063D3
:104640006F756E74206F766572666C6F770A0066A0
:10465000726167006E65745F6275660057455354FA
:104660005F544F504449522F7A65706879722F6CAD
:1046700069622F6E65745F6275662F6275665F731F
:10468000696D706C652E63006275662D3E6C656E9B
:10469000203D3D203055006E65745F6275665F7326
:1046A000696D706C655F7461696C726F6F6D2862A3
:1046B000756629203E3D206C656E006275662D3E54
:1046C0006C656E203E3D206C656E006E65745F62A9
:1046D00075665F73696D706C655F68656164726F44
:1046E0006F6D2862756629203E3D206C656E006EF8
:1046F00065745F6275665F73696D706C6500736F7A
:1047000063007075626C69630072616E646F6D0046
:104710007075626C69632D69640072616E646F6D9F
:104720002D696400253032583A253032583A253008
:1047300032583A253032583A253032583A253032FC
:104740005820282573290062745F727061004254FA
:10475000204C5720575100574553545F544F5044F5
:1047600049522F7A65706879722F696E636C75642F
:10477000652F7A65706879722F7379732F627974F7
:10478000656F726465722E680028287073726320EA
:104790003C20706473742026262028707372632076
:1047A0002B206C656E67746829203C3D2070647313
:1047B0007429207C7C202870737263203E207064F2
:1047C0007374202626202870647374202B206C6557
:1047D0006E67746829203C3D20707372632929003C
:1047E00009536F7572636520616E6420646573742C
:1047F000696E6174696F6E2062756666657273209A
:104800006D757374206E6F74206F7665726C617055
:104810000A00574553545F544F504449522F7A650C
:10482000706879722F7375627379732F626C756516
:10483000746F6F74682F686F73742F6275662E6360
:104840000074797065203D3D2042545F4255465FBB
:10485000455654207C7C2074797065203D3D204273
:10486000545F4255465F41434C5F494E207C7C205B
:1048700074797065203D3D2042545F4255465F4942
:10488000534F5F494E0009496E76616C696420623E
:1048900075666665722074797065207265717565DC
:1048A000737465640A00574553545F544F5044492C
:1048B000522F7A65706879722F696E636C756465C2
:1048C0002F7A65706879722F626C7565746F6F747A
:1048D000682F6275662E68006D6574612D3E70618B
:1048E00072656E740076696577006E65745F6275D7
:1048F000665F68656164726F6F6D28706172656E66
:104900007429203E2030002162745F6275665F6802
:1049100061735F7669657728706172656E742900CE
:1049200062745F6275660062745F64617461004402
:1049300061746120627566666572206F7665726665
:104940006C6F7720286C696E6B20747970652030ED
:1049500078253032782900556E61626C6520746F5D
:10496000206C6F6F6B20757020636F6E6E2077699F
:1049700074682068616E646C6520257500556E61F1
:10498000626C6520746F206C6F6F6B757020636F45
:104990006E6E20666F722068616E646C652025758E
:1049A00000556E6B6E6F776E20636F6E6E20686160
:1049B0006E646C652030782530345820666F722024
:1049C0007472616E736D697420706F776572207296
:1049D00065706F72740048617264776172652065FA
:1049E00072726F722C2068617264776172652063E5
:1049F0006F64653A20256400436F756C64206E6FA8
:104A000074207375626D69742072785F776F726B52
:104A10003A20256400696E74657276616C20657851
:104A20006365656473207468652076616C696420D1
:104A300072616E6765202575207573006C61746501
:104A40006E6379206578636565647320746865209A
:104A500076616C69642072616E67652030782530FC
:104A6000347800737570765F74696D656F75742046
:104A700065786365656473207468652076616C6928
:104A8000642072616E676520307825303478005577
:104A90006E61626C6520746F20616C6C6F63617411
:104AA000652062756666657200556E65787065632F
:104AB00074656420737461747573203078253032A6
:104AC0007820257300556E68616E646C656420659E
:104AD00076656E7420307825303278206C656E20D3
:104AE00025753A20257300546F6F20736D616C6CCF
:104AF0002028257520627974657329206576656E96
:104B0000742030782530327800496E76616C6964A3
:104B100020484349206576656E742073697A652064
:104B20002825752900496E76616C6964204C452002
:104B30006D657461206576656E742073697A652091
:104B40002825752900574553545F544F5044495206
:104B50002F7A65706879722F7375627379732F621B
:104B60006C7565746F6F74682F686F73742F6863EA
:104B7000695F636F72652E63006576745F666C6152
:104B800067732026202831554C203C3C20283029B2
:104B90002900496E76616C696420627566207479BB
:104BA000706520257500496E76616C696420484304
:104BB000492041434C207061636B65742073697AAE
:104BC0006520282575290041434C206461746120CB
:104BD0006C656E677468206D69736D6174636820BD
:104BE00028257520213D2025752900556E61626CB0
:104BF0006520746F2066696E6420636F6E6E206638
:104C00006F722068616E646C652025750062745F48
:104C10006863695F6576745F6765745F666C61671A
:104C200073286864722D3E65767429202620283109
:104C3000554C203C3C202831292900556E6B6E6F65
:104C4000776E206275662074797065202575005531
:104C50006E68616E646C65642076656E646F722D3B
:104C60007370656369666963206576656E7420306C
:104C70007825303278206C656E2025753A202573B2
:104C8000004E6F20636F6D6D616E642073656E748E
:104C900020666F7220636D6420636F6D706C657445
:104CA0006520307825303478004F70436F6465207C
:104CB00030782530347820636F6D706C657465646E
:104CC00020696E7374656164206F66206578706515
:104CD000637465642030782530347800216275660D
:104CE00000657674206E756D5F68616E646C6573C7
:104CF00020283D25752920746F6F206C61726765CF
:104D00002028257A75203E20257529004E6F2063C6
:104D10006F6E6E656374696F6E20666F7220686176
:104D20006E646C65202575007061636B657473201B
:104D3000636F756E74206D69736D61746368006173
:104D4000746F6D69635F6765742826636F6E6E2D7F
:104D50003E696E5F6C6C29004661696C6564207405
:104D60006F20736574207265717569726564207354
:104D700065637572697479206C6576656C004E6F39
:104D8000206368616E676520746F20656E63727959
:104D90007074696F6E2073746174652028656E632A
:104DA00072797074203078253032782900756E6BF6
:104DB0006E6F776E005B305D00484349207472610E
:104DC0006E73706F72743A20257300534443004928
:104DD00064656E7469747925733A2025730049649B
:104DE000656E746974795B25645D3A2025730048AB
:104DF00043493A2076657273696F6E2025732028C7
:104E000030782530327829207265766973696F6E43
:104E1000203078253034782C206D616E75666163A2
:104E2000747572657220307825303478004C4D509E
:104E30003A2076657273696F6E202573202830786A
:104E40002530327829207375627665722030782596
:104E5000303478000925640A00556E61626C652063
:104E6000746F2073656E6420746F20647269766558
:104E7000722028657272202564290009436F6E74C0
:104E8000726F6C6C657220756E726573706F6E7385
:104E90006976652C20636F6D6D616E64206F706341
:104EA0006F6465203078253034782074696D656FC3
:104EB00075742077697468206572722025640A0011
:104EC0006F70636F64652030782530347820737498
:104ED0006174757320307825303278202573004650
:104EE00061696C656420746F207265616420444C54
:104EF00045206D61782064617461206C656E00747A
:104F0000785F6F6374657473206578636565647337
:104F1000207468652076616C69642072616E6765D3
:104F20002025750074785F74696D65206578636508
:104F3000656473207468652076616C6964207261B1
:104F40006E6765202575006576742D3E73746174F7
:104F50007573203D3D2030783030004E6F207065F5
:104F60006E64696E6720636F6E6E20666F7220706C
:104F7000656572202573004E6F6E2D4C4520636170
:104F80007061626C6520636F6E74726F6C6C6572B9
:104F900020646574656374656421004E756D206FCF
:104FA0006620436F6E74726F6C6C6572277320415C
:104FB000434C207061636B65747320213D20414335
:104FC0004C2062745F636F6E6E5F747820636F6EE7
:104FD00074657874732028257520213D2025752956
:104FE00000436F6E74726F6C6C657220646F6573D2
:104FF000206E6F7420737570706F727420274C452B
:105000005F524541445F4D41585F4144565F4441C2
:1050100054415F4C454E272E20417373756D696E68
:1050200067206D6178696D756D206C656E67746859
:105030002069732033312062797465732E004143F7
:105040004C2042522F454452206275666665727349
:10505000206E6F7420696E697469616C697A656429
:105060000056656E646F7220484349206578746508
:105070006E73696F6E73206E6F7420617661696CF8
:1050800061626C6500485720506C6174666F726D88
:105090003A20257320283078253034782900485765
:1050A0002056617269616E743A2025732028307829
:1050B0002530347829004669726D776172653A202F
:1050C0002573202830782530327829205665727370
:1050D000696F6E2025752E2575204275696C6420D8
:1050E0002575004661696C656420746F2072656186
:1050F0006420737570706F727465642076656E6479
:105100006F7220636F6D6D616E6473004661696CD0
:10511000656420746F207265616420737570706FB0
:10512000727465642076656E646F72206665617462
:105130007572657300484349206472697665722010
:105140006973206E6F7420726561647900466169CD
:105150006C656420746F2073657420646576696380
:1051600065206E616D652028256429004254205217
:10517000582057510048434920647269766572206F
:105180006F70656E206661696C65642028256429EE
:10519000004F7574206F6620636F6D6D616E6420C3
:1051A0006275666665727300556E657870656374C6
:1051B000656420484F53545F4E554D5F434F4D50EB
:1051C0004C455445445F5041434B4554532C207348
:1051D000746174757320307825303278202573001F
:1051E000556E636C65617265642070656E64696E8E
:1051F000672073656E745F636D6400312E306200EA
:10520000312E3100312E3200322E3000322E31005C
:10521000332E3000342E3000342E3100342E320044
:10522000352E3000352E3100352E3200352E33002C
:10523000352E3400362E3000362E3100362E320018
:10524000362E33005374616E6461726420426C7553
:1052500065746F6F746820636F6E74726F6C6C65C9
:10526000720056656E646F7220737065636966695B
:105270006320636F6E74726F6C6C65720046697246
:105280006D77617265206C6F616465720052657341
:1052900063756520696D6167650072657365727617
:1052A0006564006E5246353178006E52463532786C
:1052B000006E5246353378006E52463534487800D9
:1052C0006E524635344C7800496E74656C20436FDD
:1052D00072706F726174696F6E004E6F7264696391
:1052E0002053656D69636F6E647563746F72004EF1
:1052F00058502053656D69636F6E647563746F7287
:1053000073004573707265737369662053797374A3
:10531000656D730062745F6863695F636F726500D7
:10532000636D6420646973616C6C6F7765640057AA
:105330004553545F544F504449522F7A65706879F1
:10534000722F7375627379732F626C7565746F6FEA
:1053500074682F686F73742F69642E6300636F6EB7
:10536000666C69637420213D202828766F6964206B
:105370002A29302900636F6E666C6963742D3E6361
:10538000616E64696461746520213D202828766F10
:105390006964202A293029007265736964656E7416
:1053A00020213D202828766F6964202A2930290091
:1053B00028636F6E666C6963742D3E63616E646909
:1053C000646174652D3E73746174652026204254B7
:1053D0005F4B4559535F49445F414444454429204C
:1053E0003D3D2030004661696C656420746F206427
:1053F000697361626C6520616464726573732072A5
:1054000065736F6C7574696F6E005265736F6C763F
:10541000696E67206C6973742073697A652065789A
:105420006365656465642E20537769746368696E8B
:105430006720746F20686F73742E004661696C6515
:105440006420746F20636C656172207265736F6C89
:105450007574696F6E206C697374004661696C6560
:105460006420746F206164642049524B20746F2063
:10547000636F6E74726F6C6C65720053657420702C
:10548000726976616379206D6F646520636F6D6DFD
:10549000616E64206973206E6F7420737570706F15
:1054A00072746564004661696C656420746F207372
:1054B00065742070726976616379206D6F64650030
:1054C00062745F6465762E6C652E726C5F656E74B7
:1054D00072696573203E20300044697361626C69B3
:1054E0006E672061646472657373207265736F6C9C
:1054F0007574696F6E206661696C656420286572D9
:105500007220256429004661696C656420746F20EF
:1055100072656D6F76652049524B2066726F6D2003
:10552000636F6E74726F6C6C6572004F6E6C792075
:1055300072616E646F6D2073746174696320696455
:10554000656E746974792061646472657373207325
:105550007570706F7274656400496E76616C696411
:1055600020696E70757420706172616D657465720A
:1055700073004661696C656420746F2072656164B4
:10558000207075626C696320616464726573730076
:10559000526561642053746174696320416464726C
:1055A000657373657320636F6D6D616E64206E6FDC
:1055B0007420617661696C61626C65004661696C3A
:1055C000656420746F20726561642073746174690E
:1055D0006320616464726573736573004E6F20733A
:1055E00074617469632061646472657373657320A8
:1055F00073746F72656420696E20636F6E74726F6E
:105600006C6C65720043616E277420736574206250
:105610006F7468204944454E544954592026204E01
:1056200052504100556E61626C6520746F20736545
:1056300074206964656E746974792061646472654C
:10564000737300556E61626C6520746F20736574AE
:105650002072616E646F6D206164647265737300A3
:1056600062745F696400616476206F7220736361A5
:105670006E20727370206461746120746F6F206C8F
:10568000617267652028257A75203E206D6178203B
:1056900025752900546F6F20626967206164766503
:1056A00072746973696E6720646174610057455351
:1056B000545F544F504449522F7A65706879722F65
:1056C0007375627379732F626C7565746F6F74682C
:1056D0002F686F73742F6164762E63007374726524
:1056E000616D2D3E72656D61696E696E675F73698C
:1056F0007A65203E3D20726561645F6C656E004690
:1057000061696C656420746F2073746172742061C8
:10571000647665727469736572004E6F2076616C91
:105720006964206164760062745F6164760046613A
:10573000696C656420746F2067656E65726174655D
:1057400020454343206B6579202564004661696CE0
:10575000656420746F206578706F727420454343D0
:10576000207075626C6963206B6579202564004642
:1057700061696C656420746F206578706F72742045
:105780004543432070726976617465206B657920AA
:105790002564004661696C656420746F20646573DC
:1057A00074726F7920454343206B6579204944200A
:1057B0002564004661696C656420746F20696D70B2
:1057C0006F727420746865207072697661746520E8
:1057D0006B657920666F72206B65792061677265F1
:1057E000656D656E7420256400526177206B657964
:1057F0002061677265656D656E74206661696C65B0
:1058000064202564004661696C656420746F2064BF
:10581000657374726F7920746865206B65792025D3
:1058200064007073615F696D706F72745F6B65792E
:1058300028292072657475726E65642073746174B2
:105840007573202564004275737920706572666FE8
:10585000726D696E6720616E6F7468657220454372
:105860004448206F7065726174696F6E0062745F86
:1058700065636300574553545F544F504449522F5A
:105880007A65706879722F7375627379732F626CA1
:105890007565746F6F74682F686F73742F636F6EA4
:1058A0006E2E63006362203C3D205F62745F636F15
:1058B0006E6E5F63625F6C6973745F656E640069CE
:1058C000735F61636C5F636F6E6E28636F6E6E29CA
:1058D000006B5F63757272656E745F67657428290B
:1058E000203D3D206B5F776F726B5F7175657565ED
:1058F0005F7468726561645F6765742874785F6E51
:105900006F746966795F776F726B71756575655FC6
:10591000676574282929004661696C656420726591
:1059200061642072656D6F7465206665617475725F
:105930006573202825642900504859203078253087
:105940003278206E6F7420737570706F7274656436
:10595000004661696C656420746F2073657420640F
:10596000617461206C656E20282564290009636FCD
:10597000756C646E2774207375626D697420286578
:105980007272202564290A00556E6578706563740B
:105990006564206669727374204C324341502066FE
:1059A00072616D6500556E6578706563746564201D
:1059B0004C3243415020636F6E74696E7561746937
:1059C0006F6E004E6F7420656E6F7567682062752C
:1059D0006666657220737061636520666F72204C25
:1059E00032434150206461746100556E6578706582
:1059F000637465642041434C20666C6167732028A2
:105A0000307825303278290041434C206C656E2077
:105A10006D69736D6174636820282575203E2025AB
:105A200075290009496E76616C696420636F6E6E3A
:105A3000656374696F6E207265666572656E636515
:105A40000A006F6C64203E20300009436F6E6E20A8
:105A50007265666572656E636520636F756E7465E9
:105A60007220697320300A0021636F6E6E5F747854
:105A70005F69735F70656E64696E67000974785F53
:105A8000636F6D706C6574655F776F726B2069739F
:105A90002070656E64696E67207768656E20636F3D
:105AA0006E6E206973206465616C6C6F63617465F0
:105AB000640A0028756E6B6E6F776E29006E6F201A
:105AC0007472616E736974696F6E20257300496E1C
:105AD00076616C69642028257529206F6C642073B9
:105AE0007461746500636F6E6E2025702066616955
:105AF0006C656420746F2065737461626C6973688F
:105B00002E205246206E6F6973653F006E6F2076BF
:105B1000616C69642028257529207374617465207F
:105B20007761732073657400696E636F6D70617463
:105B300069626C652068616E646C6520257500285B
:105B400028636F6E6E2920262620282875696E74BA
:105B50007074725F74292861636C5F636F6E6E731B
:105B60002929203C3D20282875696E747074725F65
:105B7000742928636F6E6E2929202626202828750F
:105B8000696E747074725F742928636F6E6E292950
:105B9000203C20282875696E747074725F742928FF
:105BA000262861636C5F636F6E6E73295B282873B0
:105BB000697A655F7429282828696E742973697A5F
:105BC000656F6628636861725B31202D2028322062
:105BD0002A202128215F5F6275696C74696E5F7489
:105BE000797065735F636F6D70617469626C655F16
:105BF00070285F5F747970656F665F5F2861636CA2
:105C00005F636F6E6E73292C205F5F747970656FB0
:105C1000665F5F28262861636C5F636F6E6E732911
:105C20005B305D292929295D29202D203129202B50
:105C3000202873697A656F662861636C5F636F6E95
:105C40006E7329202F2073697A656F662828616337
:105C50006C5F636F6E6E73295B305D292929295D46
:105C600029292026262028282875696E74707472C8
:105C70005F742928636F6E6E2929202D20282875CE
:105C8000696E747074725F74292861636C5F636FEE
:105C90006E6E7329292920252073697A656F66281D
:105CA0002861636C5F636F6E6E73295B305D2920C2
:105CB0003D3D2030290009496E76616C696420629F
:105CC000745F636F6E6E20706F696E7465720A0028
:105CD00054696D656F75742064697363617264657E
:105CE000642E204E6F20626C6F636B696E67206953
:105CF0006E2073797377712E0009496E76616C6935
:105D00006420636F6E6E20747970652025750A00BB
:105D1000746D7020213D20636F6E6E007072657629
:105D200020213D2026636F6E6E2D3E5F636F6E6E89
:105D30005F726561647900094E6F20636F6E7472E3
:105D40006F6C6C657220627566730A00094E6F2075
:105D5000545820636F6E746578740A0030207C7C20
:105D600020286275662D3E726566203D3D203129F2
:105D7000207C7C20286275662D3E726566203D3D44
:105D8000203229002162745F6275665F6861735F0B
:105D900076696577286F7574736964652900667222
:105DA000616720213D202828766F6964202A2930E8
:105DB000290009496E76616C696420636F6E6E65B7
:105DC0006374696F6E20747970652025750A0046CA
:105DD0006174616C206572726F7220282564292EAF
:105DE00020446973636F6E6E656374696E67202506
:105DF0007000466F756E642076616C696420636F15
:105E00006E6E656374696F6E20282570292077692E
:105E10007468206164647265737320257320696EF1
:105E2000202573207374617465200009496E7661C2
:105E30006C696420636F6E6E2073746174652025D5
:105E4000750A0053656E64204C4520706172616D67
:105E500020757064617465206661696C65642028D2
:105E60006572722025642900646973636F6E6E65C4
:105E700063742D636F6D706C657465007363616E20
:105E80002D6265666F72652D696E697469617469EA
:105E90006E6700696E6974696174696E672D666901
:105EA0006C7465722D6C697374006164762D636F18
:105EB0006E6E65637461626C65006164762D646901
:105EC000722D636F6E6E65637461626C65006469E8
:105ED00073636F6E6E656374696E670062745F638F
:105EE0006F6E6E00574553545F544F504449522FC4
:105EF0007A65706879722F7375627379732F626C2B
:105F00007565746F6F74682F686F73742F6C32636C
:105F100061702E630073203D3D20266C655F6368D1
:105F2000616E2D3E5F7064755F72656164790055C6
:105F30006E61626C6520746F20616C6C6F6361745C
:105F4000652062756666657220666F72206F7020CC
:105F5000307825303278004E6F20617661696C614F
:105F6000626C65204C3243415020636F6E746578DB
:105F70007420666F7220636F6E6E20257000457806
:105F800070656374696E6720757020746F20256476
:105F900020726566732C20676F7420256400636F20
:105FA0006E6E2D3E7374617465203D3D2042545FDA
:105FB000434F4E4E5F434F4E4E4543544544006160
:105FC0006C726561647920686176652076696577B1
:105FD000206F6E202570006669666F5F70647520A3
:105FE0003D3D207064750028666368616E2D3E63D8
:105FF0006964203E3D203078303030312026262024
:10600000666368616E2D3E636964203C3D20307894
:1060100030303366290009434944202575206973CF
:10602000206E6F7420696E207468652066697865DB
:1060300064206368616E6E656C2072616E67650ACC
:10604000006368616E203D3D202828766F696420DA
:106050002A29302900094669786564206368616EE1
:106060006E656C207769746820434944202575204B
:10607000616C7265616479206578697374730A0074
:10608000666368616E203C3D205F62745F6C3263C2
:1060900061705F66697865645F6368616E5F6C6993
:1060A00073745F656E64004C32434150206C656EC2
:1060B000677468206D69736D617463682028257545
:1060C00020213D2025752900496E76616C69642088
:1060D0006964656E742076616C756520696E204C0C
:1060E000324341502050445500496E76616C6964DA
:1060F000204C4520636F6E6E20706172616D20725E
:1061000073702073697A652028257520213D20252C
:106110007A75290052656A656374696E6720756EC9
:106120006B6E6F776E204C324341502050445520A7
:10613000636F64652030782530327800546F6F20AB
:10614000736D616C6C204C32434150207369676EF3
:10615000616C696E672050445500546F6F20736DF9
:10616000616C6C204C324341502050445520726584
:106170006365697665640049676E6F72696E672052
:106180006461746120666F7220756E6B6E6F776EDE
:10619000206368616E6E656C20494420307825303C
:1061A000347800636F6E6669670062745F6C326397
:1061B0006170004661696C656420746F207375625C
:1061C0006D6974206174745F74785F646573747250
:1061D0006F795F776F726B3A20256400574553548F
:1061E0005F544F504449522F7A65706879722F730B
:1061F00075627379732F626C7565746F6F74682F35
:10620000686F73742F6174742E63006E65745F62BF
:1062100075665F706F6F6C5F676574286275662D59
:106220003E706F6F6C5F696429203D3D202661746C
:10623000745F706F6F6C00415454206368616E6EC0
:10624000656C206E6F7420636F6E6E656374656439
:10625000006275662D3E6C656E203E3D2073697A46
:10626000656F66287374727563742062745F6174FD
:10627000745F68647229004572726F722073696777
:106280006E696E6720646174610052616E206F7583
:1062900074206F662054582062756666657273209C
:1062A0006F7220636F6E74657874732E00556E6123
:1062B000626C6520746F206372656174652065721D
:1062C00072207273702050445500415454204D5434
:1062D000552065786365656465642C206D61782060
:1062E00025752C2077616E74656420257A750055BC
:1062F0006E61626C6520746F2063726561746520E5
:106300007273702050445500546F6F20736D616C30
:106310006C20415454205044552072656365697661
:10632000656400556E68616E646C65642041545408
:1063300020636F64652030782530327800496E76AE
:10634000616C6964206C656E20257520666F722013
:10635000636F64652030782530327800556E616255
:106360006C6520746F2063726561746520555549B2
:10637000443A2073697A6520257500556E61626C18
:106380006520746F206372656174652055554944BA
:106390003A2073697A65202564004E6F206176612A
:1063A000696C61626C652041545420636F6E746542
:1063B000787420666F7220636F6E6E202570004EB9
:1063C0006F20617661696C61626C65204154542074
:1063D0006368616E6E656C20666F7220636F6E6EAF
:1063E000202570004E6F7420636F6E6E6563746558
:1063F0006400556E61626C6520746F2066696E641E
:1064000020415454206368616E6E656C00476F7460
:10641000206572722025642C206E6F742063616C7D
:106420006C696E67204154542063620009556E6B9D
:106430006E6F776E206F70207479706520307825CC
:106440003032580A004661696C656420746F2072AE
:10645000652D7375626D69742025733A202564007B
:106460004E6F20415454206368616E6E656C2066E7
:106470006F72204D545520257A75004E6F2070653F
:106480006E64696E6720415454207265717565733E
:106490007400446973636F6E6E656374696E672020
:1064A0006661696C65642028657272202564290024
:1064B0004154542054696D656F757420666F722065
:1064C0006465766963652025732E20446973636F64
:1064D0006E6E656374696E672E2E2E00556E616256
:1064E0006C6520746F2063726561746520726574D9
:1064F0007279205044552028257529007265710055
:1065000062745F61747400434D414320757064612F
:106510007465206661696C656420256400756E6130
:10652000626C6520746F20736176652053433A2056
:106530006E6F20636667206C656674004E6F207313
:106540007061636520746F2073746F7265204343BC
:106550004320636667004E6F20737061636520742B
:106560006F2073746F726520436C69656E7420537D
:106570007570706F727465642046656174757265BC
:106580007300574553545F544F504449522F7A6516
:10659000706879722F7375627379732F626C756589
:1065A000746F6F74682F686F73742F676174742EC3
:1065B00063007374617469635F737663203C3D208C
:1065C0005F62745F676174745F7365727669636537
:1065D0005F7374617469635F6C6973745F656E6423
:1065E00000556E61626C6520746F20696D706F720A
:1065F0007420746865206B657920666F7220414550
:106600005320434D414320256400434D4143206FB7
:106610007065726174696F6E20696E69742066615D
:10662000696C656420256400434D41432066696EB2
:10663000697368206661696C656420256400096976
:106640006E76616C696420706172616D65746572EB
:106650000A0A0052656164206D6574686F64206E7B
:106660006F7420736574004661696C656420746F93
:10667000207265616420617474726962757465204A
:106680002570202865727220257A642900496E766B
:10669000616C69642072656164206C656E67746802
:1066A0003A20257A6400094E6F206D6F7265206173
:1066B0007474726962757465730A0A00706172613C
:1066C0006D730009696E76616C6964207061726136
:1066D0006D65746572730A0A00706172616D732D65
:1066E0003E61747472207C7C20706172616D732DC8
:1066F0003E75756964002161746F6D69635F7465CF
:1067000073745F6269742873632D3E666C6167738E
:106710002C2053435F494E4449434154455F504503
:106720004E44494E47290009496E646963617465A6
:1067300020616C72656164792070656E64696E6752
:106740000A00434343202570206E6F7420777269DE
:106750007461626C6500534320726573746F726577
:1067600020696E6469636174696F6E206661696C2B
:106770006564004661696C656420746F207365749C
:1067800020736563757269747920666F7220626F19
:106790006E64656420706565722028256429006236
:1067A000745F6761747400556E61626C6520746F0C
:1067B0002066696E6420534D50206368616E6E657B
:1067C0006C005075626C6963206B6579206E6F7424
:1067D00020617661696C61626C65004661696C6517
:1067E0006420746F2067656E65726174652044482B
:1067F0004B65790043616C63756C61746520636FF0
:106800006E6669726D206661696C656400556E6BB9
:106810006E6F776E2070616972696E67206D657446
:10682000686F6420282575290043616C63756C616D
:106830007465204C544B206661696C65640043614B
:106840006C63756C617465206C6F63616C20444887
:106850004B657920636865636B206661696C65646C
:106860000043616C63756C6174652072656D6F7453
:10687000652044484B657920636865636B206661D9
:10688000696C65640052656D6F7465207075626C2B
:106890006963206B65792072656A6563746564005D
:1068A00052656D6F7465206973207573696E67201A
:1068B0004465627567205075626C6963206B657909
:1068C00000526563656976656420696E76616C69FE
:1068D00064207075626C6963206B6579004E6F206F
:1068E000617661696C61626C6520534D5020636F05
:1068F0006E7465787420666F7220636F6E6E2025EB
:106900007000556E61626C6520746F20676574203D
:106910006B65797320666F72202573005745535459
:106920005F544F504449522F7A65706879722F73C3
:1069300075627379732F626C7565746F6F74682FED
:10694000686F73742F736D702E63005075626C697D
:1069500063206B65792072652D67656E6572617461
:10696000696F6E2072657175657374206661696CFC
:1069700065642028256429006D757465785F6572EB
:1069800072203D3D2030005075626C6963206B655C
:10699000792067656E65726174696F6E2074696DC8
:1069A000656F75740054686520696E2D70726F672D
:1069B000726573732070616972696E6720686173B4
:1069C000206265656E2064656C65746564210053A2
:1069D0004D5020646F6573206E6F7420616C6C6F16
:1069E0007720612070616972696E67206661696CE9
:1069F000757265206174207468697320706F696EA8
:106A0000742E204B6E6F776E2069737375652E2020
:106A1000446973636F6E6E656374696E6720696E37
:106A200073746561642E00546F6F20736D616C6CBC
:106A300020534D502050445520726563656976653A
:106A40006400534D5020636F6D6D616E6420286348
:106A50006F6465203078253032782920726563654F
:106A6000697665642061667465722074696D656F0E
:106A70007574005265636569766564207265736537
:106A80007276656420534D5020636F6465203078C2
:106A90002530327800556E68616E646C65642053F1
:106AA0004D5020636F646520307825303278005572
:106AB0006E657870656374656420534D5020636F14
:106AC00064652030782530327800496E76616C69D3
:106AD00064206964656E74697479202573002128C7
:106AE000736D702D3E72656D6F74655F646973744C
:106AF0002026203078303229005265667573696E21
:106B000067206E65772070616972696E672E205408
:106B10006865206F6C6420626F6E64206D7573749D
:106B200020626520756E70616972656420666972A5
:106B300073742E002162745F69645F66696E645FBE
:106B4000636F6E666C696374286E65775F626F6EE3
:106B5000642C2030290070616972696E672066615B
:106B6000696C656420287065657220726561736F59
:106B70006E203078257829004E6F206B6579732060
:106B8000737061636520666F7220257300534D50EA
:106B90002054696D656F75742028666C6167733A5F
:106BA00030782530387820616C6C6F7765645F636E
:106BB0006D64733A307825303878290062745F73D9
:106BC0006D7000574553545F544F504449522F7ACB
:106BD00065706879722F7375627379732F626C7543
:106BE00065746F6F74682F686F73742F6B6579733A
:106BF0002E63006164647220213D202828766F692D
:106C000064202A2930290066756E6320213D2028E2
:106C100028766F6964202A293029006B65797320F2
:106C2000213D202828766F6964202A2930290062B6
:106C3000745F6B657973004661696C656420746F7D
:106C400020616C6C6F63617465206E65772072657E
:106C5000617373656D626C7920627566666572003A
:106C60004E6F7420656E6F7567682072656173730F
:106C7000656D626C792062756666657220737061FD
:106C8000636520666F72207375626576656E742029
:106C9000726573756C74004E554C4C20646F756250
:106CA0006C6520706F696E746572207761732070F7
:106CB0006173736564207768656E20617474656DB7
:106CC0007074696E6720746F2066726565207265E6
:106CD000617373656D626C792062756666657200BA
:106CE000417474656D7074656420646F75626C6561
:106CF0002066726565206F6E207265617373656DC5
:106D0000626C7920627566666572005468652062FF
:106D1000756666657220776173206E6F7420696E88
:106D200020746865206C69737400556E65787065B1
:106D30006374656420656E64206F662062756666A4
:106D4000657200526561642052656D6F74652053F1
:106D50007570706F72746564204361706162696CF4
:106D60006974696573206661696C65642028737451
:106D700061747573203078253032582900436F755F
:106D80006C64206E6F74206C6F6F6B757020636F16
:106D90006E6E656374696F6E2068616E646C6520E9
:106DA0007768656E2072656164696E672072656DD3
:106DB0006F7465204353206361706162696C69740C
:106DC00069657300526561642052656D6F7465205A
:106DD000464145205461626C65206661696C65645A
:106DE0002077697468207374617475732030782516
:106DF00030325800436F756C64206E6F74206C6F76
:106E00006F6B757020636F6E6E656374696F6E2053
:106E100068616E646C65207768656E207265616478
:106E2000696E672072656D6F746520464145205418
:106E300061626C6500556E6B6E6F776E20636F6E6E
:106E40006E656374696F6E2068616E646C6520772F
:106E500068656E2070726F63657373696E67207307
:106E600075626576656E7420726573756C747300F7
:106E700050726F63656475726520737461747573A5
:106E800020697320696E636F6E73697374656E74C5
:106E90002077697468207375626576656E742073F7
:106EA00074617475732E2044697363617264696ED2
:106EB00067207375626576656E7420726573756C94
:106EC00074730044697363617264696E67207061F2
:106ED000727469616C20726573756C747320776964
:106EE00074686F75742073746570206461746100D8
:106EF0004E6F2062756666657220616C6C6F6361AF
:106F000074656420666F722074686520726573759D
:106F10006C74207265617373656D626C79004F7675
:106F200065722D7772697474656E20696E636F6D1A
:106F3000706C657465204353207375626576656E69
:106F40007420726573756C7473004E6F2072656186
:106F50007373656D626C7920627566666572207701
:106F6000617320616C6C6F636174656420666F721D
:106F700020746869732043532070726F6365647571
:106F800072652C20706F737369626C79206475650B
:106F900020746F20616E206F75742D6F662D6F7277
:106FA000646572207375626576656E7420726573B0
:106FB000756C7420636F6E74696E75652065766597
:106FC0006E7400446973636172646564206F7574E4
:106FD0002D6F662D6F7264657220706172746961C5
:106FE0006C204353207375626576656E74207265FC
:106FF00073756C74730052656365697665642069A6
:107000006E636F6E73697374656E74206E756D62F6
:107010006572206F6620616E74656E6E61207061AE
:107020007468732066726F6D2074686520636F6E7C
:1070300074726F6C6C65723A2025642C20707265D6
:1070400076696F7573206E756D62657220776173F6
:107050003A20256400435320436F6E6669672066BB
:1070600061696C656420287374617475732030786D
:10707000253032582900436F756C64206E6F742080
:107080006C6F6F6B757020636F6E6E656374696F84
:107090006E2068616E646C65207768656E2072652D
:1070A0006164696E6720435320636F6E666967751C
:1070B000726174696F6E00536563757269747920CB
:1070C000456E61626C65206661696C6564207769F4
:1070D0007468207374617475732030782530325869
:1070E0000043616E2774206C6F6F6B757020636F47
:1070F0006E6E2068616E646C65207768656E2072C4
:10710000656164696E67205365637572697479207F
:10711000456E61626C6520436F6D706C65746520AF
:107120006576656E740050726F6365647572652074
:10713000456E61626C65206661696C656420776983
:1071400074682073746174757320307825303258F8
:107150000043616E2774206C6F6F6B757020636FD6
:107160006E6E2068616E646C65207768656E207253
:10717000656164696E672050726F636564757265DE
:1071800020456E61626C6520436F6D706C6574653F
:10719000206576656E740044652D616C6C6F63616B
:1071A00074696E6720612064616E676C696E672028
:1071B0007265617373656D626C7920627566666570
:1071C0007200547269656420746F20706172736517
:1071D00020656D70747920737465702064617461CA
:1071E0002E00456E636F756E7465726564207A65F6
:1071F000726F2D6C656E677468207374657020649F
:107200006174612E00537465702064617461206143
:10721000707065617273206D616C666F726D65640C
:107220002E0062745F63730062745F6372797074BE
:107230006F004661696C656420746F20696D706FC2
:10724000727420414553206B6579202564004661A6
:10725000696C656420746F20636F6D707574652050
:107260004D41432025640063616368655F6E72660B
:107270007800574553545F544F504449522F7A6514
:10728000706879722F647269766572732F636C6FA0
:10729000636B5F636F6E74726F6C2F636C6F636B85
:1072A0005F636F6E74726F6C5F6E72662E630074D4
:1072B000797065203C20434C4F434B5F434F4E5405
:1072C000524F4C5F4E52465F545950455F434F55A5
:1072D0004E5400636C6F636B40313065303030006A
:1072E0006866636C6B006C66636C6B00636C6F63E9
:1072F0006B5F636F6E74726F6C007073612D726E72
:107300006700574553545F544F504449522F7A6594
:10731000706879722F696E636C7564652F7A657019
:107320006879722F647269766572732F6770696FFE
:107330002F6770696F5F7574696C732E6800636185
:107340006C6C6261636B00094E6F2063616C6C62F0
:1073500061636B210A0063616C6C6261636B2D3E3B
:1073600068616E646C657200094E6F2063616C6CBD
:107370006261636B2068616E646C6572210A0057FC
:107380004553545F544F504449522F6D6F64756C90
:1073900065732F68616C2F6E6F726469632F6E72F4
:1073A00066782F68616C2F6E72665F6770696F2EEA
:1073B00068006E72665F6770696F5F70696E5F709C
:1073C000726573656E745F636865636B282A705FAE
:1073D00070696E2900574553545F544F50444952C9
:1073E0002F7A65706879722F647269766572732F6F
:1073F0006770696F2F6770696F5F6E7266782E6352
:107400000063622D3E68616E646C6572006770692E
:107410006F40313061303030006770696F406438E0
:10742000323030006770696F40353034303000578B
:107430004553545F544F504449522F7A65706879D0
:10744000722F647269766572732F74696D65722F1D
:107450006E72665F677274635F74696D65722E63C6
:10746000002828282831554C203C3C202830292948
:10747000207C202831554C203C3C202831292920D3
:107480007C202831554C203C3C2028322929207C66
:10749000202831554C203C3C2028332929207C20B1
:1074A0002831554C203C3C2028342929207C202898
:1074B00031554C203C3C2028352929207C2028317E
:1074C000554C203C3C2028362929207C2028315549
:1074D0004C203C3C2028372929207C202831554C41
:1074E000203C3C2028382929207C202831554C205C
:1074F0003C3C2028392929207C202831554C203C2F
:107500003C202831302929207C202831554C203C32
:107510003C202831312929292026207E2828315550
:107520004C203C3C2028332929207C202831554CF4
:10753000203C3C2028342929207C202831554C200F
:107540003C3C2028372929207C202831554C203CE0
:107550003C2028382929207C202831554C203C3CCF
:107560002028392929207C202831554C203C3C20DA
:107570002831302929207C202831554C203C3C20C2
:10758000283131292929292026202831554C203C11
:107590003C20286368616E29292920262620282876
:1075A0006368616E2920213D2073797374656D5F76
:1075B000636C6F636B5F6368616E6E656C5F646163
:1075C00074612E6368616E6E656C29005745535473
:1075D0005F544F504449522F6E72662F7375627319
:1075E00079732F626C7565746F6F74682F636F6E3B
:1075F00074726F6C6C65722F6863695F6472697610
:1076000065722E630009536F66744465766963651D
:1076100020436F6E74726F6C6C65722041535345DA
:1076200052543A2025732C2025640A0A00574553EA
:10763000545F544F504449522F7A65706879722FC5
:10764000696E636C7564652F7A65706879722F64F2
:107650007269766572732F656E74726F70792E68B9
:10766000006170692D3E6765745F656E74726F703E
:107670007920213D202828766F6964202A29302925
:10768000000943616C6C6261636B20706F696E749A
:1076900065722073686F756C64206E6F742062650C
:1076A000204E554C4C0A000954686520656E747272
:1076B0006F707920736F757263652072657475726F
:1076C0006E656420616E206572726F7220696E2033
:1076D0006120626C6F636B696E672063616C6C0A1A
:1076E00000574553545F544F504449522F6E7266B1
:1076F0002F696E636C7564652F6D70736C2F6D7080
:10770000736C5F776F726B2E6800096B5F776F72B7
:107710006B5F7375626D69745F746F5F71756575AA
:10772000652829206661696C65642E0A00536F66BE
:107730007444657669636520436F6E74726F6C6C18
:107740006572206275696C64207265766973696F11
:107750006E3A2000456E74726F707920736F757287
:10776000636520646576696365206E6F7420726559
:10777000616479004661696C656420746F2072658C
:107780006769737465722072616E6420736F7572BD
:107790006365202825642900416C6C6F6361746502
:1077A00064206D656D6F727920746F6F206C6F77D8
:1077B0003A20257A75203C202575004576656E7443
:1077C0002062756666657220746F6F20736D616CE0
:1077D0006C2E20257A75203E20257500556E657823
:1077E000706563746564206D73675F747970653A62
:1077F0002025752E20546869732069662D656C7389
:1078000065206E656564732061206E657720627205
:10781000616E636800556E6B6E6F776E2065727275
:107820006F72207768656E2070726F63657373691D
:107830006E6720686369206D6573736167652025D5
:10784000640062745F6863695F7364630062745F9D
:107850007364635F6863695F64726976657200620E
:10786000745F7364635F63727970746F005745531C
:10787000545F544F504449522F6E72662F73756295
:107880007379732F626C7565746F6F74682F636F93
:107890006E74726F6C6C65722F63735F616E74656A
:1078A0006E6E615F7377697463682E630009466169
:1078B000696C656420746F20696E697469616C69B4
:1078C0007A65204750494F7320666F7220435320DA
:1078D000282564290A00574553545F544F504449A2
:1078E000522F6E72662F7375627379732F6D70737A
:1078F0006C2F696E69742F6D70736C5F696E69743B
:107900002E6300094D50534C204153534552543A75
:107910002025732C2025640A0A00657272636F6447
:1079200065203D3D203000096B5F776F726B5F73A0
:1079300063686564756C655F666F725F71756575A8
:10794000652829206661696C65642E0A004D5053D4
:107950004C20576F726B006D70736C5F696E697449
:1079600000556E737570706F72746564204846437D
:107970004C4B206576656E743A202564005745535C
:10798000545F544F504449522F6E72662F6472698F
:10799000766572732F6D70736C2F636C6F636B5FA2
:1079A000636F6E74726F6C2F6E7266785F636C6F4C
:1079B000636B5F6D70736C2E6300094E6F74207380
:1079C0007570706F727465640A006E7266785F63BA
:1079D0006C6F636B5F6D70736C00574553545F54ED
:1079E0004F504449522F6D6F64756C65732F6861F9
:1079F0006C2F6E6F726469632F6E7266782F64727B
:107A000069766572732F7372632F6E7266785F6723
:107A100070696F74652E6300574553545F544F501F
:107A20004449522F6D6F64756C65732F68616C2FBC
:107A30006E6F726469632F6E7266782F68616C2F47
:107A40006E72665F6770696F74652E6800696E6438
:107A50006578203C203800705F696E7374616E63D6
:107A60006500705F6368616E6E656C0070696E5F63
:107A70006861735F7472696767657228705F696EA9
:107A80007374616E63652C2070696E2900696E7471
:107A90005F656E61626C6500574553545F544F508B
:107AA0004449522F6D6F64756C65732F68616C2F3C
:107AB0006E6F726469632F6E7266782F68616C2FC7
:107AC0006E72665F677274632E680076616C7565AE
:107AD000203C3D202828307846464646554C203CE0
:107AE0003C202830554C2929203E3E202830554C3A
:107AF00029290076616C7565203C3D202828307866
:107B00004646554C203C3C202830554C2929203EE7
:107B10003E202830554C29290063635F6368616EFD
:107B20006E656C203C20283132554C290028636357
:107B30005F6368616E6E656C203C20283132554C65
:107B40002929202626202876616C7565203C3D2059
:107B50002830783746464646464646554C203C3CFB
:107B6000202830554C2929290063635F68203C3D5B
:107B7000202830784646464646554C203C3C202836
:107B800030554C292900574553545F544F504449B0
:107B9000522F6D6F64756C65732F68616C2F6E6FFB
:107BA000726469632F6E7266782F6472697665728B
:107BB000732F7372632F6E7266785F677274632EB1
:107BC00063006D5F63622E7374617465203D3D20B8
:107BD0004E5246585F4452565F53544154455F4994
:107BE0004E495449414C495A4544006D5F63622EE9
:107BF000737461746520213D204E5246585F445293
:107C0000565F53544154455F554E494E495449417E
:107C10004C495A454400737973636F756E7465728D
:107C20005F636865636B286368616E6E656C2920AD
:107C30003D3D2030006D5F63622E6368616E6E654E
:107C40006C5F646174615B695D2E6368616E6E6513
:107C50006C203D3D2069647800574553545F544F74
:107C6000504449522F6D6F64756C65732F68616C59
:107C70002F6E6F726469632F6E7266782F68616C05
:107C80002F6E72665F7272616D632E6800705F6343
:107C90006F6E6669672D3E77726974655F6275669F
:107CA000665F73697A65203C3D2028307832305514
:107CB0004C29005465726D696E616C0057455354D0
:107CC0005F544F504449522F7A65706879722F6B18
:107CD00065726E656C2F6465766963652E630072EC
:107CE00063203E3D202D28307866662920262620F8
:107CF0007263203C20300009646576696365202545
:107D00007320696E69743A20696E76616C696420CB
:107D10006572726F7220282564290A0048616C74AC
:107D2000696E672073797374656D00556E6B6E6F45
:107D3000776E206572726F72003E3E3E205A45504B
:107D400048595220464154414C204552524F5220EE
:107D500025643A202573206F6E20435055202564FA
:107D6000004661756C7420647572696E6720696E77
:107D7000746572727570742068616E646C696E6788
:107D80000A0043757272656E74207468726561646E
:107D90003A202570202825732900574553545F54F5
:107DA0004F504449522F7A65706879722F6B657213
:107DB0006E656C2F666174616C2E63007265617311
:107DC0006F6E20213D204B5F4552525F4B45524E16
:107DD000454C5F50414E49430009417474656D70D4
:107DE00074656420746F207265636F7665722066B7
:107DF000726F6D2061206B65726E656C2070616EB4
:107E0000696320636F6E646974696F6E0A00435022
:107E10005520657863657074696F6E00556E686192
:107E20006E646C656420696E74657272757074003E
:107E3000537461636B206F766572666C6F77004B6D
:107E400065726E656C206F6F7073004B65726E6546
:107E50006C2070616E696300574553545F544F50F6
:107E60004449522F7A65706879722F6B65726E651E
:107E70006C2F696E69742E63007468726561645F4B
:107E800064617461203C3D205F5F73746174696359
:107E90005F7468726561645F646174615F6C69736B
:107EA000745F656E6400646576203C3D205F6465A8
:107EB000766963655F6C6973745F656E64006D619C
:107EC000696E006F7300574553545F544F504449D7
:107ED000522F7A65706879722F6B65726E656C2FA0
:107EE0006B686561702E630021617263685F6973FE
:107EF0005F696E5F6973722829207C7C2028287452
:107F0000696D656F7574292E7469636B73203D3DCF
:107F1000202828286B5F74696D656F75745F7429FC
:107F20007B307D29292E7469636B732900090A004F
:107F300068656170203C3D205F6B5F686561705FC4
:107F40006C6973745F656E6400574553545F544F9A
:107F5000504449522F7A65706879722F6B65726E42
:107F6000656C2F6D656D5F736C61622E6300736C61
:107F70006162203C3D205F6B5F6D656D5F736C617E
:107F8000625F6C6973745F656E640028736C616214
:107F90002D3E667265655F6C697374203D3D2028D7
:107FA00028766F6964202A29302920262620736CC0
:107FB00061622D3E696E666F2E6E756D5F757365BD
:107FC00064203D3D20736C61622D3E696E666F2EAC
:107FD0006E756D5F626C6F636B7329207C7C2073A0
:107FE0006C61625F7074725F69735F676F6F642842
:107FF000736C61622C20736C61622D3E66726565E4
:108000005F6C697374290009736C616220636F721D
:1080100072757074696F6E206465746563746564ED
:108020000A0009496E76616C6964206D656D6F7236
:108030007920706F696E7465722070726F766964F2
:1080400065640A00574553545F544F504449522FBA
:108050007A65706879722F6B65726E656C2F696EC8
:10806000636C7564652F6B73636865642E680021AB
:10807000617263685F6972715F756E6C6F636B6567
:1080800064286B657929007468726561642D3E62AD
:108090006173652E70656E6465645F6F6E00574531
:1080A00053545F544F504449522F7A657068797227
:1080B0002F6B65726E656C2F69646C652E63005F53
:1080C0006B65726E656C2E637075735B305D2E63CD
:1080D000757272656E742D3E626173652E70726981
:1080E0006F203E3D203000574553545F544F50445D
:1080F00049522F7A65706879722F6B65726E656C64
:108100002F6D73675F712E6300286D7367712D3E4D
:1081100077726974655F707472203E3D206D73677D
:10812000712D3E6275666665725F73746172742943
:1081300020262620286D7367712D3E77726974653D
:108140005F707472203C3D20286D7367712D3E6214
:1081500075666665725F656E64202D203129292061
:10816000262620282873697A655F74292875696E28
:10817000747074725F7429286D7367712D3E627517
:10818000666665725F656E64202D206D7367712D64
:108190003E77726974655F70747229203E3D206D70
:1081A0007367712D3E6D73675F73697A6529005738
:1081B0004553545F544F504449522F7A6570687943
:1081C000722F6B65726E656C2F6D757465782E639A
:1081D0000021617263685F69735F696E5F697372C2
:1081E000282900096D7574657865732063616E6E6A
:1081F0006F74206265207573656420696E736964AD
:108200006520495352730A006D757465782D3E6C74
:108210006F636B5F636F756E74203E20305500573F
:108220004553545F544F504449522F7A65706879D2
:10823000722F6B65726E656C2F73656D2E630028EF
:1082400028617263685F69735F696E5F6973722822
:1082500029203D3D203029207C7C20282874696D10
:10826000656F7574292E7469636B73203D3D2028FA
:1082700028286B5F74696D656F75745F74297B3036
:108280007D29292E7469636B7329290073797377AB
:108290006F726B7100574553545F544F50444952AD
:1082A0002F7A65706879722F6B65726E656C2F77A7
:1082B0006F726B2E6300776F726B2D3E71756575F3
:1082C0006520213D202828766F6964202A293029DD
:1082D00000776F726B2D3E68616E646C6572202151
:1082E0003D202828766F6964202A293029002166DC
:1082F0006C61675F746573742826776F726B2D3EAF
:10830000666C6167732C204B5F574F524B5F44453F
:108310004C415941424C455F424954290073796EA2
:108320006320213D202828766F6964202A2930297E
:108330000021666C61675F746573742826717565CA
:1083400075652D3E666C6167732C204B5F574F52ED
:108350004B5F51554555455F535441525445445F19
:108360004249542900717565756500737461636BCA
:108370000064776F726B20213D202828766F696436
:10838000202A29302900574553545F544F504449FF
:10839000522F7A65706879722F6B65726E656C2FDB
:1083A0007468726561642E630028282828707269D9
:1083B0006F2929203D3D203135202626207A5F690E
:1083C000735F69646C655F7468726561645F656E34
:1083D0007472792828656E747279292929207C7C29
:1083E000202828283135202D203129203E3D2028E5
:1083F000282D31362929292026262028287072691F
:108400006F2929203E3D2028282D31362929202674
:10841000262028287072696F2929203C3D202831A8
:1084200035202D20312929290009696E76616C6972
:1084300064207072696F7269747920282564293B01
:1084400020616C6C6F7765642072616E67653A209D
:10845000256420746F2025640A00095468726561E0
:108460006473206D6179206E6F7420626520637281
:10847000656174656420696E20495352730A005720
:108480004553545F544F504449522F7A6570687970
:10849000722F6B65726E656C2F73636865642E63F3
:1084A00000217A5F69735F69646C655F74687265E7
:1084B00061645F6F626A6563742874687265616481
:1084C0002900574553545F544F504449522F7A6501
:1084D000706879722F6B65726E656C2F696E636C54
:1084E0007564652F6B7468726561642E68005F6BDC
:1084F00065726E656C2E637075735B305D2E63758F
:108500007272656E7420213D202828766F69642080
:108510002A293029002169735F7468726561645F7C
:1085200064756D6D792874687265616429005745BA
:1085300053545F544F504449522F7A657068797292
:108540002F6B65726E656C2F696E636C7564652F39
:108550006B737761702E6800617263685F69727116
:108560005F756E6C6F636B6564286B657929207C21
:108570007C205F6B65726E656C2E637075735B300B
:108580005D2E63757272656E742D3E626173652E29
:108590007468726561645F73746174652026202855
:1085A000282831554C203C3C202830292929207C82
:1085B00020282831554C203C3C20283329292929C2
:1085C0000009436F6E74657874207377697463680B
:1085D000696E67207768696C6520686F6C64696E86
:1085E00067206C6F636B210A0073697A656F662878
:1085F0005F73636865645F7370696E6C6F636B292A
:10860000203D3D2030207C7C206C6F636B20213D21
:1086100020265F73636865645F7370696E6C6F6357
:108620006B005F6B65726E656C2E637075735B308B
:108630005D2E63757272656E742D3E626173652E78
:1086400073636865645F6C6F636B656420213D20B4
:108650003155005F6B65726E656C2E637075735B70
:10866000305D2E63757272656E742D3E6261736546
:108670002E73636865645F6C6F636B656420213D76
:1086800020305500217465726D696E617465000952
:1086900061626F72746564205F63757272656E7477
:1086A000206261636B2066726F6D20646561640A8D
:1086B0000021657373656E7469616C000961626F96
:1086C0007274656420657373656E7469616C20747F
:1086D00068726561642025700A00574553545F54E1
:1086E0004F504449522F7A65706879722F6B6572CA
:1086F0006E656C2F74696D65736C6963696E672E46
:108700006300282874696D656F75742920262620FA
:10871000282875696E747074725F742928736C6987
:1087200063655F74696D656F7574732929203C3DBD
:1087300020282875696E747074725F7429287469B2
:108740006D656F7574292920262620282875696E85
:10875000747074725F74292874696D656F757429FB
:1087600029203C20282875696E747074725F742902
:10877000282628736C6963655F74696D656F75740D
:1087800073295B282873697A655F7429282828690A
:108790006E742973697A656F6628636861725B31EC
:1087A000202D202832202A202128215F5F62756930
:1087B0006C74696E5F74797065735F636F6D7061FF
:1087C0007469626C655F70285F5F747970656F664D
:1087D0005F5F28736C6963655F74696D656F75743D
:1087E00073292C205F5F747970656F665F5F282640
:1087F00028736C6963655F74696D656F757473293F
:108800005B305D292929295D29202D203129202B44
:10881000202873697A656F6628736C6963655F7475
:10882000696D656F75747329202F2073697A656F80
:10883000662828736C6963655F74696D656F75740C
:1088400073295B305D292929295D292920262620C5
:1088500028282875696E747074725F742928746989
:108860006D656F75742929202D20282875696E740F
:108870007074725F742928736C6963655F74696DC5
:10888000656F75747329292920252073697A656FAE
:10889000662828736C6963655F74696D656F7574AC
:1088A00073295B305D29203D3D2030290057455319
:1088B000545F544F504449522F7A65706879722F33
:1088C0006B65726E656C2F74696D656F75742E6360
:1088D00000217379735F646E6F64655F69735F6CA9
:1088E000696E6B65642826746F2D3E6E6F64652912
:1088F00000574553545F544F504449522F7A657086
:108900006879722F6B65726E656C2F6D656D706F17
:108910006F6C2E6300616C69676E203D3D203020D6
:108920007C7C20282875696E747074725F74296D60
:10893000656D20262028616C69676E202D20312905
:1089400029203D3D203000096D6973616C69676EB7
:108950006564206D656D6F727920617420257020CB
:1089600028616C69676E203D20257A75290A0063AD
:10897000726163656E00574553545F544F504449CC
:10898000522F6E72662F7375627379732F6E7266D3
:108990005F73656375726974792F7372632F647284
:1089A00069766572732F63726163656E2F636F6D95
:1089B0006D6F6E2F7372632F63726163656E2F6CC0
:1089C00069625F6B6D752E63002828282875696EB3
:1089D000747074725F74296B6D755F7372632D3E72
:1089E0006465737429202520313629203D3D2030CF
:1089F00029000944455354206D6973616C69676EA1
:108A000065640A00574553545F544F504449522FF0
:108A10006E72662F7375627379732F6E72665F73F1
:108A2000656375726974792F7372632F64726976E6
:108A30006572732F63726163656E2F637261636524
:108A40006E7073612F7372632F63726163656E5F03
:108A50007073615F6D61632E6300282828616C6705
:108A60002920262028287073615F616C676F726906
:108A700074686D5F7429203078376630303030305C
:108A8000302929203D3D2028287073615F616C6783
:108A90006F726974686D5F742920307830333030BC
:108AA00030303030292900574553545F544F5044DB
:108AB00049522F6E72662F7375627379732F6E72BF
:108AC000665F73656375726974792F7372632F645F
:108AD0007269766572732F63726163656E2F63725C
:108AE0006163656E7073612F7372632F637261636C
:108AF000656E5F7073615F6B65795F6D616E6167F5
:108B0000656D656E742E6300646174615F6C656E83
:108B1000677468006B65795F627566666572006B85
:108B200065795F6275666665725F6C656E677468AD
:108B3000006B65795F6269747300574553545F54E5
:108B40004F504449522F6E72662F7375627379735A
:108B50002F6E72665F73656375726974792F7372B5
:108B6000632F647269766572732F63726163656ED9
:108B70002F737873796D63727970742F7372632FAA
:108B8000706C6174666F726D2F626172656D657471
:108B9000616C2F696E74657272757074732E6300E8
:108BA00009556E68616E646C656420696E746572E7
:108BB000727570742E200A00574553545F544F50FD
:108BC0004449522F6E72662F7375627379732F6EDC
:108BD00072665F73656375726974792F7372632F40
:108BE0007574696C732F6E72665F736563757269F5
:108BF00074795F6D7574657865732E630072657442
:108C0000203D3D203000574553545F544F50444958
:108C1000522F7A65706879722F6B65726E656C2F52
:108C20006576656E74732E6300FFFFFFFF1F00FF04
:108C3000C1FBE84C90728BE7B3518963AB232300EF
:108C4000418866AA1AFFFF443300647261676F6F40
:108C50006E2F6C6962732F73636865642F73726320
:108C60002F73636865645F68616C5F74696D6572BA
:108C70005F677274632E6300B40B111891A8422EC3
:108C8000F671C1848C5EEA79B132608F00286E750E
:108C90006C6C29002A666C6F61742A0030313233A3
:108CA00034353637383941424344454600010203E2
:108CB0000402030404010101010203040263735F5F
:108CC0007265666C6563746F725F74616700010141
:108CD00002010301040101020103010402020A006E
:108CE0000100040000007017000070170000000170
:108CF0008001FFFFFE14060006000000900107053A
:108D00000810030A1263735F726F6C6573006373FC
:108D10005F726F6C65730063735F726F6C65730075
:108D2000206D657373616765732064726F70706521
:108D300064202D2D2D0D0A1B5B306D001B5B313B1C
:108D400033316D2D2D2D200000FFFFFFFFFFFF00B1
:108D5000000000000000FFFFFFFFFFFF0000000019
:108D6000000030313233343536373839616263646C
:108D70006566000000000000001000800000805FB9
:108D80009B34FB91FBFBF3F4FBFBFBFBEA000909C3
:108D90000909010209090909090909090909090754
:108DA0000909090909060909090909090909090936
:108DB00009090909090905E69D350E480103CCDBBF
:108DC000FDF4AC1191F4EFB9A5F9E9A7832C5E2C61
:108DD000BE97F2D203B0208BD28915D08E1C74249A
:108DE00030ED8FC24563765C15525ABF9A32636D7F
:108DF000EB2A65499C80DC000001010101010203AE
:108E00006174745F74785F64657374726F795F778F
:108E10006F726B5F68616E646C6572000005061F9F
:108E20001F2918120308020305080A000801030499
:108E300001050405090607010106060800000100F6
:108E40000100030100030202010002000000000013
:108E500002030100030001020303010002030300F7
:108E600002010303020001030302010003030102E4
:108E700000030300010302020100030202000301D8
:108E800002020300010202030100020201030002C8
:108E900002000302010103000201010002030101BB
:108EA00002000301010203000101030200010103AA
:108EB000010200000103020000030201000002039E
:108EC0000100000201030000010203000000010292
:108ED0000201000202000201010200010102010080
:108EE00000010200000001010100006C888391AACA
:108EF000F5A53860370BDB5A6083BE0007182323C3
:108F000023232323232323232323230001020000DD
:108F1000000000005454522052454747455300106A
:108F2000141400001C2030401C2000001C20304085
:108F3000004010141400001C2030401C2000001CB5
:108F40002030400040010302FFFFFFFF000000014E
:108F5000000000000000000000000000FFFFFFFF15
:108F6000FFFFFFFFFFFFFFFFFFFFFFFF000000000D
:108F7000FFFFFFFFFFFFFFFFBCE6FAADA7179E84D0
:108F8000F3B9CAC2FC6325516B17D1F2E12C4247F9
:108F9000F8BCE6E563A440F277037D812DEB33A0B6
:108FA000F4A13945D898C2964FE342E2FE1A7F9B5E
:108FB0008EE7EB4A7C0F9E162BCE33576B315ECE7D
:108FC000CBB6406837BF51F5FFFFFFFF000000013F
:108FD000000000000000000000000000FFFFFFFF95
:108FE000FFFFFFFFFFFFFFFC5AC635D8AA3A93E701
:108FF000B3EBBD55769886BC651D06B0CC53B0F674
:089000003BCE3C3E27D2604B41
:10901000FFFFFFFFFF1F00001F0000000000000017
:109020007FFE0000E40700001D400000000000007B
:109030000000000000000000FFFFFFFF1FFF1B00FB
:10904000BAABBABA10101010A0354D00FF000000E6
:10905000C40900000000000000500850000000009B
:10906000000000000C000000010000FF7F00000075
:1090700000000000AAAAAAAA5555555501000000F3
:109080003390010000000000559001000000000036
:109090001D49000000000000A19001000000000038
:1090A0009D9001000000000075AE0000000000006F
:1090B00075AE0000000000004590010000000000B7
:1090C0002190010000000000D02C0100FF000000F2
:1090D0007050010001000101010300001E001E028A
:1090E000000000000000000012007C007E00E00193
:1090F00003007E000A1E001E0000000041D801008F
:10910000000000000001000000000000000000005E
:10911000000000000000000000000000000000004F
:10912000000000000000000000000000000000003F
:10913000000000000000000000000000000000002F
:10914000000000000000000000000000000000001F
:10915000000000000000000000000000000000000F
:1091600000000000000000000000000000000000FF
:1091700000000000000000000000000000000000EF
:1091800000000000000000000000000000000000DF
:1091900000000000000000000000000000000000CF
:1091A00000000000A96002000000000000000000B4
:1091B00000000000000000000000000000000000AF
:1091C000000000000000000000000000000000009F
:1091D000000000000000000000000000000000008F
:1091E000000000000000000000000000000000007F
:1091F000000000000000000000000000000000006F
:10920000000000000000000000000000000000005E
:10921000000000000000000000000000000000004E
:10922000000000000000000000000000000000003E
:1092300044F30300000000000000000000000000F4
:10924000000000000000000000000000000000001E
:1092500000000000000000000000000049D40100F0
:1092600000000000000100000000000000000000FD
:1092700000000000000000000000000000000000EE
:109280000000000000000000000000006700000077
:1092900000000000000000000000000000000000CE
:1092A00000000000000000000000000000000000BE
:1092B00000000000000000000000000000000000AE
:1092C000000000000000000000000000000000009E
:1092D000000000000000000000000000000000008E
:1092E000000000000000000000000000000000007E
:1092F000000000000000000000000000000000006E
:10930000000000000000000000000000000000005D
:109310000000000000000000B9E4010000000000AF
:109320007BA2030000000000C3A4030001A8030007
:109330002C22040000000200382204000000020079
:109340004422040000000A006524020015240200E3
:10935000000000000000000000000000000000000D
:1093600000000000000000000000000051AB0300FE
:1093700000000000000000005C2204000000320039
:1093800000000000000000000000000000000000DD
:10939000000000000000000053AB030000000000CC
:1093A000000000006C2204000000320000000000F9
:1093B00000000000000000000000000000000000AD
:1093C00000000000CDAA0300000000000000000023
:1093D0007C220400000024000000000000000000C7
:1093E000000000000000000000000000000000007D
:1093F000000000009D230200000000008C220400F9
:10940000000030000000000000000000000000002C
:10941000000000000000000000000000000000004C
:10942000D9230200000000009C220400000030004C
:10943000A8220400000002000100000014D3012053
:109440000000F20114D3012000000000A9AC0300C9
:10945000000000000000000000C0105000000000EC
:1094600000000000000000000000000000000000FC
:1094700000000000000000000000000000000000EC
:1094800000000000000000000000000000000000DC
:1094900000000000000000000000000000000000CC
:1094A00000000000000000000000000000000000BC
:1094B00000000000000000000000000000000000AC
:1094C000000000000000000000000000000100009B
:1094D00000A00D500000000000000000000000008F
:1094E000000000000000000000000000000000007C
:1094F000000000000000000000000000000000006C
:10950000000000000000000000000000000000005B
:10951000000000000000000000000000000000004B
:10952000000000000000000000000000000000003B
:10953000000000000000000000000000000000002B
:10954000000000000000000000000000F1630200C5
:10955000000000000000000000000000A95302000D
:109560000000000000000000000000004D78020034
:109570000000000000000000000000001977020059
:109580000000000000000000000000000583020051
:10959000000000000000000000000000357C020018
:1095A000000000000000000006D5012000000002BD
:1095B00006D50120659C020069AE0200C1AF020021
:1095C0000000000000000000919E0200F9BE0300B0
:1095D000BBBF0300A59A02000000000000000000CD
:1095E00001AB02000000000000000000BC220400EB
:1095F00000000200C822040000000A00D822040073
:10960000000020000000000000000000000000003A
:10961000000000000000000000000000000000004A
:1096200019C303000000000038170020381700207D
:1096300000000000000000000E0000004C17002099
:109640004C17002075D1020000000000A5F00200B8
:1096500000000000FF0000000090D003FF000000A9
:109660000F0000007102000078170020781700201A
:10967000801700208017002000000000000000007C
:109680000E0000000000000098170020981700202E
:1096900000000000000000000E00000000000000BC
:1096A000B0170020B01700200000000000000000EC
:1096B0000E00000000000000C8170020C81700209E
:1096C00000000000000000000E000000000000008C
:1096D000A5D80300A1D8030067742000D818002083
:1096E0002819002000190020EC190020DC190020A6
:0B96F000EC180020141900200302FFFA
:0D96FB000000000000000000000000000062
:109708000000000000000000000000000000000051
:109718000000000000000000000000000000000041
:109728000000000000000000000000000000000031
:0C97380000000000000000000000000025
:049744000000000021
:1097480058180020581800200000000088B901208F
:1097580000000000010000003000000000000000D0
:10976800781800207818002000000000C835012073
:109778000000000001000000A80000000000000038
:10978800981800209818002000000000B05C012004
:109798000000000020000000100100000000000090
:1097A800B8180020B818002000000000B8B901203F
:1097B80000000000030000001C0000000000000082
:1097C800D8180020D8180020000000000000000071
:1097D8000E000000EC180020EC180020000000002B
:1097E800000000000E0000000019002000190020F1
:1097F80000000000000000000E0000001419002006
:109808001419002000000000000000000E000000F5
:10981800281900202819002000000000000000007E
:109828000E0000003C1900203C1900200000000038
:10983800000000000E000000501900205019002000
:0C98480000000000000000000E00000006
:10985400641900206419002000000000500000007A
:109864001800000030840120B08B012030840120D6
:109874003084012000000000000000009019002046
:1098840090190020000000005800000010000000A3
:10989400B07E012030840120B07E0120B07E012002
:0898A4000000000000000000BC
:1098AC00BC190020BC1900200000000001000000C1
:1098BC00CC190020CC19002000000000FFFFFFFF96
:1098CC00DC190020DC190020000000000000000062
:1098DC00EC190020EC190020000000000000000032
:1098EC00000000000000000000000000081A00202A
:1098FC00081A00200000000000000000000000001A
:08990C001C1A00201C1A0020A7
:10991400000000000000000000000000301A0020D9
:10992400301A0020000000000300030010000000B3
:1099340000000000C0090400A0B2012000000000E3
:1099440000000000000000005C1A00205C1A0020E7
:10995400000000000300030010000000D59902007D
:109964006C0A040010B9012000000000000000008F
:1099740000000000881A0020881A0020000000005F
:1099840003000300000000000000000008080400B9
:10999400CCA701200000000000000000000000002F
:1099A400B41A0020B41A00200000000001000100D5
:1099B40010000000157B0200AC09040084AC0120F7
:1099C400000000000000000000000000E01A002079
:1099D400E01A002000000000030003000000000063
:1099E40000000000740904003CAC012000000000E9
:1099F40000000000000000000C1B00200C1B0020D5
:109A0400000000000C000C0004000000F94B0200F0
:109A1400F407040074A3012000000000000000000B
:109A240000000000381B0020381B0020000000004C
:109A3400030003000400000000000000800A04008A
:109A4400E4BF01200000000000000000000000004E
:109A5400641B0020641B00200000000001000100C2
:109A64000200000000000000D40B0400F8D2012022
:109A7400000000000000000000000000901B002017
:109A8400901B002000000000010001000000000005
:0C9A9400000000001C08040018A90120BC
:049AA00015E015E0D8
:040000032000387D24
:00000001FF
